timestamp,open,high,low,close,volume,turnover
2025-01-01 00:00:00,93530.0,94457.9,93451.0,93575.2,5714.768,536680350.0629
2025-01-01 02:00:00,93575.2,94066.7,93550.0,93802.0,2024.304,189910509.7318
2025-01-01 04:00:00,93802.0,93909.3,93472.9,93755.9,2399.355,224775389.0588
2025-01-01 06:00:00,93755.9,93774.1,93516.5,93642.7,1720.886,161169606.1229
2025-01-01 08:00:00,93642.7,93737.7,92840.0,93368.4,5972.882,556992362.1186
2025-01-01 10:00:00,93368.4,93674.8,93155.5,93393.3,3588.013,335152820.7735
2025-01-01 12:00:00,93393.3,94039.1,93351.2,93985.9,4015.496,376356509.7374
2025-01-01 14:00:00,93985.9,94481.4,93604.2,94411.6,7092.609,667430154.2552
2025-01-01 16:00:00,94411.6,94470.4,93687.7,94106.0,3557.636,334576014.6224
2025-01-01 18:00:00,94106.0,94786.8,93881.3,94583.4,3502.293,330551002.128
2025-01-01 20:00:00,94583.4,95158.4,94540.1,94946.9,4054.944,384419730.0914
2025-01-01 22:00:00,94946.9,94982.1,94500.0,94564.6,3187.184,301921011.6009
2025-01-02 00:00:00,94564.6,95515.7,94339.9,94844.5,8033.789,763334321.7029
2025-01-02 02:00:00,94844.5,95286.0,94771.6,94985.8,2780.246,264184945.3615
2025-01-02 04:00:00,94985.8,95987.5,94957.8,95556.6,6698.603,640340570.6454
2025-01-02 06:00:00,95556.6,95877.2,95334.7,95799.9,2819.003,269581848.4634
2025-01-02 08:00:00,95799.9,96774.0,95591.5,96716.4,7652.288,736019537.2598
2025-01-02 10:00:00,96716.4,96869.8,96450.0,96717.7,5583.27,539580929.5786
2025-01-02 12:00:00,96717.7,97000.0,96400.0,96431.4,5738.603,554907031.8988
2025-01-02 14:00:00,96431.4,97400.0,95889.7,96427.0,23934.481,2313878448.7848
2025-01-02 16:00:00,96427.0,97685.0,96003.0,96729.2,13804.408,1338601205.5596
2025-01-02 18:00:00,96729.2,97764.0,96354.5,97294.1,8879.778,862707729.3361
2025-01-02 20:00:00,97294.1,97844.8,96987.0,97163.5,6095.343,593631665.4936
2025-01-02 22:00:00,97163.5,97163.5,96618.3,96960.5,4007.122,388273895.8678
2025-01-03 00:00:00,96960.5,97049.4,96605.3,96952.3,3136.062,303703981.6679
2025-01-03 02:00:00,96952.3,97329.6,96779.1,97024.2,2746.342,266548336.1675
2025-01-03 04:00:00,97024.2,97042.8,96544.4,96729.4,2480.816,239985042.4733
2025-01-03 06:00:00,96729.4,96889.1,96253.5,96283.3,3752.262,362103383.5932
2025-01-03 08:00:00,96283.3,96688.0,96062.1,96518.1,4782.813,460822847.616
2025-01-03 10:00:00,96518.1,96810.7,96372.1,96715.4,2949.376,284866443.3411
2025-01-03 12:00:00,96715.4,96912.3,96432.0,96470.7,3809.945,368327295.5487
2025-01-03 14:00:00,96470.7,97631.5,96470.7,97491.8,12163.918,1181140026.098
2025-01-03 16:00:00,97491.8,98400.0,97360.2,97983.6,10357.361,1014977181.0536
2025-01-03 18:00:00,97983.6,98950.0,97955.0,98555.2,7057.161,695617338.7841
2025-01-03 20:00:00,98555.2,98709.0,98131.4,98208.7,4693.265,461609026.6721
2025-01-03 22:00:00,98208.7,98493.8,98016.9,98140.0,2419.539,237685128.8345
2025-01-04 00:00:00,98140.0,98251.8,97750.0,97986.3,2717.662,266262213.3772
2025-01-04 02:00:00,97986.3,98275.2,97807.3,98144.1,1925.651,188877822.282
2025-01-04 04:00:00,98144.1,98151.1,97832.8,98081.6,2037.803,199692196.8394
2025-01-04 06:00:00,98081.6,98298.6,98001.0,98235.0,1493.421,146568929.6544
2025-01-04 08:00:00,98235.0,98268.2,97502.1,97661.3,3301.869,323157315.2542
2025-01-04 10:00:00,97661.3,97890.0,97561.2,97848.4,1814.428,177330825.3135
2025-01-04 12:00:00,97848.4,98029.7,97704.1,97929.9,2845.173,278422798.8213
2025-01-04 14:00:00,97929.9,98122.7,97442.8,97617.4,3719.984,363686352.4711
2025-01-04 16:00:00,97617.4,98011.0,97527.7,97973.2,2513.431,245648683.1238
2025-01-04 18:00:00,97973.2,98380.7,97854.6,98129.3,2917.295,286217559.4919
2025-01-04 20:00:00,98129.3,98759.6,98129.2,98336.3,4132.474,406907110.928
2025-01-04 22:00:00,98336.3,98466.1,98105.0,98177.2,1612.086,158434219.4146
2025-01-05 00:00:00,98177.2,98370.0,98011.0,98098.5,1592.665,156353479.5379
2025-01-05 02:00:00,98098.5,98215.2,98033.0,98161.7,912.756,89564772.108
2025-01-05 04:00:00,98161.7,98516.0,98161.7,98311.4,1993.077,196006283.4005
2025-01-05 06:00:00,98311.4,98467.0,98227.3,98227.4,1124.677,110595969.2025
2025-01-05 08:00:00,98227.4,98227.4,97573.9,97616.4,5395.588,527882260.6259
2025-01-05 10:00:00,97616.4,97801.0,97543.0,97607.6,2708.361,264474333.608
2025-01-05 12:00:00,97607.6,97980.0,97513.8,97662.9,3305.276,323123418.4974
2025-01-05 14:00:00,97662.9,98245.7,97216.0,97990.1,8769.012,856680003.8761
2025-01-05 16:00:00,97990.1,98308.6,97600.1,97700.0,3332.195,326410450.4131
2025-01-05 18:00:00,97700.0,98100.0,97536.7,98049.2,2477.251,242334231.983
2025-01-05 20:00:00,98049.2,98651.9,97977.5,98472.0,4338.197,426797286.8462
2025-01-05 22:00:00,98472.0,98828.5,98271.2,98340.5,3496.076,344487419.6223
2025-01-06 00:00:00,98340.5,98790.6,97861.0,98716.6,5586.066,549294934.3586
2025-01-06 02:00:00,98716.6,99282.2,98606.8,99001.7,8756.931,866571278.263
2025-01-06 04:00:00,99001.7,99877.7,99001.7,99580.0,7692.974,765539304.9092
2025-01-06 06:00:00,99580.0,99771.0,99115.0,99275.0,5365.9,533524946.846
2025-01-06 08:00:00,99275.0,99608.1,98920.5,98979.1,4306.372,427100294.5802
2025-01-06 10:00:00,98979.1,99400.0,98679.2,99238.8,6084.694,602274994.1826
2025-01-06 12:00:00,99238.8,99700.0,98862.1,99460.3,6731.006,668267229.6549
2025-01-06 14:00:00,99460.3,102471.7,98612.2,102117.4,36164.353,3644312195.3662
2025-01-06 16:00:00,102117.4,102459.4,101210.0,101788.0,14778.963,1506742987.0868
2025-01-06 18:00:00,101788.0,102020.0,101523.4,101761.6,3858.039,392824401.7372
2025-01-06 20:00:00,101761.6,102291.7,101515.0,101545.7,5362.448,546822875.971
2025-01-06 22:00:00,101545.7,102198.9,101535.4,102185.9,2547.942,259647092.3243
2025-01-07 00:00:00,102185.9,102702.1,101649.6,101869.3,6042.907,617225219.1502
2025-01-07 02:00:00,101869.3,101979.4,101454.1,101650.9,3082.548,313475448.4455
2025-01-07 04:00:00,101650.9,101883.8,101524.7,101686.9,1981.445,201500123.0671
2025-01-07 06:00:00,101686.9,101975.0,101580.1,101646.2,2257.723,229752268.2766
2025-01-07 08:00:00,101646.2,101966.0,101578.6,101667.1,2550.382,259493664.0638
2025-01-07 10:00:00,101667.1,101667.1,100441.0,100796.4,9744.814,984409253.9639
2025-01-07 12:00:00,100796.4,100955.5,100567.6,100606.0,5566.342,560836851.9807
2025-01-07 14:00:00,100606.0,100827.2,97088.0,97905.1,55098.616,5449989394.8258
2025-01-07 16:00:00,97905.1,98329.8,96500.0,97242.4,23558.153,2296144847.8144
2025-01-07 18:00:00,97242.4,97514.2,96159.2,96415.7,13278.249,1285565739.9724
2025-01-07 20:00:00,96415.7,97051.7,96113.4,96461.3,12850.69,1240493829.6823
2025-01-07 22:00:00,96461.3,97188.8,96355.8,96908.1,4648.957,450587656.2365
2025-01-08 00:00:00,96908.1,97224.3,96559.8,96853.1,5168.48,500746968.263
2025-01-08 02:00:00,96853.1,97133.6,96165.4,96487.5,7468.504,721504304.5014
2025-01-08 04:00:00,96487.5,96623.5,95830.1,96445.9,8792.88,846651558.698
2025-01-08 06:00:00,96445.9,96599.4,95202.3,95608.9,12713.76,1215538619.4192
2025-01-08 08:00:00,95608.9,96095.9,95363.6,95383.5,7040.526,674378967.9817
2025-01-08 10:00:00,95383.5,96012.8,94458.0,95101.8,14792.807,1407894071.8701
2025-01-08 12:00:00,95101.8,95642.3,94800.0,95348.0,11446.134,1089751982.2044
2025-01-08 14:00:00,95348.0,96037.9,94571.0,95455.3,23321.978,2220964806.0222
2025-01-08 16:00:00,95455.3,95457.8,92378.5,93957.6,34284.81,3215256419.1933
2025-01-08 18:00:00,93957.6,95082.1,93705.0,94211.6,17285.503,1631280731.8159
2025-01-08 20:00:00,94211.6,94550.0,93530.5,94408.4,8509.737,800321115.289
2025-01-08 22:00:00,94408.4,95254.5,94401.2,95022.2,5509.977,522842370.8784
2025-01-09 00:00:00,95022.2,95356.6,94760.0,94946.9,3713.143,352894622.4529
2025-01-09 02:00:00,94946.9,94999.3,93374.9,93966.1,18111.459,1705641478.8795
2025-01-09 04:00:00,93966.1,94540.3,93736.0,94438.7,4700.45,442702902.8207
2025-01-09 06:00:00,94438.7,94588.6,93089.4,93175.6,6888.613,645905913.8969
2025-01-09 08:00:00,93175.6,93694.1,92705.0,93464.6,10100.678,940520254.9268
2025-01-09 10:00:00,93464.6,93827.2,92980.1,93410.1,5900.211,551064300.8531
2025-01-09 12:00:00,93410.1,93648.3,91825.0,91933.7,14585.965,1351074951.4606
2025-01-09 14:00:00,91933.7,94555.0,91738.0,94210.8,21564.358,2005837258.4923
2025-01-09 16:00:00,94210.8,94666.0,92262.6,92635.6,15141.156,1416420789.722
2025-01-09 18:00:00,92635.6,93246.0,91850.0,91859.5,11069.896,1025322538.1612
2025-01-09 20:00:00,91859.5,92484.4,91151.0,92062.3,17849.289,1638068394.087
2025-01-09 22:00:00,92062.3,92699.2,91591.0,92507.7,7084.548,653833730.0389
2025-01-10 00:00:00,92507.7,93122.0,92406.6,93067.9,5338.817,495000709.2951
2025-01-10 02:00:00,93067.9,93687.8,92982.0,93655.9,4644.287,433699841.7104
2025-01-10 04:00:00,93655.9,94206.9,93457.9,93920.7,6119.588,573933066.5242
2025-01-10 06:00:00,93920.7,94948.4,93684.3,94457.1,7847.88,740266625.3542
2025-01-10 08:00:00,94457.1,94937.4,94342.1,94738.5,5343.427,505898252.491
2025-01-10 10:00:00,94738.5,95233.0,94566.8,95019.8,6727.708,638368907.3382
2025-01-10 12:00:00,95019.8,95079.9,92700.0,93513.6,26478.938,2481874996.8059
2025-01-10 14:00:00,93513.6,94697.9,92161.2,93695.9,37622.037,3522704131.9622
2025-01-10 16:00:00,93695.9,95873.6,93153.9,95767.1,18725.44,1764328560.832
2025-01-10 18:00:00,95767.1,95767.1,94355.2,95275.4,12773.131,1214565448.1783
2025-01-10 20:00:00,95275.4,95416.6,94534.1,94571.3,6052.131,573829147.188
2025-01-10 22:00:00,94571.3,94955.0,94540.1,94684.2,2376.381,225065614.5157
2025-01-11 00:00:00,94684.2,94709.7,94176.9,94389.9,3730.859,352368323.0943
2025-01-11 02:00:00,94389.9,94464.0,94054.9,94163.1,2305.569,217232158.1728
2025-01-11 04:00:00,94163.1,94350.0,93800.0,94323.5,3357.641,315872793.8753
2025-01-11 06:00:00,94323.5,94409.5,94104.8,94204.3,1806.941,170325413.62
2025-01-11 08:00:00,94204.3,94379.5,93981.0,94293.3,2119.672,199609226.6643
2025-01-11 10:00:00,94293.3,94750.0,94265.8,94574.6,3109.738,293855174.481
2025-01-11 12:00:00,94574.6,94611.2,94300.0,94349.2,2425.666,229123006.5961
2025-01-11 14:00:00,94349.2,94608.8,94258.7,94371.5,2053.087,193883899.8171
2025-01-11 16:00:00,94371.5,94696.5,93888.3,94125.7,4262.472,401826000.3649
2025-01-11 18:00:00,94125.7,94310.3,94035.5,94201.1,1645.432,154948501.9541
2025-01-11 20:00:00,94201.1,94991.9,94142.1,94896.0,3845.003,363765960.2581
2025-01-11 22:00:00,94896.0,94945.1,94501.0,94569.4,2150.604,203600150.9983
2025-01-12 00:00:00,94569.4,94626.9,94255.0,94538.4,1778.579,167974315.7479
2025-01-12 02:00:00,94538.4,94663.9,94361.8,94587.3,1054.112,99628462.0852
2025-01-12 04:00:00,94587.3,94610.2,94452.3,94520.1,619.456,58559563.2675
2025-01-12 06:00:00,94520.1,94577.3,94210.3,94295.1,1393.572,131511711.9543
2025-01-12 08:00:00,94295.1,94358.6,93660.0,93862.8,3732.932,350846306.2124
2025-01-12 10:00:00,93862.8,94320.0,93782.4,94211.2,3207.881,301699218.3014
2025-01-12 12:00:00,94211.2,94730.2,94120.6,94623.8,4291.517,405403396.8376
2025-01-12 14:00:00,94623.8,95439.9,94623.8,95043.8,7532.733,715696568.6306
2025-01-12 16:00:00,95043.8,95240.9,94769.4,95096.8,3054.851,290202739.0944
2025-01-12 18:00:00,95096.8,95283.7,94540.2,94632.4,2997.497,284371181.8684
2025-01-12 20:00:00,94632.4,94782.7,94256.6,94303.8,2388.483,225777160.2437
2025-01-12 22:00:00,94303.8,94546.8,93740.0,94510.0,5764.094,542370383.7416
2025-01-13 00:00:00,94510.0,95954.8,94056.3,94177.9,14694.556,1396685967.7119
2025-01-13 02:00:00,94177.9,94475.0,93868.4,94217.1,6025.869,567421215.6786
2025-01-13 04:00:00,94217.1,94888.2,94010.0,94135.7,5725.004,540651605.6923
2025-01-13 06:00:00,94135.7,94311.5,93151.0,93557.9,11746.648,1099792926.8155
2025-01-13 08:00:00,93557.9,93621.2,92566.8,92805.0,10259.893,954359371.3268
2025-01-13 10:00:00,92805.0,92853.8,90769.0,90811.9,22718.919,2080561024.2975
2025-01-13 12:00:00,90811.9,91756.0,90250.0,91080.9,25310.903,2303232583.9802
2025-01-13 14:00:00,91080.9,93050.9,89100.0,92081.1,41612.374,3796835068.2302
2025-01-13 16:00:00,92081.1,92263.7,91200.0,91944.0,16267.84,1492619503.5387
2025-01-13 18:00:00,91944.0,92500.0,91548.0,92260.7,13962.918,1285055900.0075
2025-01-13 20:00:00,92260.7,94442.8,91839.2,94172.8,17080.228,1594944456.6553
2025-01-13 22:00:00,94172.8,94700.0,94118.3,94508.2,6889.654,650393857.3303
2025-01-14 00:00:00,94508.2,95050.0,94330.3,94814.4,7601.865,719684481.2125
2025-01-14 02:00:00,94814.4,95285.1,94706.6,94849.3,4813.375,457269351.4207
2025-01-14 04:00:00,94849.3,95484.3,94800.0,94911.3,4441.976,422468881.4225
2025-01-14 06:00:00,94911.3,95149.9,94714.4,94838.4,3602.29,341906527.0907
2025-01-14 08:00:00,94838.4,97395.5,94838.4,97150.0,18209.877,1753199880.5302
2025-01-14 10:00:00,97150.0,97181.8,96311.0,96526.2,9994.87,966311953.8618
2025-01-14 12:00:00,96526.2,97247.9,95712.1,96303.9,16070.379,1550164230.1056
2025-01-14 14:00:00,96303.9,97220.0,95960.5,96415.4,14538.114,1404360959.0913
2025-01-14 16:00:00,96415.4,96571.9,95308.8,96492.5,14007.937,1343346711.3288
2025-01-14 18:00:00,96492.5,97064.0,96240.9,96518.1,6317.473,610945906.7467
2025-01-14 20:00:00,96518.1,96899.5,96100.0,96439.1,5745.653,554284339.2127
2025-01-14 22:00:00,96439.1,96747.1,96396.4,96523.3,1617.277,156184871.4752
2025-01-15 00:00:00,96523.3,97548.7,96450.0,97293.1,7020.951,681582939.5977
2025-01-15 02:00:00,97293.1,97412.0,96671.1,97281.3,3936.053,381716330.4112
2025-01-15 04:00:00,97281.3,97691.7,96707.2,96989.9,5454.752,530053101.539
2025-01-15 06:00:00,96989.9,97567.0,96819.6,97255.8,3433.276,333730375.6285
2025-01-15 08:00:00,97255.8,97499.0,96730.0,96782.4,4743.482,460659988.7219
2025-01-15 10:00:00,96782.4,97099.9,96469.6,96722.3,3781.782,365903779.3697
2025-01-15 12:00:00,96722.3,99000.0,96500.0,98927.7,23556.566,2309171052.5305
2025-01-15 14:00:00,98927.7,99765.0,98566.9,98955.1,20833.21,2065984827.808
2025-01-15 16:00:00,98955.1,99472.2,98555.9,98600.0,7076.516,701049449.7079
2025-01-15 18:00:00,98600.0,99942.5,98599.9,99807.5,6994.877,695045535.8666
2025-01-15 20:00:00,99807.5,100700.0,99400.1,99630.0,13404.843,1339822731.5352
2025-01-15 22:00:00,99630.0,100500.0,99495.9,100465.0,4996.965,499298170.9729
2025-01-16 00:00:00,100465.0,100866.1,99627.0,100044.8,8929.873,894612822.6601
2025-01-16 02:00:00,100044.8,100097.7,99129.8,99437.5,4852.4,483149454.3322
2025-01-16 04:00:00,99437.5,99664.9,99314.2,99360.7,2014.293,200425873.9826
2025-01-16 06:00:00,99360.7,99891.8,99293.1,99783.6,2981.031,297104101.7326
2025-01-16 08:00:00,99783.6,99799.0,98599.9,99125.2,8567.894,848204938.3741
2025-01-16 10:00:00,99125.2,99380.0,98688.0,99125.7,5182.511,513550171.0978
2025-01-16 12:00:00,99125.7,99498.2,98747.0,99050.0,8596.948,852360782.5488
2025-01-16 14:00:00,99050.0,99369.2,97291.0,99255.6,23804.829,2336321179.1809
2025-01-16 16:00:00,99255.6,100331.8,99029.5,99798.9,14245.459,1418853789.8255
2025-01-16 18:00:00,99798.9,100400.0,99210.6,100373.3,6928.48,691234908.5852
2025-01-16 20:00:00,100373.3,100620.0,99657.6,100105.9,7515.239,753310621.1289
2025-01-16 22:00:00,100105.9,100106.1,99331.0,99945.8,4919.589,490820151.7109
2025-01-17 00:00:00,99945.8,101817.6,99906.1,101644.6,11016.278,1110640483.0327
2025-01-17 02:00:00,101644.6,102150.0,100758.4,101016.1,8028.46,814429375.4459
2025-01-17 04:00:00,101016.1,101746.8,100907.6,101318.6,4054.444,411027204.7093
2025-01-17 06:00:00,101318.6,101911.9,101283.1,101410.4,3229.366,327914987.9601
2025-01-17 08:00:00,101410.4,102269.3,101410.4,101833.4,6719.662,684977403.3585
2025-01-17 10:00:00,101833.4,102579.3,101767.2,102205.4,5253.019,537076891.2797
2025-01-17 12:00:00,102205.4,102968.4,102164.4,102443.3,9134.381,937618796.6019
2025-01-17 14:00:00,102443.3,104219.8,102228.4,103988.4,24698.007,2553711768.8309
2025-01-17 16:00:00,103988.4,105278.0,103802.0,104106.7,18399.524,1924729877.4011
2025-01-17 18:00:00,104106.7,105815.8,104007.0,105788.5,13326.232,1400985104.1199
2025-01-17 20:00:00,105788.5,105806.4,104391.4,104559.4,10635.585,1116506622.5932
2025-01-17 22:00:00,104559.4,104651.7,104026.0,104048.8,3634.393,379226960.9787
2025-01-18 00:00:00,104048.8,104617.0,104034.1,104223.1,4216.157,439841677.5721
2025-01-18 02:00:00,104223.1,104468.8,103008.0,103530.0,6150.732,637990566.7763
2025-01-18 04:00:00,103530.0,103750.2,102630.0,102788.0,9535.751,984701834.3395
2025-01-18 06:00:00,102788.0,103632.1,102545.5,102773.7,6160.525,635214253.9943
2025-01-18 08:00:00,102773.7,103429.9,102244.0,103127.8,7465.215,768143902.0108
2025-01-18 10:00:00,103127.8,103851.9,102800.1,103538.9,5246.066,541647604.9456
2025-01-18 12:00:00,103538.9,104377.3,103076.7,104314.3,5481.083,568355835.2101
2025-01-18 14:00:00,104314.3,104963.0,103666.0,104521.4,7790.02,812295811.7944
2025-01-18 16:00:00,104521.4,104692.3,103107.3,103769.2,8844.819,918340184.3548
2025-01-18 18:00:00,103769.2,104483.6,103759.6,104366.0,5039.808,524865143.3162
2025-01-18 20:00:00,104366.0,104486.8,103734.2,103847.9,4337.825,451207605.1469
2025-01-18 22:00:00,103847.9,104738.6,103826.0,104520.0,2752.64,287350543.9171
2025-01-19 00:00:00,104520.0,104655.4,103970.9,104452.6,3127.371,326287378.8536
2025-01-19 02:00:00,104452.6,105431.1,104451.9,104955.1,5656.753,593560044.4871
2025-01-19 04:00:00,104955.1,105221.4,104227.7,105099.8,5077.152,532098849.2731
2025-01-19 06:00:00,105099.8,105618.8,104932.4,105158.7,4170.281,438920444.2334
2025-01-19 08:00:00,105158.7,105442.4,103427.9,105273.8,11043.606,1153072071.0064
2025-01-19 10:00:00,105273.8,105345.4,104186.0,104344.9,6455.338,676571930.6767
2025-01-19 12:00:00,104344.9,105295.2,104281.3,104953.8,6128.83,642371822.7489
2025-01-19 14:00:00,104953.8,105700.0,104486.0,104904.0,7888.34,828436637.1956
2025-01-19 16:00:00,104904.0,105202.2,104471.3,105100.0,5941.397,622445238.8707
2025-01-19 18:00:00,105100.0,106250.0,104878.4,106231.4,6705.218,707143316.974
2025-01-19 20:00:00,106231.4,106476.5,103654.7,103680.0,17348.632,1824757995.1233
2025-01-19 22:00:00,103680.0,104488.0,99600.0,101310.7,43870.751,4467614952.1827
2025-01-20 00:00:00,101310.7,101678.6,99500.1,100671.6,23784.535,2387957105.1685
2025-01-20 02:00:00,100671.6,102305.5,100563.5,101880.0,11535.402,1171916187.1323
2025-01-20 04:00:00,101880.0,102827.7,101523.9,102333.3,7169.293,733221462.4057
2025-01-20 06:00:00,102333.3,109951.7,102205.4,107172.9,58269.35,6272143762.6335
2025-01-20 08:00:00,107172.9,109237.2,107153.9,108178.5,14387.924,1556717480.1579
2025-01-20 10:00:00,108178.5,108784.1,107800.0,108271.9,7916.664,857394509.6077
2025-01-20 12:00:00,108271.9,108767.6,105517.8,108005.9,27747.432,2967721949.3513
2025-01-20 14:00:00,108005.9,108180.0,104500.0,105000.0,21176.5,2256405979.3811
2025-01-20 16:00:00,105000.0,107089.2,100519.0,102978.4,93484.632,9700534334.2951
2025-01-20 18:00:00,102978.4,104500.0,102714.5,103693.3,18017.87,1866897310.338
2025-01-20 20:00:00,103693.3,104343.2,102567.5,102599.9,8553.398,886475735.7434
2025-01-20 22:00:00,102599.9,103816.0,101700.0,102258.7,15548.535,1597309386.3487
2025-01-21 00:00:00,102258.7,102678.9,100000.0,101485.3,22538.203,2286573999.5154
2025-01-21 02:00:00,101485.3,103250.0,101041.1,102915.8,9871.014,1011174178.6205
2025-01-21 04:00:00,102915.8,102949.9,101329.3,101358.1,8306.122,848169748.5766
2025-01-21 06:00:00,101358.1,102464.0,101073.9,101962.7,7793.543,794255534.3123
2025-01-21 08:00:00,101962.7,102875.0,101707.6,102680.1,5961.363,610321739.9862
2025-01-21 10:00:00,102680.1,103978.9,102538.0,103745.9,8515.154,879547084.8391
2025-01-21 12:00:00,103745.9,104983.7,103605.0,104455.7,11441.716,1195438021.079
2025-01-21 14:00:00,104455.7,105340.4,102777.1,103931.7,22225.931,2305936075.7309
2025-01-21 16:00:00,103931.7,106579.7,103800.0,106169.9,24614.579,2598531427.8368
2025-01-21 18:00:00,106169.9,107265.6,105874.4,107008.2,12329.932,1315145756.0956
2025-01-21 20:00:00,107008.2,107211.0,105701.7,106768.8,10299.288,1095799950.2383
2025-01-21 22:00:00,106768.8,106771.8,105330.3,106133.3,8770.336,929691706.9506
2025-01-22 00:00:00,106133.3,106387.4,105423.6,105785.5,6666.777,706110379.9706
2025-01-22 02:00:00,105785.5,106197.9,105554.2,105588.9,2853.929,301992165.7303
2025-01-22 04:00:00,105588.9,105857.1,105251.7,105687.3,2760.063,291475347.7917
2025-01-22 06:00:00,105687.3,106020.0,105029.4,105063.5,5320.924,561154367.174
2025-01-22 08:00:00,105063.5,105376.5,104700.0,104987.7,6449.635,677478035.0619
2025-01-22 10:00:00,104987.7,105463.2,104606.8,105112.6,5360.061,562873853.9468
2025-01-22 12:00:00,105112.6,105568.0,103800.1,104065.7,9235.932,966966687.6216
2025-01-22 14:00:00,104065.7,105150.6,103625.7,104152.5,17532.168,1828863197.1287
2025-01-22 16:00:00,104152.5,104593.5,103310.0,104327.7,11247.901,1168962270.8835
2025-01-22 18:00:00,104327.7,104742.0,103730.5,104613.8,5400.742,563698457.4129
2025-01-22 20:00:00,104613.8,104830.0,103572.7,104060.9,5615.222,585045453.4493
2025-01-22 22:00:00,104060.9,104487.3,103610.0,103670.4,4327.314,449899799.8714
2025-01-23 00:00:00,103670.4,103780.0,102497.8,102910.7,9076.595,935881750.708
2025-01-23 02:00:00,102910.7,102979.8,102071.4,102411.6,8291.952,849891714.1463
2025-01-23 04:00:00,102411.6,102593.4,101527.8,102490.6,8032.16,819357972.1517
2025-01-23 06:00:00,102490.6,102933.4,102047.6,102659.0,4570.634,468490804.6116
2025-01-23 08:00:00,102659.0,102669.6,101587.9,101627.7,5034.222,513944050.451
2025-01-23 10:00:00,101627.7,102165.8,101205.1,101921.5,7011.938,713066502.8985
2025-01-23 12:00:00,101921.5,102696.6,101277.8,102475.0,8890.644,905753546.2984
2025-01-23 14:00:00,102475.0,106053.4,101959.2,105235.5,67317.311,7014695630.6424
2025-01-23 16:00:00,105235.5,106875.0,104143.0,105911.3,36518.54,3857479464.5325
2025-01-23 18:00:00,105911.3,106147.2,103350.0,103736.6,14248.422,1493338462.2346
2025-01-23 20:00:00,103736.6,106400.0,102147.3,103006.9,65071.817,6799713175.6431
2025-01-23 22:00:00,103006.9,104686.7,102913.4,103862.4,9607.264,998448373.838
2025-01-24 00:00:00,103862.4,104114.3,103017.7,103183.3,4712.635,488062486.5304
2025-01-24 02:00:00,103183.3,104240.0,102691.8,103831.5,6276.599,649556120.0044
2025-01-24 04:00:00,103831.5,105258.7,103747.6,105178.3,6024.692,629896063.1949
2025-01-24 06:00:00,105178.3,105316.0,104582.0,105008.8,4086.841,428645654.9123
2025-01-24 08:00:00,105008.8,105733.4,104891.5,105112.4,5792.49,610118521.6294
2025-01-24 10:00:00,105112.4,105499.3,105003.5,105384.1,3312.075,348664611.0702
2025-01-24 12:00:00,105384.1,105775.7,104859.0,105077.8,4941.679,520137334.0429
2025-01-24 14:00:00,105077.8,106319.3,104622.3,105827.8,13499.769,1425739627.9844
2025-01-24 16:00:00,105827.8,106681.7,105532.2,106432.4,9725.745,1031831650.015
2025-01-24 18:00:00,106432.4,107118.6,105642.9,105734.3,11334.629,1206729712.4117
2025-01-24 20:00:00,105734.3,105755.3,104681.1,105069.0,8019.644,843367166.2669
2025-01-24 22:00:00,105069.0,105420.1,104386.7,104800.1,5295.612,554899688.7921
2025-01-25 00:00:00,104800.1,104802.8,104308.6,104677.3,2823.602,295297769.6561
2025-01-25 02:00:00,104677.3,105227.3,104411.4,105146.5,2868.823,300623518.9428
2025-01-25 04:00:00,105146.5,105165.5,104205.8,104326.4,2327.49,243371162.1305
2025-01-25 06:00:00,104326.4,104477.0,104175.0,104349.9,1996.897,208295342.0829
2025-01-25 08:00:00,104349.9,104450.0,104051.5,104308.7,1762.569,183788621.5977
2025-01-25 10:00:00,104308.7,104640.0,104036.9,104619.1,2554.628,266704933.9259
2025-01-25 12:00:00,104619.1,104800.0,104405.7,104662.4,2099.09,219667653.2102
2025-01-25 14:00:00,104662.4,105072.0,104422.3,104846.5,2927.871,306756167.5744
2025-01-25 16:00:00,104846.5,104962.8,104380.2,104848.9,2844.896,297744079.2875
2025-01-25 18:00:00,104848.9,105276.1,104790.0,104997.8,2959.417,310789736.07
2025-01-25 20:00:00,104997.8,105151.4,104809.4,105065.6,1442.436,151434169.6824
2025-01-25 22:00:00,105065.6,105237.4,104638.9,104709.4,1929.094,202432199.7142
2025-01-26 00:00:00,104709.4,104825.0,104466.9,104586.4,1456.528,152431265.2624
2025-01-26 02:00:00,104586.4,105217.5,104491.0,105024.5,1944.899,204018467.0647
2025-01-26 04:00:00,105024.5,105591.5,104936.5,105065.8,2274.459,239276813.0126
2025-01-26 06:00:00,105065.8,105082.7,104903.9,104966.0,682.314,71634992.0687
2025-01-26 08:00:00,104966.0,105200.0,104400.0,104597.6,3492.747,365779978.8666
2025-01-26 10:00:00,104597.6,104818.6,104424.1,104773.6,1787.499,187040308.8158
2025-01-26 12:00:00,104773.6,105028.0,104654.6,104924.5,1782.921,186945919.4483
2025-01-26 14:00:00,104924.5,105053.7,104770.0,104934.4,1227.83,128847853.2295
2025-01-26 16:00:00,104934.4,105017.2,104861.5,104911.0,936.357,98262463.1297
2025-01-26 18:00:00,104911.0,105243.6,104872.6,105056.7,1798.23,189010551.1573
2025-01-26 20:00:00,105056.7,105188.4,104511.1,104527.0,2578.977,270281886.8005
2025-01-26 22:00:00,104527.0,104697.0,102457.1,102553.7,13467.861,1391871276.8177
2025-01-27 00:00:00,102553.7,103217.8,101087.4,101235.3,15134.62,1543678407.0274
2025-01-27 02:00:00,101235.3,101799.4,100667.7,101345.0,9785.536,990188042.3466
2025-01-27 04:00:00,101345.0,101347.1,99670.1,100319.3,11250.781,1129826862.8166
2025-01-27 06:00:00,100319.3,100448.3,97694.2,98986.3,23238.547,2298171303.5878
2025-01-27 08:00:00,98986.3,99478.6,98630.3,99366.9,8496.984,841453757.3432
2025-01-27 10:00:00,99366.9,99416.6,98208.0,98700.0,9006.935,889843660.8627
2025-01-27 12:00:00,98700.0,101605.0,98655.6,100445.4,20189.024,2027438536.8535
2025-01-27 14:00:00,100445.4,102270.4,100011.4,101055.2,19788.201,2005157386.1542
2025-01-27 16:00:00,101055.2,101195.5,98980.0,99100.8,16804.758,1678171951.828
2025-01-27 18:00:00,99100.8,99910.7,98793.3,99649.9,8704.001,864751239.5801
2025-01-27 20:00:00,99649.9,102376.8,99549.6,101298.0,13415.801,1358228543.0307
2025-01-27 22:00:00,101298.0,102135.9,101217.9,102024.2,4249.871,432332829.2875
2025-01-28 00:00:00,102024.2,102910.4,101335.0,101335.0,6855.484,699866108.0283
2025-01-28 02:00:00,101335.0,102840.0,101280.0,102594.9,4852.795,495935318.0683
2025-01-28 04:00:00,102594.9,103329.9,102544.9,102966.0,5366.249,552809730.8385
2025-01-28 06:00:00,102966.0,103280.0,102458.4,102745.3,5235.689,538461482.8142
2025-01-28 08:00:00,102745.3,102974.8,102322.7,102910.8,4660.092,478458709.5039
2025-01-28 10:00:00,102910.8,103178.1,102507.6,102703.8,3586.696,368707244.9886
2025-01-28 12:00:00,102703.8,102940.0,102407.2,102549.3,3602.693,369780538.2864
2025-01-28 14:00:00,102549.3,103800.0,101767.0,102718.8,22779.58,2340044362.4414
2025-01-28 16:00:00,102718.8,103050.0,101865.2,102513.6,10645.44,1090613489.4052
2025-01-28 18:00:00,102513.6,103077.6,101739.8,102375.4,8328.702,852415564.2183
2025-01-28 20:00:00,102375.4,102490.0,100207.0,100268.1,9878.783,1000131356.1708
2025-01-28 22:00:00,100268.1,101396.4,100205.7,101278.0,6671.425,672956868.8299
2025-01-29 00:00:00,101278.0,101938.4,101265.3,101781.0,3994.345,405786498.7794
2025-01-29 02:00:00,101781.0,102266.0,101650.0,101970.4,3713.218,378556574.1841
2025-01-29 04:00:00,101970.4,102338.2,101899.9,102214.7,2040.066,208311717.2569
2025-01-29 06:00:00,102214.7,102847.4,102183.5,102700.1,4651.42,476997111.0351
2025-01-29 08:00:00,102700.1,102974.0,102259.2,102290.0,4306.469,442021871.9018
2025-01-29 10:00:00,102290.0,102763.9,102150.0,102591.5,3152.629,323137859.3648
2025-01-29 12:00:00,102591.5,102781.2,101651.0,101801.1,6762.393,690195714.5651
2025-01-29 14:00:00,101801.1,102504.1,101516.2,101919.3,9035.9,921759708.576
2025-01-29 16:00:00,101919.3,102737.0,101618.7,102367.6,5228.23,534242267.4797
2025-01-29 18:00:00,102367.6,103985.2,101335.9,103536.1,26442.997,2715884542.6794
2025-01-29 20:00:00,103536.1,104777.0,102800.0,103679.0,16249.463,1688764267.9192
2025-01-29 22:00:00,103679.0,104329.5,103333.4,103700.0,5722.021,593691614.7113
2025-01-30 00:00:00,103700.0,104543.3,103235.0,104237.0,6188.181,642951593.1656
2025-01-30 02:00:00,104237.0,105293.9,103903.5,105166.3,8066.441,844359536.4896
2025-01-30 04:00:00,105166.3,105582.2,104824.4,105357.4,4995.615,525543137.5366
2025-01-30 06:00:00,105357.4,105540.0,104777.0,105100.0,3772.278,396519343.5235
2025-01-30 08:00:00,105100.0,105534.0,104901.0,105397.0,3513.186,369728785.4197
2025-01-30 10:00:00,105397.0,105397.1,105045.0,105281.5,2771.445,291630642.0817
2025-01-30 12:00:00,105281.5,105328.7,104803.5,104840.9,4852.431,509794006.0206
2025-01-30 14:00:00,104840.9,106421.1,104628.0,105516.5,17509.228,1849786500.7579
2025-01-30 16:00:00,105516.5,105970.0,104851.2,105242.9,6945.66,732030923.3095
2025-01-30 18:00:00,105242.9,105742.0,104711.0,105676.0,5170.787,544379324.2028
2025-01-30 20:00:00,105676.0,105789.0,104733.3,104984.6,5478.916,576271273.089
2025-01-30 22:00:00,104984.6,105294.1,104633.0,104684.6,1981.852,208056717.4618
2025-01-31 00:00:00,104684.6,104976.2,104310.1,104679.6,4684.327,490035437.8491
2025-01-31 02:00:00,104679.6,104802.9,103875.0,104273.2,5310.36,553369444.9891
2025-01-31 04:00:00,104273.2,104490.0,103911.0,104266.2,2947.124,307236257.7109
2025-01-31 06:00:00,104266.2,104761.1,103975.0,104146.1,4308.842,449855920.5736
2025-01-31 08:00:00,104146.1,104280.0,103863.0,104205.4,4024.662,418871919.8852
2025-01-31 10:00:00,104205.4,104796.0,104033.0,104675.0,3328.077,347746787.4332
2025-01-31 12:00:00,104675.0,104995.8,104500.3,104610.0,4006.481,419540628.4416
2025-01-31 14:00:00,104610.0,105998.0,104050.1,105404.7,12500.701,1312069834.7826
2025-01-31 16:00:00,105404.7,105535.7,104487.2,104523.0,6724.002,705624322.7135
2025-01-31 18:00:00,104523.0,104774.0,102058.5,102232.0,21438.006,2208228000.615
2025-01-31 20:00:00,102232.0,102274.6,101468.4,102074.4,14896.773,1517083678.7185
2025-01-31 22:00:00,102074.4,102419.9,101829.5,102377.6,4090.472,417743243.9295
2025-02-01 00:00:00,102377.6,102699.0,102117.5,102504.1,2986.611,305950076.344
2025-02-01 02:00:00,102504.1,102735.0,102124.9,102173.1,2703.45,276792934.6394
2025-02-01 04:00:00,102173.1,102517.3,102033.0,102427.7,2786.491,284918734.5076
2025-02-01 06:00:00,102427.7,102500.0,102100.9,102112.1,1943.112,198664557.7779
2025-02-01 08:00:00,102112.1,102222.9,101350.1,101621.8,5228.448,532017630.1733
2025-02-01 10:00:00,101621.8,101992.6,101559.8,101966.9,2803.428,285357892.7654
2025-02-01 12:00:00,101966.9,102233.0,101763.0,101821.7,3694.93,377213754.4634
2025-02-01 14:00:00,101821.7,102141.6,101670.3,102023.4,3974.301,405123863.1259
2025-02-01 16:00:00,102023.4,102220.0,101818.2,102197.3,1966.593,200687041.12
2025-02-01 18:00:00,102197.3,102215.5,101404.0,101622.6,3807.391,387481263.6387
2025-02-01 20:00:00,101622.6,101622.6,100918.1,101136.2,7256.743,734775883.2735
2025-02-01 22:00:00,101136.2,101370.1,100215.1,100576.5,8726.74,878273353.1882
2025-02-02 00:00:00,100576.5,101410.0,100430.4,101196.5,3350.706,338531988.1755
2025-02-02 02:00:00,101196.5,101217.5,99100.3,99157.1,11377.589,1137116919.2921
2025-02-02 04:00:00,99157.1,100301.4,98958.0,100201.8,6789.857,676226428.1166
2025-02-02 06:00:00,100201.8,100434.1,99550.0,99569.9,5938.815,594251271.259
2025-02-02 08:00:00,99569.9,100057.8,99263.8,99619.9,5583.654,556192782.446
2025-02-02 10:00:00,99619.9,99622.0,98580.0,98824.4,8488.265,841439515.551
2025-02-02 12:00:00,98824.4,99140.0,98100.0,98757.5,10505.937,1035437258.1511
2025-02-02 14:00:00,98757.5,99364.6,98655.0,99292.7,6640.678,658129115.2721
2025-02-02 16:00:00,99292.7,99308.6,96969.1,97201.6,18414.047,1804083384.0335
2025-02-02 18:00:00,97201.6,98645.7,96625.0,98223.3,17598.694,1714648176.1557
2025-02-02 20:00:00,98223.3,98575.0,96468.7,96985.2,9130.132,888855418.9252
2025-02-02 22:00:00,96985.2,97985.9,95994.3,97645.7,17392.275,1688907572.2636
2025-02-03 00:00:00,97645.7,97737.5,91807.7,93387.6,63926.196,6059980516.1442
2025-02-03 02:00:00,93387.6,94883.0,91166.6,93998.2,40924.933,3826057904.9549
2025-02-03 04:00:00,93998.2,94433.4,92609.9,94165.9,13541.302,1263832499.2116
2025-02-03 06:00:00,94165.9,95336.0,93600.0,95247.1,9011.01,850337175.9966
2025-02-03 08:00:00,95247.1,95885.5,94770.1,95221.9,10455.244,997077600.6168
2025-02-03 10:00:00,95221.9,95668.7,94703.0,95052.3,8049.109,765780733.9088
2025-02-03 12:00:00,95052.3,95549.6,94319.8,94591.6,11151.361,1058401826.0439
2025-02-03 14:00:00,94591.6,99468.8,94091.0,98804.0,42331.343,4096774974.4156
2025-02-03 16:00:00,98804.0,99288.9,97979.5,99150.3,15708.219,1548253426.8576
2025-02-03 18:00:00,99150.3,101840.0,98895.9,101831.8,17966.697,1801661053.9411
2025-02-03 20:00:00,101831.8,101900.0,100867.2,101732.5,14512.069,1471720995.8003
2025-02-03 22:00:00,101732.5,102457.8,101200.0,101294.8,8151.706,829653186.4796
2025-02-04 00:00:00,101294.8,101684.7,100700.1,101338.1,4729.809,478820372.7299
2025-02-04 02:00:00,101338.1,101393.3,100500.0,100580.5,3336.2,336452748.0217
2025-02-04 04:00:00,100580.5,100727.0,98170.6,98807.4,16870.382,1672733903.9751
2025-02-04 06:00:00,98807.4,99650.0,98280.0,98409.6,9712.32,962162426.8992
2025-02-04 08:00:00,98409.6,98766.0,97800.0,98312.3,8737.779,858973123.4563
2025-02-04 10:00:00,98312.3,99445.5,98302.7,98923.4,6156.489,609305396.795
2025-02-04 12:00:00,98923.4,99758.1,98900.0,98984.2,7504.653,745440883.4543
2025-02-04 14:00:00,98984.2,100381.1,98248.5,99310.1,25202.121,2504424585.224
2025-02-04 16:00:00,99310.1,99913.2,98788.0,99128.9,8125.998,807006267.8067
2025-02-04 18:00:00,99128.9,100765.5,98734.0,98828.6,15490.728,1545177798.5156
2025-02-04 20:00:00,98828.6,99464.7,96354.5,96463.0,26283.87,2577506528.4813
2025-02-04 22:00:00,96463.0,98173.6,96086.1,97706.0,12219.197,1187231565.9556
2025-02-05 00:00:00,97706.0,98900.0,97587.3,97805.3,7819.286,767761175.2412
2025-02-05 02:00:00,97805.3,98289.9,97094.2,98000.3,7129.452,696572342.2342
2025-02-05 04:00:00,98000.3,98309.6,97655.6,98100.0,3674.601,360145183.8138
2025-02-05 06:00:00,98100.0,98187.0,97313.9,97814.3,5090.649,497346875.0353
2025-02-05 08:00:00,97814.3,98014.7,97209.6,97361.9,3915.448,382200267.988
2025-02-05 10:00:00,97361.9,98198.4,97325.0,98186.2,6655.408,651546099.215
2025-02-05 12:00:00,98186.2,98706.3,97930.5,98548.8,7396.557,727560986.0101
2025-02-05 14:00:00,98548.8,99170.0,97700.1,98064.2,11340.083,1115303645.2243
2025-02-05 16:00:00,98064.2,98265.9,97260.4,97503.5,9049.606,883860698.5444
2025-02-05 18:00:00,97503.5,97654.9,96450.0,97331.8,10160.82,985309545.0389
2025-02-05 20:00:00,97331.8,97671.8,96737.9,96880.0,4621.71,449596465.344
2025-02-05 22:00:00,96880.0,97018.0,96100.1,96568.5,5261.5,507779546.3586
2025-02-06 00:00:00,96568.5,97176.5,96363.1,97118.3,4611.126,446567131.3666
2025-02-06 02:00:00,97118.3,97480.4,97027.6,97308.9,2290.053,222697539.7347
2025-02-06 04:00:00,97308.9,97845.4,97230.0,97789.5,2462.857,240399486.3217
2025-02-06 06:00:00,97789.5,98400.0,97657.8,98164.9,4600.426,451296602.5625
2025-02-06 08:00:00,98164.9,98690.0,97816.5,98557.5,4802.565,472251660.6263
2025-02-06 10:00:00,98557.5,99099.0,98362.7,98829.0,6775.266,669107191.8115
2025-02-06 12:00:00,98829.0,99000.0,98121.5,98573.4,7213.332,710354298.5788
2025-02-06 14:00:00,98573.4,98881.3,96880.0,97292.6,16726.131,1635937637.0259
2025-02-06 16:00:00,97292.6,97499.0,96335.6,96670.1,10708.484,1036766945.2352
2025-02-06 18:00:00,96670.1,96897.6,95631.8,95953.5,11101.083,1067893924.2864
2025-02-06 20:00:00,95953.5,97050.0,95750.0,96770.0,5988.231,578122714.0655
2025-02-06 22:00:00,96770.0,96924.6,96099.8,96500.0,4291.081,413959656.0449
2025-02-07 00:00:00,96500.0,97791.7,96365.7,97341.7,4918.484,477264222.1552
2025-02-07 02:00:00,97341.7,97729.9,97024.8,97407.6,4438.31,432139372.2871
2025-02-07 04:00:00,97407.6,97833.3,97100.0,97309.9,2764.242,269335159.2632
2025-02-07 06:00:00,97309.9,97320.0,96532.6,96694.9,5994.622,580556704.7561
2025-02-07 08:00:00,96694.9,97346.1,96560.9,97235.1,2986.872,289829348.5997
2025-02-07 10:00:00,97235.1,97718.4,97195.8,97706.0,3410.606,332508499.4277
2025-02-07 12:00:00,97706.0,98812.7,97139.1,98778.1,15591.963,1526736655.7736
2025-02-07 14:00:00,98778.1,100120.0,97500.0,98245.5,35596.008,3523249146.628
2025-02-07 16:00:00,98245.5,98550.0,97000.0,97373.1,20195.201,1974295158.6848
2025-02-07 18:00:00,97373.1,98306.3,96823.1,96852.7,7911.96,771731517.8775
2025-02-07 20:00:00,96852.7,96890.9,95556.5,95950.0,12538.466,1204433439.6741
2025-02-07 22:00:00,95950.0,96458.3,95583.8,96440.6,4894.813,469628689.9548
2025-02-08 00:00:00,96440.6,96791.4,96273.0,96471.6,3093.129,298677146.8469
2025-02-08 02:00:00,96471.6,96840.0,96351.7,96646.8,1876.24,181292010.5321
2025-02-08 04:00:00,96646.8,96646.8,96025.0,96159.8,2167.028,208593085.5377
2025-02-08 06:00:00,96159.8,96247.0,95723.8,96160.0,3884.898,372929573.0179
2025-02-08 08:00:00,96160.0,96247.0,95842.6,96119.9,1811.976,173989061.8651
2025-02-08 10:00:00,96119.9,96250.0,95819.4,96080.0,1891.02,181580513.8678
2025-02-08 12:00:00,96080.0,96444.0,95865.0,96191.2,2962.681,284858372.8474
2025-02-08 14:00:00,96191.2,96320.0,95635.8,95802.9,3385.498,324653237.8255
2025-02-08 16:00:00,95802.9,96345.0,95703.0,96309.0,2762.4,265372810.8159
2025-02-08 18:00:00,96309.0,96700.0,96182.9,96541.4,2188.215,211100933.8539
2025-02-08 20:00:00,96541.4,96582.9,96302.0,96494.9,1060.11,102207532.397
2025-02-08 22:00:00,96494.9,96664.8,96327.5,96406.8,1603.09,154706744.9704
2025-02-09 00:00:00,96406.8,96970.8,96314.4,96929.4,2449.993,236853145.5905
2025-02-09 02:00:00,96929.4,97266.8,96634.0,97266.8,3022.831,292990436.9666
2025-02-09 04:00:00,97266.8,97275.0,96913.4,96978.9,1876.152,182093495.2801
2025-02-09 06:00:00,96978.9,97083.6,96727.0,97013.9,2456.604,238061511.5282
2025-02-09 08:00:00,97013.9,97250.0,96844.3,96880.4,1898.291,184179143.0348
2025-02-09 10:00:00,96880.4,96999.4,96503.1,96513.4,3129.977,302724619.4842
2025-02-09 12:00:00,96513.4,96657.1,95782.3,95849.9,5548.258,533688002.6234
2025-02-09 14:00:00,95849.9,96625.4,95681.0,96447.5,6157.716,592175419.9997
2025-02-09 16:00:00,96447.5,96546.1,95900.0,96128.7,2416.681,232604703.0704
2025-02-09 18:00:00,96128.7,96249.8,95805.2,96016.6,2245.708,215636514.1107
2025-02-09 20:00:00,96016.6,96740.9,94651.2,95120.0,10476.033,1000174680.4101
2025-02-09 22:00:00,95120.0,96548.0,94696.1,96428.6,8793.066,841846963.4689
2025-02-10 00:00:00,96428.6,97100.0,95202.8,95543.4,9105.963,876746243.7467
2025-02-10 02:00:00,95543.4,97049.9,95368.9,96764.3,7968.857,767233430.4775
2025-02-10 04:00:00,96764.3,97631.8,96570.2,96983.1,7794.418,756442311.3862
2025-02-10 06:00:00,96983.1,97464.8,96755.0,97405.1,5139.249,499232228.2754
2025-02-10 08:00:00,97405.1,97874.8,97318.8,97639.9,5817.512,568181672.1646
2025-02-10 10:00:00,97639.9,97937.3,97553.6,97629.9,3444.873,336780888.1673
2025-02-10 12:00:00,97629.9,98343.4,97135.4,98185.4,7311.812,714317152.2161
2025-02-10 14:00:00,98185.4,98283.0,96812.1,97188.9,11275.996,1098084022.2813
2025-02-10 16:00:00,97188.9,97483.8,96826.4,97459.7,5096.853,494985599.8091
2025-02-10 18:00:00,97459.7,97611.0,97114.3,97338.5,3007.458,292891844.8783
2025-02-10 20:00:00,97338.5,97450.0,97085.0,97354.3,1685.464,163948957.7769
2025-02-10 22:00:00,97354.3,97476.7,97200.0,97384.2,1521.702,148097602.7357
2025-02-11 00:00:00,97384.2,98150.0,97379.2,97963.5,4565.323,446627511.0505
2025-02-11 02:00:00,97963.5,98084.8,97410.1,97571.8,3276.168,319907513.8534
2025-02-11 04:00:00,97571.8,98459.0,97505.2,98380.0,4982.878,488708472.2016
2025-02-11 06:00:00,98380.0,98446.4,98087.7,98230.0,2379.859,233937193.4549
2025-02-11 08:00:00,98230.0,98298.7,97857.9,97956.2,2509.453,246171497.6541
2025-02-11 10:00:00,97956.2,98186.8,97826.2,98092.4,2351.953,230451503.4452
2025-02-11 12:00:00,98092.4,98102.8,96600.0,96750.6,10222.388,994669969.1633
2025-02-11 14:00:00,96750.6,97274.3,96551.3,96982.0,9915.477,960735059.8976
2025-02-11 16:00:00,96982.0,97009.3,95914.4,96115.5,9334.277,899156866.2093
2025-02-11 18:00:00,96115.5,96134.3,94821.9,94985.9,14848.932,1416051477.3657
2025-02-11 20:00:00,94985.9,96400.0,94871.0,96337.3,9899.921,945551099.1139
2025-02-11 22:00:00,96337.3,96450.0,95292.0,95748.6,6170.61,591600001.2154
2025-02-12 00:00:00,95748.6,96234.5,95622.9,96177.5,2874.0,275644031.4032
2025-02-12 02:00:00,96177.5,96190.4,95050.0,95256.0,5628.271,537619057.1704
2025-02-12 04:00:00,95256.0,95886.0,95219.8,95848.9,3694.292,353047793.2649
2025-02-12 06:00:00,95848.9,96130.0,95650.0,96025.7,2950.258,282946630.3551
2025-02-12 08:00:00,96025.7,96429.9,95988.5,96092.7,3802.062,365652416.8303
2025-02-12 10:00:00,96092.7,96344.0,95865.0,96045.3,2653.738,255001679.102
2025-02-12 12:00:00,96045.3,96600.0,94001.2,94912.2,28776.414,2737734271.327
2025-02-12 14:00:00,94912.2,95973.9,94446.0,95767.2,21104.916,2010109410.4457
2025-02-12 16:00:00,95767.2,97675.0,95060.0,97321.3,21120.071,2041076418.1914
2025-02-12 18:00:00,97321.3,97418.7,96301.0,97170.3,6630.072,641982861.8094
2025-02-12 20:00:00,97170.3,97878.0,96805.3,97606.9,6465.419,629395262.4088
2025-02-12 22:00:00,97606.9,98089.1,97369.2,97828.1,5887.64,575747566.5358
2025-02-13 00:00:00,97828.1,98047.0,97500.0,97939.8,2858.462,279406063.2735
2025-02-13 02:00:00,97939.8,97939.8,97328.3,97462.7,2050.737,200095265.477
2025-02-13 04:00:00,97462.7,97524.3,96453.3,96622.4,5200.32,503744543.2957
2025-02-13 06:00:00,96622.4,96725.3,95788.0,96023.0,8738.541,839873240.2778
2025-02-13 08:00:00,96023.0,96257.0,95610.0,96213.6,5803.417,557150701.9383
2025-02-13 10:00:00,96213.6,96307.4,95310.1,95890.0,6866.005,658508131.0939
2025-02-13 12:00:00,95890.0,96260.3,95587.1,96029.9,7712.515,739982562.3312
2025-02-13 14:00:00,96029.9,96439.5,95250.0,95941.2,14977.514,1435600074.9018
2025-02-13 16:00:00,95941.2,95977.3,95156.1,95645.0,9728.856,929750170.546
2025-02-13 18:00:00,95645.0,96347.9,95289.6,95594.3,7059.619,676479745.8056
2025-02-13 20:00:00,95594.3,96808.5,95553.2,96444.4,7198.793,693182263.1052
2025-02-13 22:00:00,96444.4,96596.9,96228.1,96570.7,2595.809,250309414.1122
2025-02-14 00:00:00,96570.7,96995.8,96330.7,96505.4,3670.355,354734143.5594
2025-02-14 02:00:00,96505.4,97173.8,96412.1,97109.0,3956.116,382899438.2233
2025-02-14 04:00:00,97109.0,97216.8,96512.6,96650.0,2682.048,259758151.1934
2025-02-14 06:00:00,96650.0,97045.9,96567.1,96907.8,3203.067,310209809.8358
2025-02-14 08:00:00,96907.8,97123.7,96757.8,97075.4,3068.328,297457539.5824
2025-02-14 10:00:00,97075.4,97171.7,96760.1,96843.9,2859.953,277314308.5936
2025-02-14 12:00:00,96843.9,96950.0,96405.3,96754.8,5412.396,523226201.3117
2025-02-14 14:00:00,96754.8,97569.9,96200.0,96886.3,13898.767,1346479976.4543
2025-02-14 16:00:00,96886.3,98821.0,96436.8,98506.2,15316.44,1494393777.8695
2025-02-14 18:00:00,98506.2,98720.0,97640.2,97911.2,9360.155,919737961.8913
2025-02-14 20:00:00,97911.2,98262.8,96639.0,97407.7,10043.462,977298026.9101
2025-02-14 22:00:00,97407.7,97491.1,96885.2,97450.1,3410.8,331618694.8221
2025-02-15 00:00:00,97450.1,97788.3,97175.8,97746.7,3708.272,361554157.805
2025-02-15 02:00:00,97746.7,97933.0,97580.2,97625.6,2477.241,242085275.0247
2025-02-15 04:00:00,97625.6,97746.8,97387.6,97550.9,1501.027,146419555.3695
2025-02-15 06:00:00,97550.9,97617.3,97303.1,97303.5,1848.719,180129735.818
2025-02-15 08:00:00,97303.5,97560.0,97258.1,97520.0,1391.217,135555173.0273
2025-02-15 10:00:00,97520.0,97695.2,97400.0,97581.6,1299.511,126760227.8676
2025-02-15 12:00:00,97581.6,97898.8,97490.1,97666.0,2491.121,243345477.6367
2025-02-15 14:00:00,97666.0,97714.9,97370.0,97599.3,2375.512,231747094.1738
2025-02-15 16:00:00,97599.3,97677.8,97268.9,97367.1,2030.599,197809727.456
2025-02-15 18:00:00,97367.1,97608.8,97322.3,97486.8,1630.297,158917877.5421
2025-02-15 20:00:00,97486.8,97652.3,97349.9,97647.6,2382.05,232315164.8392
2025-02-15 22:00:00,97647.6,97700.0,97367.5,97533.9,3490.959,340242528.8924
2025-02-16 00:00:00,97533.9,97678.7,97495.2,97603.0,941.236,91856375.9605
2025-02-16 02:00:00,97603.0,97609.3,97299.8,97490.7,2169.542,211458921.8137
2025-02-16 04:00:00,97490.7,97620.2,97422.9,97547.0,1281.008,124886965.5682
2025-02-16 06:00:00,97547.0,97565.0,97164.0,97200.9,1426.663,138881531.9705
2025-02-16 08:00:00,97200.9,97320.1,97012.0,97314.7,2180.338,211845579.2051
2025-02-16 10:00:00,97314.7,97341.9,97110.5,97288.2,1115.794,108479740.5792
2025-02-16 12:00:00,97288.2,97288.3,96713.8,96809.6,3422.414,331937230.6289
2025-02-16 14:00:00,96809.6,97038.6,96636.0,96850.1,3850.873,372919597.3072
2025-02-16 16:00:00,96850.1,97119.4,96824.2,96921.2,1416.768,137376602.5601
2025-02-16 18:00:00,96921.2,97069.0,96500.0,97021.5,4536.645,439200799.7617
2025-02-16 20:00:00,97021.5,97247.2,96796.3,97131.1,2374.623,230395434.4563
2025-02-16 22:00:00,97131.1,97147.7,96000.0,96060.1,7626.991,735216053.2789
2025-02-17 00:00:00,96060.1,96480.0,95980.1,96445.1,4177.683,402053989.8379
2025-02-17 02:00:00,96445.1,96580.0,96003.5,96165.4,2413.065,232198411.7698
2025-02-17 04:00:00,96165.4,96270.1,95730.3,96193.4,4103.147,393987378.3483
2025-02-17 06:00:00,96193.4,96429.0,95859.9,96023.0,3505.297,337126886.7975
2025-02-17 08:00:00,96023.0,96271.0,95888.9,96120.3,3433.904,330033312.7248
2025-02-17 10:00:00,96120.3,96357.6,95950.6,96019.8,3354.406,322505039.3018
2025-02-17 12:00:00,96019.8,96479.7,96015.1,96364.9,2888.702,278153664.4416
2025-02-17 14:00:00,96364.9,96988.3,95514.7,95613.5,12271.565,1181573413.7695
2025-02-17 16:00:00,95613.5,95895.0,95234.2,95431.4,8499.289,811826752.8429
2025-02-17 18:00:00,95431.4,95728.9,95160.0,95500.1,4795.48,457394345.2729
2025-02-17 20:00:00,95500.1,96370.0,95448.5,96362.9,5600.74,537581654.7093
2025-02-17 22:00:00,96362.9,96369.9,95654.6,95735.0,2692.279,258297483.5191
2025-02-18 00:00:00,95735.0,96249.5,95500.0,96215.2,3919.227,375717921.0833
2025-02-18 02:00:00,96215.2,96274.0,95955.0,96150.7,2489.997,239368602.3214
2025-02-18 04:00:00,96150.7,96251.5,95489.4,95553.9,3116.49,298700639.0119
2025-02-18 06:00:00,95553.9,95677.8,95193.6,95410.1,6195.071,590942884.7783
2025-02-18 08:00:00,95410.1,95749.2,94988.0,95741.8,6161.316,587372846.2017
2025-02-18 10:00:00,95741.8,95835.0,95517.1,95594.4,1959.587,187498942.6642
2025-02-18 12:00:00,95594.4,96441.4,95559.8,96192.8,5639.867,542178187.8917
2025-02-18 14:00:00,96192.8,96730.9,95153.0,95518.1,13183.643,1262970043.8352
2025-02-18 16:00:00,95518.1,95613.1,94024.4,94069.5,15731.394,1489199989.7306
2025-02-18 18:00:00,94069.5,94370.5,93318.1,94066.0,17457.23,1637693683.0623
2025-02-18 20:00:00,94066.0,95320.4,93682.3,95040.0,12525.573,1185516778.6471
2025-02-18 22:00:00,95040.0,95650.0,94840.3,95618.8,4894.629,466623187.5068
2025-02-19 00:00:00,95618.8,95800.0,95008.6,95438.9,4590.46,437893139.4002
2025-02-19 02:00:00,95438.9,95923.4,95414.6,95678.0,3147.626,301110227.5334
2025-02-19 04:00:00,95678.0,95736.9,95018.5,95248.0,4328.418,412406524.225
2025-02-19 06:00:00,95248.0,95817.5,95193.8,95660.0,3907.496,373459743.9429
2025-02-19 08:00:00,95660.0,96011.0,95588.1,95913.2,3796.792,363714964.72
2025-02-19 10:00:00,95913.2,96457.7,95912.5,96407.9,6948.973,669013233.0446
2025-02-19 12:00:00,96407.9,96489.7,96155.0,96265.3,4322.322,416260274.2865
2025-02-19 14:00:00,96265.3,96676.5,95500.0,95904.4,13676.539,1313944428.0735
2025-02-19 16:00:00,95904.4,96461.0,95903.6,96359.3,4408.916,424307175.1237
2025-02-19 18:00:00,96359.3,96389.7,95370.0,96168.6,7138.745,684265112.8244
2025-02-19 20:00:00,96168.6,96462.1,96014.2,96281.4,4365.308,420316578.0016
2025-02-19 22:00:00,96281.4,96897.1,96272.8,96616.4,3693.143,356760743.1266
2025-02-20 00:00:00,96616.4,96974.4,96386.5,96752.5,3168.882,306340226.9484
2025-02-20 02:00:00,96752.5,97419.9,96710.8,97027.3,5961.812,578700017.9548
2025-02-20 04:00:00,97027.3,97333.3,96861.2,96879.6,3775.032,366570710.4138
2025-02-20 06:00:00,96879.6,97074.3,96750.0,96838.5,2663.636,258078829.9039
2025-02-20 08:00:00,96838.5,97250.0,96788.0,97155.0,2291.698,222460099.8277
2025-02-20 10:00:00,97155.0,97348.3,97079.0,97163.9,1925.619,187197894.9322
2025-02-20 12:00:00,97163.9,97520.0,97163.8,97510.1,4207.21,409770891.7373
2025-02-20 14:00:00,97510.1,98000.0,96758.0,96861.0,17126.168,1666411576.1229
2025-02-20 16:00:00,96861.0,97986.4,96825.2,97921.2,8039.883,784812714.2519
2025-02-20 18:00:00,97921.2,98489.6,97911.1,98368.7,7611.161,747653674.3204
2025-02-20 20:00:00,98368.7,98680.8,97954.0,98050.0,5026.553,494468291.1114
2025-02-20 22:00:00,98050.0,98481.0,98003.5,98246.7,3112.785,305765725.3838
2025-02-21 00:00:00,98246.7,98457.0,98035.1,98258.2,1831.312,179862054.4309
2025-02-21 02:00:00,98258.2,98332.8,98044.7,98113.5,1968.597,193269717.7341
2025-02-21 04:00:00,98113.5,98368.2,98080.5,98296.7,1913.592,187955188.2116
2025-02-21 06:00:00,98296.7,98568.0,98122.1,98134.9,2667.36,262361880.0449
2025-02-21 08:00:00,98134.9,98907.8,98061.7,98294.4,6026.505,593267580.4899
2025-02-21 10:00:00,98294.4,98788.0,98200.0,98586.3,3116.513,307001718.0186
2025-02-21 12:00:00,98586.3,99454.2,98482.0,99294.7,10969.278,1086843909.886
2025-02-21 14:00:00,99294.7,99338.6,97111.0,98074.8,31983.424,3140901040.9154
2025-02-21 16:00:00,98074.8,98699.9,96800.0,96929.4,16681.375,1632243325.3486
2025-02-21 18:00:00,96929.4,97216.7,95191.1,95260.0,19931.989,1918916816.4385
2025-02-21 20:00:00,95260.0,95659.1,94832.2,95422.9,9747.596,928560932.2395
2025-02-21 22:00:00,95422.9,96244.3,95256.7,96198.4,5732.64,549332584.2617
2025-02-22 00:00:00,96198.4,96494.0,95814.8,96280.2,2986.16,287232653.8444
2025-02-22 02:00:00,96280.2,96483.3,96117.5,96310.0,1903.76,183298281.4071
2025-02-22 04:00:00,96310.0,96569.0,96280.0,96564.0,1884.273,181713104.676
2025-02-22 06:00:00,96564.0,96639.9,96317.0,96331.1,1873.96,180815590.8809
2025-02-22 08:00:00,96331.1,96546.1,96152.7,96528.2,2819.574,271606130.3699
2025-02-22 10:00:00,96528.2,96623.4,96448.8,96594.7,1742.625,168254487.0253
2025-02-22 12:00:00,96594.7,97056.0,96537.8,96573.0,3602.015,348621312.1762
2025-02-22 14:00:00,96573.0,96729.6,96502.5,96613.2,1455.072,140583047.1727
2025-02-22 16:00:00,96613.2,96837.6,96369.2,96621.9,2434.21,235240894.789
2025-02-22 18:00:00,96621.9,96801.0,96344.2,96620.0,1375.829,132818902.347
2025-02-22 20:00:00,96620.0,96669.4,96498.4,96657.6,769.56,74319254.9048
2025-02-22 22:00:00,96657.6,96703.1,96465.9,96554.4,815.297,78766811.5285
2025-02-23 00:00:00,96554.4,96637.0,96351.9,96440.6,882.784,85190851.4629
2025-02-23 02:00:00,96440.6,96553.2,96376.9,96420.7,727.577,70178395.6127
2025-02-23 04:00:00,96420.7,96541.4,96210.0,96216.8,1221.394,117676673.1778
2025-02-23 06:00:00,96216.8,96541.6,96121.5,96500.0,1662.225,160121983.9035
2025-02-23 08:00:00,96500.0,96500.1,96237.0,96263.5,1139.191,109751499.7789
2025-02-23 10:00:00,96263.5,96290.4,96009.4,96120.5,1695.662,163046264.463
2025-02-23 12:00:00,96120.5,96165.0,95639.5,95945.0,4835.689,463471422.6088
2025-02-23 14:00:00,95945.0,96050.1,95358.5,95446.1,4134.574,395712833.2159
2025-02-23 16:00:00,95446.1,95769.3,95254.0,95666.2,2897.085,276577443.8857
2025-02-23 18:00:00,95666.2,95887.2,95615.4,95770.8,1633.69,156473992.183
2025-02-23 20:00:00,95770.8,95829.4,95624.7,95777.7,919.468,88021913.2106
2025-02-23 22:00:00,95777.7,96340.4,95547.9,96262.6,3694.771,354680729.9015
2025-02-24 00:00:00,96262.6,96536.3,95750.2,95981.9,3425.853,329622635.1094
2025-02-24 02:00:00,95981.9,96223.5,95267.0,95446.6,4149.818,397007898.4083
2025-02-24 04:00:00,95446.6,95780.0,95088.5,95742.3,4414.008,421010250.1724
2025-02-24 06:00:00,95742.3,95964.4,95625.8,95860.1,1803.711,172799352.4276
2025-02-24 08:00:00,95860.1,96189.3,95354.9,95760.1,4453.821,426405818.7531
2025-02-24 10:00:00,95760.1,95932.9,95360.1,95837.1,3218.166,307781127.8914
2025-02-24 12:00:00,95837.1,96111.6,95333.4,95609.8,4438.702,425098996.1597
2025-02-24 14:00:00,95609.8,95800.0,93816.4,94376.8,18818.898,1781651475.8541
2025-02-24 16:00:00,94376.8,95262.0,94202.2,94683.3,8410.53,797041384.0322
2025-02-24 18:00:00,94683.3,94905.6,93631.0,93984.9,5778.645,544460647.1164
2025-02-24 20:00:00,93984.9,94607.7,93588.0,93987.9,6162.035,579863782.0089
2025-02-24 22:00:00,93987.9,94006.7,91258.7,91478.2,23959.293,2219963724.7248
2025-02-25 00:00:00,91478.2,92350.0,90821.1,91986.2,13881.284,1272018745.2935
2025-02-25 02:00:00,91986.2,92520.9,91549.9,92128.0,5708.333,526000752.8254
2025-02-25 04:00:00,92128.0,92300.0,91700.0,92058.5,4011.327,369035958.5599
2025-02-25 06:00:00,92058.5,92129.2,88093.2,89227.5,32584.289,2922734265.7362
2025-02-25 08:00:00,89227.5,89937.3,88259.7,88294.4,14966.467,1335136644.9439
2025-02-25 10:00:00,88294.4,89350.5,86833.0,89220.0,26166.158,2301741093.9008
2025-02-25 12:00:00,89220.0,89519.7,88716.8,88815.2,8999.233,802090989.7587
2025-02-25 14:00:00,88815.2,89376.7,86055.5,87250.1,36107.606,3154153664.178
2025-02-25 16:00:00,87250.1,87846.4,86177.0,87297.4,16902.925,1472674946.4432
2025-02-25 18:00:00,87297.4,88092.0,86515.7,87959.5,11299.395,986110322.7029
2025-02-25 20:00:00,87959.5,89028.9,87618.8,88823.5,11933.716,1054536678.6272
2025-02-25 22:00:00,88823.5,89482.5,88487.7,88665.3,6804.537,605373974.6508
2025-02-26 00:00:00,88665.3,88833.0,88131.6,88685.7,3983.604,352160143.0423
2025-02-26 02:00:00,88685.7,89389.9,88420.0,88882.4,4059.515,361307572.1019
2025-02-26 04:00:00,88882.4,89242.1,88356.6,88410.5,4075.273,361926957.9984
2025-02-26 06:00:00,88410.5,89163.2,88404.8,88682.1,4292.201,381001322.145
2025-02-26 08:00:00,88682.1,89260.9,88073.5,89084.0,6356.421,563819644.1412
2025-02-26 10:00:00,89084.0,89287.0,88537.9,88589.3,3855.191,342776761.2584
2025-02-26 12:00:00,88589.3,88665.2,86947.8,87194.9,12107.392,1063503166.0896
2025-02-26 14:00:00,87194.9,88470.2,85350.0,87499.9,42267.372,3673059919.4083
2025-02-26 16:00:00,87499.9,87752.2,85630.0,86002.2,19533.823,1693693684.4129
2025-02-26 18:00:00,86002.2,86450.0,83200.0,83768.7,46173.204,3901503903.4164
2025-02-26 20:00:00,83768.7,85137.1,82055.6,84568.2,39142.675,3275499594.3425
2025-02-26 22:00:00,84568.2,85360.7,83868.1,84208.6,10054.012,850379812.6016
2025-02-27 00:00:00,84208.6,85391.8,83988.1,84683.8,8081.873,684059503.8489
2025-02-27 02:00:00,84683.8,85299.0,84162.1,85181.0,5471.563,463529127.0051
2025-02-27 04:00:00,85181.0,85887.0,84623.5,85815.4,7127.944,607793311.7851
2025-02-27 06:00:00,85815.4,86668.0,85630.4,86220.0,8689.606,749147381.4849
2025-02-27 08:00:00,86220.0,86386.5,85814.3,86132.0,6730.212,579283914.2276
2025-02-27 10:00:00,86132.0,87043.6,86001.8,86650.7,8658.778,749946011.0851
2025-02-27 12:00:00,86650.7,86757.1,85711.1,86079.9,9490.069,818907645.3461
2025-02-27 14:00:00,86079.9,86398.9,84614.3,85480.0,25590.217,2190110842.1401
2025-02-27 16:00:00,85480.0,85656.0,84300.0,84556.3,14741.932,1251203612.76
2025-02-27 18:00:00,84556.3,84957.3,83550.9,84070.2,9889.293,832884009.8463
2025-02-27 20:00:00,84070.2,84416.7,82670.0,84401.3,16637.596,1387970018.9354
2025-02-27 22:00:00,84401.3,84909.2,83854.6,84686.0,5771.398,487303227.5429
2025-02-28 00:00:00,84686.0,84875.6,81000.1,81613.4,23605.668,1948237603.7339
2025-02-28 02:00:00,81613.4,82835.8,79400.9,80399.9,39600.114,3197279710.4048
2025-02-28 04:00:00,80399.9,80921.9,79102.1,79953.8,29027.886,2319469115.2291
2025-02-28 06:00:00,79953.8,80392.8,78814.8,79176.1,20843.88,1656766874.9796
2025-02-28 08:00:00,79176.1,80713.4,78210.5,80292.1,23412.894,1856185732.1673
2025-02-28 10:00:00,80292.1,80808.4,79476.2,80461.9,11287.083,904623499.8909
2025-02-28 12:00:00,80461.9,81722.0,80038.9,81462.1,14642.063,1185039507.3408
2025-02-28 14:00:00,81462.1,84360.0,81010.0,83952.8,29802.675,2463879032.543
2025-02-28 16:00:00,83952.8,84924.0,83414.0,83566.2,18527.279,1557452691.1367
2025-02-28 18:00:00,83566.2,85124.4,83168.4,84394.0,17802.706,1499653611.2568
2025-02-28 20:00:00,84394.0,84750.0,83573.6,84211.9,6734.893,566307141.1001
2025-02-28 22:00:00,84211.9,84542.1,83844.1,84307.6,4068.229,342440643.6811
2025-03-01 00:00:00,84307.6,84852.6,83760.9,84621.0,4672.74,393615959.9635
2025-03-01 02:00:00,84621.0,85664.0,84305.0,85317.8,9398.177,800246942.5287
2025-03-01 04:00:00,85317.8,86533.3,85293.5,85558.2,12343.566,1062143552.2916
2025-03-01 06:00:00,85558.2,85631.8,84665.9,84683.4,8278.601,704209928.9707
2025-03-01 08:00:00,84683.4,85474.4,84683.4,85346.0,4550.716,387652223.5175
2025-03-01 10:00:00,85346.0,85398.0,84335.6,84589.2,5805.663,492102295.3825
2025-03-01 12:00:00,84589.2,84908.2,84280.0,84487.1,4908.345,414944835.2181
2025-03-01 14:00:00,84487.1,84887.2,84375.0,84747.7,2958.374,250391916.0264
2025-03-01 16:00:00,84747.7,85328.8,84646.7,85163.9,3704.489,314952009.4876
2025-03-01 18:00:00,85163.9,85582.6,85020.1,85440.1,2729.843,232771847.5507
2025-03-01 20:00:00,85440.1,86121.3,85245.5,86033.4,2712.532,232307287.6046
2025-03-01 22:00:00,86033.4,86240.5,85633.4,86024.4,3996.654,343398302.8577
2025-03-02 00:00:00,86024.4,86327.4,85764.2,86311.3,3689.787,317722661.3143
2025-03-02 02:00:00,86311.3,86459.0,85573.0,85830.9,4072.226,350044583.0211
2025-03-02 04:00:00,85830.9,86016.6,85486.9,85925.6,3035.524,260304345.1144
2025-03-02 06:00:00,85925.6,86602.0,85887.7,86213.7,4317.883,372445710.124
2025-03-02 08:00:00,86213.7,86247.3,85613.7,85842.4,4706.388,404107900.539
2025-03-02 10:00:00,85842.4,86177.4,85731.0,86055.0,2142.795,184142957.2713
2025-03-02 12:00:00,86055.0,86064.4,85414.5,85679.2,2967.427,254356968.7082
2025-03-02 14:00:00,85679.2,88703.4,85007.7,87416.7,34426.515,2996604746.4463
2025-03-02 16:00:00,87416.7,95058.7,87283.0,94103.9,65477.387,5991901836.1315
2025-03-02 18:00:00,94103.9,94430.5,92346.9,93517.4,19253.152,1795340425.4485
2025-03-02 20:00:00,93517.4,94468.2,93507.0,94304.1,9753.958,916670579.0102
2025-03-02 22:00:00,94304.1,94851.9,93850.0,94259.7,8839.577,834348646.3789
2025-03-03 00:00:00,94259.7,94414.2,92660.0,93066.5,8836.196,825080131.3624
2025-03-03 02:00:00,93066.5,93446.3,92411.0,92700.0,7767.854,721474761.9112
2025-03-03 04:00:00,92700.0,93327.5,92580.0,93316.4,3021.436,280896450.0032
2025-03-03 06:00:00,93316.4,93316.4,91150.3,92347.3,15506.115,1425568383.5159
2025-03-03 08:00:00,92347.3,92379.9,91094.6,91822.8,9499.585,871527784.9093
2025-03-03 10:00:00,91822.8,92888.0,91519.0,92718.3,6055.293,559281914.0946
2025-03-03 12:00:00,92718.3,93666.8,92611.0,93544.2,9670.59,900428680.381
2025-03-03 14:00:00,93544.2,93697.0,89130.0,90048.6,44915.56,4080956038.6413
2025-03-03 16:00:00,90048.6,91037.5,89711.5,90304.6,12613.652,1138861850.5884
2025-03-03 18:00:00,90304.6,90457.2,85456.8,85532.1,51803.143,4530878214.1736
2025-03-03 20:00:00,85532.1,86536.7,85023.4,85309.3,22665.725,1944803146.0823
2025-03-03 22:00:00,85309.3,86983.4,85235.3,86165.3,9455.258,815705055.7965
2025-03-04 00:00:00,86165.3,86761.1,82512.9,83333.2,24677.196,2080736099.5736
2025-03-04 02:00:00,83333.2,84404.7,82378.7,83939.9,19457.221,1624124162.6553
2025-03-04 04:00:00,83939.9,84569.1,83278.4,84239.8,10240.838,858815136.3056
2025-03-04 06:00:00,84239.8,84369.8,83086.3,83138.6,6588.826,551245808.2184
2025-03-04 08:00:00,83138.6,84150.0,82968.0,83706.7,6749.07,564279179.3153
2025-03-04 10:00:00,83706.7,84350.0,83450.0,83900.0,5070.411,425230941.1278
2025-03-04 12:00:00,83900.0,83941.0,82267.1,82775.5,13790.106,1146008349.8436
2025-03-04 14:00:00,82775.5,84975.9,81413.7,82950.0,46733.584,3888330236.1233
2025-03-04 16:00:00,82950.0,85490.0,81970.6,85409.9,22428.797,1879616095.2538
2025-03-04 18:00:00,85409.9,88515.6,85152.0,88183.9,26232.554,2280129744.7429
2025-03-04 20:00:00,88183.9,88946.0,86561.1,87520.0,22805.888,2003361191.097
2025-03-04 22:00:00,87520.0,87939.8,87087.0,87260.1,4621.242,404549236.2479
2025-03-05 00:00:00,87260.1,87789.0,86350.8,87609.5,7028.72,611626450.1182
2025-03-05 02:00:00,87609.5,87886.0,86749.5,86829.0,6015.001,525872213.9254
2025-03-05 04:00:00,86829.0,87377.0,86706.1,87122.7,3678.812,320113099.7227
2025-03-05 06:00:00,87122.7,87709.8,86975.5,87579.7,2901.003,253539606.1437
2025-03-05 08:00:00,87579.7,88777.0,87562.3,88426.4,5753.766,507402220.2982
2025-03-05 10:00:00,88426.4,90622.8,88330.0,89776.5,14677.767,1317262835.7908
2025-03-05 12:00:00,89776.5,90930.0,89111.0,89444.5,17185.24,1547805273.9315
2025-03-05 14:00:00,89444.5,89840.8,87843.3,88306.1,24519.625,2178322046.019
2025-03-05 16:00:00,88306.1,90444.0,87553.2,89664.4,17390.708,1546713983.0052
2025-03-05 18:00:00,89664.4,90116.0,88852.0,89716.5,9665.014,864829038.0669
2025-03-05 20:00:00,89716.5,90645.6,89631.6,90313.8,6631.333,597742532.7026
2025-03-05 22:00:00,90313.8,90975.0,89966.6,90567.8,4152.511,375698624.8807
2025-03-06 00:00:00,90567.8,91890.0,89961.3,91004.1,9317.285,846081154.8092
2025-03-06 02:00:00,91004.1,91999.9,90949.1,91573.8,7845.482,717928874.1764
2025-03-06 04:00:00,91573.8,92781.6,91482.2,92690.9,7676.914,708145868.9669
2025-03-06 06:00:00,92690.9,92731.7,91236.1,91324.6,7234.871,664966644.0319
2025-03-06 08:00:00,91324.6,91572.8,90592.9,90720.2,6645.664,605147425.1013
2025-03-06 10:00:00,90720.2,91642.0,90570.4,91298.6,7346.914,670323441.1458
2025-03-06 12:00:00,91298.6,91352.0,89433.2,89522.1,13305.612,1200587283.7487
2025-03-06 14:00:00,89522.1,91427.2,89065.3,90779.9,20554.363,1853905480.187
2025-03-06 16:00:00,90779.9,91020.0,87933.8,88592.0,17679.203,1576942542.5266
2025-03-06 18:00:00,88592.0,89381.8,87800.1,88495.2,10122.971,896467593.6153
2025-03-06 20:00:00,88495.2,89890.2,88435.2,89890.2,8498.546,757918870.832
2025-03-06 22:00:00,89890.2,90756.2,89434.2,89899.6,13439.312,1212575908.5646
2025-03-07 00:00:00,89899.6,91279.5,84594.7,88212.6,55535.039,4848833855.9479
2025-03-07 02:00:00,88212.6,88428.0,86740.6,86952.3,11150.957,976045491.059
2025-03-07 04:00:00,86952.3,88412.3,86806.9,88191.4,6445.092,565709528.6295
2025-03-07 06:00:00,88191.4,88595.9,87760.5,88324.2,5836.348,514771997.0672
2025-03-07 08:00:00,88324.2,89678.3,87957.4,88899.9,7583.666,673211384.524
2025-03-07 10:00:00,88899.9,89417.0,88708.7,88946.6,4910.684,437206691.8216
2025-03-07 12:00:00,88946.6,90350.7,88272.7,89138.9,20673.683,1849502367.3176
2025-03-07 14:00:00,89138.9,91119.0,87973.6,88439.9,35945.589,3215181292.118
2025-03-07 16:00:00,88439.9,88963.0,86530.4,87673.6,27105.594,2373671026.2767
2025-03-07 18:00:00,87673.6,89043.7,87284.7,87792.8,16284.85,1435643646.8031
2025-03-07 20:00:00,87792.8,88500.0,85453.4,86273.2,31223.948,2710677750.1854
2025-03-07 22:00:00,86273.2,86821.7,85575.0,86758.5,9701.318,836740711.8057
2025-03-08 00:00:00,86758.5,86886.3,85185.9,86068.7,7565.719,650497341.8984
2025-03-08 02:00:00,86068.7,86300.0,85410.0,85869.9,3928.329,337645896.1539
2025-03-08 04:00:00,85869.9,86466.7,85617.7,86237.4,3358.844,289394712.4008
2025-03-08 06:00:00,86237.4,86620.0,86076.9,86165.6,3058.41,264212117.2734
2025-03-08 08:00:00,86165.6,86427.2,85787.8,85911.8,3185.444,274342324.8135
2025-03-08 10:00:00,85911.8,86241.0,85719.0,85923.9,2808.731,241411842.3466
2025-03-08 12:00:00,85923.9,86485.0,85775.0,86272.6,3462.458,298442850.34
2025-03-08 14:00:00,86272.6,86602.7,86159.1,86363.9,2660.262,229763730.3671
2025-03-08 16:00:00,86363.9,86421.6,85615.3,85896.7,5049.825,434040039.0464
2025-03-08 18:00:00,85896.7,86491.0,85750.0,86189.9,2404.643,207110774.6333
2025-03-08 20:00:00,86189.9,86475.0,86132.8,86195.0,1220.446,105314458.8579
2025-03-08 22:00:00,86195.0,86368.3,85813.3,86187.2,3048.817,262545696.5195
2025-03-09 00:00:00,86187.2,86485.0,86053.0,86155.8,1756.951,151621335.932
2025-03-09 02:00:00,86155.8,86239.0,85910.0,86080.0,1643.98,141509587.3965
2025-03-09 04:00:00,86080.0,86119.8,85891.2,85992.4,1224.055,105275074.3077
2025-03-09 06:00:00,85992.4,86142.5,85760.0,85971.6,2474.861,212666857.1937
2025-03-09 08:00:00,85971.6,86066.8,85338.9,85533.6,3961.912,339384203.8842
2025-03-09 10:00:00,85533.6,85589.4,84584.3,84954.3,12010.002,1020847679.3577
2025-03-09 12:00:00,84954.3,84997.7,83415.0,83422.1,13104.968,1104223155.9661
2025-03-09 14:00:00,83422.1,83772.9,82700.0,83037.3,14775.152,1230789962.929
2025-03-09 16:00:00,83037.3,83723.7,82151.4,82319.9,15714.607,1299638591.637
2025-03-09 18:00:00,82319.9,83290.0,82220.0,82545.7,12907.654,1067114146.2804
2025-03-09 20:00:00,82545.7,83461.2,81444.9,81774.2,12455.364,1026704925.0947
2025-03-09 22:00:00,81774.2,81989.1,79913.4,80692.3,19423.356,1568573260.6312
2025-03-10 00:00:00,80692.3,81820.2,79947.0,81691.9,15772.563,1277035260.5565
2025-03-10 02:00:00,81691.9,82675.0,81453.7,81994.3,10292.843,845332635.4981
2025-03-10 04:00:00,81994.3,82739.3,81951.5,82272.7,4347.896,358217472.9202
2025-03-10 06:00:00,82272.7,82654.8,81923.3,82272.0,4242.11,348757198.9104
2025-03-10 08:00:00,82272.0,84050.0,81085.4,82449.5,23185.881,1913630898.0496
2025-03-10 10:00:00,82449.5,83777.7,81560.0,83541.9,15505.988,1280091610.1986
2025-03-10 12:00:00,83541.9,83743.8,81366.6,81488.0,20865.617,1724544883.6251
2025-03-10 14:00:00,81488.0,81488.0,79120.0,80011.0,39946.192,3200258680.6013
2025-03-10 16:00:00,80011.0,80212.0,78105.0,78399.0,23914.912,1888088745.8737
2025-03-10 18:00:00,78399.0,79480.1,77403.1,79019.5,24788.314,1942870818.9337
2025-03-10 20:00:00,79019.5,79860.6,78358.1,79530.9,12068.601,955869290.116
2025-03-10 22:00:00,79530.9,79815.7,78452.0,78563.2,6705.257,531091817.1839
2025-03-11 00:00:00,78563.2,79209.4,76545.0,79078.8,24817.96,1926837970.6035
2025-03-11 02:00:00,79078.8,79936.7,78879.8,79486.6,8537.401,677509803.4381
2025-03-11 04:00:00,79486.6,80466.0,79406.1,80215.2,8491.13,679201079.5995
2025-03-11 06:00:00,80215.2,80579.4,80053.7,80391.6,5801.962,466054041.3331
2025-03-11 08:00:00,80391.6,81850.0,80282.8,81413.1,12696.297,1030709100.9043
2025-03-11 10:00:00,81413.1,82081.9,81230.9,81685.3,8332.775,680573575.1613
2025-03-11 12:00:00,81685.3,82257.4,80500.0,80848.0,23837.105,1937869174.7266
2025-03-11 14:00:00,80848.0,81636.9,79000.0,81180.4,42292.258,3401537324.6324
2025-03-11 16:00:00,81180.4,81863.0,80609.4,81260.8,16107.993,1308791580.35
2025-03-11 18:00:00,81260.8,83622.9,81244.8,83082.7,20613.436,1707232841.537
2025-03-11 20:00:00,83082.7,83230.5,82572.4,83072.8,5797.64,480758398.1834
2025-03-11 22:00:00,83072.8,83273.8,82518.8,82889.2,3782.59,313502905.0938
2025-03-12 00:00:00,82889.2,83738.0,82564.8,83270.6,5820.853,483769935.7816
2025-03-12 02:00:00,83270.6,83285.9,82076.1,82098.2,8412.808,694637005.0823
2025-03-12 04:00:00,82098.2,82148.4,81574.0,81938.7,5848.681,478549708.5005
2025-03-12 06:00:00,81938.7,82538.2,81245.1,82423.7,10726.376,877634191.7954
2025-03-12 08:00:00,82423.7,82920.8,82032.4,82660.2,11892.164,981139124.1787
2025-03-12 10:00:00,82660.2,83082.1,82096.9,82989.9,6612.142,546059178.7538
2025-03-12 12:00:00,82989.9,84489.8,82315.8,82662.7,32323.6,2701856848.6718
2025-03-12 14:00:00,82662.7,82891.3,80534.6,81646.6,31105.357,2537869093.8377
2025-03-12 16:00:00,81646.6,82837.1,81528.3,81807.9,15021.414,1233206864.1452
2025-03-12 18:00:00,81807.9,83120.0,81681.6,82868.8,9859.798,814101023.3375
2025-03-12 20:00:00,82868.8,83296.7,82652.0,83061.5,3708.53,307943410.7183
2025-03-12 22:00:00,83061.5,83862.1,83052.9,83649.9,5413.769,452142994.0404
2025-03-13 00:00:00,83649.9,84232.4,83282.0,83889.9,6494.55,543957035.2955
2025-03-13 02:00:00,83889.9,84343.2,83514.9,83550.0,4752.805,398700915.5754
2025-03-13 04:00:00,83550.0,83677.9,83036.5,83125.6,4795.191,399567172.3517
2025-03-13 06:00:00,83125.6,83530.0,82811.1,83128.2,5010.054,416832781.4724
2025-03-13 08:00:00,83128.2,83485.5,82357.7,83388.3,8424.321,698795500.1213
2025-03-13 10:00:00,83388.3,83459.2,82650.1,82924.3,5066.602,420611798.3907
2025-03-13 12:00:00,82924.3,83838.0,81562.5,81742.8,18561.409,1534854283.9734
2025-03-13 14:00:00,81742.8,82453.7,80905.2,80999.9,18443.493,1506558894.6691
2025-03-13 16:00:00,80999.9,81200.0,79888.0,80020.0,17410.333,1402336706.9506
2025-03-13 18:00:00,80020.0,80992.0,79950.0,80170.8,11316.02,911335702.7513
2025-03-13 20:00:00,80170.8,80827.5,80156.1,80756.4,5464.912,439894972.9568
2025-03-13 22:00:00,80756.4,81428.2,80667.7,81072.3,5106.683,414083931.3001
2025-03-14 00:00:00,81072.3,81832.5,80766.6,81545.6,6131.526,498792585.6568
2025-03-14 02:00:00,81545.6,82218.4,81531.0,81854.0,5986.892,490359027.7734
2025-03-14 04:00:00,81854.0,82186.0,81787.5,82112.3,2491.14,204113479.4923
2025-03-14 06:00:00,82112.3,82422.0,81743.3,82141.6,4647.995,381441069.8747
2025-03-14 08:00:00,82141.6,82899.9,82139.4,82740.0,5668.098,468143467.8285
2025-03-14 10:00:00,82740.0,83317.4,82625.0,83220.1,6624.672,550147889.5784
2025-03-14 12:00:00,83220.1,83885.1,83001.8,83566.6,11440.198,954515889.2756
2025-03-14 14:00:00,83566.6,85299.9,82585.4,84714.7,29817.107,2504129993.4694
2025-03-14 16:00:00,84714.7,84943.1,83914.2,84332.4,13384.566,1130596219.0208
2025-03-14 18:00:00,84332.4,84920.0,84163.5,84520.0,6704.645,566880704.8371
2025-03-14 20:00:00,84520.0,84527.4,83702.0,84178.3,6365.301,535327601.4617
2025-03-14 22:00:00,84178.3,84480.0,83920.0,83948.3,3549.7,298963371.2214
2025-03-15 00:00:00,83948.3,84559.1,83936.3,84323.9,3252.063,273890896.1871
2025-03-15 02:00:00,84323.9,84661.8,84128.7,84459.8,3372.99,284804160.6131
2025-03-15 04:00:00,84459.8,84545.0,84233.3,84233.3,2334.482,196963210.7217
2025-03-15 06:00:00,84233.3,84281.4,83780.5,83811.9,3518.312,295630291.4613
2025-03-15 08:00:00,83811.9,84006.3,83591.8,83935.6,3734.845,312995063.8671
2025-03-15 10:00:00,83935.6,84144.2,83625.0,84055.1,3193.159,267907849.361
2025-03-15 12:00:00,84055.1,84429.8,83972.3,84404.7,3585.306,301937976.36
2025-03-15 14:00:00,84404.7,84404.7,84068.3,84299.5,2275.221,191613286.1071
2025-03-15 16:00:00,84299.5,84457.2,84146.4,84393.4,1864.449,157268454.6031
2025-03-15 18:00:00,84393.4,84446.3,84061.1,84260.0,1858.232,156483910.3108
2025-03-15 20:00:00,84260.0,84442.0,84200.9,84353.6,1527.543,128852240.7047
2025-03-15 22:00:00,84353.6,84404.7,84234.9,84308.4,1084.411,91441592.0053
2025-03-16 00:00:00,84308.4,84351.9,83806.0,83845.4,2711.376,227928326.4351
2025-03-16 02:00:00,83845.4,84352.5,83718.9,84293.9,3110.312,261273520.3951
2025-03-16 04:00:00,84293.9,84380.0,84204.2,84353.5,1427.941,120396543.8496
2025-03-16 06:00:00,84353.5,84360.0,83928.4,84235.8,2438.257,205225652.6056
2025-03-16 08:00:00,84235.8,84295.5,83756.8,83859.6,2926.968,245870823.207
2025-03-16 10:00:00,83859.6,84020.0,82309.1,82346.6,14460.469,1199769385.7527
2025-03-16 12:00:00,82346.6,83081.0,82338.0,82550.1,8956.359,740537755.7409
2025-03-16 14:00:00,82550.1,83466.4,82529.1,83273.5,6308.275,524001109.6902
2025-03-16 16:00:00,83273.5,85136.0,83245.6,83871.5,21358.592,1796917760.9126
2025-03-16 18:00:00,83871.5,84060.0,82500.1,83066.1,8353.126,695137859.9434
2025-03-16 20:00:00,83066.1,83408.2,82628.8,82728.2,4063.487,337275764.2826
2025-03-16 22:00:00,82728.2,82790.1,81934.4,82528.5,9830.752,809269210.8091
2025-03-17 00:00:00,82528.5,83375.0,82470.4,83197.7,5291.812,438882919.6267
2025-03-17 02:00:00,83197.7,83696.8,82930.4,83630.2,3764.338,313764771.7326
2025-03-17 04:00:00,83630.2,83836.2,83097.2,83097.2,4538.996,378881608.3108
2025-03-17 06:00:00,83097.2,83600.0,82642.9,83519.1,5978.82,497365851.1856
2025-03-17 08:00:00,83519.1,83749.3,83159.1,83619.7,4621.668,385947326.1427
2025-03-17 10:00:00,83619.7,83662.9,83171.4,83473.9,4185.98,349218955.9987
2025-03-17 12:00:00,83473.9,83999.9,82754.8,82971.2,18946.439,1577742222.2871
2025-03-17 14:00:00,82971.2,83673.0,82400.7,83497.5,13540.574,1123565750.4019
2025-03-17 16:00:00,83497.5,84320.8,83079.0,84170.7,9776.385,818894702.3374
2025-03-17 18:00:00,84170.7,84728.5,83951.6,84433.4,7332.055,618569130.7249
2025-03-17 20:00:00,84433.4,84462.7,83787.1,84026.7,4931.346,414390889.5177
2025-03-17 22:00:00,84026.7,84205.0,83686.2,83955.1,2396.74,201261102.8664
2025-03-18 00:00:00,83955.1,83975.1,82949.2,83119.7,5903.987,492219538.5331
2025-03-18 02:00:00,83119.7,83500.0,82905.8,83100.5,3782.727,314770613.224
2025-03-18 04:00:00,83100.5,83170.8,82801.6,82987.8,2841.581,235833362.4176
2025-03-18 06:00:00,82987.8,83278.3,82200.1,83117.7,11738.089,971866469.3356
2025-03-18 08:00:00,83117.7,83421.3,82750.0,82811.3,4537.524,377262179.335
2025-03-18 10:00:00,82811.3,82912.2,82471.5,82546.1,4143.735,342601498.9711
2025-03-18 12:00:00,82546.1,82786.1,81125.8,81319.9,15416.189,1261968083.0502
2025-03-18 14:00:00,81319.9,82160.9,81093.6,81556.0,12450.921,1015812098.9393
2025-03-18 16:00:00,81556.0,82122.4,81286.9,81424.8,7269.924,593669010.9401
2025-03-18 18:00:00,81424.8,82427.2,81175.3,82263.2,6781.416,554787469.5725
2025-03-18 20:00:00,82263.2,82321.2,81828.0,82008.0,2806.896,230275044.5146
2025-03-18 22:00:00,82008.0,82782.7,81945.5,82675.7,4477.311,369208148.161
2025-03-19 00:00:00,82675.7,83211.9,82535.2,82554.2,6691.66,554701451.2984
2025-03-19 02:00:00,82554.2,83044.6,82475.5,82997.8,3718.145,307727746.7497
2025-03-19 04:00:00,82997.8,83288.3,82752.7,83205.0,3427.98,284697233.6778
2025-03-19 06:00:00,83205.0,83335.9,82997.7,83161.3,2948.086,245208682.8038
2025-03-19 08:00:00,83161.3,83580.3,83149.5,83495.1,3847.204,320873483.2952
2025-03-19 10:00:00,83495.1,84050.0,83344.0,83836.8,8399.02,703052191.7852
2025-03-19 12:00:00,83836.8,84308.9,83483.9,84057.4,10346.474,868228937.6913
2025-03-19 14:00:00,84057.4,84850.0,83833.0,84694.6,9736.288,821275403.7975
2025-03-19 16:00:00,84694.6,84798.0,83730.6,84205.3,10021.205,845214782.5779
2025-03-19 18:00:00,84205.3,85927.6,83505.9,85406.0,33677.973,2859428998.8973
2025-03-19 20:00:00,85406.0,85888.0,85161.0,85589.8,7887.269,675016891.9532
2025-03-19 22:00:00,85589.8,86970.0,85589.8,86792.3,11343.6,979832879.1095
2025-03-20 00:00:00,86792.3,87400.0,85696.5,85841.4,13253.957,1147052174.2252
2025-03-20 02:00:00,85841.4,86087.3,85584.0,85854.6,3605.111,309495470.4509
2025-03-20 04:00:00,85854.6,85904.9,85366.0,85793.1,4216.366,360954559.7359
2025-03-20 06:00:00,85793.1,85963.6,85595.7,85780.7,3305.145,283580679.8357
2025-03-20 08:00:00,85780.7,86291.7,85675.8,85840.1,4895.591,421139547.6378
2025-03-20 10:00:00,85840.1,85911.0,84746.4,85450.2,11477.146,978066065.1359
2025-03-20 12:00:00,85450.2,85808.8,85028.7,85458.5,7183.357,613315476.3644
2025-03-20 14:00:00,85458.5,86488.0,84510.4,84658.5,26170.48,2240848249.2788
2025-03-20 16:00:00,84658.5,84883.1,83605.8,84051.9,20518.416,1725787890.8862
2025-03-20 18:00:00,84051.9,84387.0,83875.0,84129.2,6106.14,513579146.4587
2025-03-20 20:00:00,84129.2,84550.0,84094.9,84325.5,3816.516,322088444.9029
2025-03-20 22:00:00,84325.5,84468.2,83880.0,84168.9,4483.821,377179861.5617
2025-03-21 00:00:00,84168.9,84749.9,84118.2,84735.6,4399.691,371623620.3345
2025-03-21 02:00:00,84735.6,84800.0,84222.6,84402.9,3620.663,305951981.7128
2025-03-21 04:00:00,84402.9,84758.5,84286.0,84420.3,3681.134,311235068.6109
2025-03-21 06:00:00,84420.3,84430.2,83700.0,83897.9,5540.948,465573360.1623
2025-03-21 08:00:00,83897.9,84313.5,83684.6,84099.9,6411.618,538564174.5323
2025-03-21 10:00:00,84099.9,84251.3,83841.7,84001.3,3253.066,273378792.4321
2025-03-21 12:00:00,84001.3,84323.5,83136.3,83898.8,15641.968,1308649412.3424
2025-03-21 14:00:00,83898.8,84252.0,83453.0,83524.7,8812.129,739007533.3275
2025-03-21 16:00:00,83524.7,84124.8,83311.3,83981.0,7444.172,623605948.0134
2025-03-21 18:00:00,83981.0,84431.5,83742.6,83921.0,5857.856,492425912.0668
2025-03-21 20:00:00,83921.0,84567.3,83771.8,84358.2,3704.934,312113120.1512
2025-03-21 22:00:00,84358.2,84374.1,84002.8,84054.6,1952.054,164244113.8968
2025-03-22 00:00:00,84054.6,84287.4,83950.8,84027.3,2082.162,175113191.5684
2025-03-22 02:00:00,84027.3,84260.0,83968.8,84214.1,1167.111,98202583.3286
2025-03-22 04:00:00,84214.1,84388.7,84163.7,84289.1,1501.52,126550822.1778
2025-03-22 06:00:00,84289.1,84365.4,84120.9,84238.2,1311.567,110504878.3463
2025-03-22 08:00:00,84238.2,84500.0,84078.8,84313.5,2204.747,185877122.5947
2025-03-22 10:00:00,84313.5,84398.5,84168.0,84193.9,1522.314,128306954.3626
2025-03-22 12:00:00,84193.9,84259.0,84000.0,84128.9,1620.332,136320110.8252
2025-03-22 14:00:00,84128.9,84171.7,83932.5,84067.1,2031.098,170650832.5503
2025-03-22 16:00:00,84067.1,84217.2,84017.6,84189.8,1254.618,105527458.2648
2025-03-22 18:00:00,84189.8,84279.5,84119.2,84130.9,1321.093,111237982.7802
2025-03-22 20:00:00,84130.9,84170.0,83801.1,83974.3,2467.948,207269957.7915
2025-03-22 22:00:00,83974.3,84023.9,83616.0,83805.9,2419.883,202833714.9169
2025-03-23 00:00:00,83805.9,84095.7,83753.2,84029.4,1802.807,151362637.0148
2025-03-23 02:00:00,84029.4,84257.5,83944.8,84198.6,1523.013,128137848.1188
2025-03-23 04:00:00,84198.6,84204.0,84023.4,84189.6,899.359,75627540.2089
2025-03-23 06:00:00,84189.6,84290.6,84146.1,84230.1,1155.204,97300826.6923
2025-03-23 08:00:00,84230.1,84326.0,84218.4,84279.2,1267.671,106845082.5297
2025-03-23 10:00:00,84279.2,84990.0,84265.6,84632.8,7016.545,594211929.5119
2025-03-23 12:00:00,84632.8,85076.2,84526.4,85030.0,4139.568,351107393.9859
2025-03-23 14:00:00,85030.0,85230.5,84801.7,85141.5,5793.435,492525815.2295
2025-03-23 16:00:00,85141.5,85400.0,84838.7,84982.4,6539.675,556893157.7731
2025-03-23 18:00:00,84982.4,85052.1,84755.5,84971.5,2417.076,205217501.4339
2025-03-23 20:00:00,84971.5,85235.3,84880.0,85144.0,2161.77,183889161.2094
2025-03-23 22:00:00,85144.0,86088.0,85123.0,86037.8,8211.337,702479898.9716
2025-03-24 00:00:00,86037.8,86611.2,85492.5,85529.9,10279.975,884469522.5421
2025-03-24 02:00:00,85529.9,86543.0,85488.4,86501.1,6922.311,595740771.4869
2025-03-24 04:00:00,86501.1,87010.0,86501.0,86869.2,8079.276,701130162.4929
2025-03-24 06:00:00,86869.2,87269.0,86718.1,86843.6,7652.169,665671697.9687
2025-03-24 08:00:00,86843.6,87487.9,86824.2,87127.2,7412.538,646795238.0956
2025-03-24 10:00:00,87127.2,87888.0,87084.5,87646.6,7900.905,691992176.2595
2025-03-24 12:00:00,87646.6,87679.9,87109.2,87657.8,10752.698,939745284.4433
2025-03-24 14:00:00,87657.8,88740.0,87588.7,88283.9,21324.361,1879815226.742
2025-03-24 16:00:00,88283.9,88448.4,87636.3,88414.6,10372.812,913912989.3783
2025-03-24 18:00:00,88414.6,88496.1,87920.6,88165.2,6425.67,567072787.1424
2025-03-24 20:00:00,88165.2,88441.1,87759.1,88067.2,4809.89,423489966.0398
2025-03-24 22:00:00,88067.2,88146.9,86963.8,87459.9,7666.465,670231641.216
2025-03-25 00:00:00,87459.9,87646.3,86763.1,87053.9,6615.961,577087119.1291
2025-03-25 02:00:00,87053.9,87058.1,86288.0,86468.5,6410.296,555416174.3311
2025-03-25 04:00:00,86468.5,86724.0,86261.0,86594.0,4740.341,410055918.9425
2025-03-25 06:00:00,86594.0,86832.3,86302.0,86408.9,4802.258,415692199.1433
2025-03-25 08:00:00,86408.9,87310.9,86360.9,87181.6,6166.486,535945609.1608
2025-03-25 10:00:00,87181.6,87479.5,86906.6,87333.4,5740.542,500748839.0677
2025-03-25 12:00:00,87333.4,87964.9,86872.8,87571.1,11937.256,1043420946.1767
2025-03-25 14:00:00,87571.1,88200.0,87301.8,87731.2,12553.826,1102424312.1839
2025-03-25 16:00:00,87731.2,88296.5,87603.9,87885.5,6552.557,576098697.0057
2025-03-25 18:00:00,87885.5,88198.0,87520.0,88053.8,5420.566,476242269.8993
2025-03-25 20:00:00,88053.8,88500.0,87671.9,87716.2,9011.745,794032867.7181
2025-03-25 22:00:00,87716.2,87756.4,87074.2,87362.4,7189.502,628435823.8638
2025-03-26 00:00:00,87362.4,87869.3,87181.3,87795.7,4245.075,371891566.8943
2025-03-26 02:00:00,87795.7,87800.0,86980.2,87122.2,3730.618,325657918.9269
2025-03-26 04:00:00,87122.2,87608.2,86997.9,87481.7,4357.699,380520300.3202
2025-03-26 06:00:00,87481.7,88284.0,87411.0,88103.4,6705.43,589562695.5051
2025-03-26 08:00:00,88103.4,88166.4,87790.0,87899.8,3518.26,309467964.0614
2025-03-26 10:00:00,87899.8,88234.0,87891.8,87919.5,4785.74,421628131.9886
2025-03-26 12:00:00,87919.5,87980.0,86650.0,86794.1,12811.486,1120031698.9036
2025-03-26 14:00:00,86794.1,87242.6,86363.1,86686.5,14520.105,1259486082.1706
2025-03-26 16:00:00,86686.5,87038.8,86298.5,86513.3,6479.959,561220990.8004
2025-03-26 18:00:00,86513.3,86757.6,85800.1,86518.6,10865.976,937735775.7857
2025-03-26 20:00:00,86518.6,87358.8,86460.5,87061.0,10795.057,939532732.3823
2025-03-26 22:00:00,87061.0,87116.3,86518.6,86860.8,4581.379,397605390.4795
2025-03-27 00:00:00,86860.8,87510.9,86747.6,87340.7,6074.5,529623940.7656
2025-03-27 02:00:00,87340.7,87727.9,87296.7,87626.7,4584.424,401275216.048
2025-03-27 04:00:00,87626.7,87650.0,87230.0,87284.5,3119.571,272684400.1745
2025-03-27 06:00:00,87284.5,87521.2,87201.3,87349.9,3112.257,271884567.1605
2025-03-27 08:00:00,87349.9,87565.2,87203.8,87377.8,3769.389,329481097.6749
2025-03-27 10:00:00,87377.8,87570.0,86755.0,86900.1,6827.666,594666079.8497
2025-03-27 12:00:00,86900.1,87055.0,85695.4,86339.9,18304.32,1580552943.5758
2025-03-27 14:00:00,86339.9,87529.1,86142.0,86914.3,17700.703,1537650182.1444
2025-03-27 16:00:00,86914.3,87222.0,86728.3,86845.4,6019.24,523323081.0078
2025-03-27 18:00:00,86845.4,87387.1,86812.2,87019.9,5348.06,466248807.957
2025-03-27 20:00:00,87019.9,87699.9,86884.8,87530.6,5046.599,440711977.9289
2025-03-27 22:00:00,87530.6,87570.5,87075.6,87181.7,2790.101,243492398.6415
2025-03-28 00:00:00,87181.7,87479.4,86867.3,87191.9,4738.843,413044985.6253
2025-03-28 02:00:00,87191.9,87288.9,86702.6,86744.5,4215.769,366506586.2369
2025-03-28 04:00:00,86744.5,86788.0,85780.0,86010.1,11713.619,1009221702.3468
2025-03-28 06:00:00,86010.1,86210.0,85108.3,85158.0,13007.661,1112838802.1965
2025-03-28 08:00:00,85158.0,85398.5,84943.3,85107.9,8847.125,753495351.621
2025-03-28 10:00:00,85107.9,85209.6,84750.0,85200.9,8554.652,727151874.8258
2025-03-28 12:00:00,85200.9,85598.4,84832.1,84953.2,14095.47,1200346476.8194
2025-03-28 14:00:00,84953.2,85074.8,83927.2,84006.8,19844.156,1673445772.8006
2025-03-28 16:00:00,84006.8,84184.9,83545.0,83974.2,11586.996,971208023.913
2025-03-28 18:00:00,83974.2,84131.3,83608.0,83764.0,4984.538,417834209.4878
2025-03-28 20:00:00,83764.0,84141.3,83652.8,84017.7,4333.8,363549784.4578
2025-03-28 22:00:00,84017.7,84488.0,84017.6,84375.0,3882.854,327235951.437
2025-03-29 00:00:00,84375.0,84573.8,84153.3,84224.8,3075.175,259422004.3358
2025-03-29 02:00:00,84224.8,84371.1,83659.1,84120.0,4386.285,368375704.781
2025-03-29 04:00:00,84120.0,84221.9,83800.5,83960.1,1382.518,116103473.955
2025-03-29 06:00:00,83960.1,83960.1,83613.0,83689.5,3043.393,254818304.7247
2025-03-29 08:00:00,83689.5,83908.5,83204.8,83505.6,5800.918,484406066.8561
2025-03-29 10:00:00,83505.6,83528.3,81958.3,82245.0,17890.533,1478899774.9901
2025-03-29 12:00:00,82245.0,82819.0,82086.9,82802.0,6928.377,571313725.217
2025-03-29 14:00:00,82802.0,82839.9,82335.1,82370.7,4235.647,349565919.5951
2025-03-29 16:00:00,82370.7,82642.4,81602.9,82292.9,12457.411,1023006049.8543
2025-03-29 18:00:00,82292.9,82739.9,82168.0,82728.2,4427.463,364801664.5694
2025-03-29 20:00:00,82728.2,82799.1,82312.0,82482.0,3560.614,293859327.0049
2025-03-29 22:00:00,82482.0,82640.9,82221.3,82603.9,1892.51,155946640.1275
2025-03-30 00:00:00,82603.9,83037.3,82457.5,82890.7,4195.757,347466639.2207
2025-03-30 02:00:00,82890.7,83450.0,82880.0,83042.1,5124.436,426429453.0312
2025-03-30 04:00:00,83042.1,83280.9,82876.3,82921.3,2645.981,219811998.9316
2025-03-30 06:00:00,82921.3,83277.9,82813.0,83032.9,3085.765,256314248.9568
2025-03-30 08:00:00,83032.9,83474.3,83032.9,83454.0,2696.009,224608284.7807
2025-03-30 10:00:00,83454.0,83496.8,82920.1,83073.1,4981.918,414237855.1142
2025-03-30 12:00:00,83073.1,83225.4,82513.5,82646.6,5777.189,478712335.7859
2025-03-30 14:00:00,82646.6,83032.4,82566.0,82692.9,4070.688,337005884.449
2025-03-30 16:00:00,82692.9,82775.1,81985.8,82375.4,8179.456,673571340.3976
2025-03-30 18:00:00,82375.4,82870.0,82375.4,82512.0,3221.173,266165823.9763
2025-03-30 20:00:00,82512.0,82676.8,82022.0,82190.2,2927.8,241208351.1529
2025-03-30 22:00:00,82190.2,82724.1,81510.0,82347.9,9495.586,779571124.7667
2025-03-31 00:00:00,82347.9,82405.4,81212.3,81915.1,10639.033,869910555.216
2025-03-31 02:00:00,81915.1,82122.7,81405.2,81486.7,5744.5,469439903.9088
2025-03-31 04:00:00,81486.7,82279.6,81355.0,82130.0,4703.677,384985727.9544
2025-03-31 06:00:00,82130.0,82267.6,81701.0,81899.3,5336.401,437491522.6492
2025-03-31 08:00:00,81899.3,82237.0,81280.5,81410.8,6952.202,568015210.3693
2025-03-31 10:00:00,81410.8,82234.1,81232.4,82169.3,7090.463,580741518.487
2025-03-31 12:00:00,82169.3,83128.4,81600.0,82465.3,18313.651,1507675403.2478
2025-03-31 14:00:00,82465.3,83895.7,82461.1,83377.8,23256.457,1938484119.6493
2025-03-31 16:00:00,83377.8,83640.5,82526.0,82621.3,9152.189,761038692.5769
2025-03-31 18:00:00,82621.3,83525.0,82342.0,82409.3,9056.372,751438320.2683
2025-03-31 20:00:00,82409.3,82781.2,82293.0,82502.9,6354.837,524444678.6995
2025-03-31 22:00:00,82502.9,82828.8,82213.1,82504.4,4085.011,336629945.8094
2025-04-01 00:00:00,82504.4,82769.8,82375.6,82659.9,3939.454,325348520.6803
2025-04-01 02:00:00,82659.9,83200.0,82595.5,82928.3,4450.423,369153849.7363
2025-04-01 04:00:00,82928.3,83293.0,82851.3,82975.0,3065.926,254701778.1138
2025-04-01 06:00:00,82975.0,83572.8,82851.0,83420.1,5497.691,458046174.8759
2025-04-01 08:00:00,83420.1,84350.0,83400.0,84317.9,11479.723,964668855.3803
2025-04-01 10:00:00,84317.9,84471.2,83791.0,83895.0,8351.222,702920968.8928
2025-04-01 12:00:00,83895.0,84125.3,83373.4,83591.9,10434.736,873270172.3052
2025-04-01 14:00:00,83591.9,85468.3,82509.7,85250.0,30790.968,2587873603.5134
2025-04-01 16:00:00,85250.0,85455.0,84750.1,85077.1,11375.292,967707961.25
2025-04-01 18:00:00,85077.1,85132.8,84671.4,84908.8,5549.95,471193864.8029
2025-04-01 20:00:00,84908.8,85442.8,84723.2,85191.2,5021.793,427311609.9475
2025-04-01 22:00:00,85191.2,85555.0,84936.9,85130.5,4625.809,394224322.0478
2025-04-02 00:00:00,85130.5,85235.0,84821.5,85111.1,4124.856,350694477.8858
2025-04-02 02:00:00,85111.1,85133.9,84463.9,84504.0,5619.385,476037055.2225
2025-04-02 04:00:00,84504.0,84678.1,84060.0,84060.0,4571.824,385681816.3562
2025-04-02 06:00:00,84060.0,84420.4,83867.2,84382.4,6062.4,510018265.5041
2025-04-02 08:00:00,84382.4,85429.6,84215.0,84989.8,8507.689,721940717.1974
2025-04-02 10:00:00,84989.8,85258.8,84485.6,84520.0,6559.205,556544637.105
2025-04-02 12:00:00,84520.0,86066.2,84403.5,85169.7,18470.536,1573802678.4589
2025-04-02 14:00:00,85169.7,87297.1,85105.9,86699.3,28219.774,2437224865.1725
2025-04-02 16:00:00,86699.3,87278.0,86307.3,86580.5,12854.644,1115938176.5098
2025-04-02 18:00:00,86580.5,86993.4,86124.6,86853.9,7128.428,616317953.7823
2025-04-02 20:00:00,86853.9,88560.1,84168.0,84808.1,59378.77,5122062990.0148
2025-04-02 22:00:00,84808.1,84808.1,82281.9,82468.1,21373.869,1776234818.2246
2025-04-03 00:00:00,82468.1,83888.0,82107.1,83714.7,14087.497,1170462904.1384
2025-04-03 02:00:00,83714.7,83859.1,83227.4,83442.4,6772.145,565794154.1089
2025-04-03 04:00:00,83442.4,83697.0,83230.0,83305.3,4090.23,341361453.2612
2025-04-03 06:00:00,83305.3,83466.9,82955.0,83422.0,5359.763,445908394.7383
2025-04-03 08:00:00,83422.0,83774.8,83408.7,83442.1,4943.849,413299675.3285
2025-04-03 10:00:00,83442.1,83714.4,83010.7,83061.8,5464.845,455071862.0852
2025-04-03 12:00:00,83061.8,83116.1,81724.8,82338.5,22894.385,1884583488.5027
2025-04-03 14:00:00,82338.5,82364.0,81146.0,81990.1,21047.034,1721308267.6194
2025-04-03 16:00:00,81990.1,82409.6,81588.3,81790.0,8849.522,725603081.7564
2025-04-03 18:00:00,81790.0,82327.8,81501.0,81971.7,7937.068,650574119.1755
2025-04-03 20:00:00,81971.7,82837.6,81758.6,82694.0,5787.046,476506734.4963
2025-04-03 22:00:00,82694.0,83288.3,82472.9,83175.2,5538.347,458761994.3338
2025-04-04 00:00:00,83175.2,83389.9,82561.0,82676.5,5852.206,486078633.4415
2025-04-04 02:00:00,82676.5,83150.0,82650.0,82786.5,3688.87,305684552.6606
2025-04-04 04:00:00,82786.5,83178.9,82585.0,83163.7,3282.202,272017641.5654
2025-04-04 06:00:00,83163.7,83999.2,83000.8,83973.7,8783.578,733660513.5452
2025-04-04 08:00:00,83973.7,84736.0,83973.6,84553.0,13657.918,1152347741.5052
2025-04-04 10:00:00,84553.0,84675.7,81605.0,82617.9,32916.186,2724924191.0462
2025-04-04 12:00:00,82617.9,83510.5,82103.3,83308.0,26531.422,2194530148.504
2025-04-04 14:00:00,83308.0,83682.0,81800.0,82813.1,33627.148,2786792561.9558
2025-04-04 16:00:00,82813.1,84600.0,82691.0,84454.9,24144.609,2018030240.6962
2025-04-04 18:00:00,84454.9,84577.3,83697.0,83989.0,13498.807,1134906940.5108
2025-04-04 20:00:00,83989.0,84418.9,83457.1,84149.1,8087.854,678872311.1435
2025-04-04 22:00:00,84149.1,84242.0,83615.5,83862.1,2988.617,250764636.8012
2025-04-05 00:00:00,83862.1,84244.0,83374.6,83958.6,4949.106,415035927.1307
2025-04-05 02:00:00,83958.6,84074.9,83598.3,83600.0,2432.615,203971993.6509
2025-04-05 04:00:00,83600.0,83838.0,83580.0,83654.2,1686.271,141168571.9447
2025-04-05 06:00:00,83654.2,83703.4,83304.3,83483.3,3001.041,250469216.3112
2025-04-05 08:00:00,83483.3,83832.2,83341.0,83807.0,2749.882,229840846.5885
2025-04-05 10:00:00,83807.0,83872.8,83410.1,83428.0,2423.342,202638197.3118
2025-04-05 12:00:00,83428.0,83526.6,82478.0,82714.9,8798.458,729729239.1597
2025-04-05 14:00:00,82714.9,82991.2,82343.0,82579.5,6346.416,524756891.1203
2025-04-05 16:00:00,82579.5,82919.9,82566.7,82840.1,2984.181,246931828.0615
2025-04-05 18:00:00,82840.1,83125.5,82748.4,82827.7,3562.14,295529574.1766
2025-04-05 20:00:00,82827.7,83237.9,82783.1,82892.6,3042.981,252610465.3696
2025-04-05 22:00:00,82892.6,83659.9,82892.5,83496.7,3519.365,293020667.324
2025-04-06 00:00:00,83496.7,83774.3,83377.8,83390.0,3533.32,295079185.9382
2025-04-06 02:00:00,83390.0,83454.6,83131.9,83313.8,2260.676,188326283.5052
2025-04-06 04:00:00,83313.8,83500.0,83202.2,83413.9,1887.974,157450462.5075
2025-04-06 06:00:00,83413.9,83442.9,82984.0,82988.9,3621.463,301072925.57
2025-04-06 08:00:00,82988.9,83139.3,82683.2,83039.0,4176.758,346304366.7031
2025-04-06 10:00:00,83039.0,83039.0,82617.5,82812.5,3675.797,304222308.0654
2025-04-06 12:00:00,82812.5,82940.0,82159.7,82264.1,7498.804,619036925.3285
2025-04-06 14:00:00,82264.1,82779.6,82177.8,82507.1,6510.232,537080667.7583
2025-04-06 16:00:00,82507.1,82529.0,80512.3,80775.8,19085.521,1555750020.768
2025-04-06 18:00:00,80775.8,80775.8,78643.0,79579.5,33582.129,2673511519.9583
2025-04-06 20:00:00,79579.5,79844.0,78437.6,78908.9,15377.143,1216720204.5411
2025-04-06 22:00:00,78908.9,79103.8,77083.5,78376.1,35236.452,2755120797.8009
2025-04-07 00:00:00,78376.1,79315.8,77355.0,79101.2,19218.699,1505979398.978
2025-04-07 02:00:00,79101.2,79198.6,77303.9,77650.0,11217.446,877149960.4819
2025-04-07 04:00:00,77650.0,77947.3,76572.4,76917.3,17875.264,1378191150.8266
2025-04-07 06:00:00,76917.3,77270.9,74456.2,75077.5,33836.587,2550750153.6608
2025-04-07 08:00:00,75077.5,76800.0,75040.9,76248.7,19310.131,1470260675.6301
2025-04-07 10:00:00,76248.7,77550.0,76110.0,76650.0,16754.687,1289889141.7163
2025-04-07 12:00:00,76650.0,78464.5,75739.6,78329.9,32875.923,2531949223.144
2025-04-07 14:00:00,78329.9,81216.8,77467.0,78427.5,85968.874,6789745812.2033
2025-04-07 16:00:00,78427.5,79174.0,77250.0,79033.0,23246.564,1818628538.5833
2025-04-07 18:00:00,79033.0,79342.0,77976.0,78091.6,15141.009,1190250418.9559
2025-04-07 20:00:00,78091.6,79576.5,78057.1,79209.6,8953.135,705701557.505
2025-04-07 22:00:00,79209.6,80189.3,79052.9,79144.1,8338.834,664311423.3155
2025-04-08 00:00:00,79144.1,80765.9,78738.9,80556.2,11222.463,894471892.9861
2025-04-08 02:00:00,80556.2,80833.6,79716.0,79867.0,7229.793,579780527.9182
2025-04-08 04:00:00,79867.0,80368.5,79501.0,79822.6,5666.13,452666622.6343
2025-04-08 06:00:00,79822.6,79822.7,79188.9,79464.7,6431.016,510887133.4407
2025-04-08 08:00:00,79464.7,79500.0,78829.5,78871.7,6821.883,539421768.66
2025-04-08 10:00:00,78871.7,80044.0,78777.2,79955.8,9567.97,759291671.4442
2025-04-08 12:00:00,79955.8,80350.0,79318.6,79858.5,17967.101,1434957421.3445
2025-04-08 14:00:00,79858.5,80227.1,78128.0,78456.0,19773.94,1560784343.1838
2025-04-08 16:00:00,78456.0,78486.3,76503.6,77308.0,27323.364,2113425508.1911
2025-04-08 18:00:00,77308.0,77961.7,76316.1,76827.6,18635.879,1435407497.8863
2025-04-08 20:00:00,76827.6,77251.4,76558.3,77063.7,6052.604,465545070.1735
2025-04-08 22:00:00,77063.7,77106.9,76200.9,76286.9,8309.759,635841122.1431
2025-04-09 00:00:00,76286.9,76823.1,74565.9,76026.1,25118.198,1900410045.4183
2025-04-09 02:00:00,76026.1,76419.2,74968.0,75012.1,11821.375,894839910.5585
2025-04-09 04:00:00,75012.1,76890.3,74936.6,76700.0,18096.973,1376075249.193
2025-04-09 06:00:00,76700.0,77910.1,76670.0,77653.9,19344.979,1495988557.1685
2025-04-09 08:00:00,77653.9,77847.7,77039.2,77432.0,8449.813,653291413.2789
2025-04-09 10:00:00,77432.0,77545.2,75742.3,76200.1,26524.052,2028031745.7241
2025-04-09 12:00:00,76200.1,77827.0,75982.2,77681.5,24341.737,1874214345.0161
2025-04-09 14:00:00,77681.5,78300.0,76767.6,77234.7,20268.085,1570408179.2424
2025-04-09 16:00:00,77234.7,82283.1,77110.0,82160.8,60168.835,4817394676.1842
2025-04-09 18:00:00,82160.8,82975.2,81669.2,82294.6,31870.835,2621749621.2581
2025-04-09 20:00:00,82294.6,83560.0,81972.1,83247.4,17215.156,1427258714.2199
2025-04-09 22:00:00,83247.4,83456.6,82510.5,82593.9,6891.138,572241364.1141
2025-04-10 00:00:00,82593.9,82719.2,82036.9,82220.2,6119.954,504038243.2387
2025-04-10 02:00:00,82220.2,82530.8,81440.8,81755.8,7148.287,585547882.9028
2025-04-10 04:00:00,81755.8,82218.4,81621.4,82131.1,5555.575,455273332.8169
2025-04-10 06:00:00,82131.1,82312.4,81255.5,81557.4,8069.384,659692684.9611
2025-04-10 08:00:00,81557.4,82046.1,81301.0,82001.5,6739.411,550478506.3715
2025-04-10 10:00:00,82001.5,82086.9,81457.4,81836.0,6473.225,529102129.226
2025-04-10 12:00:00,81836.0,82491.1,80750.0,80840.0,21581.999,1761251465.0071
2025-04-10 14:00:00,80840.0,81800.0,78565.8,78734.1,31979.683,2565548979.1704
2025-04-10 16:00:00,78734.1,79654.0,78422.0,79285.9,25463.378,2012412689.9284
2025-04-10 18:00:00,79285.9,80027.5,79170.9,79600.7,11398.136,906549667.2831
2025-04-10 20:00:00,79600.7,80000.0,79523.3,79666.0,4410.757,351841577.2763
2025-04-10 22:00:00,79666.0,79876.6,79339.2,79557.5,4384.297,349054311.4156
2025-04-11 00:00:00,79557.5,80407.2,78928.2,80400.0,9695.086,771772908.7798
2025-04-11 02:00:00,80400.0,80886.1,80118.0,80806.2,7561.694,608890284.4703
2025-04-11 04:00:00,80806.2,81085.3,80481.6,80784.3,5770.468,466143997.1491
2025-04-11 06:00:00,80784.3,81404.0,80784.3,81222.0,8029.855,651275140.8271
2025-04-11 08:00:00,81222.0,82400.0,80750.0,82400.0,17098.229,1395131754.8653
2025-04-11 10:00:00,82400.0,82950.0,82010.0,82114.7,13225.924,1091195145.3902
2025-04-11 12:00:00,82114.7,83333.0,81784.5,82908.4,17988.909,1483826046.9802
2025-04-11 14:00:00,82908.4,82908.5,81315.7,82494.8,19646.014,1613010947.349
2025-04-11 16:00:00,82494.8,84035.1,81970.0,83906.0,15725.523,1306848200.9062
2025-04-11 18:00:00,83906.0,84191.9,83488.8,83826.1,8558.99,717518469.9853
2025-04-11 20:00:00,83826.1,84288.0,83581.0,83630.0,6566.519,550524503.4416
2025-04-11 22:00:00,83630.0,83677.7,83126.3,83382.8,4210.663,351189788.4159
2025-04-12 00:00:00,83382.8,83544.8,83111.0,83179.3,2864.512,238616598.687
2025-04-12 02:00:00,83179.3,83279.2,82753.3,82933.0,3918.929,325236325.8466
2025-04-12 04:00:00,82933.0,83463.6,82803.6,83292.4,4679.454,389166898.4142
2025-04-12 06:00:00,83292.4,83784.4,83292.4,83684.8,4631.077,387095343.5201
2025-04-12 08:00:00,83684.8,83998.8,83374.1,83505.7,4915.01,410985897.7863
2025-04-12 10:00:00,83505.7,83608.8,83260.1,83481.1,2750.592,229482968.3602
2025-04-12 12:00:00,83481.1,84650.0,83433.5,84410.0,10214.322,858378319.601
2025-04-12 14:00:00,84410.0,85386.4,84256.8,84977.5,14864.284,1261573746.1971
2025-04-12 16:00:00,84977.5,85179.6,84400.0,84731.3,6627.278,561657942.9852
2025-04-12 18:00:00,84731.3,85221.0,84712.0,84882.2,4470.365,379795738.1015
2025-04-12 20:00:00,84882.2,85888.0,84815.6,85327.0,9081.045,775658085.2
2025-04-12 22:00:00,85327.0,85669.2,85125.0,85238.4,2825.058,241142236.5759
2025-04-13 00:00:00,85238.4,86099.0,84967.1,85202.0,7557.212,646037961.2526
2025-04-13 02:00:00,85202.0,85677.2,84666.8,85389.3,7033.961,598917969.2311
2025-04-13 04:00:00,85389.3,85396.8,84358.4,84485.9,8443.313,715240509.0129
2025-04-13 06:00:00,84485.9,84816.4,84370.7,84372.0,3026.85,256080028.2237
2025-04-13 08:00:00,84372.0,84894.8,84242.7,84858.5,4549.506,384743337.9563
2025-04-13 10:00:00,84858.5,84908.4,84147.0,84478.5,4874.312,411771283.1121
2025-04-13 12:00:00,84478.5,84644.4,83413.0,83568.8,8767.636,736821350.5037
2025-04-13 14:00:00,83568.8,84111.9,83457.6,83801.8,6585.599,551959165.765
2025-04-13 16:00:00,83801.8,84982.7,83796.9,84710.0,10920.072,922186559.0068
2025-04-13 18:00:00,84710.0,84913.5,82953.1,83943.6,11038.556,927081191.5686
2025-04-13 20:00:00,83943.6,84393.4,82977.9,83559.5,11482.803,959592618.803
2025-04-13 22:00:00,83559.5,83832.6,83117.4,83716.8,5619.548,468869967.408
2025-04-14 00:00:00,83716.8,85164.8,83637.5,84191.7,10955.94,925998195.6505
2025-04-14 02:00:00,84191.7,85535.8,84001.2,84530.1,13049.23,1108637712.1081
2025-04-14 04:00:00,84530.1,85073.2,84303.6,84541.2,5484.998,464229098.4262
2025-04-14 06:00:00,84541.2,84746.4,84169.7,84552.8,3914.74,330653986.5255
2025-04-14 08:00:00,84552.8,84931.0,84210.4,84405.5,4404.22,372580336.7821
2025-04-14 10:00:00,84405.5,84927.7,84266.9,84890.0,5330.409,451266219.2639
2025-04-14 12:00:00,84890.0,85246.0,84021.3,84338.0,11178.31,947022172.2806
2025-04-14 14:00:00,84338.0,85771.1,83639.4,84064.9,22579.126,1912695154.357
2025-04-14 16:00:00,84064.9,84862.0,83812.7,84832.3,9563.111,806661486.6826
2025-04-14 18:00:00,84832.3,85174.0,84632.8,84870.4,6600.211,560489032.4352
2025-04-14 20:00:00,84870.4,84937.3,84409.6,84666.8,3934.241,333186175.2334
2025-04-14 22:00:00,84666.8,84733.6,84376.7,84547.4,2382.141,201369847.1573
2025-04-15 00:00:00,84547.4,85100.0,84300.9,84935.5,4798.308,406687678.7724
2025-04-15 02:00:00,84935.5,85397.3,84657.9,85367.3,7350.785,625447812.9277
2025-04-15 04:00:00,85367.3,85873.3,85126.0,85508.8,7625.059,652005134.4749
2025-04-15 06:00:00,85508.8,85774.4,85326.0,85710.5,5493.493,469995111.9661
2025-04-15 08:00:00,85710.5,85978.5,85577.3,85965.1,6677.188,573059182.191
2025-04-15 10:00:00,85965.1,85998.9,85327.3,85549.9,5751.974,492396781.5999
2025-04-15 12:00:00,85549.9,86444.0,85405.4,85542.8,14479.631,1243524351.2311
2025-04-15 14:00:00,85542.8,85940.0,84560.7,84863.3,20818.684,1772370356.3514
2025-04-15 16:00:00,84863.3,85104.4,84360.0,84415.6,6838.703,579817965.6024
2025-04-15 18:00:00,84415.6,84557.9,83865.0,83943.7,8221.614,691900618.7395
2025-04-15 20:00:00,83943.7,84181.7,83747.1,84120.1,5054.545,424462576.5674
2025-04-15 22:00:00,84120.1,84120.1,83518.5,83603.7,5466.788,457900483.0096
2025-04-16 00:00:00,83603.7,83654.1,83055.0,83583.6,6609.911,550976708.2359
2025-04-16 02:00:00,83583.6,83910.5,83537.1,83634.6,4221.209,353466322.705
2025-04-16 04:00:00,83634.6,83760.0,83150.0,83310.8,5760.818,480733770.9211
2025-04-16 06:00:00,83310.8,83712.6,83220.0,83312.8,4162.344,347369003.4442
2025-04-16 08:00:00,83312.8,84093.0,83075.3,83550.6,8822.165,737704577.1005
2025-04-16 10:00:00,83550.6,84092.0,83521.1,84004.8,4413.998,370187644.4932
2025-04-16 12:00:00,84004.8,84223.0,83456.7,83680.1,8871.049,743592557.0671
2025-04-16 14:00:00,83680.1,85225.4,83655.3,84799.9,16237.634,1374589756.7081
2025-04-16 16:00:00,84799.9,85522.7,83242.7,83250.0,18534.254,1567187905.6746
2025-04-16 18:00:00,83250.0,84450.0,83224.4,84294.1,14945.818,1255066497.0928
2025-04-16 20:00:00,84294.1,84636.3,84193.2,84508.6,3669.931,309877044.9972
2025-04-16 22:00:00,84508.6,84549.4,83985.3,83986.0,2864.667,241327527.7569
2025-04-17 00:00:00,83986.0,84450.9,83889.8,84299.2,3473.532,292171726.1409
2025-04-17 02:00:00,84299.2,84299.3,83762.0,83949.2,3638.665,305659498.2521
2025-04-17 04:00:00,83949.2,84457.7,83849.4,84350.4,2737.602,230397344.2957
2025-04-17 06:00:00,84350.4,85018.5,84285.6,84638.3,5524.624,467824127.0002
2025-04-17 08:00:00,84638.3,84736.4,84304.1,84436.9,3541.994,299174914.5417
2025-04-17 10:00:00,84436.9,84726.6,84134.1,84527.3,4101.027,346097051.5788
2025-04-17 12:00:00,84527.3,84831.3,84268.9,84430.9,6991.156,591427040.1986
2025-04-17 14:00:00,84430.9,84662.7,83677.4,84499.4,11049.448,930224709.238
2025-04-17 16:00:00,84499.4,85182.9,84339.5,85075.4,12105.356,1027255251.1848
2025-04-17 18:00:00,85075.4,85455.8,84452.8,84799.4,9864.06,838651961.7538
2025-04-17 20:00:00,84799.4,85112.3,84799.0,85015.2,3301.891,280584226.5085
2025-04-17 22:00:00,85015.2,85067.0,84685.0,84906.5,2262.848,192053243.085
2025-04-18 00:00:00,84906.5,85104.7,84675.2,84888.9,2068.104,175563567.4711
2025-04-18 02:00:00,84888.9,84947.0,84704.5,84796.7,1715.98,145529382.9386
2025-04-18 04:00:00,84796.7,84810.1,84468.9,84692.7,2966.564,250964821.2429
2025-04-18 06:00:00,84692.7,84738.9,84375.0,84615.1,2721.747,230120012.2622
2025-04-18 08:00:00,84615.1,84738.9,84480.2,84505.4,2093.848,177178134.361
2025-04-18 10:00:00,84505.4,84635.4,84420.1,84627.3,1742.965,147334277.0905
2025-04-18 12:00:00,84627.3,84725.3,84419.0,84511.9,3641.695,307890652.7138
2025-04-18 14:00:00,84511.9,84570.0,84276.1,84329.4,2791.977,235682611.2322
2025-04-18 16:00:00,84329.4,84569.5,84250.0,84524.5,2338.499,197458418.6935
2025-04-18 18:00:00,84524.5,84618.0,84466.8,84533.9,1224.008,103496456.2242
2025-04-18 20:00:00,84533.9,84647.0,84425.1,84581.2,1303.41,110165185.5334
2025-04-18 22:00:00,84581.2,84600.8,84290.0,84419.6,1448.316,122264319.8793
2025-04-19 00:00:00,84419.6,84552.0,84324.1,84500.0,941.439,79497105.2069
2025-04-19 02:00:00,84500.0,84944.7,84450.4,84838.4,3045.911,258120656.5465
2025-04-19 04:00:00,84838.4,85230.0,84833.9,85047.0,3461.719,294435180.3578
2025-04-19 06:00:00,85047.0,85235.1,84865.3,85186.9,2902.89,246877239.1977
2025-04-19 08:00:00,85186.9,85426.1,85085.1,85315.4,3944.495,336504994.2777
2025-04-19 10:00:00,85315.4,85329.8,85100.0,85194.0,2047.372,174443272.3193
2025-04-19 12:00:00,85194.0,85472.2,85168.0,85456.0,2563.623,218769895.2733
2025-04-19 14:00:00,85456.0,85644.6,85041.6,85150.0,5616.78,479650739.4806
2025-04-19 16:00:00,85150.0,85290.9,84659.4,85214.0,5578.95,474210278.0755
2025-04-19 18:00:00,85214.0,85295.1,84997.8,85054.7,3026.501,257684532.5236
2025-04-19 20:00:00,85054.7,85350.0,84973.7,85303.6,1623.794,138353152.5771
2025-04-19 22:00:00,85303.6,85371.3,85016.8,85048.5,1524.657,129944443.7356
2025-04-20 00:00:00,85048.5,85286.4,85006.6,85273.9,1379.302,117474890.6249
2025-04-20 02:00:00,85273.9,85290.0,85068.7,85119.1,1037.988,88416732.3591
2025-04-20 04:00:00,85119.1,85212.0,85050.0,85050.0,1169.638,99548368.6106
2025-04-20 06:00:00,85050.0,85121.0,84608.2,84730.1,4112.888,348827961.2428
2025-04-20 08:00:00,84730.1,84757.4,84395.0,84485.7,4073.14,344430778.3501
2025-04-20 10:00:00,84485.7,84485.7,83882.7,84080.1,6957.323,585263396.988
2025-04-20 12:00:00,84080.1,84430.0,84054.3,84269.4,4031.13,339642380.6605
2025-04-20 14:00:00,84269.4,84627.6,84210.6,84296.0,3704.18,312862466.7206
2025-04-20 16:00:00,84296.0,84585.7,84222.7,84538.6,2165.337,182942441.1843
2025-04-20 18:00:00,84538.6,84623.6,84421.3,84600.6,1538.99,130089705.0184
2025-04-20 20:00:00,84600.6,85220.0,84571.3,84973.5,5767.973,490215517.205
2025-04-20 22:00:00,84973.5,85281.8,84621.3,85145.5,4348.145,369482447.2854
2025-04-21 00:00:00,85145.5,87407.1,85106.1,87241.1,23058.732,1994975701.1978
2025-04-21 02:00:00,87241.1,87626.4,87090.3,87174.8,8616.069,752524713.8422
2025-04-21 04:00:00,87174.8,87737.7,87033.0,87513.0,8281.081,723488422.0361
2025-04-21 06:00:00,87513.0,87661.6,87294.5,87418.7,4112.084,359678988.321
2025-04-21 08:00:00,87418.7,87771.9,87274.4,87483.2,6188.166,541596988.2106
2025-04-21 10:00:00,87483.2,87553.2,86615.2,86940.4,7132.855,620730560.7094
2025-04-21 12:00:00,86940.4,87570.0,86755.5,87000.0,14020.514,1222549045.4208
2025-04-21 14:00:00,87000.0,88442.9,86900.0,87992.1,21435.443,1885459903.1124
2025-04-21 16:00:00,87992.1,88219.9,86350.0,86817.7,19220.384,1674133646.8048
2025-04-21 18:00:00,86817.7,87440.0,86606.0,87359.9,8916.597,775937668.4534
2025-04-21 20:00:00,87359.9,87389.0,86786.8,87231.0,3941.855,343523897.1735
2025-04-21 22:00:00,87231.0,87592.6,86880.2,87471.1,4480.348,390642118.2727
2025-04-22 00:00:00,87471.1,88842.1,87013.6,88351.3,16021.501,1410523431.8559
2025-04-22 02:00:00,88351.3,88650.0,87800.0,88117.4,7518.339,662748270.4089
2025-04-22 04:00:00,88117.4,88374.8,87920.0,88348.2,4749.47,418767933.7177
2025-04-22 06:00:00,88348.2,88449.8,87941.8,88439.4,4216.788,371999747.877
2025-04-22 08:00:00,88439.4,88649.2,88280.0,88539.0,4851.847,429156563.8297
2025-04-22 10:00:00,88539.0,88681.9,88200.1,88581.0,3709.258,328209318.4804
2025-04-22 12:00:00,88581.0,90476.4,88440.0,90191.3,28732.062,2572002763.4323
2025-04-22 14:00:00,90191.3,91366.9,89981.4,90876.0,26682.416,2420590962.8405
2025-04-22 16:00:00,90876.0,91440.1,90566.6,91336.5,10482.899,953069160.2189
2025-04-22 18:00:00,91336.5,91671.2,90865.5,91355.9,9832.88,898063167.5712
2025-04-22 20:00:00,91355.9,94000.0,90984.1,92997.6,22431.704,2071899841.5287
2025-04-22 22:00:00,92997.6,93840.8,92502.9,93400.0,14144.624,1317164119.8537
2025-04-23 00:00:00,93400.0,93873.4,92561.0,92612.0,9726.096,906667703.5839
2025-04-23 02:00:00,92612.0,93222.0,92578.6,93128.3,4617.362,428848418.6477
2025-04-23 04:00:00,93128.3,93634.5,92969.0,93443.0,5443.327,508016005.2606
2025-04-23 06:00:00,93443.0,94242.6,93378.1,94100.4,6835.671,640992444.2221
2025-04-23 08:00:00,94100.4,94507.0,93860.0,93860.0,8394.223,790313163.9994
2025-04-23 10:00:00,93860.0,93860.1,93268.4,93426.3,7371.319,689593020.989
2025-04-23 12:00:00,93426.3,94722.9,92825.0,92975.5,24450.814,2292549824.8735
2025-04-23 14:00:00,92975.5,93600.0,91911.8,93133.0,20394.649,1891036304.4114
2025-04-23 16:00:00,93133.0,93929.7,92862.8,93857.2,9938.407,928831779.7875
2025-04-23 18:00:00,93857.2,94189.1,92909.0,93427.9,8728.517,816342296.7143
2025-04-23 20:00:00,93427.9,93876.8,93222.0,93431.9,4907.933,459556844.8896
2025-04-23 22:00:00,93431.9,93793.3,93178.3,93635.2,3164.601,295995827.0893
2025-04-24 00:00:00,93635.2,93724.8,93012.5,93441.0,4332.541,404465574.3891
2025-04-24 02:00:00,93441.0,93594.2,92579.2,92621.7,6048.35,562908003.939
2025-04-24 04:00:00,92621.7,92862.0,92321.7,92540.5,5833.31,540267089.9693
2025-04-24 06:00:00,92540.5,92620.0,92060.8,92156.4,5162.27,476741067.6332
2025-04-24 08:00:00,92156.4,92543.0,91631.5,92437.1,9765.332,899116768.4626
2025-04-24 10:00:00,92437.1,92620.0,92235.3,92577.5,5202.804,480935534.0291
2025-04-24 12:00:00,92577.5,92929.2,92388.4,92770.0,6974.004,646323534.1545
2025-04-24 14:00:00,92770.0,93420.3,92566.5,93160.0,11805.864,1098440268.3861
2025-04-24 16:00:00,93160.0,93554.8,92613.3,92965.9,8260.433,769416732.449
2025-04-24 18:00:00,92965.9,93624.1,92952.6,93519.4,5316.239,496347943.6274
2025-04-24 20:00:00,93519.4,93620.0,92999.0,93321.1,4407.982,411517469.4613
2025-04-24 22:00:00,93321.1,93985.8,93244.5,93945.5,5482.143,513558293.1579
2025-04-25 00:00:00,93945.5,94400.0,93500.0,93626.0,7673.736,720716222.347
2025-04-25 02:00:00,93626.0,93845.5,92775.6,93259.9,7656.734,713481303.5336
2025-04-25 04:00:00,93259.9,93439.8,92951.1,93161.8,3768.238,351240888.3391
2025-04-25 06:00:00,93161.8,93835.0,93153.8,93747.9,4814.604,450486102.0967
2025-04-25 08:00:00,93747.9,93860.7,93505.3,93785.0,2421.589,226859259.4699
2025-04-25 10:00:00,93785.0,94619.6,93537.0,94593.2,7348.109,690866978.3675
2025-04-25 12:00:00,94593.2,94979.4,93888.8,94350.0,16326.678,1543681472.2386
2025-04-25 14:00:00,94350.0,95724.5,94331.7,95012.8,24409.366,2321473211.3173
2025-04-25 16:00:00,95012.8,95515.3,94329.6,94483.9,10056.133,955389711.7848
2025-04-25 18:00:00,94483.9,95263.0,94483.9,95230.6,5948.114,564665824.5158
2025-04-25 20:00:00,95230.6,95286.5,94406.0,94557.2,3571.778,338618748.0219
2025-04-25 22:00:00,94557.2,94928.9,94537.5,94596.2,2462.079,233195105.4895
2025-04-26 00:00:00,94596.2,95150.0,94510.0,94977.6,3217.058,305073676.1715
2025-04-26 02:00:00,94977.6,95110.0,94658.2,94689.7,1999.015,189547155.0688
2025-04-26 04:00:00,94689.7,94776.5,94264.1,94577.9,2734.141,258469598.5293
2025-04-26 06:00:00,94577.9,94746.9,94498.2,94507.6,1951.173,184634011.9698
2025-04-26 08:00:00,94507.6,94680.0,94067.1,94227.3,3947.439,372272399.4251
2025-04-26 10:00:00,94227.3,94357.7,93950.0,94101.0,2961.272,278725121.1181
2025-04-26 12:00:00,94101.0,94286.0,93839.8,94108.9,3271.374,307832136.6182
2025-04-26 14:00:00,94108.9,94363.4,93877.3,94333.6,2868.202,270092804.0753
2025-04-26 16:00:00,94333.6,94333.6,94000.2,94276.8,1578.447,148698847.2603
2025-04-26 18:00:00,94276.8,94327.4,94045.0,94251.1,1159.335,109194562.1034
2025-04-26 20:00:00,94251.1,94328.5,94035.0,94312.4,1555.905,146552313.7784
2025-04-26 22:00:00,94312.4,94870.0,94312.4,94578.3,3819.469,361353883.7094
2025-04-27 00:00:00,94578.3,95279.4,93959.1,94075.6,8176.038,773902433.2847
2025-04-27 02:00:00,94075.6,94417.7,94000.2,94120.0,2446.067,230517366.1549
2025-04-27 04:00:00,94120.0,94250.0,93592.8,93870.3,4533.931,425695994.1033
2025-04-27 06:00:00,93870.3,94100.0,93815.8,94022.1,1779.68,167270228.9291
2025-04-27 08:00:00,94022.1,94279.1,93971.3,94114.4,2259.483,212692674.5585
2025-04-27 10:00:00,94114.4,94143.6,93835.5,93866.0,1798.212,168988556.9147
2025-04-27 12:00:00,93866.0,94027.1,93538.4,94006.3,5069.94,475526328.726
2025-04-27 14:00:00,94006.3,94130.0,93734.7,93851.6,2733.608,256770987.3225
2025-04-27 16:00:00,93851.6,94120.8,93673.5,94001.9,2249.82,211255982.5052
2025-04-27 18:00:00,94001.9,94405.3,93956.2,94396.1,2501.479,235777144.9566
2025-04-27 20:00:00,94396.1,94516.8,94116.1,94289.3,1722.735,162477473.4888
2025-04-27 22:00:00,94289.3,94296.7,93576.9,93700.0,4735.786,444442206.629
2025-04-28 00:00:00,93700.0,93745.0,92750.0,92902.2,9760.947,910058884.7901
2025-04-28 02:00:00,92902.2,93943.5,92838.9,93812.3,6680.829,624335405.1495
2025-04-28 04:00:00,93812.3,94320.6,93812.2,94185.4,4389.09,412817204.9862
2025-04-28 06:00:00,94185.4,94762.7,94185.4,94650.0,5428.97,513002131.3337
2025-04-28 08:00:00,94650.0,94842.8,94545.0,94685.2,5013.449,474756074.0408
2025-04-28 10:00:00,94685.2,95480.2,94280.5,95274.2,12199.495,1159350649.3355
2025-04-28 12:00:00,95274.2,95564.8,93856.0,93919.5,16085.158,1525102083.0008
2025-04-28 14:00:00,93919.5,94850.0,93524.0,93782.2,15699.57,1478053816.032
2025-04-28 16:00:00,93782.2,94065.8,93381.9,94047.1,7889.459,739245988.4968
2025-04-28 18:00:00,94047.1,94874.3,93739.5,94733.5,6719.099,634479332.8991
2025-04-28 20:00:00,94733.5,94759.6,94250.8,94494.9,3033.967,286685668.5063
2025-04-28 22:00:00,94494.9,95126.8,94425.3,94969.7,5021.369,476308227.3918
2025-04-29 00:00:00,94969.7,95440.0,94672.0,94815.2,7248.627,689089690.5174
2025-04-29 02:00:00,94815.2,94915.0,94375.7,94612.8,4368.52,413510057.753
2025-04-29 04:00:00,94612.8,94837.6,94146.8,94235.0,4055.118,382835118.4469
2025-04-29 06:00:00,94235.0,94930.4,94210.3,94879.9,3343.545,316530985.3864
2025-04-29 08:00:00,94879.9,95060.0,94742.2,94943.2,4674.377,443613654.0132
2025-04-29 10:00:00,94943.2,95250.0,94692.0,95084.4,5132.926,487628594.1987
2025-04-29 12:00:00,95084.4,95121.0,94531.4,94751.6,7662.714,726422158.4622
2025-04-29 14:00:00,94751.6,95266.0,94466.8,94792.7,8766.462,831700874.9331
2025-04-29 16:00:00,94792.7,95444.3,94601.4,95203.2,12630.645,1200924198.0463
2025-04-29 18:00:00,95203.2,95400.0,95018.9,95264.1,5416.82,516158566.4861
2025-04-29 20:00:00,95264.1,95362.7,94280.7,94692.2,10036.87,950354309.9273
2025-04-29 22:00:00,94692.2,94692.3,93682.0,94200.0,8845.502,832038106.3572
2025-04-30 00:00:00,94200.0,94583.0,94076.0,94479.9,5088.513,480362057.7976
2025-04-30 02:00:00,94479.9,95076.8,94398.2,95000.0,5568.32,527564986.0758
2025-04-30 04:00:00,95000.0,95146.5,94833.6,94863.1,4469.012,424359279.4592
2025-04-30 06:00:00,94863.1,94929.2,94453.2,94584.3,3310.708,313561419.2937
2025-04-30 08:00:00,94584.3,94993.7,94481.3,94930.8,3387.842,320927188.2381
2025-04-30 10:00:00,94930.8,95187.5,94804.5,95131.3,3145.21,298821507.1105
2025-04-30 12:00:00,95131.3,95174.3,92974.0,92994.1,19946.759,1876882900.9657
2025-04-30 14:00:00,92994.1,94320.0,92852.4,93951.1,15438.473,1446168512.8375
2025-04-30 16:00:00,93951.1,94228.2,93465.7,94055.9,6174.636,579407214.5297
2025-04-30 18:00:00,94055.9,94499.9,93700.4,94100.0,5376.828,506027799.6322
2025-04-30 20:00:00,94100.0,94750.0,94059.1,94387.3,5742.926,542754972.8247
2025-04-30 22:00:00,94387.3,94676.8,93923.2,94118.0,4063.517,382898488.8969
2025-05-01 00:00:00,94118.0,94662.7,94070.7,94597.3,3491.5,329733265.3408
2025-05-01 02:00:00,94597.3,94964.5,94565.3,94738.5,4783.028,453370692.0897
2025-05-01 04:00:00,94738.5,95149.7,94672.1,95114.3,3595.727,341406120.8073
2025-05-01 06:00:00,95114.3,95150.0,94750.0,94978.6,3608.198,342612409.1819
2025-05-01 08:00:00,94978.6,95773.0,94865.0,95481.5,7666.134,731087343.7919
2025-05-01 10:00:00,95481.5,96366.0,95481.5,96138.2,13356.031,1282830609.5598
2025-05-01 12:00:00,96138.2,96705.7,95772.0,95776.0,15579.232,1499567312.7534
2025-05-01 14:00:00,95776.0,97383.1,95776.0,96804.4,21017.721,2033316024.1374
2025-05-01 16:00:00,96804.4,97300.0,96461.2,96754.0,8689.709,842414788.4363
2025-05-01 18:00:00,96754.0,96907.9,96361.0,96466.0,6329.386,611359001.6306
2025-05-01 20:00:00,96466.0,96852.6,96236.3,96425.5,6022.11,581266411.4127
2025-05-01 22:00:00,96425.5,96600.0,96132.9,96430.9,3283.714,316367266.1378
2025-05-02 00:00:00,96430.9,97138.5,96417.1,96922.4,6263.887,606576883.329
2025-05-02 02:00:00,96922.4,97199.9,96684.3,97062.0,3301.547,320256690.3135
2025-05-02 04:00:00,97062.0,97276.6,96564.8,96651.3,4190.563,405999355.3108
2025-05-02 06:00:00,96651.3,96844.6,96310.0,96310.0,5720.231,552344566.8636
2025-05-02 08:00:00,96310.0,96736.1,96306.9,96558.1,3487.719,336798614.6244
2025-05-02 10:00:00,96558.1,97050.0,96558.1,96866.5,3704.65,358835444.3811
2025-05-02 12:00:00,96866.5,97218.3,96574.9,96730.0,9659.119,935726380.7526
2025-05-02 14:00:00,96730.0,97868.0,96660.0,97263.1,17107.87,1665575800.8203
2025-05-02 16:00:00,97263.1,97746.3,96975.0,97343.1,8197.187,798539451.2083
2025-05-02 18:00:00,97343.1,97568.6,96692.8,96843.6,6771.826,657493257.2688
2025-05-02 20:00:00,96843.6,97070.0,96505.0,96651.2,3291.629,318728158.4034
2025-05-02 22:00:00,96651.2,96840.0,96500.1,96833.5,2517.899,243325880.1337
2025-05-03 00:00:00,96833.5,96865.0,96372.8,96446.3,2514.472,242872473.9828
2025-05-03 02:00:00,96446.3,96656.8,96266.2,96292.9,2246.227,216592719.5154
2025-05-03 04:00:00,96292.9,96548.6,96254.4,96374.0,1612.26,155478523.3054
2025-05-03 06:00:00,96374.0,96374.1,96056.8,96283.7,3528.599,339486622.8288
2025-05-03 08:00:00,96283.7,96370.3,96088.7,96216.1,2333.035,224517645.6333
2025-05-03 10:00:00,96216.1,96216.1,95819.0,95894.6,4903.969,470569799.6917
2025-05-03 12:00:00,95894.6,96275.3,95828.9,96275.3,3279.674,315063087.6872
2025-05-03 14:00:00,96275.3,96455.0,96226.7,96362.4,3083.877,297116429.1154
2025-05-03 16:00:00,96362.4,96369.5,95783.8,96130.0,3954.738,379898004.1669
2025-05-03 18:00:00,96130.0,96315.1,96042.4,96307.6,1595.749,153460832.3808
2025-05-03 20:00:00,96307.6,96408.7,96185.7,96228.9,1771.008,170523171.3348
2025-05-03 22:00:00,96228.9,96306.9,95700.1,95815.5,3632.264,348527870.2409
2025-05-04 00:00:00,95815.5,96144.0,95535.4,96049.2,4425.87,424063455.9449
2025-05-04 02:00:00,96049.2,96257.0,95611.5,95674.0,3599.155,345072427.1575
2025-05-04 04:00:00,95674.0,96090.0,95649.9,96000.7,2364.284,226636865.2855
2025-05-04 06:00:00,96000.7,96108.8,95764.5,95840.6,1324.258,127007894.8008
2025-05-04 08:00:00,95840.6,95890.7,95357.1,95441.5,3847.406,367605077.3898
2025-05-04 10:00:00,95441.5,95509.3,95233.0,95379.9,3206.066,305827626.5328
2025-05-04 12:00:00,95379.9,95563.0,95187.5,95333.6,3464.129,330443473.2221
2025-05-04 14:00:00,95333.6,95644.2,95285.0,95424.0,3263.703,311767893.5862
2025-05-04 16:00:00,95424.0,95524.0,95152.6,95356.2,3586.622,341894062.3675
2025-05-04 18:00:00,95356.2,95583.0,95294.0,95525.2,1714.448,163618281.2488
2025-05-04 20:00:00,95525.2,95706.0,95516.3,95619.6,1864.126,178257361.2375
2025-05-04 22:00:00,95619.6,95633.1,94100.0,94224.1,12828.796,1215057195.2787
2025-05-05 00:00:00,94224.1,94745.0,93669.0,93866.6,10352.901,975256461.9045
2025-05-05 02:00:00,93866.6,94358.7,93460.2,94012.4,8707.69,818528241.4604
2025-05-05 04:00:00,94012.4,94740.1,93980.1,94692.7,4011.012,378488065.6036
2025-05-05 06:00:00,94692.7,94792.6,94489.9,94719.1,3271.045,309540873.6185
2025-05-05 08:00:00,94719.1,94748.3,94438.2,94526.0,2429.956,229802382.5952
2025-05-05 10:00:00,94526.0,94532.8,93847.7,93997.9,8160.063,767833661.8041
2025-05-05 12:00:00,93997.9,94350.0,93610.0,94211.2,10427.417,980411759.1961
2025-05-05 14:00:00,94211.2,94510.0,93543.9,93723.1,12285.263,1153934711.8103
2025-05-05 16:00:00,93723.1,94586.0,93704.7,94448.7,5471.243,515319059.8009
2025-05-05 18:00:00,94448.7,94880.8,94236.4,94306.2,6460.096,611280285.1401
2025-05-05 20:00:00,94306.2,94786.2,93801.0,94662.4,5781.787,545069581.0869
2025-05-05 22:00:00,94662.4,95149.0,94662.3,94698.7,5489.566,521106819.1956
2025-05-06 00:00:00,94698.7,94876.6,94260.0,94260.0,4261.288,402878399.546
2025-05-06 02:00:00,94260.0,94464.0,93970.0,94417.0,4462.883,420411301.0349
2025-05-06 04:00:00,94417.0,94564.5,94253.3,94291.4,1781.217,168156058.2662
2025-05-06 06:00:00,94291.4,94593.5,94282.2,94351.2,1819.906,171822387.9414
2025-05-06 08:00:00,94351.2,94352.7,93959.2,94179.4,3994.519,376098380.2
2025-05-06 10:00:00,94179.4,94288.0,93680.0,93777.5,4531.607,425604870.314
2025-05-06 12:00:00,93777.5,94002.4,93333.5,93562.9,8248.349,772767450.1737
2025-05-06 14:00:00,93562.9,94701.1,93560.1,94512.9,14011.393,1320633470.9256
2025-05-06 16:00:00,94512.9,94823.4,94172.6,94491.4,6933.47,655393602.8741
2025-05-06 18:00:00,94491.4,95110.0,94464.1,94912.9,5743.946,545238864.0544
2025-05-06 20:00:00,94912.9,94980.0,94401.9,94653.2,3313.676,313726406.0099
2025-05-06 22:00:00,94653.2,96880.6,94634.4,96799.0,23775.142,2280982898.3623
2025-05-07 00:00:00,96799.0,97700.0,96711.0,97215.7,13715.454,1333697187.8065
2025-05-07 02:00:00,97215.7,97244.2,96157.1,96471.1,9139.289,882932400.7872
2025-05-07 04:00:00,96471.1,96686.8,96278.2,96344.6,3282.438,316674946.9978
2025-05-07 06:00:00,96344.6,96964.9,96320.0,96942.3,3850.822,372192166.1582
2025-05-07 08:00:00,96942.3,97044.6,96813.9,96943.9,3452.08,334593144.5055
2025-05-07 10:00:00,96943.9,97069.6,96780.2,97000.0,3027.03,293460884.77
2025-05-07 12:00:00,97000.0,97276.2,96669.6,96961.5,7374.364,714966885.5676
2025-05-07 14:00:00,96961.5,97444.2,96713.8,96888.7,8447.477,819706509.9432
2025-05-07 16:00:00,96888.7,96932.1,96134.7,96276.7,8990.669,868286618.0295
2025-05-07 18:00:00,96276.7,96855.1,95724.2,96122.1,19706.845,1897325711.4473
2025-05-07 20:00:00,96122.1,97288.0,96012.2,97084.8,7532.595,728817915.7252
2025-05-07 22:00:00,97084.8,97369.6,96930.4,96988.1,4595.086,446418138.9335
2025-05-08 00:00:00,96988.1,98333.0,96832.1,97767.2,14420.569,1410353402.8989
2025-05-08 02:00:00,97767.2,99187.9,97767.1,99105.8,13486.592,1330169291.9839
2025-05-08 04:00:00,99105.8,99393.1,98704.9,98719.1,9804.433,971732589.5779
2025-05-08 06:00:00,98719.1,99340.7,98698.0,99218.0,5207.811,515940425.0827
2025-05-08 08:00:00,99218.0,99811.1,99163.1,99759.3,8284.047,824809060.2044
2025-05-08 10:00:00,99759.3,99876.2,99376.0,99376.0,5606.434,558572473.3557
2025-05-08 12:00:00,99376.0,99604.2,99055.0,99255.5,8643.175,858563239.343
2025-05-08 14:00:00,99255.5,101500.0,99112.3,100716.5,31991.635,3211972818.3224
2025-05-08 16:00:00,100716.5,101687.9,100543.5,100964.0,13899.59,1404885737.6313
2025-05-08 18:00:00,100964.0,101435.0,100904.0,101244.1,7016.89,709999600.6911
2025-05-08 20:00:00,101244.1,104253.8,101203.6,102809.3,27098.405,2780334168.6047
2025-05-08 22:00:00,102809.3,103296.5,102365.9,103240.0,7399.571,761297301.1496
2025-05-09 00:00:00,103240.0,103241.3,102510.7,103070.1,6457.992,664113450.2032
2025-05-09 02:00:00,103070.1,103070.1,102314.2,102410.3,3927.47,403054434.2714
2025-05-09 04:00:00,102410.3,102933.3,102332.0,102933.3,3319.056,340847150.405
2025-05-09 06:00:00,102933.3,104330.1,102878.6,103598.9,10410.152,1077870429.4135
2025-05-09 08:00:00,103598.9,103911.0,102378.3,102882.0,14171.223,1460445310.2526
2025-05-09 10:00:00,102882.0,103486.0,102623.3,102909.9,7840.371,808218978.4577
2025-05-09 12:00:00,102909.9,103735.1,102764.0,103574.5,6563.722,677188678.3385
2025-05-09 14:00:00,103574.5,103698.3,102354.0,102855.7,16912.525,1740922305.7341
2025-05-09 16:00:00,102855.7,103210.4,102264.1,103183.2,7814.849,803182319.8196
2025-05-09 18:00:00,103183.2,103338.3,102851.6,103135.8,4429.842,456587994.9036
2025-05-09 20:00:00,103135.8,103364.0,102728.9,102945.0,3678.177,379061924.0393
2025-05-09 22:00:00,102945.0,103031.3,102692.2,102931.2,1629.345,167632057.6959
2025-05-10 00:00:00,102931.2,103084.0,102772.0,102941.8,2172.059,223606068.3386
2025-05-10 02:00:00,102941.8,103239.4,102908.7,103182.8,1406.426,144981146.8168
2025-05-10 04:00:00,103182.8,103327.0,103005.3,103323.1,2283.666,235565410.3429
2025-05-10 06:00:00,103323.1,104079.9,103323.0,103727.5,7066.646,732708625.6994
2025-05-10 08:00:00,103727.5,104050.0,103328.1,103747.1,5538.955,574176028.1257
2025-05-10 10:00:00,103747.1,103875.7,103353.1,103399.2,2722.332,282031348.006
2025-05-10 12:00:00,103399.2,103792.8,103388.8,103584.3,3238.617,335517038.6701
2025-05-10 14:00:00,103584.3,103618.3,103053.6,103100.6,3165.875,327173450.9011
2025-05-10 16:00:00,103100.6,103585.7,103100.0,103132.0,4058.22,419292055.2196
2025-05-10 18:00:00,103132.0,103272.8,102880.0,103141.2,2499.868,257765149.1504
2025-05-10 20:00:00,103141.2,103767.1,103017.7,103706.1,2413.197,249406428.6037
2025-05-10 22:00:00,103706.1,104986.7,103497.3,104782.3,11060.607,1154731204.4388
2025-05-11 00:00:00,104782.3,104936.7,103850.0,104107.7,7454.001,778070433.4558
2025-05-11 02:00:00,104107.7,104250.0,103342.3,103961.9,8169.116,847922101.0853
2025-05-11 04:00:00,103961.9,104368.0,103767.1,103802.0,3770.725,392448397.8686
2025-05-11 06:00:00,103802.0,103947.3,103250.0,103354.3,4556.751,472197500.9455
2025-05-11 08:00:00,103354.3,104449.6,103331.0,104300.9,4742.586,493083977.7264
2025-05-11 10:00:00,104300.9,104731.0,104131.3,104600.9,3759.152,392614328.5588
2025-05-11 12:00:00,104600.9,104855.0,103900.0,103940.0,5617.748,586643070.4372
2025-05-11 14:00:00,103940.0,104646.0,103750.0,104097.0,7835.762,815985596.4146
2025-05-11 16:00:00,104097.0,104145.8,103713.3,104006.3,4368.97,454039372.6716
2025-05-11 18:00:00,104006.3,104812.0,103821.2,104402.0,4971.042,519044484.859
2025-05-11 20:00:00,104402.0,104423.3,103937.8,104343.3,3019.062,314587755.7021
2025-05-11 22:00:00,104343.3,104564.6,103540.0,104080.0,5204.161,540585690.2244
2025-05-12 00:00:00,104080.0,105133.7,103715.8,103954.1,9397.717,981899330.4719
2025-05-12 02:00:00,103954.1,104174.4,103666.0,104072.7,3909.378,406285670.7735
2025-05-12 04:00:00,104072.7,104139.0,103730.8,103934.0,3242.497,337005798.1683
2025-05-12 06:00:00,103934.0,105842.1,103777.0,104434.5,21851.859,2294811951.6536
2025-05-12 08:00:00,104434.5,104721.2,104036.7,104410.4,5992.272,625461860.7564
2025-05-12 10:00:00,104410.4,104585.1,103580.0,103712.3,7674.22,798974309.201
2025-05-12 12:00:00,103712.3,104614.0,103628.9,104286.3,10576.882,1100632822.2606
2025-05-12 14:00:00,104286.3,104342.8,102303.5,102470.1,23768.189,2448580578.2719
2025-05-12 16:00:00,102470.1,103050.0,102361.4,102507.2,6379.897,655562368.8785
2025-05-12 18:00:00,102507.2,102611.8,100688.0,101803.0,21987.192,2234396238.3605
2025-05-12 20:00:00,101803.0,102847.5,101723.7,102456.9,5686.642,582153105.716
2025-05-12 22:00:00,102456.9,103098.2,102303.5,102746.0,4238.266,435719283.1403
2025-05-13 00:00:00,102746.0,102746.1,102024.4,102352.2,4856.755,497303868.0394
2025-05-13 02:00:00,102352.2,102660.0,101380.0,101666.7,7174.435,730844585.2746
2025-05-13 04:00:00,101666.7,102716.9,101560.1,102423.4,5579.862,570741256.6625
2025-05-13 06:00:00,102423.4,102908.8,102277.7,102627.9,3594.139,368801986.1248
2025-05-13 08:00:00,102627.9,103466.9,102505.0,103405.3,5406.365,557097791.6366
2025-05-13 10:00:00,103405.3,103788.0,103223.1,103683.5,5114.949,529513464.8669
2025-05-13 12:00:00,103683.5,103933.3,103271.7,103657.1,13122.38,1360047713.8757
2025-05-13 14:00:00,103657.1,103844.1,102745.0,103628.2,12122.038,1252027959.6069
2025-05-13 16:00:00,103628.2,104360.0,103485.3,104204.6,9002.125,936173097.7772
2025-05-13 18:00:00,104204.6,104949.9,104025.7,104751.3,9474.987,990110840.3287
2025-05-13 20:00:00,104751.3,104907.2,104121.4,104293.0,4693.074,490158069.9845
2025-05-13 22:00:00,104293.0,104398.8,103820.0,104070.6,3376.679,351518236.5049
2025-05-14 00:00:00,104070.6,104073.6,103624.5,103680.3,3998.09,415253416.6885
2025-05-14 02:00:00,103680.3,103738.7,103400.0,103534.4,2929.363,303415444.7837
2025-05-14 04:00:00,103534.4,103953.0,103420.0,103860.2,3439.001,356746753.2561
2025-05-14 06:00:00,103860.2,103914.1,103335.2,103664.3,2798.111,289910269.1455
2025-05-14 08:00:00,103664.3,103835.0,102803.4,103435.9,8641.904,892548698.6278
2025-05-14 10:00:00,103435.9,104138.6,103400.8,103908.2,5410.406,561511215.8407
2025-05-14 12:00:00,103908.2,104325.6,103436.0,103895.5,9364.649,973188721.4707
2025-05-14 14:00:00,103895.5,103900.0,102770.1,103455.9,14121.96,1457665704.9771
2025-05-14 16:00:00,103455.9,103592.9,102550.0,103209.7,8287.63,854345437.0672
2025-05-14 18:00:00,103209.7,103668.8,102976.0,103279.4,4281.275,442443979.0554
2025-05-14 20:00:00,103279.4,103620.3,103238.6,103595.9,1719.964,177934002.4412
2025-05-14 22:00:00,103595.9,103614.9,103300.0,103445.0,1479.472,153058941.6045
2025-05-15 00:00:00,103445.0,103824.0,102900.0,102974.1,3969.98,410436286.5596
2025-05-15 02:00:00,102974.1,103155.8,102650.1,102690.1,3881.712,399384915.2756
2025-05-15 04:00:00,102690.1,102915.7,102276.0,102320.0,5099.196,523139904.2749
2025-05-15 06:00:00,102320.0,102638.6,101666.7,101729.2,8031.749,819873543.5132
2025-05-15 08:00:00,101729.2,102275.0,101450.0,101769.0,7284.632,742204481.5183
2025-05-15 10:00:00,101769.0,102377.9,101550.2,102322.9,5024.778,512434566.0941
2025-05-15 12:00:00,102322.9,102800.0,101500.0,102098.9,12064.558,1234525715.6766
2025-05-15 14:00:00,102098.9,103200.0,101333.0,103191.8,16552.837,1692602394.6307
2025-05-15 16:00:00,103191.8,104203.9,102978.0,103925.0,12456.172,1290041359.118
2025-05-15 18:00:00,103925.0,103979.9,102500.0,103100.0,12021.058,1239151456.3742
2025-05-15 20:00:00,103100.0,103451.3,102653.3,103235.8,6259.788,645351888.2282
2025-05-15 22:00:00,103235.8,103920.3,103173.2,103710.0,6871.251,711882126.0854
2025-05-16 00:00:00,103710.0,104078.3,103405.9,104001.9,5888.051,611007873.9363
2025-05-16 02:00:00,104001.9,104433.3,103842.8,103971.6,6184.515,644004022.5002
2025-05-16 04:00:00,103971.6,104138.1,103758.0,103858.8,3146.913,327066323.078
2025-05-16 06:00:00,103858.8,104152.8,103653.1,103665.0,3093.029,321346202.8359
2025-05-16 08:00:00,103665.0,103777.1,103042.2,103755.1,6887.52,712324824.2302
2025-05-16 10:00:00,103755.1,103866.0,103511.8,103622.0,3536.792,366693905.4847
2025-05-16 12:00:00,103622.0,104029.8,103365.1,103925.6,5784.819,599623728.886
2025-05-16 14:00:00,103925.6,104246.1,103279.3,104137.0,8736.377,906683852.9099
2025-05-16 16:00:00,104137.0,104555.0,103714.0,103807.6,8091.225,842534429.381
2025-05-16 18:00:00,103807.6,104046.4,103534.1,103962.0,3200.071,332055794.2496
2025-05-16 20:00:00,103962.0,103972.6,103441.2,103556.8,2706.514,280564640.6085
2025-05-16 22:00:00,103556.8,103635.2,103356.4,103410.2,2127.583,220121407.4367
2025-05-17 00:00:00,103410.2,103496.1,102539.7,102775.2,7278.844,749663762.0847
2025-05-17 02:00:00,102775.2,103536.0,102680.0,103459.9,4491.128,463211049.9497
2025-05-17 04:00:00,103459.9,103669.4,103285.1,103301.3,2716.001,281105626.7366
2025-05-17 06:00:00,103301.3,103593.8,103240.0,103388.4,1623.155,167864959.0804
2025-05-17 08:00:00,103388.4,103526.1,102774.2,102850.7,4715.171,486156710.9163
2025-05-17 10:00:00,102850.7,103037.4,102700.1,102932.4,2880.362,296250260.168
2025-05-17 12:00:00,102932.4,103054.1,102600.2,102668.0,2297.125,236224066.1947
2025-05-17 14:00:00,102668.0,103141.1,102667.9,102900.0,2624.098,270220320.503
2025-05-17 16:00:00,102900.0,103250.0,102725.0,103085.0,2227.592,229428140.6603
2025-05-17 18:00:00,103085.0,103325.0,102875.0,103109.4,2131.953,219831562.58
2025-05-17 20:00:00,103109.4,103451.1,103030.2,103203.9,1976.895,204100364.9263
2025-05-17 22:00:00,103203.9,103207.8,102852.8,103081.2,1545.595,159231144.6289
2025-05-18 00:00:00,103081.2,103377.0,103050.0,103211.4,1824.626,188370632.8806
2025-05-18 02:00:00,103211.4,103336.8,103080.0,103233.7,1219.195,125848124.8535
2025-05-18 04:00:00,103233.7,103640.0,103233.7,103606.3,2147.131,222118978.1074
2025-05-18 06:00:00,103606.3,103956.4,103317.2,103883.4,3123.581,323682331.519
2025-05-18 08:00:00,103883.4,104050.0,103778.8,103824.9,3751.943,389866466.9224
2025-05-18 10:00:00,103824.9,103968.9,103747.4,103758.7,1934.953,200913295.6913
2025-05-18 12:00:00,103758.7,104790.0,103666.7,104708.6,7756.078,808553089.6469
2025-05-18 14:00:00,104708.6,105687.0,104523.5,105484.4,14248.11,1497759455.2391
2025-05-18 16:00:00,105484.4,105950.0,104764.1,104784.4,14688.203,1549013299.4337
2025-05-18 18:00:00,104784.4,104876.7,103817.4,103842.3,14067.818,1468056183.5526
2025-05-18 20:00:00,103842.3,104576.4,103228.0,104138.5,9235.685,959397182.1189
2025-05-18 22:00:00,104138.5,106650.0,103916.9,106428.1,21739.854,2293438192.7463
2025-05-19 00:00:00,106428.1,107134.3,104700.0,105018.3,16158.803,1710660900.1619
2025-05-19 02:00:00,105018.3,105150.0,103510.6,103566.8,8728.953,910289547.7699
2025-05-19 04:00:00,103566.8,103737.0,102422.1,102983.9,17127.444,1765136393.4858
2025-05-19 06:00:00,102983.9,103299.9,102000.0,103169.4,13864.709,1422503790.561
2025-05-19 08:00:00,103169.4,103392.0,102866.4,103020.3,5171.575,533361458.4392
2025-05-19 10:00:00,103020.3,103045.5,102733.1,102910.8,3630.436,373631048.4471
2025-05-19 12:00:00,102910.8,103495.8,102100.0,103239.7,11028.762,1132547503.0536
2025-05-19 14:00:00,103239.7,104952.3,103131.7,104749.7,17144.717,1785940311.3551
2025-05-19 16:00:00,104749.7,105500.0,104462.6,105335.8,15142.058,1590725457.4798
2025-05-19 18:00:00,105335.8,105500.0,104573.1,105461.7,12942.733,1359561248.4098
2025-05-19 20:00:00,105461.7,105736.6,104947.2,105392.5,6206.114,654154866.1238
2025-05-19 22:00:00,105392.5,105798.4,105130.3,105538.0,4176.705,440576914.5691
2025-05-20 00:00:00,105538.0,106771.7,105531.0,106412.9,14895.126,1580082019.9143
2025-05-20 02:00:00,106412.9,106844.4,105471.6,105718.4,11683.944,1240822683.6886
2025-05-20 04:00:00,105718.4,106379.9,105487.7,106078.3,6351.929,673266529.5077
2025-05-20 06:00:00,106078.3,106186.4,104842.4,104958.2,8122.833,856008837.594
2025-05-20 08:00:00,104958.2,105341.0,104807.7,105231.0,4550.116,478219089.0733
2025-05-20 10:00:00,105231.0,105375.0,104865.8,105163.1,4243.207,445933439.1413
2025-05-20 12:00:00,105163.1,105169.7,104125.4,104396.8,10448.201,1092312080.2684
2025-05-20 14:00:00,104396.8,105353.7,104233.7,105287.3,10318.184,1081022176.2034
2025-05-20 16:00:00,105287.3,106299.8,105030.0,106150.0,9260.42,979686103.3151
2025-05-20 18:00:00,106150.0,107237.1,105157.1,106986.0,20721.626,2201239711.1981
2025-05-20 20:00:00,106986.0,107292.4,106088.0,106570.5,13484.972,1439123024.2301
2025-05-20 22:00:00,106570.5,107159.3,105888.0,106808.2,9506.312,1013270805.4782
2025-05-21 00:00:00,106808.2,107225.3,106365.8,106433.9,7790.873,831790963.01
2025-05-21 02:00:00,106433.9,107054.9,106136.0,106788.0,6044.782,644685380.5487
2025-05-21 04:00:00,106788.0,107774.2,106667.0,107500.7,14146.469,1519605716.7178
2025-05-21 06:00:00,107500.7,108033.3,106369.6,106426.7,16591.447,1778544193.7265
2025-05-21 08:00:00,106426.7,106732.4,106001.8,106137.5,8229.081,874904338.5631
2025-05-21 10:00:00,106137.5,106639.5,106068.8,106490.0,6205.384,659911423.501
2025-05-21 12:00:00,106490.0,107621.4,106255.4,107199.6,12727.295,1360478913.3638
2025-05-21 14:00:00,107199.6,109472.8,106951.5,108941.9,40539.217,4399728644.3477
2025-05-21 16:00:00,108941.9,109833.0,106078.5,106558.0,50552.51,5453177747.181
2025-05-21 18:00:00,106558.0,108789.5,106254.4,108554.7,22388.458,2404083349.5018
2025-05-21 20:00:00,108554.7,108685.3,107657.9,108360.7,11094.452,1200205213.2178
2025-05-21 22:00:00,108360.7,110800.0,108228.1,109608.7,25461.209,2790440206.3846
2025-05-22 00:00:00,109608.7,110536.8,109150.0,109890.0,17964.278,1973889058.1483
2025-05-22 02:00:00,109890.0,111885.0,109797.9,111742.9,16736.333,1856952586.3056
2025-05-22 04:00:00,111742.9,111771.9,110777.0,110841.1,9412.082,1047843974.409
2025-05-22 06:00:00,110841.1,111155.2,110406.5,110990.0,10619.176,1176695489.7399
2025-05-22 08:00:00,110990.0,111129.8,110218.4,110764.0,9349.541,1034093676.6557
2025-05-22 10:00:00,110764.0,111285.0,110450.0,110923.1,7497.55,830964605.8421
2025-05-22 12:00:00,110923.1,111590.0,110741.3,110880.0,15423.135,1715376060.5109
2025-05-22 14:00:00,110880.0,111500.0,110495.3,111256.6,12280.065,1362797698.8861
2025-05-22 16:00:00,111256.6,111968.0,111044.3,111473.6,11059.478,1233574110.4016
2025-05-22 18:00:00,111473.6,111931.8,110846.4,111148.7,8414.766,938040459.2246
2025-05-22 20:00:00,111148.7,111393.1,110683.2,110779.8,5474.115,607413728.9843
2025-05-22 22:00:00,110779.8,111670.0,110779.7,111646.5,4651.54,517586789.98
2025-05-23 00:00:00,111646.5,111758.4,111159.2,111286.7,4384.994,488723924.5525
2025-05-23 02:00:00,111286.7,111575.7,110950.0,111051.8,4066.115,452311605.7435
2025-05-23 04:00:00,111051.8,111137.1,110500.4,110811.2,4829.503,534880823.7833
2025-05-23 06:00:00,110811.2,110819.9,110349.0,110673.4,4570.343,505379667.2707
2025-05-23 08:00:00,110673.4,111340.3,110673.4,111278.4,4144.03,460081576.3637
2025-05-23 10:00:00,111278.4,111289.9,108825.9,109026.5,17782.912,1955663273.4669
2025-05-23 12:00:00,109026.5,109662.5,107263.6,109589.9,42175.883,4577852806.4822
2025-05-23 14:00:00,109589.9,109968.0,108853.1,108885.2,17222.811,1886130865.3912
2025-05-23 16:00:00,108885.2,109790.2,107977.1,109350.8,19793.334,2154942445.8254
2025-05-23 18:00:00,109350.8,109451.9,108526.5,108655.5,10385.652,1131021089.5194
2025-05-23 20:00:00,108655.5,108671.9,107981.5,108239.3,6034.035,653868731.0763
2025-05-23 22:00:00,108239.3,108549.7,106755.0,107275.9,12800.073,1376130548.1273
2025-05-24 00:00:00,107275.9,107801.0,106832.3,107422.6,7445.725,799554111.7875
2025-05-24 02:00:00,107422.6,108318.6,107184.1,108295.6,3955.641,426724235.6563
2025-05-24 04:00:00,108295.6,108531.6,108087.3,108195.9,3422.355,370736623.9888
2025-05-24 06:00:00,108195.9,108298.0,107506.1,107545.3,5167.602,557410750.3655
2025-05-24 08:00:00,107545.3,108395.1,107545.3,108125.7,3721.267,402030185.5067
2025-05-24 10:00:00,108125.7,109454.5,108106.6,109142.9,9755.352,1063264154.8408
2025-05-24 12:00:00,109142.9,109222.0,108469.5,108554.6,6879.311,748315359.6073
2025-05-24 14:00:00,108554.6,109174.7,108533.5,108896.7,3647.083,397111217.9892
2025-05-24 16:00:00,108896.7,109172.0,108624.7,108866.0,3915.278,426242889.9905
2025-05-24 18:00:00,108866.0,109032.0,108735.0,108904.9,1551.605,168930515.6667
2025-05-24 20:00:00,108904.9,109090.7,108533.3,108784.7,1751.957,190620598.0445
2025-05-24 22:00:00,108784.7,108784.7,107434.5,107716.0,12029.219,1298838537.1041
2025-05-25 00:00:00,107716.0,108071.5,107118.1,107604.5,8293.162,892217261.502
2025-05-25 02:00:00,107604.5,108222.0,107405.6,108059.5,4349.709,469461145.6393
2025-05-25 04:00:00,108059.5,108249.7,107910.5,108069.9,2708.825,292717582.0288
2025-05-25 06:00:00,108069.9,108100.0,107407.5,107631.0,3310.898,356688415.0602
2025-05-25 08:00:00,107631.0,107648.6,106650.2,107101.6,8160.095,873596564.2159
2025-05-25 10:00:00,107101.6,107395.2,106774.1,107200.0,4804.355,514352717.1836
2025-05-25 12:00:00,107200.0,107708.9,107117.6,107470.7,5561.604,597294539.9866
2025-05-25 14:00:00,107470.7,107600.0,106538.4,106931.9,9177.168,982612335.037
2025-05-25 16:00:00,106931.9,107340.0,106606.6,107330.0,4190.573,448369245.0338
2025-05-25 18:00:00,107330.0,107919.8,107225.1,107679.0,3214.514,345737820.5719
2025-05-25 20:00:00,107679.0,107899.9,107106.5,107422.0,3343.236,359567609.7201
2025-05-25 22:00:00,107422.0,109300.0,107307.3,108976.2,16061.78,1744292055.7514
2025-05-26 00:00:00,108976.2,109838.0,108640.7,109507.3,9996.149,1093224561.9102
2025-05-26 02:00:00,109507.3,109763.2,109157.8,109599.9,5657.364,619352018.7949
2025-05-26 04:00:00,109599.9,109714.2,109331.5,109605.1,3482.325,381531259.174
2025-05-26 06:00:00,109605.1,110209.3,109477.7,110083.3,7155.99,786262502.8418
2025-05-26 08:00:00,110083.3,110171.8,109551.9,109665.0,5514.586,605276152.4257
2025-05-26 10:00:00,109665.0,109823.1,109505.7,109734.6,2689.802,294990265.1803
2025-05-26 12:00:00,109734.6,110029.1,109423.3,109553.2,5026.998,551658018.3402
2025-05-26 14:00:00,109553.2,110379.0,109453.6,109970.4,9633.735,1059198167.2844
2025-05-26 16:00:00,109970.4,110452.2,108841.5,109133.6,13802.129,1511082982.4538
2025-05-26 18:00:00,109133.6,109412.4,108816.5,109077.8,4613.661,503113146.8817
2025-05-26 20:00:00,109077.8,109625.0,108900.0,109304.0,5997.783,655824006.2736
2025-05-26 22:00:00,109304.0,109887.8,108990.8,109382.3,5867.11,641475700.2946
2025-05-27 00:00:00,109382.3,109656.9,107421.7,108350.4,19587.091,2122912908.8729
2025-05-27 02:00:00,108350.4,109293.8,107820.1,108820.1,10257.092,1113915568.5304
2025-05-27 04:00:00,108820.1,109310.6,108470.7,108866.1,6141.257,668555263.0497
2025-05-27 06:00:00,108866.1,109594.8,108774.8,109494.0,7728.528,843785534.3645
2025-05-27 08:00:00,109494.0,109879.4,109351.5,109787.3,6616.335,725328180.9937
2025-05-27 10:00:00,109787.3,109811.8,109366.9,109538.4,3323.545,364209327.348
2025-05-27 12:00:00,109538.4,110700.0,109391.1,109789.1,20333.438,2239154513.9401
2025-05-27 14:00:00,109789.1,110197.0,108606.6,110087.8,21556.171,2359928480.2504
2025-05-27 16:00:00,110087.8,110459.6,109884.2,110199.7,7256.465,799542892.1378
2025-05-27 18:00:00,110199.7,110378.7,109500.0,109815.4,7170.592,787587772.8993
2025-05-27 20:00:00,109815.4,109844.7,108708.0,108816.9,7817.694,853844794.6533
2025-05-27 22:00:00,108816.9,109080.6,108458.6,108864.0,7065.989,768828800.3966
2025-05-28 00:00:00,108864.0,109217.8,108528.2,108581.2,5019.122,546233492.517
2025-05-28 02:00:00,108581.2,108888.0,108304.1,108793.8,4993.344,542359584.5589
2025-05-28 04:00:00,108793.8,109032.1,108550.0,108922.4,2379.71,259046318.6911
2025-05-28 06:00:00,108922.4,109001.0,108564.3,108750.0,2908.971,316485866.723
2025-05-28 08:00:00,108750.0,109070.8,108438.0,108742.2,5092.097,553640683.2443
2025-05-28 10:00:00,108742.2,108888.0,108171.3,108800.1,4881.347,529977981.5947
2025-05-28 12:00:00,108800.1,109000.0,107939.5,108004.5,8842.919,959687824.8347
2025-05-28 14:00:00,108004.5,108195.0,106973.9,107071.4,16347.984,1758387649.0619
2025-05-28 16:00:00,107071.4,107800.0,107071.4,107640.9,8066.037,866574468.6869
2025-05-28 18:00:00,107640.9,107795.5,106841.5,106883.4,5785.189,621043885.1258
2025-05-28 20:00:00,106883.4,107548.0,106718.0,107455.1,4735.953,507243292.546
2025-05-28 22:00:00,107455.1,108017.2,107102.6,107738.9,5540.718,596745023.7829
2025-05-29 00:00:00,107738.9,108299.9,107395.0,108114.2,6937.392,748602014.5626
2025-05-29 02:00:00,108114.2,108437.9,107890.9,108002.4,4301.738,465257547.1363
2025-05-29 04:00:00,108002.4,108065.4,106880.0,107644.1,8168.607,877695017.1301
2025-05-29 06:00:00,107644.1,107967.5,107608.2,107824.9,2433.918,262391940.8622
2025-05-29 08:00:00,107824.9,108600.0,107576.5,108466.9,6945.332,751830710.906
2025-05-29 10:00:00,108466.9,108850.0,108349.7,108741.4,6226.496,676667342.963
2025-05-29 12:00:00,108741.4,108773.3,107370.0,107550.0,15988.041,1727254361.4007
2025-05-29 14:00:00,107550.0,107775.0,106339.4,106965.1,19798.154,2120891149.9518
2025-05-29 16:00:00,106965.1,107120.0,106030.5,106252.0,14260.337,1520309617.4957
2025-05-29 18:00:00,106252.0,106589.5,105600.0,105692.9,12625.848,1338371365.1197
2025-05-29 20:00:00,105692.9,106434.5,105682.8,106424.4,5747.189,609767456.0789
2025-05-29 22:00:00,106424.4,106425.0,105250.0,105550.0,6485.118,685778555.9251
2025-05-30 00:00:00,105550.0,106175.1,104520.1,105634.0,20689.728,2177636432.076
2025-05-30 02:00:00,105634.0,106150.0,105612.6,105982.0,4605.994,488104265.7699
2025-05-30 04:00:00,105982.0,106278.3,105855.8,106032.0,3134.363,332349634.4766
2025-05-30 06:00:00,106032.0,106085.0,104680.2,104996.9,10870.138,1144619074.4325
2025-05-30 08:00:00,104996.9,105670.0,104555.1,105640.5,12311.173,1294476240.2516
2025-05-30 10:00:00,105640.5,105986.3,105255.9,105860.0,7790.161,823543953.0023
2025-05-30 12:00:00,105860.0,105996.6,105118.6,105446.8,10529.826,1111798684.8044
2025-05-30 14:00:00,105446.8,105799.9,104971.8,105500.0,9373.337,988117386.365
2025-05-30 16:00:00,105500.0,105525.0,103666.0,104161.9,19657.364,2050319937.068
2025-05-30 18:00:00,104161.9,104950.0,104050.0,104609.3,7400.257,774181215.1377
2025-05-30 20:00:00,104609.3,104870.0,104350.5,104600.0,3432.734,358963989.539
2025-05-30 22:00:00,104600.0,104780.4,103569.0,103976.6,8388.352,872989396.46
2025-05-31 00:00:00,103976.6,104288.8,103233.3,103434.8,9059.324,939983367.1132
2025-05-31 02:00:00,103434.8,103835.6,103036.8,103643.0,7912.281,818185038.2714
2025-05-31 04:00:00,103643.0,103882.5,103442.7,103494.3,3430.401,355561581.8098
2025-05-31 06:00:00,103494.3,103869.0,103482.5,103713.4,2334.078,242021704.2469
2025-05-31 08:00:00,103713.4,103787.8,103441.6,103514.4,2093.154,216864280.4443
2025-05-31 10:00:00,103514.4,103573.3,103246.0,103459.4,2375.729,245661512.7734
2025-05-31 12:00:00,103459.4,104164.5,103441.3,104078.8,4616.698,479823066.4252
2025-05-31 14:00:00,104078.8,104800.0,104078.8,104512.9,7019.199,733175454.6629
2025-05-31 16:00:00,104512.9,104769.9,104238.1,104337.3,3640.182,380335656.2884
2025-05-31 18:00:00,104337.3,104735.5,104337.3,104686.0,2407.728,251825001.6743
2025-05-31 20:00:00,104686.0,104879.4,104503.6,104860.7,3244.229,339881608.2594
2025-05-31 22:00:00,104860.7,104898.5,104456.8,104566.1,3539.882,370504456.3358
2025-06-01 00:00:00,104566.1,104611.4,103910.8,104085.5,4664.102,486528966.9686
2025-06-01 02:00:00,104085.5,104416.7,103863.4,104333.1,3378.103,351686452.8843
2025-06-01 04:00:00,104333.1,104699.0,104318.7,104498.2,1877.053,196209735.5688
2025-06-01 06:00:00,104498.2,104498.3,104150.1,104230.0,2049.24,213679490.3443
2025-06-01 08:00:00,104230.0,104410.0,103696.7,103886.4,4034.145,419478725.8652
2025-06-01 10:00:00,103886.4,104102.0,103720.0,104040.0,2289.678,237941840.6187
2025-06-01 12:00:00,104040.0,104398.7,103719.7,104225.9,2724.733,283575289.4279
2025-06-01 14:00:00,104225.9,104773.5,104225.9,104676.9,4114.004,430336173.1208
2025-06-01 16:00:00,104676.9,105266.0,104614.5,105038.1,5622.848,590694552.3542
2025-06-01 18:00:00,105038.1,105123.4,104302.4,105084.1,5102.887,534661831.0999
2025-06-01 20:00:00,105084.1,105479.2,104856.9,105450.0,2871.916,301978608.2411
2025-06-01 22:00:00,105450.0,105843.6,105374.5,105614.4,5341.576,564255393.811
2025-06-02 00:00:00,105614.4,105719.0,105318.7,105356.5,3674.52,387622160.8065
2025-06-02 02:00:00,105356.5,105392.7,104502.2,104786.8,5202.334,545769439.1089
2025-06-02 04:00:00,104786.8,104955.0,104568.3,104785.1,2292.134,240144629.135
2025-06-02 06:00:00,104785.1,105394.7,104682.1,105333.8,4216.071,443165967.8789
2025-06-02 08:00:00,105333.8,105894.0,104423.1,104535.3,11005.714,1157375076.1559
2025-06-02 10:00:00,104535.3,104615.0,103868.0,104004.4,7628.059,795374500.6526
2025-06-02 12:00:00,104004.4,104500.0,103634.6,103772.6,11123.879,1156704704.5059
2025-06-02 14:00:00,103772.6,104631.4,103606.4,104382.0,13481.384,1404494940.8705
2025-06-02 16:00:00,104382.0,104441.2,103962.5,104337.3,4655.733,485099350.6504
2025-06-02 18:00:00,104337.3,104683.0,103985.6,104376.4,3902.489,407113415.1517
2025-06-02 20:00:00,104376.4,105061.0,104376.4,104873.5,5005.941,524426590.463
2025-06-02 22:00:00,104873.5,105919.7,104873.5,105827.2,7699.318,812891578.6842
2025-06-03 00:00:00,105827.2,106459.5,105716.7,106435.8,6061.214,643400079.6434
2025-06-03 02:00:00,106435.8,106478.8,105281.8,105426.8,7794.627,824248393.5522
2025-06-03 04:00:00,105426.8,105462.3,105061.8,105386.1,3262.567,343385724.1075
2025-06-03 06:00:00,105386.1,105400.0,105100.0,105121.9,2322.479,244441225.1748
2025-06-03 08:00:00,105121.9,105226.3,104813.9,105143.8,4639.143,487285345.7582
2025-06-03 10:00:00,105143.8,105324.8,105104.3,105255.7,2847.446,299615314.899
2025-06-03 12:00:00,105255.7,105619.4,104971.9,105360.6,7207.223,759161558.9691
2025-06-03 14:00:00,105360.6,106773.7,105090.8,106550.6,18949.766,2012911117.7765
2025-06-03 16:00:00,106550.6,106626.0,105704.1,105880.7,8322.434,882510697.8824
2025-06-03 18:00:00,105880.7,106368.7,105546.1,106168.3,8276.258,877197958.3886
2025-06-03 20:00:00,106168.3,106195.1,105213.7,105304.7,6767.749,714652682.2677
2025-06-03 22:00:00,105304.7,105858.9,105204.5,105324.7,5060.782,533960476.3374
2025-06-04 00:00:00,105324.7,105680.3,105052.5,105522.8,5357.081,564519937.8301
2025-06-04 02:00:00,105522.8,105777.4,105350.0,105463.1,3782.562,399257541.1104
2025-06-04 04:00:00,105463.1,105551.7,105283.0,105300.1,2386.808,251561668.9241
2025-06-04 06:00:00,105300.1,105414.9,105200.0,105253.7,2011.549,211774126.209
2025-06-04 08:00:00,105253.7,105856.9,105253.7,105768.3,3211.276,338822023.8438
2025-06-04 10:00:00,105768.3,105952.9,105050.0,105056.6,5979.061,630468303.534
2025-06-04 12:00:00,105056.6,105240.7,104671.0,104725.3,11360.824,1192320627.445
2025-06-04 14:00:00,104725.3,105492.5,104135.3,105238.2,18240.784,1912475031.5902
2025-06-04 16:00:00,105238.2,105425.0,104892.2,104989.1,5139.749,540537312.6787
2025-06-04 18:00:00,104989.1,105243.7,104825.0,104863.1,4744.856,498219221.5424
2025-06-04 20:00:00,104863.1,105013.3,104355.1,104880.1,4962.151,519318617.7476
2025-06-04 22:00:00,104880.1,104999.0,104552.5,104630.0,1941.577,203348406.3152
2025-06-05 00:00:00,104630.0,105094.4,104581.6,104711.3,3142.29,329415837.2283
2025-06-05 02:00:00,104711.3,105213.5,104711.3,104980.8,3189.718,334935438.3197
2025-06-05 04:00:00,104980.8,105200.0,104516.0,104602.3,3461.064,363069835.4804
2025-06-05 06:00:00,104602.3,104661.6,104307.6,104461.2,4382.427,457831471.6031
2025-06-05 08:00:00,104461.2,104876.4,104366.7,104848.8,2876.744,301141601.836
2025-06-05 10:00:00,104848.8,104848.9,104456.6,104771.7,3342.104,349711898.6886
2025-06-05 12:00:00,104771.7,105866.7,104250.0,104468.9,19215.205,2021764582.6773
2025-06-05 14:00:00,104468.9,104927.4,103830.0,104483.0,20036.372,2090829465.5901
2025-06-05 16:00:00,104483.0,104547.0,103100.0,103200.0,18673.767,1935386572.2513
2025-06-05 18:00:00,103200.0,103323.9,101490.8,101870.0,26903.562,2754659036.2422
2025-06-05 20:00:00,101870.0,102139.1,100350.0,101505.4,34160.322,3453075544.7012
2025-06-05 22:00:00,101505.4,101788.6,100984.1,101455.2,5674.318,575449592.8257
2025-06-06 00:00:00,101455.2,101908.1,101046.0,101800.0,6389.051,648616259.5248
2025-06-06 02:00:00,101800.0,102470.0,101488.0,102449.9,4644.637,473918551.9019
2025-06-06 04:00:00,102449.9,102900.0,102340.2,102900.0,5227.407,536552399.5922
2025-06-06 06:00:00,102900.0,103419.2,102825.1,103099.9,6842.149,705285579.5331
2025-06-06 08:00:00,103099.9,103700.0,103099.9,103593.4,6858.816,709952492.8212
2025-06-06 10:00:00,103593.4,103949.6,103503.5,103873.4,5344.674,554419172.7742
2025-06-06 12:00:00,103873.4,104481.3,103463.9,104045.2,17657.469,1836387506.2725
2025-06-06 14:00:00,104045.2,105320.4,103942.4,105035.2,17824.961,1866965804.7142
2025-06-06 16:00:00,105035.2,105249.5,104374.3,104882.1,9207.424,964743018.0865
2025-06-06 18:00:00,104882.1,104931.5,104012.0,104167.4,5690.808,594387737.3698
2025-06-06 20:00:00,104167.4,104584.9,104111.0,104326.3,2758.832,287868441.635
2025-06-06 22:00:00,104326.3,104427.5,104147.0,104227.5,1408.429,146841608.2607
2025-06-07 00:00:00,104227.5,104514.0,103811.0,104391.0,4036.136,420481864.5464
2025-06-07 02:00:00,104391.0,104900.4,104275.8,104842.7,5905.67,617895627.5733
2025-06-07 04:00:00,104842.7,104977.7,104626.0,104838.7,2947.692,308856239.7902
2025-06-07 06:00:00,104838.7,105292.6,104759.0,104817.0,5022.904,527362944.4334
2025-06-07 08:00:00,104817.0,104907.2,104645.4,104786.5,2456.858,257474092.4336
2025-06-07 10:00:00,104786.5,105215.2,104774.1,105093.7,3410.846,358299927.6888
2025-06-07 12:00:00,105093.7,105766.7,105093.6,105567.0,7585.028,800048044.6177
2025-06-07 14:00:00,105567.0,105666.7,105267.3,105505.1,4089.285,431269436.7817
2025-06-07 16:00:00,105505.1,105625.7,105220.7,105343.2,2316.316,244166738.2147
2025-06-07 18:00:00,105343.2,105848.0,105343.2,105678.1,4920.193,520018304.2879
2025-06-07 20:00:00,105678.1,105865.9,105650.2,105715.0,1656.624,175239347.7249
2025-06-07 22:00:00,105715.0,105862.4,105472.3,105499.9,2277.232,240598260.8437
2025-06-08 00:00:00,105499.9,105732.0,105340.0,105635.9,1590.915,167828401.9585
2025-06-08 02:00:00,105635.9,105636.0,105347.6,105415.8,973.061,102594289.1505
2025-06-08 04:00:00,105415.8,105587.2,105352.3,105377.8,1056.444,111440168.5065
2025-06-08 06:00:00,105377.8,105542.0,105355.0,105370.4,944.53,99582039.4963
2025-06-08 08:00:00,105370.4,105454.5,105020.9,105077.6,2734.861,287768114.5008
2025-06-08 10:00:00,105077.6,105664.4,104924.7,105634.2,4916.792,517906882.9922
2025-06-08 12:00:00,105634.2,106097.0,105452.4,105560.2,5272.595,557493908.8453
2025-06-08 14:00:00,105560.2,106049.3,105497.2,105921.5,3488.698,369207330.8022
2025-06-08 16:00:00,105921.5,106312.2,105879.4,106028.9,5643.58,598938592.998
2025-06-08 18:00:00,106028.9,106268.5,105960.8,106239.8,1558.46,165470693.35
2025-06-08 20:00:00,106239.8,106441.8,106060.0,106273.4,1853.934,196998019.4275
2025-06-08 22:00:00,106273.4,106313.0,105500.0,105670.8,5358.753,566804049.9416
2025-06-09 00:00:00,105670.8,105932.1,105381.0,105473.8,4120.643,435204510.9181
2025-06-09 02:00:00,105473.8,105675.0,105252.6,105610.7,2595.455,273776803.2303
2025-06-09 04:00:00,105610.7,105672.9,105286.0,105330.0,1797.703,189541308.7311
2025-06-09 06:00:00,105330.0,105660.0,105264.1,105511.4,1718.367,181282713.2383
2025-06-09 08:00:00,105511.4,106880.1,105433.2,106584.9,10934.267,1163011891.4657
2025-06-09 10:00:00,106584.9,107775.9,106534.7,107723.1,17122.865,1836949417.4363
2025-06-09 12:00:00,107723.1,107950.0,106835.4,106973.2,11525.985,1238847173.7309
2025-06-09 14:00:00,106973.2,108033.4,106973.2,107592.8,12497.732,1345398624.3431
2025-06-09 16:00:00,107592.8,108401.6,107592.7,108297.0,9218.559,995835373.0374
2025-06-09 18:00:00,108297.0,108733.4,108239.1,108512.9,7069.687,766814258.6485
2025-06-09 20:00:00,108512.9,110660.8,108372.2,109923.7,18037.37,1976985734.6609
2025-06-09 22:00:00,109923.7,110392.6,109661.7,110219.9,7764.784,854521258.8952
2025-06-10 00:00:00,110219.9,110273.5,109592.7,109750.0,3965.592,435910657.9156
2025-06-10 02:00:00,109750.0,109750.1,109342.2,109517.7,3767.339,412539678.8454
2025-06-10 04:00:00,109517.7,109683.0,109156.2,109263.9,3435.47,375757633.8015
2025-06-10 06:00:00,109263.9,109596.6,109050.0,109170.9,3286.978,359221713.4375
2025-06-10 08:00:00,109170.9,109487.9,109016.0,109473.6,3292.368,359648624.9287
2025-06-10 10:00:00,109473.6,109812.0,109156.8,109507.1,6649.052,728552525.4154
2025-06-10 12:00:00,109507.1,109863.0,108799.0,109274.4,9774.242,1068317858.5978
2025-06-10 14:00:00,109274.4,109299.9,108279.2,108972.4,13832.245,1504243492.3873
2025-06-10 16:00:00,108972.4,109229.8,108562.7,108662.2,4509.052,491044941.3963
2025-06-10 18:00:00,108662.2,110351.0,108464.3,109476.1,10798.972,1184000588.8957
2025-06-10 20:00:00,109476.1,109960.0,109206.1,109817.5,5167.847,566431188.1289
2025-06-10 22:00:00,109817.5,110251.4,109515.2,110227.5,4773.871,524696431.2633
2025-06-11 00:00:00,110227.5,110234.0,109519.7,109552.1,3444.678,378289608.0253
2025-06-11 02:00:00,109552.1,109812.4,109487.9,109670.6,1774.91,194609006.604
2025-06-11 04:00:00,109670.6,109686.7,109375.0,109422.7,1649.242,180595227.977
2025-06-11 06:00:00,109422.7,109684.7,109311.0,109381.5,2224.635,243576368.2413
2025-06-11 08:00:00,109381.5,109625.3,109157.9,109211.7,2724.993,298052995.3052
2025-06-11 10:00:00,109211.7,109434.6,109113.8,109200.9,2125.028,232157867.7051
2025-06-11 12:00:00,109200.9,109942.3,108967.0,109637.3,17013.943,1863733658.1264
2025-06-11 14:00:00,109637.3,110375.5,109589.0,109697.6,12964.079,1425636301.1747
2025-06-11 16:00:00,109697.6,109770.5,108905.3,108932.0,8051.109,880449758.3274
2025-06-11 18:00:00,108932.0,109025.4,108355.5,108697.7,9818.636,1067196033.9088
2025-06-11 20:00:00,108697.7,109180.1,108280.0,108450.8,5035.979,547406694.1545
2025-06-11 22:00:00,108450.8,108649.0,108006.6,108611.1,7814.023,846533004.2859
2025-06-12 00:00:00,108611.1,108782.5,108206.7,108487.2,3796.801,411889498.5121
2025-06-12 02:00:00,108487.2,108740.8,107673.4,107831.1,6479.027,700282316.3726
2025-06-12 04:00:00,107831.1,107894.4,107305.1,107697.1,4869.496,524097028.8847
2025-06-12 06:00:00,107697.1,107950.0,107358.2,107567.2,2964.503,319233115.2129
2025-06-12 08:00:00,107567.2,107805.0,107379.2,107450.3,3616.344,389151410.8084
2025-06-12 10:00:00,107450.3,107476.6,106830.0,106856.0,7332.322,785659891.038
2025-06-12 12:00:00,106856.0,107374.8,106554.3,107027.5,11266.427,1204934740.2276
2025-06-12 14:00:00,107027.5,107775.1,106837.6,106967.4,12204.935,1310392860.0869
2025-06-12 16:00:00,106967.4,108400.0,106930.0,108249.9,9575.379,1032111763.4631
2025-06-12 18:00:00,108249.9,108383.6,106600.0,106735.2,11131.381,1195243579.3962
2025-06-12 20:00:00,106735.2,106911.7,105699.0,105826.1,15581.34,1654776708.4706
2025-06-12 22:00:00,105826.1,106171.5,105579.8,105600.9,7065.609,747948530.4722
2025-06-13 00:00:00,105600.9,105640.0,102626.9,103720.0,44105.407,4586119745.9949
2025-06-13 02:00:00,103720.0,104600.0,103020.2,104251.0,13291.175,1380584034.8087
2025-06-13 04:00:00,104251.0,104469.0,103734.2,103968.4,6124.428,637802868.5516
2025-06-13 06:00:00,103968.4,104923.5,103775.0,104839.7,8121.245,847732417.2872
2025-06-13 08:00:00,104839.7,105425.5,104441.9,104772.3,8758.284,918835895.6881
2025-06-13 10:00:00,104772.3,105008.1,104359.4,104996.4,5272.518,552226041.0181
2025-06-13 12:00:00,104996.4,105279.8,104619.7,104678.5,7450.922,781914985.5466
2025-06-13 14:00:00,104678.5,105729.8,104057.2,105387.9,16293.963,1709935429.5277
2025-06-13 16:00:00,105387.9,105921.8,104804.6,105315.3,10285.256,1084255293.9805
2025-06-13 18:00:00,105315.3,105425.0,104590.9,105047.6,7107.575,746309425.6045
2025-06-13 20:00:00,105047.6,105742.3,104958.0,105562.3,2837.566,299000299.1025
2025-06-13 22:00:00,105562.3,106140.0,105493.6,106023.1,3001.415,317571855.6853
2025-06-14 00:00:00,106023.1,106168.8,105381.5,105420.0,4427.824,468221547.0195
2025-06-14 02:00:00,105420.0,105564.9,105140.5,105185.3,1782.527,187695893.1743
2025-06-14 04:00:00,105185.3,105361.4,105163.1,105238.0,1722.584,181334071.2036
2025-06-14 06:00:00,105238.0,105274.0,104723.5,105016.0,4080.94,428549000.824
2025-06-14 08:00:00,105016.0,105072.8,104800.0,104820.9,1877.973,197051405.9521
2025-06-14 10:00:00,104820.9,105065.8,104788.4,105034.0,1538.783,161514304.6023
2025-06-14 12:00:00,105034.0,105070.8,104672.0,104964.9,2734.262,286811916.8627
2025-06-14 14:00:00,104964.9,105015.0,104556.2,104780.6,2564.939,268738122.6703
2025-06-14 16:00:00,104780.6,104852.2,104316.0,104558.3,3811.271,398386739.6757
2025-06-14 18:00:00,104558.3,105015.6,104285.0,104610.5,6877.764,720398583.2004
2025-06-14 20:00:00,104610.5,105425.7,104250.0,105277.3,7663.634,803424869.6581
2025-06-14 22:00:00,105277.3,105454.3,105251.5,105356.7,2311.059,243530808.5349
2025-06-15 00:00:00,105356.7,105630.9,105215.1,105367.6,2558.907,269796690.8999
2025-06-15 02:00:00,105367.6,105576.0,105367.5,105430.5,1074.76,113371241.2222
2025-06-15 04:00:00,105430.5,106056.9,105430.4,106027.7,3267.889,345721827.6419
2025-06-15 06:00:00,106027.7,106080.0,105145.1,105391.8,4406.829,465028333.017
2025-06-15 08:00:00,105391.8,105440.0,104820.0,104884.6,3793.581,398578511.405
2025-06-15 10:00:00,104884.6,105146.9,104870.9,104933.2,2257.893,237082630.2892
2025-06-15 12:00:00,104933.2,105617.5,104906.6,105489.1,4570.259,481419642.9166
2025-06-15 14:00:00,105489.1,105798.1,105268.9,105533.2,3517.363,371389644.7352
2025-06-15 16:00:00,105533.2,105746.1,105294.8,105639.6,2598.52,274107797.6664
2025-06-15 18:00:00,105639.6,105639.7,105024.1,105246.3,2220.354,233782841.6026
2025-06-15 20:00:00,105246.3,105255.0,104433.0,104752.1,5209.321,545570271.5324
2025-06-15 22:00:00,104752.1,105576.0,104682.0,105547.8,3949.692,415468969.1112
2025-06-16 00:00:00,105547.8,105866.9,104921.2,105765.9,6148.8,648166506.0958
2025-06-16 02:00:00,105765.9,105946.2,105633.0,105875.4,3374.71,357106966.1174
2025-06-16 04:00:00,105875.4,106754.6,105830.0,106535.8,7662.213,814733222.1457
2025-06-16 06:00:00,106535.8,107237.5,106462.0,107014.0,6234.062,666232551.5828
2025-06-16 08:00:00,107014.0,107206.7,106843.5,106919.9,3797.487,406358441.6235
2025-06-16 10:00:00,106919.9,107193.0,106534.3,106866.2,4683.3,500319645.8372
2025-06-16 12:00:00,106866.2,107125.7,106440.0,107095.2,6992.022,746123573.2811
2025-06-16 14:00:00,107095.2,107739.5,106712.3,107378.2,15009.898,1611713577.8839
2025-06-16 16:00:00,107378.2,107990.0,107253.9,107705.6,6591.24,709925139.85
2025-06-16 18:00:00,107705.6,108873.8,107627.5,108585.7,10960.23,1188090343.1802
2025-06-16 20:00:00,108585.7,108843.3,108248.8,108489.8,5893.737,639718795.3533
2025-06-16 22:00:00,108489.8,108955.5,106630.0,106749.3,15763.952,1696301159.9989
2025-06-17 00:00:00,106749.3,107369.0,106072.3,107134.8,13332.716,1422737183.0991
2025-06-17 02:00:00,107134.8,107724.9,106520.7,107558.8,7985.884,856020575.5145
2025-06-17 04:00:00,107558.8,107671.9,106974.3,107063.6,4428.452,474907439.4211
2025-06-17 06:00:00,107063.6,107179.2,106434.8,106732.0,5686.196,607006506.1455
2025-06-17 08:00:00,106732.0,106783.0,106039.8,106128.4,5178.705,550931555.0061
2025-06-17 10:00:00,106128.4,106206.3,105436.1,105590.1,9418.125,995949165.9767
2025-06-17 12:00:00,105590.1,105809.2,105128.2,105309.3,9819.453,1035698570.9489
2025-06-17 14:00:00,105309.3,105648.0,104065.1,104192.3,20210.204,2116660970.3071
2025-06-17 16:00:00,104192.3,104434.9,103303.4,103750.1,19390.931,2013751343.2577
2025-06-17 18:00:00,103750.1,105286.7,103558.3,104625.9,13988.355,1463178952.7671
2025-06-17 20:00:00,104625.9,104834.9,104174.2,104500.1,6757.74,705998863.7893
2025-06-17 22:00:00,104500.1,104690.6,104142.8,104512.7,3181.261,332331586.8152
2025-06-18 00:00:00,104512.7,105143.5,104320.0,104726.6,3814.617,399597329.8983
2025-06-18 02:00:00,104726.6,105186.2,104632.6,105124.6,2214.219,232387003.8673
2025-06-18 04:00:00,105124.6,105500.0,105014.4,105362.0,3514.441,370268845.4907
2025-06-18 06:00:00,105362.0,105480.0,104654.3,104921.2,5044.09,529686201.1587
2025-06-18 08:00:00,104921.2,105260.2,104512.9,104651.8,4124.904,432598371.1386
2025-06-18 10:00:00,104651.8,104810.4,104132.1,104788.9,6945.234,725472969.0072
2025-06-18 12:00:00,104788.9,104865.4,103767.1,104394.2,9451.347,984938998.6097
2025-06-18 14:00:00,104394.2,105290.9,104076.7,104743.6,15458.933,1619587289.4423
2025-06-18 16:00:00,104743.6,104786.7,103554.8,104291.6,9497.939,989311701.328
2025-06-18 18:00:00,104291.6,104666.7,103422.3,103761.2,14660.228,1525748039.4959
2025-06-18 20:00:00,103761.2,105100.7,103586.6,105030.7,7813.989,816695304.556
2025-06-18 22:00:00,105030.7,105089.9,104580.4,104847.3,2441.965,255977840.2947
2025-06-19 00:00:00,104847.3,105191.9,104418.0,104548.8,4248.364,445090408.3727
2025-06-19 02:00:00,104548.8,105063.4,104394.9,105041.2,2529.291,265058270.9217
2025-06-19 04:00:00,105041.2,105189.5,104750.0,104841.1,2839.404,297990918.3993
2025-06-19 06:00:00,104841.1,104940.4,104558.0,104582.4,1730.351,181146209.9181
2025-06-19 08:00:00,104582.4,104986.9,104564.2,104951.1,2103.232,220485472.9077
2025-06-19 10:00:00,104951.1,105027.3,104661.2,104712.9,2240.96,234961893.0486
2025-06-19 12:00:00,104712.9,104854.6,104188.0,104234.9,5058.112,528609789.2388
2025-06-19 14:00:00,104234.9,104643.1,104025.1,104045.8,6595.488,687713977.0232
2025-06-19 16:00:00,104045.8,104798.3,103864.0,104484.0,8857.793,924410651.9568
2025-06-19 18:00:00,104484.0,104670.0,104088.8,104210.1,3451.685,360375181.7605
2025-06-19 20:00:00,104210.1,104461.8,104100.0,104288.8,1799.8,187670731.3921
2025-06-19 22:00:00,104288.8,104870.0,104288.8,104604.2,3214.76,336345702.9434
2025-06-20 00:00:00,104604.2,104782.9,104341.3,104729.9,2484.267,259766854.9605
2025-06-20 02:00:00,104729.9,104770.4,104447.1,104555.1,1740.253,182021021.5409
2025-06-20 04:00:00,104555.1,104555.9,104191.9,104549.8,2769.138,288912880.4999
2025-06-20 06:00:00,104549.8,105780.9,104549.8,105769.9,9430.771,991635086.1397
2025-06-20 08:00:00,105769.9,106499.9,105689.9,105900.1,14017.765,1487267705.0081
2025-06-20 10:00:00,105900.1,106117.4,105745.5,105923.7,3789.465,401421695.0266
2025-06-20 12:00:00,105923.7,106103.4,105320.0,105620.0,6701.5,708921612.7019
2025-06-20 14:00:00,105620.0,105749.9,103811.0,104166.3,20062.436,2097660749.2812
2025-06-20 16:00:00,104166.3,104220.8,102260.0,103221.7,23695.327,2443740494.7448
2025-06-20 18:00:00,103221.7,103450.0,102937.3,103264.6,6860.593,707936146.3291
2025-06-20 20:00:00,103264.6,103797.0,103247.1,103499.9,4291.568,444390094.9474
2025-06-20 22:00:00,103499.9,103500.0,102913.2,103243.9,3865.175,398631932.7304
2025-06-21 00:00:00,103243.9,103475.8,103066.0,103467.9,1602.419,165452711.9285
2025-06-21 02:00:00,103467.9,103644.1,103330.0,103436.0,1183.737,122501738.9748
2025-06-21 04:00:00,103436.0,103476.5,103266.3,103356.5,1113.902,115128276.708
2025-06-21 06:00:00,103356.5,103545.5,103262.0,103414.1,1457.018,150677263.1204
2025-06-21 08:00:00,103414.1,103886.0,103406.6,103786.4,3019.628,313146534.3184
2025-06-21 10:00:00,103786.4,103949.9,103673.1,103819.8,2540.447,263795974.7011
2025-06-21 12:00:00,103819.8,103893.3,103490.7,103528.0,3344.792,346742736.4059
2025-06-21 14:00:00,103528.0,103731.3,103235.0,103517.2,4718.103,488223580.2941
2025-06-21 16:00:00,103517.2,103610.9,103125.0,103136.1,2933.008,303103233.8485
2025-06-21 18:00:00,103136.1,103379.8,102150.0,102200.8,8914.646,915106312.8383
2025-06-21 20:00:00,102200.8,102848.4,101009.0,101400.5,18163.987,1849873905.4187
2025-06-21 22:00:00,101400.5,102265.3,100800.0,102083.9,14949.896,1517299870.117
2025-06-22 00:00:00,102083.9,103347.0,101780.6,102355.9,16347.844,1676149283.128
2025-06-22 02:00:00,102355.9,102847.0,101827.0,102340.3,7974.102,815156955.2695
2025-06-22 04:00:00,102340.3,102895.8,102214.2,102812.2,3933.335,403633995.9917
2025-06-22 06:00:00,102812.2,102913.6,102214.0,102381.8,4807.606,493244084.6862
2025-06-22 08:00:00,102381.8,102769.4,102034.0,102154.4,4153.252,425283562.2769
2025-06-22 10:00:00,102154.4,102725.3,102100.7,102687.9,3269.021,334940445.441
2025-06-22 12:00:00,102687.9,102789.0,100213.6,100804.6,25371.134,2567090922.7319
2025-06-22 14:00:00,100804.6,101189.8,98856.7,98871.2,39316.88,3919318838.722
2025-06-22 16:00:00,98871.2,100348.2,98596.0,99432.8,18337.946,1821755965.3551
2025-06-22 18:00:00,99432.8,99743.0,98739.7,98821.1,6629.101,657714817.0323
2025-06-22 20:00:00,98821.1,99738.9,98125.0,99135.7,17625.909,1741983368.4057
2025-06-22 22:00:00,99135.7,100996.9,99082.4,100904.3,15298.824,1535673063.2203
2025-06-23 00:00:00,100904.3,101553.7,100433.4,101044.9,8902.797,898444494.5238
2025-06-23 02:00:00,101044.9,101327.3,100870.0,101115.4,3618.999,366024571.0318
2025-06-23 04:00:00,101115.4,101800.0,100923.2,101710.8,5799.841,588000943.5352
2025-06-23 06:00:00,101710.8,102151.4,101604.0,101891.6,7038.48,716890771.4284
2025-06-23 08:00:00,101891.6,102044.6,101331.6,101524.9,5065.932,514846729.8072
2025-06-23 10:00:00,101524.9,101536.0,101055.4,101239.9,6229.53,631061987.0246
2025-06-23 12:00:00,101239.9,102431.9,100738.1,102288.0,16802.451,1707747592.1157
2025-06-23 14:00:00,102288.0,102590.0,101241.3,101382.3,14142.4,1440413996.303
2025-06-23 16:00:00,101382.3,102685.0,99581.0,102436.0,36699.463,3708043825.9355
2025-06-23 18:00:00,102436.0,103283.7,102343.9,103109.2,14318.846,1473377096.3168
2025-06-23 20:00:00,103109.2,104170.2,102836.3,103645.0,13738.04,1423556970.6411
2025-06-23 22:00:00,103645.0,106024.8,103645.0,105283.5,27541.533,2897913694.617
2025-06-24 00:00:00,105283.5,105469.0,104871.2,105400.5,4094.294,430408057.3664
2025-06-24 02:00:00,105400.5,105406.9,104657.9,104875.7,5161.566,541480299.3988
2025-06-24 04:00:00,104875.7,105383.0,104650.0,105348.2,5107.164,536457782.4544
2025-06-24 06:00:00,105348.2,105784.7,104858.0,104907.9,9056.108,954408239.7978
2025-06-24 08:00:00,104907.9,105542.0,104567.0,105150.0,9352.193,982212158.7562
2025-06-24 10:00:00,105150.0,105394.0,104947.3,105129.9,3823.448,402084982.0503
2025-06-24 12:00:00,105129.9,105339.7,104755.0,105033.4,6428.083,675293381.822
2025-06-24 14:00:00,105033.4,105709.9,104900.0,105180.3,8400.125,885154685.6678
2025-06-24 16:00:00,105180.3,106269.9,105116.2,105996.3,10312.9,1091167138.4164
2025-06-24 18:00:00,105996.3,106038.8,105182.1,105580.0,4540.512,479282893.3633
2025-06-24 20:00:00,105580.0,106089.3,105379.0,105932.9,3832.554,405609660.2968
2025-06-24 22:00:00,105932.9,106048.5,105684.9,106048.5,2919.477,309037921.9973
2025-06-25 00:00:00,106048.5,106655.4,105750.0,106343.5,9262.166,983812773.8718
2025-06-25 02:00:00,106343.5,106782.3,106162.9,106177.1,4917.675,523799715.5083
2025-06-25 04:00:00,106177.1,106350.0,105931.3,106157.8,2590.396,274947734.1006
2025-06-25 06:00:00,106157.8,106666.0,106077.3,106560.1,3102.559,330230129.7365
2025-06-25 08:00:00,106560.1,106940.0,106285.8,106599.7,7001.807,746618697.2854
2025-06-25 10:00:00,106599.7,107169.4,106512.3,107126.1,7161.455,766036331.6707
2025-06-25 12:00:00,107126.1,108061.0,106877.0,107855.9,13521.799,1454705130.7475
2025-06-25 14:00:00,107855.9,108090.0,106672.8,106980.3,16340.273,1754415130.6916
2025-06-25 16:00:00,106980.3,107473.4,106853.0,107324.1,5676.789,608464502.115
2025-06-25 18:00:00,107324.1,107849.9,107103.1,107700.2,5071.666,545479134.3384
2025-06-25 20:00:00,107700.2,107942.0,107376.5,107495.7,3141.755,338253882.0104
2025-06-25 22:00:00,107495.7,107505.7,107005.4,107264.0,2986.732,320240737.2764
2025-06-26 00:00:00,107264.0,107852.8,107028.0,107558.1,4581.735,492115365.0647
2025-06-26 02:00:00,107558.1,108239.6,107511.8,107806.7,7692.513,830008492.3041
2025-06-26 04:00:00,107806.7,107908.6,107447.1,107573.7,2748.782,295966965.3704
2025-06-26 06:00:00,107573.7,108050.1,107500.0,107771.7,4346.642,468696624.693
2025-06-26 08:00:00,107771.7,108132.4,107216.0,107263.5,4857.543,522615004.3899
2025-06-26 10:00:00,107263.5,107409.3,107051.3,107266.8,3014.412,323300595.9069
2025-06-26 12:00:00,107266.8,107379.7,106777.0,106906.1,6338.87,678579511.8335
2025-06-26 14:00:00,106906.1,107721.1,106457.7,107251.2,11144.88,1194419028.7132
2025-06-26 16:00:00,107251.2,107403.6,106950.1,107141.6,4136.256,443347821.2755
2025-06-26 18:00:00,107141.6,107623.1,107080.0,107477.4,3367.94,361702802.9772
2025-06-26 20:00:00,107477.4,108000.0,106773.4,106966.8,5775.934,620440025.4927
2025-06-26 22:00:00,106966.8,107178.1,106798.0,106905.3,2834.135,303175144.6146
2025-06-27 00:00:00,106905.3,107185.3,106351.6,107070.9,5422.525,579306677.0717
2025-06-27 02:00:00,107070.9,107472.1,107011.0,107419.9,3773.799,404712187.8379
2025-06-27 04:00:00,107419.9,107528.4,107200.5,107200.5,2296.572,246588102.7395
2025-06-27 06:00:00,107200.5,107688.9,106810.0,106820.7,4315.528,462630171.5546
2025-06-27 08:00:00,106820.7,107088.0,106633.2,107034.1,5928.317,633561950.4729
2025-06-27 10:00:00,107034.1,107108.0,106867.2,106933.0,2494.295,266846171.6236
2025-06-27 12:00:00,106933.0,107150.0,106280.0,106780.0,8427.229,899425388.3679
2025-06-27 14:00:00,106780.0,107374.8,106310.2,107268.3,10599.416,1131688322.0996
2025-06-27 16:00:00,107268.3,107738.1,106402.1,106810.3,9013.678,965129146.4977
2025-06-27 18:00:00,106810.3,106961.4,106388.0,106741.4,5969.512,636668701.6981
2025-06-27 20:00:00,106741.4,107218.0,106735.0,106997.5,2491.91,266737614.3575
2025-06-27 22:00:00,106997.5,107140.4,106906.0,106999.6,1021.338,109308131.2226
2025-06-28 00:00:00,106999.6,107120.8,106761.0,107013.6,1694.172,181168016.4881
2025-06-28 02:00:00,107013.6,107296.5,106958.3,107241.2,1246.337,133495299.1962
2025-06-28 04:00:00,107241.2,107273.8,107109.5,107246.2,1796.665,192616202.4533
2025-06-28 06:00:00,107246.2,107444.3,107246.1,107420.9,1878.458,201673138.4612
2025-06-28 08:00:00,107420.9,107443.0,107217.6,107253.5,1885.676,202360411.5422
2025-06-28 10:00:00,107253.5,107332.3,107202.1,107320.0,871.337,93462751.551
2025-06-28 12:00:00,107320.0,107327.1,107037.1,107055.1,1224.944,131283385.4084
2025-06-28 14:00:00,107055.1,107499.9,107055.0,107401.4,1323.86,142003812.6175
2025-06-28 16:00:00,107401.4,107495.3,107207.8,107420.5,1613.102,173176243.4826
2025-06-28 18:00:00,107420.5,107421.2,107161.5,107161.6,1061.519,113872769.8935
2025-06-28 20:00:00,107161.6,107297.9,107100.0,107264.8,870.23,93267342.5119
2025-06-28 22:00:00,107264.8,107335.8,107207.5,107241.0,931.834,99971374.9583
2025-06-29 00:00:00,107241.0,107444.9,107202.5,107267.6,1976.809,212256286.565
2025-06-29 02:00:00,107267.6,107301.6,107113.8,107157.1,931.115,99806446.9633
2025-06-29 04:00:00,107157.1,107269.2,107157.0,107256.0,567.556,60838920.2771
2025-06-29 06:00:00,107256.0,107350.0,107255.9,107350.0,771.22,82746472.5784
2025-06-29 08:00:00,107350.0,107926.8,107335.4,107838.1,4677.587,503700667.3338
2025-06-29 10:00:00,107838.1,108507.0,107797.5,108420.1,7214.911,780257137.029
2025-06-29 12:00:00,108420.1,108484.2,107950.6,108000.3,4023.198,435053459.1852
2025-06-29 14:00:00,108000.3,108166.7,107602.0,107693.5,4034.995,435130291.3065
2025-06-29 16:00:00,107693.5,107738.7,107222.0,107484.0,5470.765,587805032.8085
2025-06-29 18:00:00,107484.0,107649.4,107300.0,107337.0,1967.004,211417584.7677
2025-06-29 20:00:00,107337.0,107679.5,107171.2,107487.9,3235.283,347434173.4076
2025-06-29 22:00:00,107487.9,108396.7,107487.9,108314.8,8002.344,864400960.3298
2025-06-30 00:00:00,108314.8,108766.4,108203.2,108458.0,7837.927,850730978.1124
2025-06-30 02:00:00,108458.0,108617.1,108383.3,108466.6,1962.339,212902506.1416
2025-06-30 04:00:00,108466.6,108500.0,108121.5,108236.5,2909.129,315016208.9164
2025-06-30 06:00:00,108236.5,108260.1,107410.0,107552.3,7378.438,794649421.4916
2025-06-30 08:00:00,107552.3,107689.9,107382.5,107416.4,2903.981,312252783.7412
2025-06-30 10:00:00,107416.4,107904.7,107300.0,107590.9,5292.472,569634581.4267
2025-06-30 12:00:00,107590.9,107821.6,107405.7,107475.7,4350.187,468099103.1801
2025-06-30 14:00:00,107475.7,107749.4,106677.0,107517.2,16036.935,1718778102.1263
2025-06-30 16:00:00,107517.2,107769.3,107216.0,107415.9,5879.356,631937367.5049
2025-06-30 18:00:00,107415.9,107744.9,107057.9,107686.3,3260.57,350139557.6566
2025-06-30 20:00:00,107686.3,107724.5,106858.8,107061.4,2432.276,261025762.6248
2025-06-30 22:00:00,107061.4,107257.5,106953.3,107081.2,2086.563,223467709.91
2025-07-01 00:00:00,107081.2,107484.8,106957.7,107166.2,2883.134,309199492.148
2025-07-01 02:00:00,107166.2,107365.0,107016.6,107150.5,1711.495,183387532.0146
2025-07-01 04:00:00,107150.5,107158.3,106669.5,106883.0,5009.551,535228828.4231
2025-07-01 06:00:00,106883.0,107126.0,106546.0,107119.9,4848.804,517984418.2193
2025-07-01 08:00:00,107119.9,107119.9,106436.7,106491.1,4178.734,445774385.5416
2025-07-01 10:00:00,106491.1,106577.8,106233.7,106553.8,5366.343,570994407.8508
2025-07-01 12:00:00,106553.8,106846.4,106245.0,106766.9,6820.227,726692033.7179
2025-07-01 14:00:00,106766.9,107139.9,105550.0,105909.6,17893.487,1899318064.2543
2025-07-01 16:00:00,105909.6,106250.0,105779.2,106200.0,5137.91,544976127.6449
2025-07-01 18:00:00,106200.0,106221.2,105335.0,105342.3,8018.315,847172758.8824
2025-07-01 20:00:00,105342.3,106065.0,105180.3,105749.9,4845.212,511756378.6876
2025-07-01 22:00:00,105749.9,105863.3,105310.4,105634.8,3020.984,318917474.3509
2025-07-02 00:00:00,105634.8,105750.0,105058.6,105668.5,4831.963,509686489.65
2025-07-02 02:00:00,105668.5,106178.6,105483.4,106148.6,3387.077,358704077.1247
2025-07-02 04:00:00,106148.6,106625.0,106082.2,106590.8,4698.248,499685783.7565
2025-07-02 06:00:00,106590.8,107145.0,106583.2,107040.9,7421.629,793240095.5425
2025-07-02 08:00:00,107040.9,107756.7,107040.9,107594.0,8709.653,936360449.0685
2025-07-02 10:00:00,107594.0,107795.0,107273.4,107436.2,4569.478,491608172.0817
2025-07-02 12:00:00,107436.2,107998.0,107134.7,107718.0,9769.972,1050568837.9766
2025-07-02 14:00:00,107718.0,108740.0,107598.1,108712.4,15227.629,1647266651.5311
2025-07-02 16:00:00,108712.4,109740.9,108620.8,109104.5,21582.105,2357029931.1069
2025-07-02 18:00:00,109104.5,109646.3,108959.9,109631.3,4838.433,529058159.5465
2025-07-02 20:00:00,109631.3,109631.3,109069.5,109395.0,4013.268,438584480.4628
2025-07-02 22:00:00,109395.0,109466.3,108669.0,108803.0,4058.288,442342639.3217
2025-07-03 00:00:00,108803.0,109081.5,108658.6,108940.2,3198.402,348301759.3132
2025-07-03 02:00:00,108940.2,108940.3,108455.1,108592.6,3288.405,357235803.2346
2025-07-03 04:00:00,108592.6,109317.9,108510.0,109294.2,4680.188,510197254.3618
2025-07-03 06:00:00,109294.2,109512.0,109088.0,109242.1,3729.247,407639706.5762
2025-07-03 08:00:00,109242.1,110256.4,109242.1,109895.6,8936.969,981671820.0559
2025-07-03 10:00:00,109895.6,109967.0,109540.1,109551.1,4318.192,473723693.8367
2025-07-03 12:00:00,109551.1,110485.7,108704.4,110223.2,19669.447,2153852925.9677
2025-07-03 14:00:00,110223.2,110459.7,109007.1,109063.1,14311.992,1570033120.1162
2025-07-03 16:00:00,109063.1,109622.0,108955.0,109500.1,5767.426,630419560.4694
2025-07-03 18:00:00,109500.1,109868.5,109275.0,109744.1,3292.444,360909805.2858
2025-07-03 20:00:00,109744.1,109978.3,109633.8,109740.6,3264.882,358490991.1672
2025-07-03 22:00:00,109740.6,109830.0,109483.4,109540.0,1836.658,201373441.068
2025-07-04 00:00:00,109540.0,109725.3,109312.8,109450.7,2146.76,235094114.7025
2025-07-04 02:00:00,109450.7,109450.7,109058.0,109186.9,3213.744,350950438.6887
2025-07-04 04:00:00,109186.9,109285.6,108884.0,108962.0,3373.413,367805198.9366
2025-07-04 06:00:00,108962.0,109089.0,108650.0,108650.0,4353.262,473745079.6787
2025-07-04 08:00:00,108650.0,109011.5,108456.0,108932.6,5226.539,568352811.8467
2025-07-04 10:00:00,108932.6,109042.0,108780.8,108826.0,2247.915,244850615.8601
2025-07-04 12:00:00,108826.0,108914.5,107892.0,107916.4,9361.55,1014262238.6387
2025-07-04 14:00:00,107916.4,108069.9,107452.3,107552.9,15445.293,1664491063.5267
2025-07-04 16:00:00,107552.9,107898.5,107300.0,107844.7,7205.345,775160582.2009
2025-07-04 18:00:00,107844.7,107849.3,107220.3,107453.9,4404.879,473511007.7109
2025-07-04 20:00:00,107453.9,107919.5,107408.8,107880.0,3141.076,338277040.2335
2025-07-04 22:00:00,107880.0,108223.9,107845.1,107947.4,3516.196,379946797.9688
2025-07-05 00:00:00,107947.4,108178.2,107839.2,107946.7,1718.264,185557649.2978
2025-07-05 02:00:00,107946.7,108229.9,107685.9,108107.1,2427.376,262194728.8252
2025-07-05 04:00:00,108107.1,108429.2,107944.9,108094.4,2710.09,293093304.1446
2025-07-05 06:00:00,108094.4,108252.1,107934.8,108008.7,1639.519,177248513.4853
2025-07-05 08:00:00,108008.7,108084.5,107809.9,108033.3,1929.271,208223890.4856
2025-07-05 10:00:00,108033.3,108172.9,108006.1,108055.9,929.769,100499787.1812
2025-07-05 12:00:00,108055.9,108191.6,107911.0,108080.2,1128.539,121937293.4019
2025-07-05 14:00:00,108080.2,108182.6,108000.0,108017.2,865.782,93588293.9626
2025-07-05 16:00:00,108017.2,108112.4,107820.8,108035.3,1680.877,181444161.0951
2025-07-05 18:00:00,108035.3,108120.0,107897.9,108096.4,1181.1,127546250.7192
2025-07-05 20:00:00,108096.4,108118.7,107939.7,108033.4,829.48,89617737.8312
2025-07-05 22:00:00,108033.4,108179.0,108003.0,108144.4,746.149,80678188.8019
2025-07-06 00:00:00,108144.4,108199.9,108016.1,108151.3,996.306,107717435.9788
2025-07-06 02:00:00,108151.3,108200.0,107961.7,107999.7,990.977,107089331.5966
2025-07-06 04:00:00,107999.7,108054.8,107888.0,107943.2,970.858,104803339.5208
2025-07-06 06:00:00,107943.2,108168.0,107912.8,107988.8,1316.186,142213945.152
2025-07-06 08:00:00,107988.8,108018.0,107762.6,107810.3,1637.681,176707675.4772
2025-07-06 10:00:00,107810.3,108080.0,107767.1,108028.8,1567.789,169214274.7916
2025-07-06 12:00:00,108028.8,109088.6,108000.0,108731.5,8322.071,903576403.3344
2025-07-06 14:00:00,108731.5,109000.0,108560.1,108860.0,4724.803,513998454.1893
2025-07-06 16:00:00,108860.0,108920.0,108654.9,108875.9,1626.586,176961777.5088
2025-07-06 18:00:00,108875.9,108891.8,108225.7,108498.1,4905.2,532010396.166
2025-07-06 20:00:00,108498.1,109685.0,108484.7,109165.9,8138.775,888207629.7471
2025-07-06 22:00:00,109165.9,109491.3,108902.9,109160.5,4275.059,466840276.7955
2025-07-07 00:00:00,109160.5,109250.0,108612.0,108977.0,4348.567,473596124.1761
2025-07-07 02:00:00,108977.0,109681.4,108977.0,109355.1,4481.876,490354858.0212
2025-07-07 04:00:00,109355.1,109423.6,108970.7,109029.7,2150.686,234740345.8926
2025-07-07 06:00:00,109029.7,109122.0,108573.5,109015.1,3817.577,415498386.1494
2025-07-07 08:00:00,109015.1,109048.4,108704.4,108807.7,2736.298,297919072.0997
2025-07-07 10:00:00,108807.7,108862.2,108525.0,108593.9,2611.647,283854692.0204
2025-07-07 12:00:00,108593.9,108594.0,107896.8,108474.9,9279.695,1004669804.519
2025-07-07 14:00:00,108474.9,108625.5,107908.0,108244.4,7795.063,843992236.0454
2025-07-07 16:00:00,108244.4,108455.9,107730.6,107892.0,7031.754,759659136.1957
2025-07-07 18:00:00,107892.0,108271.3,107449.6,107990.0,5716.492,616337699.8303
2025-07-07 20:00:00,107990.0,108150.0,107714.2,108104.9,3135.96,338388101.7452
2025-07-07 22:00:00,108104.9,108249.4,107902.8,108200.0,1879.862,203158648.5751
2025-07-08 00:00:00,108200.0,108482.3,107616.6,107630.9,5823.95,629830087.8297
2025-07-08 02:00:00,107630.9,107960.0,107369.7,107850.1,5139.37,553414808.2119
2025-07-08 04:00:00,107850.1,108184.3,107691.5,108160.0,2483.263,268097390.1469
2025-07-08 06:00:00,108160.0,108443.8,108078.7,108427.9,2757.818,298597714.8699
2025-07-08 08:00:00,108427.9,108477.4,108181.0,108411.1,2771.907,300312273.6598
2025-07-08 10:00:00,108411.1,108977.6,108357.2,108718.1,5996.94,652032586.7521
2025-07-08 12:00:00,108718.1,109188.0,108566.8,108972.6,6700.732,729626303.6031
2025-07-08 14:00:00,108972.6,109023.8,108140.2,108202.7,11519.287,1249479764.1022
2025-07-08 16:00:00,108202.7,109056.1,108029.9,108949.2,7755.109,842387911.3749
2025-07-08 18:00:00,108949.2,109126.2,108677.7,108728.6,4191.175,456641415.9537
2025-07-08 20:00:00,108728.6,108931.4,108567.0,108848.0,2004.272,217979561.7336
2025-07-08 22:00:00,108848.0,108931.5,108760.0,108881.9,1398.983,152283107.5814
2025-07-09 00:00:00,108881.9,109093.0,108666.0,108732.3,2468.005,268669981.1803
2025-07-09 02:00:00,108732.3,108805.5,108284.8,108312.6,2253.638,244528538.9535
2025-07-09 04:00:00,108312.6,108900.0,108263.4,108729.4,3752.746,407597217.343
2025-07-09 06:00:00,108729.4,108842.6,108621.3,108671.7,1509.311,164090597.3309
2025-07-09 08:00:00,108671.7,108812.3,108527.3,108707.3,1800.625,195689880.8842
2025-07-09 10:00:00,108707.3,109090.0,108657.0,109018.9,2771.02,301854171.5484
2025-07-09 12:00:00,109018.9,109746.0,108935.3,109144.4,11060.795,1210212398.0544
2025-07-09 14:00:00,109144.4,109437.0,108447.8,109009.9,10742.892,1169586803.6734
2025-07-09 16:00:00,109009.9,109437.6,108968.8,109106.1,4692.457,512414591.8027
2025-07-09 18:00:00,109106.1,111999.0,109073.1,111702.6,23503.866,2601542396.1723
2025-07-09 20:00:00,111702.6,111914.2,110530.0,110788.1,13133.62,1459870304.384
2025-07-09 22:00:00,110788.1,111485.0,110785.0,111209.7,5011.758,557589473.832
2025-07-10 00:00:00,111209.7,111322.1,110832.8,111155.8,3259.336,362072148.2081
2025-07-10 02:00:00,111155.8,111524.7,110931.7,111025.8,2774.64,308503114.6089
2025-07-10 04:00:00,111025.8,111146.3,110863.1,111043.6,2724.601,302436399.1844
2025-07-10 06:00:00,111043.6,111421.2,111041.0,111190.8,4054.491,450846683.7956
2025-07-10 08:00:00,111190.8,111366.0,110956.0,110993.7,2106.936,234184888.0335
2025-07-10 10:00:00,110993.7,111136.1,110825.0,110979.5,2353.802,261220310.0357
2025-07-10 12:00:00,110979.5,110996.6,110450.9,110761.9,5928.347,656631678.4807
2025-07-10 14:00:00,110761.9,111379.2,110592.3,111359.2,6788.152,753908938.4367
2025-07-10 16:00:00,111359.2,113789.3,111293.8,113692.8,27097.604,3054909725.6611
2025-07-10 18:00:00,113692.8,113715.8,112960.0,113247.4,9377.614,1062671152.7218
2025-07-10 20:00:00,113247.4,117896.7,113220.0,116458.2,34914.507,4037597820.492
2025-07-10 22:00:00,116458.2,116485.5,115617.4,115990.1,8787.029,1019269385.7573
2025-07-11 00:00:00,115990.1,116071.6,115200.0,115952.7,5413.905,626010750.5123
2025-07-11 02:00:00,115952.7,116941.4,115685.3,116853.2,6552.627,763096478.8665
2025-07-11 04:00:00,116853.2,118387.0,116461.1,117832.0,15917.31,1870236510.4919
2025-07-11 06:00:00,117832.0,118386.4,117436.6,117554.6,9926.911,1170111987.7423
2025-07-11 08:00:00,117554.6,118849.9,117554.5,118448.7,8346.752,987357525.2586
2025-07-11 10:00:00,118448.7,118448.7,117594.8,117801.6,6759.368,797636249.9647
2025-07-11 12:00:00,117801.6,118224.9,117253.8,117977.9,8718.625,1026383168.7688
2025-07-11 14:00:00,117977.9,118166.7,116727.4,116908.7,10466.129,1229586935.8526
2025-07-11 16:00:00,116908.7,117758.9,116600.8,117623.6,7943.328,930979696.2448
2025-07-11 18:00:00,117623.6,118117.7,117290.0,118079.2,5513.444,649349588.7889
2025-07-11 20:00:00,118079.2,118079.3,117415.8,117590.0,3963.334,466593922.4142
2025-07-11 22:00:00,117590.0,117643.8,117114.1,117508.8,3367.136,395477394.0008
2025-07-12 00:00:00,117508.8,117669.6,117101.9,117618.0,2752.34,323173294.9439
2025-07-12 02:00:00,117618.0,117820.0,117531.4,117752.5,1519.323,178820554.6746
2025-07-12 04:00:00,117752.5,117843.8,117456.2,117641.0,1353.298,159196488.8182
2025-07-12 06:00:00,117641.0,118035.2,117562.0,117683.9,2388.585,281389834.0779
2025-07-12 08:00:00,117683.9,118195.1,117663.0,118123.9,3445.327,406357937.7755
2025-07-12 10:00:00,118123.9,118123.9,117580.0,117772.2,4331.352,510571115.9391
2025-07-12 12:00:00,117772.2,117825.8,117190.0,117472.1,5870.564,689453895.2554
2025-07-12 14:00:00,117472.1,117701.7,116868.1,117066.3,6202.819,727326932.831
2025-07-12 16:00:00,117066.3,117520.7,117007.3,117436.8,2558.073,300003507.0357
2025-07-12 18:00:00,117436.8,117601.4,117327.9,117511.2,1522.316,178813834.4375
2025-07-12 20:00:00,117511.2,117515.0,116940.0,117445.1,2223.299,260641172.7205
2025-07-12 22:00:00,117445.1,117518.9,117154.3,117369.9,1088.733,127737557.266
2025-07-13 00:00:00,117369.9,117623.6,117173.3,117510.4,2183.061,256302993.1715
2025-07-13 02:00:00,117510.4,117787.9,117352.3,117706.6,1726.977,203098564.1532
2025-07-13 04:00:00,117706.6,117861.4,117627.1,117717.0,1251.325,147371314.3525
2025-07-13 06:00:00,117717.0,118023.0,117689.8,117950.8,1890.132,222845966.7823
2025-07-13 08:00:00,117950.8,117963.2,117653.1,117695.5,1641.533,193363285.7926
2025-07-13 10:00:00,117695.5,118054.5,117687.0,118029.9,1577.941,186021900.9583
2025-07-13 12:00:00,118029.9,118749.7,117929.6,118556.2,9036.577,1069512402.5977
2025-07-13 14:00:00,118556.2,119390.4,118293.3,118623.0,12683.887,1507909444.1745
2025-07-13 16:00:00,118623.0,118941.6,118320.0,118631.9,3621.182,429712659.3008
2025-07-13 18:00:00,118631.9,119474.9,118520.0,118918.6,4561.515,543140016.6649
2025-07-13 20:00:00,118918.6,119347.8,118430.0,118599.0,3475.83,413161899.2585
2025-07-13 22:00:00,118599.0,119175.6,118168.2,119050.2,3922.107,465272644.1039
2025-07-14 00:00:00,119050.2,119442.3,118859.2,119054.9,4199.419,500190325.6605
2025-07-14 02:00:00,119054.9,121600.0,118926.1,120725.0,20706.549,2492941003.1055
2025-07-14 04:00:00,120725.0,122685.1,120509.2,122446.2,19586.196,2383585026.7482
2025-07-14 06:00:00,122446.2,123250.0,122018.1,122741.2,10723.784,1314243887.1428
2025-07-14 08:00:00,122741.2,122758.0,121850.0,121990.2,7527.181,920490120.6017
2025-07-14 10:00:00,121990.2,122169.3,121350.0,121480.1,6698.751,815557234.7462
2025-07-14 12:00:00,121480.1,122100.0,121160.0,121680.1,7825.752,952319909.602
2025-07-14 14:00:00,121680.1,121958.6,119609.8,119889.3,18453.199,2226456012.0229
2025-07-14 16:00:00,119889.3,120535.9,119232.4,119921.8,12390.125,1485676555.022
2025-07-14 18:00:00,119921.8,120200.5,119601.0,119950.0,4139.84,496215172.5055
2025-07-14 20:00:00,119950.0,120458.8,119501.6,120018.1,4609.987,553567703.7172
2025-07-14 22:00:00,120018.1,120312.1,119765.3,119841.6,2105.004,252606113.0914
2025-07-15 00:00:00,119841.6,119946.6,118329.9,118477.4,10581.012,1260843480.6418
2025-07-15 02:00:00,118477.4,118870.0,116880.0,117210.2,20561.255,2422126047.3103
2025-07-15 04:00:00,117210.2,117800.0,116302.4,117351.9,13144.05,1539605327.0099
2025-07-15 06:00:00,117351.9,117351.9,116404.1,116822.5,9205.608,1076502012.7934
2025-07-15 08:00:00,116822.5,117246.2,116114.6,116799.9,7377.098,861645348.8542
2025-07-15 10:00:00,116799.9,117242.5,116340.4,117150.4,6976.059,815159509.0926
2025-07-15 12:00:00,117150.4,118510.5,116395.0,118108.4,21015.296,2469606774.1183
2025-07-15 14:00:00,118108.4,118484.0,115750.0,116430.6,22977.656,2680887766.2729
2025-07-15 16:00:00,116430.6,117758.1,116395.2,117420.7,11438.271,1340918273.5064
2025-07-15 18:00:00,117420.7,117444.0,116047.2,116430.2,9517.133,1110470250.1358
2025-07-15 20:00:00,116430.2,117600.0,116161.3,117573.8,5968.323,697570218.1257
2025-07-15 22:00:00,117573.8,117999.8,117244.7,117745.7,5554.3,653500959.7274
2025-07-16 00:00:00,117745.7,118250.0,117412.0,117746.2,4062.469,478793443.6727
2025-07-16 02:00:00,117746.2,117785.9,117031.0,117500.0,3399.054,398924299.8914
2025-07-16 04:00:00,117500.0,118053.9,117264.3,117871.6,4088.65,481469327.3593
2025-07-16 06:00:00,117871.6,118307.7,117750.0,118200.0,2824.238,333700580.056
2025-07-16 08:00:00,118200.0,119231.7,118130.0,119207.2,7487.182,889526024.5462
2025-07-16 10:00:00,119207.2,119327.4,118641.5,118776.1,4151.414,493807755.2382
2025-07-16 12:00:00,118776.1,119121.3,118127.9,118672.9,11507.737,1365303132.2844
2025-07-16 14:00:00,118672.9,119778.5,118200.6,119067.4,19400.692,2307817453.6955
2025-07-16 16:00:00,119067.4,119683.8,118432.2,119064.1,8985.537,1070590287.5587
2025-07-16 18:00:00,119064.1,119928.6,118816.3,119230.0,8688.338,1036942253.9698
2025-07-16 20:00:00,119230.0,120114.6,118934.0,119292.0,6809.598,814939428.0588
2025-07-16 22:00:00,119292.0,119492.8,118409.1,118626.3,4874.03,579377500.3555
2025-07-17 00:00:00,118626.3,119173.2,117662.2,118130.1,6963.389,824065636.225
2025-07-17 02:00:00,118130.1,118510.0,117716.1,118089.6,4893.58,577988491.0932
2025-07-17 04:00:00,118089.6,118637.4,117931.6,118576.3,3817.475,451811474.5271
2025-07-17 06:00:00,118576.3,118781.7,117809.9,118319.9,5813.609,687768958.1913
2025-07-17 08:00:00,118319.9,119246.4,118086.6,118802.2,7039.57,835619719.4662
2025-07-17 10:00:00,118802.2,118916.0,117982.1,118001.0,5290.501,626189835.8813
2025-07-17 12:00:00,118001.0,118475.0,117449.9,118299.8,11117.231,1310520557.3187
2025-07-17 14:00:00,118299.8,119145.3,118167.5,118911.2,8817.889,1046278804.6831
2025-07-17 16:00:00,118911.2,119424.6,118364.0,119313.0,5701.746,677294606.9341
2025-07-17 18:00:00,119313.0,119944.5,118854.8,119000.0,6494.718,776371056.5952
2025-07-17 20:00:00,119000.0,121044.0,118423.5,120318.0,19256.133,2311190466.3723
2025-07-17 22:00:00,120318.0,120764.0,119180.0,119218.7,9265.819,1111595944.6111
2025-07-18 00:00:00,119218.7,120844.7,119028.2,120400.6,8780.001,1053336697.9598
2025-07-18 02:00:00,120400.6,120537.6,119913.2,120257.9,4578.71,550290904.632
2025-07-18 04:00:00,120257.9,120694.0,119782.5,120640.6,5353.227,644262226.2644
2025-07-18 06:00:00,120640.6,120896.9,119355.0,119420.0,6506.311,780736302.1323
2025-07-18 08:00:00,119420.0,119534.5,118444.0,118935.7,9319.069,1108018514.4634
2025-07-18 10:00:00,118935.7,119336.4,118560.9,119222.7,4534.328,539476276.6487
2025-07-18 12:00:00,119222.7,119574.4,118526.6,118828.2,9027.55,1074218673.3692
2025-07-18 14:00:00,118828.2,119322.9,117311.7,117866.2,20601.891,2431651348.0647
2025-07-18 16:00:00,117866.2,118078.0,117351.8,117612.1,5349.006,629580038.7337
2025-07-18 18:00:00,117612.1,117899.0,117133.0,117380.8,6087.056,715173887.8137
2025-07-18 20:00:00,117380.8,117891.3,116822.1,117691.3,7530.32,883017632.184
2025-07-18 22:00:00,117691.3,118017.3,117410.6,117930.1,3135.707,369287633.267
2025-07-19 00:00:00,117930.1,118133.1,117630.8,118056.2,2732.479,322216616.5061
2025-07-19 02:00:00,118056.2,118398.5,117952.0,118349.6,2163.477,255720852.905
2025-07-19 04:00:00,118349.6,118379.0,118030.8,118220.5,1666.089,196938135.7293
2025-07-19 06:00:00,118220.5,118339.3,118076.6,118175.8,1377.99,162891815.1223
2025-07-19 08:00:00,118175.8,118338.9,117935.6,118241.0,2191.125,258887433.4991
2025-07-19 10:00:00,118241.0,118523.7,118176.1,118330.4,2428.192,287460104.4676
2025-07-19 12:00:00,118330.4,118345.7,118071.3,118200.0,2268.756,268221031.7999
2025-07-19 14:00:00,118200.0,118256.1,117612.0,118058.2,5009.155,590975872.2558
2025-07-19 16:00:00,118058.2,118186.3,117737.7,117807.5,2396.2,282677915.8627
2025-07-19 18:00:00,117807.5,118164.8,117580.8,118005.8,1904.801,224596759.6339
2025-07-19 20:00:00,118005.8,118176.4,117237.7,117699.0,4137.251,486777750.7273
2025-07-19 22:00:00,117699.0,118022.6,117519.6,117842.1,2103.553,247789493.0566
2025-07-20 00:00:00,117842.1,118142.9,117659.3,117941.0,1819.472,214580358.5805
2025-07-20 02:00:00,117941.0,118186.8,117751.6,117975.4,2269.056,267689239.1886
2025-07-20 04:00:00,117975.4,118149.8,117814.6,117866.5,1103.012,130117987.4506
2025-07-20 06:00:00,117866.5,118254.4,117772.4,118052.4,1576.682,186104947.2235
2025-07-20 08:00:00,118052.4,118328.1,117938.4,117953.4,2607.356,308164952.1866
2025-07-20 10:00:00,117953.4,118137.6,117860.2,117925.4,2080.985,245486940.701
2025-07-20 12:00:00,117925.4,118440.0,117745.4,118423.3,3768.2,445053781.6321
2025-07-20 14:00:00,118423.3,118916.0,118303.1,118722.6,7035.724,834513179.9539
2025-07-20 16:00:00,118722.6,118931.0,118000.0,118058.1,5807.789,687862164.1998
2025-07-20 18:00:00,118058.1,118632.5,118058.1,118197.0,1948.561,230624953.9486
2025-07-20 20:00:00,118197.0,118301.9,117868.1,118036.7,3268.892,385969135.5221
2025-07-20 22:00:00,118036.7,118077.8,116455.6,117290.4,12860.546,1507095149.6275
2025-07-21 00:00:00,117290.4,117483.3,116550.0,117329.6,6154.992,720330023.2794
2025-07-21 02:00:00,117329.6,118649.8,117329.5,118429.2,6781.584,801591758.0054
2025-07-21 04:00:00,118429.2,118704.5,118200.0,118451.5,2251.114,266621897.6069
2025-07-21 06:00:00,118451.5,119750.0,118300.1,119420.0,8619.185,1027068468.4099
2025-07-21 08:00:00,119420.0,119548.0,118593.1,118742.4,5148.492,612811738.5131
2025-07-21 10:00:00,118742.4,118862.8,118108.9,118118.7,4402.386,521828826.3022
2025-07-21 12:00:00,118118.7,119176.9,117809.4,118894.2,9003.685,1066517876.9653
2025-07-21 14:00:00,118894.2,119300.0,118250.0,118377.8,8116.525,964431336.7705
2025-07-21 16:00:00,118377.8,118459.4,117380.0,117899.6,11706.75,1379536577.0325
2025-07-21 18:00:00,117899.6,118239.3,116677.4,116796.9,10978.343,1288971534.1033
2025-07-21 20:00:00,116796.9,117393.6,116652.0,117232.3,4534.096,530842814.7549
2025-07-21 22:00:00,117232.3,117669.6,117134.4,117393.0,2785.477,326982612.4176
2025-07-22 00:00:00,117393.0,117988.0,116123.0,117777.0,10905.433,1276742354.6728
2025-07-22 02:00:00,117777.0,117849.4,116714.3,117235.1,5860.136,687038655.6456
2025-07-22 04:00:00,117235.1,117384.7,116562.6,117370.1,6094.336,713374310.7864
2025-07-22 06:00:00,117370.1,118620.1,117291.8,118027.4,8446.709,996803808.1733
2025-07-22 08:00:00,118027.4,118703.0,117517.7,118408.6,6409.432,756803714.5173
2025-07-22 10:00:00,118408.6,119250.0,118323.2,119199.1,5988.604,711838620.1745
2025-07-22 12:00:00,119199.1,119649.9,118093.0,118200.1,11393.35,1356466314.1022
2025-07-22 14:00:00,118200.1,119237.5,117601.2,118962.1,11062.786,1311666614.7202
2025-07-22 16:00:00,118962.1,119439.7,118451.8,119260.1,6542.777,778708718.3109
2025-07-22 18:00:00,119260.1,120297.1,119115.4,119333.3,9507.106,1137602835.9361
2025-07-22 20:00:00,119333.3,119996.2,119255.0,119465.2,3996.261,478337020.9342
2025-07-22 22:00:00,119465.2,120321.0,119465.2,120043.6,3721.672,446714410.0976
2025-07-23 00:00:00,120043.6,120194.7,119485.7,119578.8,3627.927,434523123.497
2025-07-23 02:00:00,119578.8,119623.7,118582.4,118675.1,5510.331,656083134.6265
2025-07-23 04:00:00,118675.1,119055.7,118623.0,118682.0,3739.582,444292515.7517
2025-07-23 06:00:00,118682.0,118769.3,118311.9,118398.9,3806.366,451128157.4651
2025-07-23 08:00:00,118398.9,118601.5,117930.2,118065.1,5701.601,674150229.1291
2025-07-23 10:00:00,118065.1,118661.6,117850.0,118558.0,6634.046,784743505.8616
2025-07-23 12:00:00,118558.0,118675.0,117322.0,117366.8,12473.347,1470878282.0369
2025-07-23 14:00:00,117366.8,118748.6,117300.0,118589.2,8691.925,1025774386.9711
2025-07-23 16:00:00,118589.2,118589.2,117309.4,118134.6,9205.334,1084374510.6449
2025-07-23 18:00:00,118134.6,118480.7,117986.6,118397.8,3626.731,428982908.2777
2025-07-23 20:00:00,118397.8,118500.0,117357.7,118187.0,7262.35,856239626.2228
2025-07-23 22:00:00,118187.0,118771.5,117927.0,118743.4,4001.468,474209304.8976
2025-07-24 00:00:00,118743.4,119144.2,118554.0,119096.4,4300.246,511470345.3986
2025-07-24 02:00:00,119096.4,119279.7,118479.5,118513.1,4385.362,521570803.7484
2025-07-24 04:00:00,118513.1,118571.3,117453.2,117582.2,7540.087,889054016.5855
2025-07-24 06:00:00,117582.2,118484.3,117050.1,118398.0,9574.04,1127197588.6164
2025-07-24 08:00:00,118398.0,118821.0,118208.8,118494.9,5558.223,659090216.3544
2025-07-24 10:00:00,118494.9,118750.0,117944.8,118613.5,6658.338,788229682.8411
2025-07-24 12:00:00,118613.5,118745.0,118200.0,118204.6,4680.656,554730432.5872
2025-07-24 14:00:00,118204.6,119492.9,117815.8,119121.2,11590.073,1376981614.8595
2025-07-24 16:00:00,119121.2,119333.0,118360.0,119140.0,5658.687,672551062.7343
2025-07-24 18:00:00,119140.0,119427.2,118880.1,118953.7,3707.769,441786644.5999
2025-07-24 20:00:00,118953.7,119004.3,118487.0,118530.0,2610.609,310044315.0937
2025-07-24 22:00:00,118530.0,118632.9,118150.4,118328.0,2681.98,317422191.7634
2025-07-25 00:00:00,118328.0,118440.3,117176.7,117337.5,8910.736,1048386454.4045
2025-07-25 02:00:00,117337.5,117369.9,115297.7,115400.1,21839.936,2536659939.7463
2025-07-25 04:00:00,115400.1,116107.2,115090.0,115514.0,15196.007,1756203633.1583
2025-07-25 06:00:00,115514.0,115989.8,114710.0,115329.5,12263.962,1413404887.923
2025-07-25 08:00:00,115329.5,116067.7,115045.6,116062.0,10533.622,1217135352.1783
2025-07-25 10:00:00,116062.0,116793.1,116004.9,116544.9,8319.38,968503863.1579
2025-07-25 12:00:00,116544.9,116675.8,115572.0,116247.9,10828.575,1257474027.1809
2025-07-25 14:00:00,116247.9,116323.6,114905.0,115734.4,11293.925,1303733738.7988
2025-07-25 16:00:00,115734.4,116368.3,115455.5,116029.1,5572.507,646379187.3881
2025-07-25 18:00:00,116029.1,117014.7,116029.0,116679.5,6433.114,750224028.2599
2025-07-25 20:00:00,116679.5,117391.0,116572.8,117226.6,6665.689,780349060.1132
2025-07-25 22:00:00,117226.6,117642.8,117119.5,117616.3,3355.312,393758979.9551
2025-07-26 00:00:00,117616.3,117623.2,117150.0,117156.0,2458.59,288664658.4039
2025-07-26 02:00:00,117156.0,117750.0,117155.9,117469.2,2498.361,293639684.309
2025-07-26 04:00:00,117469.2,117542.7,117376.9,117435.4,1183.58,139027924.1544
2025-07-26 06:00:00,117435.4,117454.6,117307.9,117322.8,1545.276,181342957.8646
2025-07-26 08:00:00,117322.8,117618.4,117322.8,117571.0,1396.784,164112165.6883
2025-07-26 10:00:00,117571.0,118252.1,117507.7,117755.6,5227.173,616434746.0748
2025-07-26 12:00:00,117755.6,118226.2,117745.0,118121.0,3476.954,410401422.3291
2025-07-26 14:00:00,118121.0,118209.8,117823.7,118141.5,2152.017,254004383.8548
2025-07-26 16:00:00,118141.5,118244.4,117986.4,118024.6,1714.754,202509977.5674
2025-07-26 18:00:00,118024.6,118333.4,117940.3,118235.2,1400.295,165422752.6991
2025-07-26 20:00:00,118235.2,118235.3,117873.6,118020.9,1454.374,171583176.8385
2025-07-26 22:00:00,118020.9,118281.5,117857.5,117898.8,1722.852,203352211.3064
2025-07-27 00:00:00,117898.8,118188.0,117807.6,118076.0,1426.399,168296623.5042
2025-07-27 02:00:00,118076.0,118425.6,117995.2,118174.7,2731.113,322885704.3395
2025-07-27 04:00:00,118174.7,118303.7,118130.4,118289.3,1027.496,121475565.7899
2025-07-27 06:00:00,118289.3,118443.7,118055.3,118117.0,1862.816,220231198.1859
2025-07-27 08:00:00,118117.0,118142.4,117850.1,117939.9,1632.713,192615748.9062
2025-07-27 10:00:00,117939.9,118297.7,117939.9,118070.3,2166.097,255936639.6716
2025-07-27 12:00:00,118070.3,118219.9,117876.8,118205.9,1607.583,189800492.2533
2025-07-27 14:00:00,118205.9,118640.3,118140.8,118586.8,4301.733,509372531.7079
2025-07-27 16:00:00,118586.8,119600.0,118586.7,119208.9,9906.989,1180586153.2225
2025-07-27 18:00:00,119208.9,119401.0,118895.9,118978.8,1934.479,230394896.2083
2025-07-27 20:00:00,118978.8,119294.9,118730.8,119287.8,2143.862,255069109.8406
2025-07-27 22:00:00,119287.8,119784.0,119144.6,119429.9,4818.259,576051559.3089
2025-07-28 00:00:00,119429.9,119718.6,118950.0,119044.1,3099.702,369775909.5462
2025-07-28 02:00:00,119044.1,119844.9,119017.9,119287.6,3215.768,384315280.6848
2025-07-28 04:00:00,119287.6,119699.1,119121.5,119528.5,2044.502,244022790.3212
2025-07-28 06:00:00,119528.5,119610.0,118753.0,118885.8,4130.509,491747591.0417
2025-07-28 08:00:00,118885.8,119104.4,118706.8,118921.4,2858.829,339921513.8379
2025-07-28 10:00:00,118921.4,118965.3,118435.7,118810.6,3491.308,414377363.2681
2025-07-28 12:00:00,118810.6,119092.0,118227.1,118429.5,8052.117,955540036.4515
2025-07-28 14:00:00,118429.5,118691.8,117874.0,118160.0,9799.488,1157997811.7147
2025-07-28 16:00:00,118160.0,118376.8,117623.4,117666.0,5252.215,619301318.1007
2025-07-28 18:00:00,117666.0,118255.9,117401.5,118070.0,7077.314,833546085.3468
2025-07-28 20:00:00,118070.0,118346.7,117480.0,118121.8,3697.95,436063914.496
2025-07-28 22:00:00,118121.8,118278.5,117745.6,118068.9,2517.318,297084634.3519
2025-07-29 00:00:00,118068.9,118467.8,117521.1,117767.1,4541.428,536068430.0157
2025-07-29 02:00:00,117767.1,118820.7,117434.0,118761.9,5059.744,597825547.0143
2025-07-29 04:00:00,118761.9,118849.9,118406.2,118802.4,2697.921,320143821.8412
2025-07-29 06:00:00,118802.4,119300.0,118722.0,118889.8,4191.887,498666103.1986
2025-07-29 08:00:00,118889.8,119083.9,118757.8,118778.9,2572.024,305851410.5247
2025-07-29 10:00:00,118778.9,118833.0,118117.9,118602.1,4101.506,485874876.0264
2025-07-29 12:00:00,118602.1,119127.5,118452.3,118620.0,5588.284,664028889.1958
2025-07-29 14:00:00,118620.0,118640.0,117240.0,117372.2,11307.662,1332051025.3201
2025-07-29 16:00:00,117372.2,118045.8,116912.6,117766.0,8806.495,1034692233.9613
2025-07-29 18:00:00,117766.0,118012.8,117387.0,117523.6,3504.664,412345954.9679
2025-07-29 20:00:00,117523.6,117891.2,117055.6,117589.3,7136.357,837331357.2574
2025-07-29 22:00:00,117589.3,117982.7,117424.8,117923.3,2074.561,244264494.8251
2025-07-30 00:00:00,117923.3,118008.6,117371.4,117832.0,2585.517,304315278.7901
2025-07-30 02:00:00,117832.0,118234.0,117757.7,118130.0,2155.168,254357496.1795
2025-07-30 04:00:00,118130.0,118254.4,117643.1,117973.2,2427.416,286327799.7947
2025-07-30 06:00:00,117973.2,118389.2,117973.1,118103.2,2465.637,291473118.8335
2025-07-30 08:00:00,118103.2,118465.8,117912.3,118122.0,3620.459,427863309.6083
2025-07-30 10:00:00,118122.0,118390.0,117266.4,117542.3,5675.311,668790082.2509
2025-07-30 12:00:00,117542.3,117894.6,117310.9,117640.2,7014.534,824987345.9216
2025-07-30 14:00:00,117640.2,118769.0,117580.7,117991.7,7456.254,881447876.3444
2025-07-30 16:00:00,117991.7,118033.4,117600.8,117756.3,3067.708,361315589.9968
2025-07-30 18:00:00,117756.3,118029.0,115738.1,116873.2,23456.746,2735536692.481
2025-07-30 20:00:00,116873.2,117312.7,116828.6,117300.2,4781.273,559961871.9611
2025-07-30 22:00:00,117300.2,117921.1,117204.1,117781.6,3618.807,425310180.0499
2025-07-31 00:00:00,117781.6,118512.2,117740.6,118024.6,5585.608,660174815.8617
2025-07-31 02:00:00,118024.6,118580.0,117930.4,118444.4,2948.506,348967385.8105
2025-07-31 04:00:00,118444.4,118531.9,118298.0,118327.8,1754.852,207789759.467
2025-07-31 06:00:00,118327.8,118900.0,118257.6,118646.6,3612.283,428579250.3279
2025-07-31 08:00:00,118646.6,118739.2,118450.0,118582.5,2243.836,266044094.2986
2025-07-31 10:00:00,118582.5,118707.0,118275.5,118346.9,2445.916,289801499.4575
2025-07-31 12:00:00,118346.9,118663.3,117773.9,118537.2,7766.95,918766557.0465
2025-07-31 14:00:00,118537.2,118627.8,117842.7,118273.2,5986.36,707222732.9473
2025-07-31 16:00:00,118273.2,118860.0,117666.9,117710.0,8281.081,979192119.4762
2025-07-31 18:00:00,117710.0,117957.8,116685.5,116709.3,11050.524,1296352367.0951
2025-07-31 20:00:00,116709.3,116940.0,116172.5,116472.0,8607.3,1003213178.6469
2025-07-31 22:00:00,116472.0,116472.0,115368.6,115680.1,11085.845,1285232890.5993
2025-08-01 00:00:00,115680.1,115884.2,114240.0,115257.3,17676.215,2033632646.8342
2025-08-01 02:00:00,115257.3,115999.9,115158.2,115590.1,4505.0,521181529.4598
2025-08-01 04:00:00,115590.1,115857.2,115200.1,115503.0,4391.052,507072331.4238
2025-08-01 06:00:00,115503.0,115591.7,114542.0,115012.4,7339.7,843704088.4731
2025-08-01 08:00:00,115012.4,115295.2,114013.0,114886.7,10364.211,1188869712.4735
2025-08-01 10:00:00,114886.7,115316.1,114537.7,115239.2,4409.742,506780815.8837
2025-08-01 12:00:00,115239.2,115950.0,114116.6,114284.5,13232.668,1524263151.4781
2025-08-01 14:00:00,114284.5,115777.2,113849.5,115288.0,16594.857,1908976726.3904
2025-08-01 16:00:00,115288.0,115659.3,114300.0,114387.0,8904.83,1023708086.4615
2025-08-01 18:00:00,114387.0,114463.9,113153.9,113283.6,17421.647,1981521337.4627
2025-08-01 20:00:00,113283.6,114055.5,113140.0,113838.3,6711.63,762451526.0431
2025-08-01 22:00:00,113838.3,113970.8,112692.8,113248.9,11329.556,1281960268.5609
2025-08-02 00:00:00,113248.9,113884.0,113150.0,113612.0,3633.169,412541189.1115
2025-08-02 02:00:00,113612.0,113921.5,113469.0,113863.1,2039.352,231928381.8165
2025-08-02 04:00:00,113863.1,114011.4,113800.0,113939.2,2704.864,308152776.8501
2025-08-02 06:00:00,113939.2,113977.5,113438.3,113934.6,3546.728,403254691.2039
2025-08-02 08:00:00,113934.6,113998.0,113533.4,113658.6,2298.137,261408367.7664
2025-08-02 10:00:00,113658.6,113886.6,113359.1,113755.2,2838.668,322446799.3207
2025-08-02 12:00:00,113755.2,113756.2,113204.5,113438.1,2372.149,269157961.1744
2025-08-02 14:00:00,113438.1,113514.0,112780.0,112816.3,5536.948,626211210.8349
2025-08-02 16:00:00,112816.3,113395.3,112535.8,112694.2,5646.535,637648592.3916
2025-08-02 18:00:00,112694.2,112920.3,111950.0,112194.0,13019.792,1463434158.5936
2025-08-02 20:00:00,112194.0,113025.4,112038.0,112813.5,5076.381,571119679.8526
2025-08-02 22:00:00,112813.5,112996.3,112240.0,112518.0,4383.43,493535731.431
2025-08-03 00:00:00,112518.0,113233.0,111870.0,113067.9,6677.38,752376499.1744
2025-08-03 02:00:00,113067.9,113706.0,113054.7,113562.3,3027.125,343361199.0921
2025-08-03 04:00:00,113562.3,113624.2,113313.3,113578.3,1852.081,210148373.0331
2025-08-03 06:00:00,113578.3,113680.6,113416.6,113662.8,1432.749,162720611.2434
2025-08-03 08:00:00,113662.8,113760.0,113509.7,113615.5,1891.301,214936635.3467
2025-08-03 10:00:00,113615.5,114217.0,113615.4,113812.6,4449.83,506987045.9648
2025-08-03 12:00:00,113812.6,114059.9,113605.8,113899.9,2913.034,331653398.3853
2025-08-03 14:00:00,113899.9,114022.7,113531.5,113892.7,2877.593,327302685.9267
2025-08-03 16:00:00,113892.7,114182.9,113706.0,114063.7,1796.279,204740349.2118
2025-08-03 18:00:00,114063.7,114792.7,114000.0,114253.1,4809.467,550222169.6298
2025-08-03 20:00:00,114253.1,114490.9,114108.2,114366.2,2046.802,233936396.9775
2025-08-03 22:00:00,114366.2,114564.3,114000.5,114147.1,2427.604,277258017.3373
2025-08-04 00:00:00,114147.1,114975.3,114064.3,114635.3,4381.458,502271061.7579
2025-08-04 02:00:00,114635.3,114840.0,114375.0,114522.0,2186.726,250593312.5534
2025-08-04 04:00:00,114522.0,114604.1,114130.0,114334.7,2326.263,265920620.2612
2025-08-04 06:00:00,114334.7,114746.7,114101.2,114615.1,2187.98,250365327.6913
2025-08-04 08:00:00,114615.1,114728.2,114243.0,114280.6,3061.702,350570530.2605
2025-08-04 10:00:00,114280.6,114473.1,114142.5,114445.0,2405.737,274950952.0009
2025-08-04 12:00:00,114445.0,114883.0,114061.7,114878.7,7433.557,851093384.831
2025-08-04 14:00:00,114878.7,115443.5,114475.2,114746.0,13865.777,1595012366.2884
2025-08-04 16:00:00,114746.0,115682.8,114745.9,115126.1,7317.693,843384885.7776
2025-08-04 18:00:00,115126.1,115255.1,114653.1,114716.0,3184.762,366047624.2694
2025-08-04 20:00:00,114716.0,115233.6,114551.4,115070.7,3978.055,457096146.388
2025-08-04 22:00:00,115070.7,115326.7,115001.6,115006.0,2671.977,307733968.1871
2025-08-05 00:00:00,115006.0,115084.2,114650.0,114672.7,3408.018,391544303.8336
2025-08-05 02:00:00,114672.7,114795.0,114202.0,114212.3,3512.254,401882663.9546
2025-08-05 04:00:00,114212.3,114479.7,114117.7,114380.3,3263.023,372952647.578
2025-08-05 06:00:00,114380.3,114480.0,113628.2,113925.4,6123.113,698419082.3136
2025-08-05 08:00:00,113925.4,114776.8,113880.0,114656.8,4330.877,495412018.6078
2025-08-05 10:00:00,114656.8,115046.8,114541.0,114782.3,4304.114,494230894.3476
2025-08-05 12:00:00,114782.3,114860.0,113424.2,114321.1,8990.325,1025771391.6565
2025-08-05 14:00:00,114321.1,114342.2,112577.7,112882.1,16672.016,1885646919.5337
2025-08-05 16:00:00,112882.1,113650.0,112760.0,113590.2,6069.369,687113328.4695
2025-08-05 18:00:00,113590.2,113742.4,113208.0,113582.1,3471.7,394143318.1192
2025-08-05 20:00:00,113582.1,113954.5,113440.0,113550.0,3113.36,354084557.2908
2025-08-05 22:00:00,113550.0,114222.6,113207.5,114079.6,3676.214,418290184.9091
2025-08-06 00:00:00,114079.6,114104.7,113486.5,113782.3,3069.216,349177222.8857
2025-08-06 02:00:00,113782.3,113800.0,113355.8,113469.3,1582.251,179663794.3948
2025-08-06 04:00:00,113469.3,114398.6,113300.2,114122.7,4241.196,483162916.7575
2025-08-06 06:00:00,114122.7,114300.0,113880.0,114180.6,2341.867,267185561.8327
2025-08-06 08:00:00,114180.6,114343.4,113671.5,114042.5,3858.113,439823309.381
2025-08-06 10:00:00,114042.5,114389.9,113831.9,114185.6,2617.39,298610665.4554
2025-08-06 12:00:00,114185.6,114345.0,113522.0,114218.6,7874.289,897691496.9532
2025-08-06 14:00:00,114218.6,115502.6,113808.0,115360.7,13221.368,1517831400.1856
2025-08-06 16:00:00,115360.7,115484.9,114895.7,115473.0,4670.463,538015544.94
2025-08-06 18:00:00,115473.0,115666.3,115065.0,115198.5,4012.344,463050751.9272
2025-08-06 20:00:00,115198.5,115213.8,114747.5,115002.9,2458.188,282744428.7961
2025-08-06 22:00:00,115002.9,115175.0,114925.0,114943.0,1606.448,184809066.532
2025-08-07 00:00:00,114943.0,115154.4,114515.2,114700.0,2757.494,316589329.0076
2025-08-07 02:00:00,114700.0,114822.0,114350.0,114498.4,3267.016,374232684.3623
2025-08-07 04:00:00,114498.4,114617.6,114218.0,114525.0,2623.844,300142255.9714
2025-08-07 06:00:00,114525.0,114837.8,114407.8,114747.6,2691.46,308531277.4255
2025-08-07 08:00:00,114747.6,115137.8,114742.8,115015.2,3441.275,395547209.9198
2025-08-07 10:00:00,115015.2,116763.6,114982.0,116446.2,16558.841,1922685395.7583
2025-08-07 12:00:00,116446.2,116716.2,115955.9,116587.9,7733.892,899872148.4426
2025-08-07 14:00:00,116587.9,116747.8,116129.4,116629.3,5759.473,670677604.7688
2025-08-07 16:00:00,116629.3,116711.7,115555.1,116463.0,8042.98,934482241.1411
2025-08-07 18:00:00,116463.0,117450.0,116090.0,117380.6,8062.027,942658533.1024
2025-08-07 20:00:00,117380.6,117434.4,116931.9,117025.8,4536.928,531741540.7621
2025-08-07 22:00:00,117025.8,117560.0,117011.1,117399.9,3979.83,466993105.5735
2025-08-08 00:00:00,117399.9,117569.1,116726.0,116830.6,5214.5,610525637.4547
2025-08-08 02:00:00,116830.6,116932.5,116632.6,116686.8,2439.166,284782040.1726
2025-08-08 04:00:00,116686.8,116828.6,116435.9,116479.1,1785.759,208282797.8636
2025-08-08 06:00:00,116479.1,116929.8,116334.8,116776.2,3741.014,436400709.6951
2025-08-08 08:00:00,116776.2,116885.3,116355.5,116633.7,2472.523,288187488.3823
2025-08-08 10:00:00,116633.7,116887.4,116264.2,116859.9,2732.033,318521757.9775
2025-08-08 12:00:00,116859.9,116899.5,116437.1,116869.7,3434.597,400727853.7986
2025-08-08 14:00:00,116869.7,117239.4,115854.2,116157.0,8798.343,1024510455.7171
2025-08-08 16:00:00,116157.0,116665.4,115933.1,116649.7,3634.625,422640549.9361
2025-08-08 18:00:00,116649.7,116850.0,116254.3,116367.0,5895.866,687056745.732
2025-08-08 20:00:00,116367.0,116919.3,116240.0,116877.4,2772.6,323472317.47
2025-08-08 22:00:00,116877.4,116933.6,116581.5,116625.1,1252.394,146242620.1274
2025-08-09 00:00:00,116625.1,116700.0,116465.0,116511.1,1317.187,153535814.4827
2025-08-09 02:00:00,116511.1,116511.1,116288.2,116322.3,1227.147,142802167.2738
2025-08-09 04:00:00,116322.3,116939.0,116300.0,116691.7,4257.32,496572186.4885
2025-08-09 06:00:00,116691.7,116868.9,116473.4,116703.4,2336.585,272583827.4559
2025-08-09 08:00:00,116703.4,117459.9,116688.8,117459.9,5403.336,632732035.8451
2025-08-09 10:00:00,117459.9,117900.0,117020.0,117058.2,8621.388,1013025492.0313
2025-08-09 12:00:00,117058.2,117181.9,116802.2,116899.2,3458.01,404552503.0869
2025-08-09 14:00:00,116899.2,117077.5,116636.0,116827.6,4212.843,492089117.7673
2025-08-09 16:00:00,116827.6,116883.7,116555.0,116611.5,2731.909,318703915.8546
2025-08-09 18:00:00,116611.5,116680.4,116435.0,116496.9,2102.902,245122624.7142
2025-08-09 20:00:00,116496.9,116957.2,116303.1,116453.9,3957.279,461445315.157
2025-08-09 22:00:00,116453.9,116683.0,116381.0,116406.2,1290.381,150342284.9272
2025-08-10 00:00:00,116406.2,116736.8,116400.0,116524.4,2082.765,242812465.0765
2025-08-10 02:00:00,116524.4,119433.6,116524.4,118488.9,19789.791,2336293422.5184
2025-08-10 04:00:00,118488.9,118728.5,117884.0,118036.2,6549.823,775234674.4102
2025-08-10 06:00:00,118036.2,118245.5,117431.0,117784.9,5901.79,695417397.4113
2025-08-10 08:00:00,117784.9,118424.3,117576.0,118266.7,4287.803,506441046.2069
2025-08-10 10:00:00,118266.7,118491.0,117910.0,118324.0,3501.805,413916436.2976
2025-08-10 12:00:00,118324.0,118739.4,118221.0,118425.0,4712.554,558597707.6708
2025-08-10 14:00:00,118425.0,119111.9,118295.5,118776.2,6034.35,716591067.867
2025-08-10 16:00:00,118776.2,118922.4,118416.7,118500.1,2266.788,268993475.51
2025-08-10 18:00:00,118500.1,118698.4,118404.0,118634.5,1245.853,147682984.6906
2025-08-10 20:00:00,118634.5,118746.0,118049.4,118685.7,7374.312,872507361.2399
2025-08-10 22:00:00,118685.7,119288.0,118577.2,119271.8,4724.215,562110062.8168
2025-08-11 00:00:00,119271.8,119989.8,118964.7,119989.7,8748.163,1045215352.1996
2025-08-11 02:00:00,119989.7,122421.0,119902.8,121709.4,22855.946,2772507963.7108
2025-08-11 04:00:00,121709.4,122350.2,121607.1,122054.5,8516.39,1038597516.9281
2025-08-11 06:00:00,122054.5,122335.5,121445.5,121530.2,5997.886,731437710.4129
2025-08-11 08:00:00,121530.2,121819.1,121104.0,121432.7,6473.66,786226789.3923
2025-08-11 10:00:00,121432.7,121458.6,120262.0,120540.3,10363.837,1251949212.9147
2025-08-11 12:00:00,120540.3,120650.0,119340.6,119992.0,16874.424,2022737487.0229
2025-08-11 14:00:00,119992.0,120565.3,119771.5,120274.6,7567.405,909282247.3738
2025-08-11 16:00:00,120274.6,120768.0,119427.3,119470.7,9668.053,1160289694.6127
2025-08-11 18:00:00,119470.7,119857.2,118576.0,119052.9,12572.867,1499439763.8841
2025-08-11 20:00:00,119052.9,119175.3,117855.3,118700.0,8659.232,1026930380.8272
2025-08-11 22:00:00,118700.0,118915.3,118258.9,118679.2,3927.976,465986599.1494
2025-08-12 00:00:00,118679.2,119110.8,118575.6,118944.1,3610.143,429172632.4616
2025-08-12 02:00:00,118944.1,119277.0,118724.5,118844.7,2257.369,268620306.4632
2025-08-12 04:00:00,118844.7,119144.4,118403.0,118797.2,3999.779,475110934.8073
2025-08-12 06:00:00,118797.2,119100.0,118565.7,118948.0,2763.359,328645220.7356
2025-08-12 08:00:00,118948.0,119017.9,118357.9,118377.0,3135.937,372163941.1429
2025-08-12 10:00:00,118377.0,118617.3,118150.0,118457.9,6315.219,747572202.5871
2025-08-12 12:00:00,118457.9,119647.0,118205.5,118800.0,22539.155,2680630794.3258
2025-08-12 14:00:00,118800.0,119912.1,118709.4,119888.2,10425.803,1244655352.8329
2025-08-12 16:00:00,119888.2,120143.0,119120.2,119236.8,7532.729,900940929.9511
2025-08-12 18:00:00,119236.8,120054.2,119188.8,119610.6,5047.238,603778305.9228
2025-08-12 20:00:00,119610.6,120280.0,119430.0,119875.4,6920.543,830449221.1972
2025-08-12 22:00:00,119875.4,120270.0,119599.9,120090.5,4681.984,561412112.7466
2025-08-13 00:00:00,120090.5,120165.8,119212.6,119441.3,6097.11,729302532.5462
2025-08-13 02:00:00,119441.3,119708.9,118974.1,119460.7,7041.193,840354279.968
2025-08-13 04:00:00,119460.7,119822.3,118900.5,119050.1,6003.333,716630168.4899
2025-08-13 06:00:00,119050.1,119617.9,118924.4,119555.9,3391.684,404682425.1879
2025-08-13 08:00:00,119555.9,120177.9,119423.0,120132.5,5855.922,702094039.1353
2025-08-13 10:00:00,120132.5,120747.0,120050.0,120572.2,6480.993,780807033.6241
2025-08-13 12:00:00,120572.2,122090.0,120115.8,121786.0,17924.834,2168269343.844
2025-08-13 14:00:00,121786.0,122239.3,120318.1,120920.7,22885.151,2778239959.7723
2025-08-13 16:00:00,120920.7,121850.0,120920.7,121791.7,7505.276,912296151.3578
2025-08-13 18:00:00,121791.7,122856.0,121401.3,122748.9,10896.137,1330945544.5597
2025-08-13 20:00:00,122748.9,123128.7,122302.1,122574.5,8704.517,1068548708.3525
2025-08-13 22:00:00,122574.5,123742.2,122556.6,123348.0,11165.924,1376305068.922
2025-08-14 00:00:00,123348.0,124571.2,123298.4,123383.6,11493.914,1424012029.9902
2025-08-14 02:00:00,123383.6,123930.0,123307.7,123400.2,4647.082,574341191.6087
2025-08-14 04:00:00,123400.2,123500.0,122116.9,122203.8,8216.042,1009134132.9829
2025-08-14 06:00:00,122203.8,122203.9,121354.6,121772.0,12236.877,1490723376.301
2025-08-14 08:00:00,121772.0,122067.4,121513.5,121651.7,4595.112,559442554.556
2025-08-14 10:00:00,121651.7,121799.5,120700.0,120974.4,10282.35,1244860747.4655
2025-08-14 12:00:00,120974.4,121173.0,117224.6,118408.5,49791.468,5931456504.5124
2025-08-14 14:00:00,118408.5,119350.0,117822.6,118199.4,14572.686,1726488183.0322
2025-08-14 16:00:00,118199.4,118212.9,117325.2,117876.8,10220.605,1203025654.202
2025-08-14 18:00:00,117876.8,118496.4,117117.0,117915.4,7358.309,867524840.4758
2025-08-14 20:00:00,117915.4,118158.6,117241.3,117844.8,6559.99,772296274.6634
2025-08-14 22:00:00,117844.8,118486.1,117570.2,118250.1,3310.002,391253264.8899
2025-08-15 00:00:00,118250.1,118701.7,117977.9,118630.3,3368.201,398554015.7654
2025-08-15 02:00:00,118630.3,119050.0,118540.1,118933.2,2482.11,294874482.3123
2025-08-15 04:00:00,118933.2,119166.7,118586.6,118942.6,3388.366,402777298.2199
2025-08-15 06:00:00,118942.6,119208.0,118730.4,118942.3,3807.19,453010597.4798
2025-08-15 08:00:00,118942.3,119150.0,118600.0,118693.4,3293.048,391338193.4098
2025-08-15 10:00:00,118693.4,119074.4,118693.4,118973.8,2192.316,260804559.6355
2025-08-15 12:00:00,118973.8,119100.0,117660.9,117724.0,11293.91,1337364784.0612
2025-08-15 14:00:00,117724.0,118240.0,116727.1,117224.6,15769.178,1850692409.1576
2025-08-15 16:00:00,117224.6,117827.0,116719.3,117530.3,7584.086,889055021.3382
2025-08-15 18:00:00,117530.3,117602.7,116785.6,116875.5,5183.278,607034810.5472
2025-08-15 20:00:00,116875.5,117314.1,116780.1,117266.5,3084.503,361171356.0663
2025-08-15 22:00:00,117266.5,117725.8,116972.8,117280.8,4494.169,527594501.9571
2025-08-16 00:00:00,117280.8,117857.2,117177.5,117777.4,2486.362,292369102.0954
2025-08-16 02:00:00,117777.4,117777.5,117335.3,117390.2,1763.91,207341632.048
2025-08-16 04:00:00,117390.2,117841.3,117360.7,117555.0,1582.309,186080318.4851
2025-08-16 06:00:00,117555.0,117636.6,117234.0,117547.6,1794.672,210733748.6276
2025-08-16 08:00:00,117547.6,117658.4,117236.9,117253.4,1438.473,169022896.9672
2025-08-16 10:00:00,117253.4,117487.0,117069.7,117340.0,2713.971,318313773.6199
2025-08-16 12:00:00,117340.0,117755.0,117265.3,117583.5,2338.97,275041153.3147
2025-08-16 14:00:00,117583.5,117779.4,117486.8,117627.7,1157.127,136139104.4194
2025-08-16 16:00:00,117627.7,117770.5,117578.1,117639.3,867.54,102088187.6175
2025-08-16 18:00:00,117639.3,117729.1,117552.3,117603.0,1022.723,120300597.7196
2025-08-16 20:00:00,117603.0,117662.8,117350.0,117380.0,1139.853,133940114.2891
2025-08-16 22:00:00,117380.0,117495.6,117156.9,117327.7,1725.972,202514752.2131
2025-08-17 00:00:00,117327.7,117435.3,117101.0,117380.0,1524.585,178779804.9039
2025-08-17 02:00:00,117380.0,117708.0,117320.6,117628.3,1322.298,155400133.49
2025-08-17 04:00:00,117628.3,118212.1,117628.3,117956.2,2831.942,334069760.4312
2025-08-17 06:00:00,117956.2,118063.6,117795.6,117944.9,1424.215,167940075.8139
2025-08-17 08:00:00,117944.9,118431.5,117863.0,118283.0,2461.749,291014297.4249
2025-08-17 10:00:00,118283.0,118339.6,118126.3,118258.1,864.355,102203567.481
2025-08-17 12:00:00,118258.1,118585.7,117983.0,118394.0,3366.587,398082095.0305
2025-08-17 14:00:00,118394.0,118430.0,118042.0,118199.6,2351.679,277882765.4309
2025-08-17 16:00:00,118199.6,118274.8,117541.9,117860.1,3772.047,444626498.1302
2025-08-17 18:00:00,117860.1,117940.0,117265.0,117545.1,2756.219,324119374.2299
2025-08-17 20:00:00,117545.1,117754.9,117473.3,117666.8,1157.628,136147299.6844
2025-08-17 22:00:00,117666.8,117957.0,117312.6,117355.6,2761.224,324940818.8185
2025-08-18 00:00:00,117355.6,117509.6,116147.3,116230.0,9295.031,1085044520.0188
2025-08-18 02:00:00,116230.0,116296.0,114936.8,115268.6,13936.686,1610788652.7827
2025-08-18 04:00:00,115268.6,115655.0,114909.1,115650.0,4549.969,524790875.0192
2025-08-18 06:00:00,115650.0,115672.0,114828.9,115155.6,5757.835,663245770.446
2025-08-18 08:00:00,115155.6,115362.8,114577.7,114986.6,6380.992,733166277.0435
2025-08-18 10:00:00,114986.6,115228.5,114804.6,114893.0,2284.434,262739260.3234
2025-08-18 12:00:00,114893.0,115697.8,114719.6,114785.3,6797.629,783569218.071
2025-08-18 14:00:00,114785.3,116120.0,114778.6,116082.5,7210.855,832530358.6974
2025-08-18 16:00:00,116082.5,116761.4,115745.9,116365.6,8769.335,1019832719.2334
2025-08-18 18:00:00,116365.6,116619.7,116134.6,116263.9,3907.042,454555417.5959
2025-08-18 20:00:00,116263.9,116642.7,115924.7,116605.0,2655.61,308906699.3319
2025-08-18 22:00:00,116605.0,116945.3,116030.2,116168.0,3964.045,462109259.1977
2025-08-19 00:00:00,116168.0,116681.9,115410.7,115749.9,6376.451,739759426.188
2025-08-19 02:00:00,115749.9,116000.0,114718.5,114750.6,5731.566,660962415.9124
2025-08-19 04:00:00,114750.6,115432.4,114292.4,114900.2,7728.279,887783487.5664
2025-08-19 06:00:00,114900.2,115166.7,114551.5,114921.2,3438.199,394858276.8117
2025-08-19 08:00:00,114921.2,115449.0,114738.6,115280.1,3439.329,396019104.7771
2025-08-19 10:00:00,115280.1,115599.0,115252.2,115462.4,2308.479,266530843.7903
2025-08-19 12:00:00,115462.4,115838.9,114825.8,115148.3,6662.212,768145263.6649
2025-08-19 14:00:00,115148.3,115334.7,113483.4,113728.0,19448.204,2218509236.1113
2025-08-19 16:00:00,113728.0,113830.0,113031.0,113460.9,8563.312,971143696.717
2025-08-19 18:00:00,113460.9,113500.0,112712.2,113078.1,7468.49,844275684.5976
2025-08-19 20:00:00,113078.1,113543.6,112851.7,113374.6,3697.641,418817578.7137
2025-08-19 22:00:00,113374.6,113406.1,112673.0,112825.7,3649.02,412188324.7676
2025-08-20 00:00:00,112825.7,113363.9,112520.0,112975.2,4858.611,548954035.4365
2025-08-20 02:00:00,112975.2,113609.8,112907.0,113483.2,3003.94,340600850.2593
2025-08-20 04:00:00,113483.2,113739.8,113411.4,113687.3,2433.251,276340992.9412
2025-08-20 06:00:00,113687.3,113817.5,113392.3,113453.9,1948.261,221362575.7232
2025-08-20 08:00:00,113453.9,114019.7,113356.2,113684.0,3836.839,436601080.2573
2025-08-20 10:00:00,113684.0,113862.4,113010.1,113641.9,5468.918,620181839.1601
2025-08-20 12:00:00,113641.9,113925.3,112530.6,112626.1,8507.819,963432886.5285
2025-08-20 14:00:00,112626.1,114287.0,112286.8,113314.5,15004.947,1700782544.1124
2025-08-20 16:00:00,113314.5,114416.0,113223.9,114162.9,6549.747,746424015.078
2025-08-20 18:00:00,114162.9,114294.3,113194.3,114231.5,8694.979,989447111.2972
2025-08-20 20:00:00,114231.5,114449.7,113939.1,114296.0,3640.228,415673260.7402
2025-08-20 22:00:00,114296.0,114567.0,114151.7,114217.4,2027.214,231819523.7774
2025-08-21 00:00:00,114217.4,114706.4,113904.0,114682.0,2659.871,303892723.0451
2025-08-21 02:00:00,114682.0,114783.7,113784.4,113917.6,3994.207,455972345.0409
2025-08-21 04:00:00,113917.6,113991.1,113560.1,113954.2,3190.542,363017711.1988
2025-08-21 06:00:00,113954.2,113954.3,113522.0,113854.5,2575.748,292879295.3276
2025-08-21 08:00:00,113854.5,113957.1,113257.7,113350.0,3242.077,368203454.5631
2025-08-21 10:00:00,113350.0,113513.6,112945.6,113104.6,3100.41,351091078.6487
2025-08-21 12:00:00,113104.6,113680.0,112902.1,113431.0,5666.485,641712433.2685
2025-08-21 14:00:00,113431.0,113945.7,112550.0,112745.8,8706.605,985011403.579
2025-08-21 16:00:00,112745.8,112938.6,112112.0,112378.1,7746.799,871058502.3364
2025-08-21 18:00:00,112378.1,112693.5,111945.2,112146.2,6777.805,760989274.2179
2025-08-21 20:00:00,112146.2,112835.1,112009.1,112587.9,7212.581,810839018.5197
2025-08-21 22:00:00,112587.9,112666.2,112220.3,112462.7,1543.831,173534732.3896
2025-08-22 00:00:00,112462.7,112892.2,112277.2,112801.3,2981.304,335755888.9529
2025-08-22 02:00:00,112801.3,113499.9,112736.8,112903.7,6381.996,722479527.3496
2025-08-22 04:00:00,112903.7,113260.5,112667.8,113210.1,2855.856,322725441.2939
2025-08-22 06:00:00,113210.1,113364.4,112792.4,113050.8,2953.239,333990951.6384
2025-08-22 08:00:00,113050.8,113280.0,112767.3,113035.3,3571.099,403628324.0437
2025-08-22 10:00:00,113035.3,113049.6,112137.8,112280.0,3749.11,421607038.7742
2025-08-22 12:00:00,112280.0,112683.7,111618.8,112430.5,14372.321,1611829020.6864
2025-08-22 14:00:00,112430.5,117276.2,112417.9,116313.7,47829.574,5517907716.8236
2025-08-22 16:00:00,116313.7,116966.3,116042.1,116941.2,13265.231,1545483282.1333
2025-08-22 18:00:00,116941.2,117374.5,116433.1,116604.4,6011.662,702933656.5715
2025-08-22 20:00:00,116604.4,117144.6,116518.3,116991.5,4378.905,511891172.1609
2025-08-22 22:00:00,116991.5,117010.4,116521.5,116899.8,2499.407,291718181.1329
2025-08-23 00:00:00,116899.8,116998.0,116265.0,116417.3,2795.02,325955857.1001
2025-08-23 02:00:00,116417.3,116514.5,115432.0,115530.1,7448.115,862697837.325
2025-08-23 04:00:00,115530.1,116000.0,115503.9,115920.7,2688.799,311368571.8027
2025-08-23 06:00:00,115920.7,115999.6,115636.4,115788.4,2195.834,254238200.8969
2025-08-23 08:00:00,115788.4,115861.5,115580.6,115746.1,1544.671,178711187.5528
2025-08-23 10:00:00,115746.1,115756.8,115180.0,115270.0,3098.036,357713738.5098
2025-08-23 12:00:00,115270.0,115457.9,114713.7,114833.9,7121.732,819041352.0217
2025-08-23 14:00:00,114833.9,115066.8,114504.7,114792.4,6436.018,738698002.0044
2025-08-23 16:00:00,114792.4,115183.2,114660.9,115099.5,3738.435,429862332.3396
2025-08-23 18:00:00,115099.5,115206.5,115024.1,115136.8,1455.465,167560504.829
2025-08-23 20:00:00,115136.8,115328.4,114985.8,115022.2,1498.662,172613177.9372
2025-08-23 22:00:00,115022.2,115413.0,115022.2,115404.8,953.899,109967753.8141
2025-08-24 00:00:00,115404.8,115580.0,115172.0,115459.6,2745.506,316861006.5743
2025-08-24 02:00:00,115459.6,115656.7,114943.1,115042.5,2845.688,327937073.9903
2025-08-24 04:00:00,115042.5,115284.5,114934.8,115002.4,1537.963,177031909.3298
2025-08-24 06:00:00,115002.4,115120.5,114846.0,114880.7,1502.817,172748350.8117
2025-08-24 08:00:00,114880.7,115078.1,114688.2,114858.5,1964.885,225665444.173
2025-08-24 10:00:00,114858.5,114966.7,114602.0,114745.2,2792.284,320429550.0266
2025-08-24 12:00:00,114745.2,114887.8,114572.0,114577.3,2715.641,311511117.3548
2025-08-24 14:00:00,114577.3,114865.4,114312.8,114420.1,5446.74,624034310.1308
2025-08-24 16:00:00,114420.1,114608.0,114250.1,114442.3,3606.556,412668538.529
2025-08-24 18:00:00,114442.3,114950.0,110551.0,112595.1,35811.145,4039498446.4762
2025-08-24 20:00:00,112595.1,113404.4,111626.0,112989.6,11063.054,1245243980.0008
2025-08-24 22:00:00,112989.6,113677.4,112601.2,113474.8,5167.91,585026280.4264
2025-08-25 00:00:00,113474.8,113517.9,112133.4,113049.9,7858.252,886108720.338
2025-08-25 02:00:00,113049.9,113649.9,112863.0,112890.0,3622.65,410432170.5126
2025-08-25 04:00:00,112890.0,113040.0,112300.0,112300.1,4896.326,551776404.2735
2025-08-25 06:00:00,112300.1,112445.3,111257.5,111466.7,13445.625,1503574385.4155
2025-08-25 08:00:00,111466.7,111828.8,110937.3,111764.9,9418.258,1049519435.6719
2025-08-25 10:00:00,111764.9,111788.2,110906.9,111199.9,6997.346,778067263.7887
2025-08-25 12:00:00,111199.9,111737.7,110552.0,111479.9,10784.925,1199177725.0046
2025-08-25 14:00:00,111479.9,112576.5,111300.0,112172.3,10137.599,1136086284.1685
2025-08-25 16:00:00,112172.3,112945.4,111989.5,112419.3,7998.114,899903530.9035
2025-08-25 18:00:00,112419.3,112600.0,110600.0,110664.1,8698.927,971303142.4813
2025-08-25 20:00:00,110664.1,111083.0,109222.6,109850.4,27370.855,3009838784.2727
2025-08-25 22:00:00,109850.4,110567.6,109735.6,110069.7,4551.416,501246779.182
2025-08-26 00:00:00,110069.7,110069.7,108669.0,109860.1,13937.565,1524253982.489
2025-08-26 02:00:00,109860.1,109994.0,109400.0,109846.0,3234.453,354977253.875
2025-08-26 04:00:00,109846.0,110346.0,109846.0,110164.4,3262.659,359297581.9219
2025-08-26 06:00:00,110164.4,110499.9,109706.1,110259.1,5682.183,625488703.4818
2025-08-26 08:00:00,110259.1,110415.4,109953.0,110113.6,4113.318,453225974.5635
2025-08-26 10:00:00,110113.6,110385.6,109527.9,109853.0,4124.184,453307829.8319
2025-08-26 12:00:00,109853.0,110793.1,109334.2,110049.9,11525.275,1268058655.6291
2025-08-26 14:00:00,110049.9,110544.0,109505.9,109623.0,9622.129,1059303671.2287
2025-08-26 16:00:00,109623.0,110198.0,109412.5,109964.8,4559.285,500461562.935
2025-08-26 18:00:00,109964.8,111120.5,109937.3,111086.2,7153.785,791791629.1797
2025-08-26 20:00:00,111086.2,111571.0,110874.0,111558.4,3646.065,405565334.0992
2025-08-26 22:00:00,111558.4,112342.4,111510.3,111723.1,6873.667,768914403.7593
2025-08-27 00:00:00,111723.1,111801.0,111058.5,111270.0,3605.799,401703368.7915
2025-08-27 02:00:00,111270.0,111700.0,110877.7,111387.5,4094.201,455495088.7522
2025-08-27 04:00:00,111387.5,111699.6,111269.9,111318.6,2726.345,303944658.3643
2025-08-27 06:00:00,111318.6,111340.9,110582.7,110686.0,3585.356,397671231.6951
2025-08-27 08:00:00,110686.0,111088.3,110312.1,110768.2,4186.566,463431479.2952
2025-08-27 10:00:00,110768.2,111330.6,110764.2,111265.0,2184.087,242622315.4776
2025-08-27 12:00:00,111265.0,111850.0,110951.4,111439.9,6318.9,703881075.0828
2025-08-27 14:00:00,111439.9,112589.9,111222.3,111961.2,10477.84,1173166124.9991
2025-08-27 16:00:00,111961.2,112420.5,111500.0,112304.5,3952.9,442729752.0126
2025-08-27 18:00:00,112304.5,112588.0,111537.1,112037.4,5367.584,601775981.724
2025-08-27 20:00:00,112037.4,112444.2,110823.9,111472.5,12720.155,1421100427.8352
2025-08-27 22:00:00,111472.5,111540.0,110937.0,111184.3,3898.822,433676397.2584
2025-08-28 00:00:00,111184.3,111663.6,110781.5,111591.0,3236.531,360107976.1379
2025-08-28 02:00:00,111591.0,111990.2,111336.3,111945.9,2758.815,308124213.7702
2025-08-28 04:00:00,111945.9,113123.3,111888.3,112811.4,7232.108,815188475.5551
2025-08-28 06:00:00,112811.4,113345.4,112672.9,113077.0,4689.254,530290752.5379
2025-08-28 08:00:00,113077.0,113310.0,112803.8,112824.9,3655.402,413296269.4324
2025-08-28 10:00:00,112824.9,113110.8,112772.9,112880.2,1854.184,209388403.3589
2025-08-28 12:00:00,112880.2,113433.0,112501.1,112780.5,6453.461,728751065.062
2025-08-28 14:00:00,112780.5,113276.4,112330.1,112620.5,7205.738,812709291.85
2025-08-28 16:00:00,112620.5,113150.0,112138.9,112350.5,6119.061,688549486.9051
2025-08-28 18:00:00,112350.5,112670.1,111828.0,111842.6,4739.447,531739332.0041
2025-08-28 20:00:00,111842.6,112092.4,111810.1,111962.2,2814.014,314999247.3086
2025-08-28 22:00:00,111962.2,112538.3,111962.2,112511.4,3198.767,359260391.4728
2025-08-29 00:00:00,112511.4,112616.4,111360.5,111432.3,6578.384,735594749.1093
2025-08-29 02:00:00,111432.3,111786.7,111250.0,111642.0,3106.771,346476220.1234
2025-08-29 04:00:00,111642.0,111800.0,111075.1,111253.9,2971.519,330911575.9638
2025-08-29 06:00:00,111253.9,111361.3,109832.5,109946.7,11522.068,1274259582.7017
2025-08-29 08:00:00,109946.7,110220.0,109346.7,109707.5,9000.479,987869228.5507
2025-08-29 10:00:00,109707.5,110100.0,109684.0,110039.5,3848.281,422950253.328
2025-08-29 12:00:00,110039.5,111490.7,108817.7,109063.3,18800.261,2071651263.6248
2025-08-29 14:00:00,109063.3,109484.6,108063.3,108336.7,17063.007,1852387155.6896
2025-08-29 16:00:00,108336.7,108788.0,108084.8,108414.8,4679.867,507613433.4992
2025-08-29 18:00:00,108414.8,108705.0,107888.0,108180.8,6637.607,718472580.9743
2025-08-29 20:00:00,108180.8,108442.8,107432.6,108410.1,9260.512,998976348.913
2025-08-29 22:00:00,108410.1,108530.4,108168.5,108355.3,2083.862,225829648.6015
2025-08-30 00:00:00,108355.3,108397.4,107300.0,107413.5,3735.118,403106544.329
2025-08-30 02:00:00,107413.5,108398.0,107348.9,108393.9,3938.915,425278440.9912
2025-08-30 04:00:00,108393.9,108637.8,108100.0,108314.9,3156.747,342134220.5658
2025-08-30 06:00:00,108314.9,108524.4,108075.0,108466.8,1984.411,214967833.9666
2025-08-30 08:00:00,108466.8,108739.5,108438.6,108491.1,2242.877,243484581.3377
2025-08-30 10:00:00,108491.1,108707.6,108376.0,108652.3,1715.531,186220278.4301
2025-08-30 12:00:00,108652.3,108662.1,108176.0,108510.2,2665.256,288959387.4029
2025-08-30 14:00:00,108510.2,108902.3,108352.6,108834.7,3786.439,411436480.7836
2025-08-30 16:00:00,108834.7,108878.3,108583.3,108762.1,1846.314,200790755.0444
2025-08-30 18:00:00,108762.1,108900.0,108592.6,108814.5,1250.118,135944590.8214
2025-08-30 20:00:00,108814.5,108821.0,108481.8,108552.2,2059.005,223623817.0203
2025-08-30 22:00:00,108552.2,108787.4,108436.9,108780.7,873.068,94794565.6424
2025-08-31 00:00:00,108780.7,109444.0,108763.9,109380.1,4953.253,540782639.543
2025-08-31 02:00:00,109380.1,109402.7,109102.7,109179.3,1471.262,160719233.251
2025-08-31 04:00:00,109179.3,109191.1,108500.3,108708.7,3148.737,342431758.7363
2025-08-31 06:00:00,108708.7,108776.5,108455.0,108640.4,1740.097,189012320.3148
2025-08-31 08:00:00,108640.4,109065.4,108389.5,108469.8,3739.797,406743977.4123
2025-08-31 10:00:00,108469.8,108588.9,108237.1,108335.0,3575.986,387660378.3295
2025-08-31 12:00:00,108335.0,108441.0,108135.9,108370.8,2635.336,285351413.892
2025-08-31 14:00:00,108370.8,108814.7,108200.0,108750.0,3302.66,358305818.1852
2025-08-31 16:00:00,108750.0,108950.0,108485.3,108945.0,2954.57,321409877.7447
2025-08-31 18:00:00,108945.0,109197.5,108861.0,108887.9,1842.051,200808228.4408
2025-08-31 20:00:00,108887.9,109079.4,108825.2,108987.6,1314.141,143213817.0892
2025-08-31 22:00:00,108987.6,109199.1,108008.4,108200.0,6039.714,655648837.1132
2025-09-01 00:00:00,108200.0,108447.3,107564.7,108096.1,7800.831,842308363.3527
