timestamp,open,high,low,close,volume,turnover
2024-08-01 00:00:00,64615.9,64822.5,64315.0,64630.4,5897.785,380805589.66
2024-08-01 01:00:00,64630.4,64800.0,64100.0,64186.1,6146.349,395519102.0637
2024-08-01 02:00:00,64186.1,64240.0,63865.4,64081.8,6905.801,442124063.5797
2024-08-01 03:00:00,64081.8,64105.9,63713.0,63910.2,4533.301,289667901.6058
2024-08-01 04:00:00,63910.2,64043.0,63513.5,63711.2,6970.756,444405117.6196
2024-08-01 05:00:00,63711.2,64330.0,63535.5,64277.7,6232.429,398925128.7934
2024-08-01 06:00:00,64277.7,64429.1,64080.0,64199.8,3734.127,239939785.4808
2024-08-01 07:00:00,64199.8,64462.1,64189.0,64292.3,2630.353,169257136.0302
2024-08-01 08:00:00,64292.3,64520.0,64274.8,64473.5,2479.591,159733397.3617
2024-08-01 09:00:00,64473.5,64666.0,64427.7,64432.0,3667.156,236710806.5751
2024-08-01 10:00:00,64432.0,64571.4,64274.4,64543.6,2734.427,176091029.3078
2024-08-01 11:00:00,64543.6,64654.2,64430.7,64637.9,1951.683,125972153.4325
2024-08-01 12:00:00,64637.9,64900.1,64600.0,64864.9,4509.393,292181757.7671
2024-08-01 13:00:00,64864.9,64938.0,64438.0,64726.6,4797.092,310190809.2857
2024-08-01 14:00:00,64726.6,64753.7,63878.3,63902.0,8416.697,540696504.6467
2024-08-01 15:00:00,63902.0,63928.1,62616.0,62868.2,27670.29,1747586015.6724
2024-08-01 16:00:00,62868.2,63166.7,62539.4,62864.5,10145.295,637562731.2056
2024-08-01 17:00:00,62864.5,63224.0,62217.7,63175.3,15133.403,947600508.2303
2024-08-01 18:00:00,63175.3,63385.0,62755.0,62923.1,8868.119,558999611.929
2024-08-01 19:00:00,62923.1,63472.7,62909.2,63395.7,4638.853,293503808.2152
2024-08-01 20:00:00,63395.7,64764.6,63300.2,64728.0,13140.921,841913728.716
2024-08-01 21:00:00,64728.0,65339.6,64592.6,64849.9,10503.816,681459255.7821
2024-08-01 22:00:00,64849.9,65634.3,64830.0,65170.6,9895.963,646695909.1433
2024-08-01 23:00:00,65170.6,65474.5,64969.1,65341.1,4694.917,306053088.2176
2024-08-02 00:00:00,65341.1,65576.4,64871.9,64881.0,5118.134,333736507.2684
2024-08-02 01:00:00,64881.0,64883.9,64537.7,64629.5,5247.278,339602131.3307
2024-08-02 02:00:00,64629.5,64809.2,63650.0,64350.1,9820.785,629685698.47
2024-08-02 03:00:00,64350.1,64623.7,64230.0,64579.4,4062.577,261783339.4524
2024-08-02 04:00:00,64579.4,64625.0,64407.6,64507.0,2098.818,135406240.6183
2024-08-02 05:00:00,64507.0,64515.9,64046.3,64150.0,3947.27,253606447.2695
2024-08-02 06:00:00,64150.0,64611.2,63756.6,64436.6,5622.455,360463059.4071
2024-08-02 07:00:00,64436.6,64506.6,64091.0,64135.2,3203.23,205963420.0649
2024-08-02 08:00:00,64135.2,64569.5,64012.0,64561.6,3968.66,255068356.0882
2024-08-02 09:00:00,64561.6,64590.0,64389.4,64481.1,2235.937,144181061.4408
2024-08-02 10:00:00,64481.1,64841.0,64329.3,64726.2,4161.945,268858629.8226
2024-08-02 11:00:00,64726.2,64980.0,64626.9,64639.4,4502.887,291593442.2036
2024-08-02 12:00:00,64639.4,64921.3,63938.6,64822.1,14757.774,951946774.5269
2024-08-02 13:00:00,64822.1,65490.0,64520.6,65200.1,12430.651,808937888.516
2024-08-02 14:00:00,65200.1,65344.5,63058.7,63124.5,23119.357,1483636319.4158
2024-08-02 15:00:00,63124.5,63629.1,62410.0,63374.6,24380.845,1535338261.5405
2024-08-02 16:00:00,63374.6,63579.5,62938.0,63286.5,8935.582,565396822.4474
2024-08-02 17:00:00,63286.5,63432.0,63030.4,63064.5,3822.72,241718636.1874
2024-08-02 18:00:00,63064.5,63200.0,62704.7,62860.2,4897.4,308385191.889
2024-08-02 19:00:00,62860.2,62955.7,62482.1,62611.6,7026.339,440484774.7993
2024-08-02 20:00:00,62611.6,63154.6,62000.0,62602.0,15877.996,993381422.6049
2024-08-02 21:00:00,62602.0,62719.8,61220.0,61944.2,13979.879,864824879.9851
2024-08-02 22:00:00,61944.2,62221.7,61171.5,61355.9,7055.655,435447553.4885
2024-08-02 23:00:00,61355.9,61750.0,61273.7,61459.0,5596.162,344512478.2197
2024-08-03 00:00:00,61459.0,61681.2,60857.1,61096.6,7735.679,474038277.3376
2024-08-03 01:00:00,61096.6,61343.9,60465.0,61288.5,13159.064,801185863.8849
2024-08-03 02:00:00,61288.5,61578.1,61171.4,61404.5,4862.861,298460256.3422
2024-08-03 03:00:00,61404.5,61943.3,61270.0,61850.6,5117.269,315601371.7298
2024-08-03 04:00:00,61850.6,61937.2,61345.9,61532.9,3156.173,194438548.5924
2024-08-03 05:00:00,61532.9,61684.2,61461.5,61665.5,1525.24,93923548.8936
2024-08-03 06:00:00,61665.5,61808.8,61638.2,61787.5,1509.695,93182027.1338
2024-08-03 07:00:00,61787.5,61870.2,61589.0,61630.0,2314.735,142873925.8796
2024-08-03 08:00:00,61630.0,61716.0,61441.9,61600.0,2558.411,157541535.835
2024-08-03 09:00:00,61600.0,61722.1,61418.8,61708.2,1693.958,104265922.6033
2024-08-03 10:00:00,61708.2,61858.7,61633.7,61786.0,1294.674,79935742.0157
2024-08-03 11:00:00,61786.0,61977.1,61750.0,61880.0,2074.309,128334436.2514
2024-08-03 12:00:00,61880.0,62154.0,61803.6,61963.4,3022.827,187462467.9941
2024-08-03 13:00:00,61963.4,62007.3,61804.5,61979.1,2018.738,124951961.7182
2024-08-03 14:00:00,61979.1,62144.2,61863.5,61957.6,2672.583,165735422.9612
2024-08-03 15:00:00,61957.6,62061.2,60789.1,60851.7,10336.244,634220097.4946
2024-08-03 16:00:00,60851.7,61255.0,60303.9,60886.0,21330.408,1296956748.6961
2024-08-03 17:00:00,60886.0,60983.7,60405.8,60539.8,6131.111,371980756.4538
2024-08-03 18:00:00,60539.8,60806.0,60069.4,60213.2,8371.344,505141466.801
2024-08-03 19:00:00,60213.2,60621.0,59873.5,60216.3,9764.783,587599651.6165
2024-08-03 20:00:00,60216.3,60694.4,60125.4,60372.4,4631.046,279820118.7229
2024-08-03 21:00:00,60372.4,60843.3,59822.0,60620.9,8951.787,539725682.069
2024-08-03 22:00:00,60620.9,60744.0,60323.9,60600.0,2582.328,156429295.1781
2024-08-03 23:00:00,60600.0,60799.6,60357.3,60682.0,4564.388,276562724.7447
2024-08-04 00:00:00,60682.0,60789.9,60566.5,60710.9,1395.189,84649778.6815
2024-08-04 01:00:00,60710.9,60739.0,60270.5,60713.3,2563.271,155101805.4829
2024-08-04 02:00:00,60713.3,61088.0,60682.4,60855.6,3130.316,190577358.9583
2024-08-04 03:00:00,60855.6,60873.1,60649.5,60706.0,1837.792,111633629.5704
2024-08-04 04:00:00,60706.0,60767.0,60508.7,60540.0,1527.623,92651372.1901
2024-08-04 05:00:00,60540.0,60922.2,60515.0,60761.2,2159.591,131239960.577
2024-08-04 06:00:00,60761.2,60837.1,60688.0,60786.3,893.382,54291570.7852
2024-08-04 07:00:00,60786.3,60805.3,60226.1,60340.4,3692.051,223176766.6443
2024-08-04 08:00:00,60340.4,60642.8,60076.0,60539.8,3685.055,222453022.2442
2024-08-04 09:00:00,60539.8,60698.5,60464.1,60669.2,1326.447,80393651.1556
2024-08-04 10:00:00,60669.2,60801.0,60502.0,60781.5,1943.609,117937569.0236
2024-08-04 11:00:00,60781.5,60974.0,60739.6,60870.0,2668.932,162412559.859
2024-08-04 12:00:00,60870.0,61056.8,60754.5,61020.0,2507.461,152773868.2878
2024-08-04 13:00:00,61020.0,61046.6,60777.0,60790.3,1881.089,114541015.137
2024-08-04 14:00:00,60790.3,60849.4,59256.5,59556.7,19986.746,1196891184.1791
2024-08-04 15:00:00,59556.7,59574.6,58920.5,59060.1,13742.249,814073418.4309
2024-08-04 16:00:00,59060.1,59285.0,58588.0,58643.2,13076.226,770368344.9683
2024-08-04 17:00:00,58643.2,58735.4,57150.0,57836.0,30793.272,1786158484.2519
2024-08-04 18:00:00,57836.0,58909.2,57705.6,58726.4,12686.947,740100335.3368
2024-08-04 19:00:00,58726.4,59466.0,58482.1,59221.9,10831.122,640334379.2034
2024-08-04 20:00:00,59221.9,59559.4,58806.4,59124.3,6909.654,408588304.7332
2024-08-04 21:00:00,59124.3,59135.5,58327.1,58435.5,6335.215,371615080.3729
2024-08-04 22:00:00,58435.5,59109.2,58355.1,58691.2,8065.003,474361347.5617
2024-08-04 23:00:00,58691.2,58743.8,57970.8,58131.6,6370.267,371489024.1083
2024-08-05 00:00:00,58131.6,58278.3,55630.4,56115.6,34776.918,1982705297.5093
2024-08-05 01:00:00,56115.6,56250.0,52157.6,54396.9,68986.313,3744962412.9528
2024-08-05 02:00:00,54396.9,54688.0,53555.5,54678.3,16999.777,920040520.5138
2024-08-05 03:00:00,54678.3,54688.0,53735.1,53855.1,10307.723,558709184.9972
2024-08-05 04:00:00,53855.1,54541.1,53333.0,53488.9,11734.456,633015343.1261
2024-08-05 05:00:00,53488.9,53834.1,52237.0,52682.5,32190.767,1706252297.6551
2024-08-05 06:00:00,52682.5,52974.7,48914.1,51562.0,68944.449,3511253989.0911
2024-08-05 07:00:00,51562.0,53074.0,51327.4,52644.6,23742.617,1241978584.3518
2024-08-05 08:00:00,52644.6,53212.3,52220.0,52720.5,14307.378,754066797.881
2024-08-05 09:00:00,52720.5,52899.9,51716.5,52629.6,10759.489,563607458.3093
2024-08-05 10:00:00,52629.6,52629.6,50640.0,51350.9,20235.737,1040640162.5805
2024-08-05 11:00:00,51350.9,51874.6,50588.0,51302.1,17400.517,890793515.36
2024-08-05 12:00:00,51302.1,51516.5,49521.1,49786.1,34327.959,1730798120.3229
2024-08-05 13:00:00,49786.1,52500.0,49562.5,51927.5,43708.457,2229116982.3563
2024-08-05 14:00:00,51927.5,54495.6,51927.4,54030.5,38957.768,2080186945.4176
2024-08-05 15:00:00,54030.5,55039.8,53479.6,54282.8,22742.549,1236741290.0713
2024-08-05 16:00:00,54282.8,55555.0,54007.0,54007.0,19166.037,1050041525.1391
2024-08-05 17:00:00,54007.0,55042.8,53740.5,54679.3,13947.709,759195963.751
2024-08-05 18:00:00,54679.3,54707.7,52948.7,53071.2,12458.748,669524342.6006
2024-08-05 19:00:00,53071.2,53589.9,52521.1,53444.0,14817.329,786343738.9051
2024-08-05 20:00:00,53444.0,54421.1,53430.7,54375.3,11610.668,625507847.53
2024-08-05 21:00:00,54375.3,55188.0,54235.6,54350.6,8369.622,457416761.2265
2024-08-05 22:00:00,54350.6,54948.4,54163.8,54671.6,5816.636,317687905.8596
2024-08-05 23:00:00,54671.6,55076.6,53846.6,53988.2,6778.106,369116026.6229
2024-08-06 00:00:00,53988.2,56050.0,53917.3,56012.1,14267.039,789166815.9075
2024-08-06 01:00:00,56012.1,56288.0,55402.5,55696.7,9518.38,531799642.2106
2024-08-06 02:00:00,55696.7,56032.5,55589.3,55812.5,4334.186,241802867.6273
2024-08-06 03:00:00,55812.5,55867.0,55440.0,55639.8,4052.296,225582592.4184
2024-08-06 04:00:00,55639.8,55747.9,55221.1,55470.7,5625.673,312071261.7248
2024-08-06 05:00:00,55470.7,55969.4,55227.5,55909.8,5364.221,298289164.6816
2024-08-06 06:00:00,55909.8,56026.0,55504.7,55760.2,5465.876,304973528.9516
2024-08-06 07:00:00,55760.2,56160.1,55431.1,55980.9,5823.177,325049121.5194
2024-08-06 08:00:00,55980.9,56094.0,54581.1,54965.1,12752.382,703804179.6934
2024-08-06 09:00:00,54965.1,55367.8,54584.0,55191.5,9961.821,547420110.9373
2024-08-06 10:00:00,55191.5,55422.4,54851.9,55042.9,5616.256,309424385.5514
2024-08-06 11:00:00,55042.9,55388.8,54837.1,55186.1,4679.702,257985161.9663
2024-08-06 12:00:00,55186.1,55466.6,54648.4,54751.1,8012.035,441035830.4084
2024-08-06 13:00:00,54751.1,55400.8,54324.7,55188.5,16370.359,898989974.7932
2024-08-06 14:00:00,55188.5,56600.0,55113.8,56104.0,27584.534,1547212883.8578
2024-08-06 15:00:00,56104.0,56417.6,55700.0,56396.1,10050.767,563476908.4219
2024-08-06 16:00:00,56396.1,56888.0,56212.6,56750.8,12062.17,682284305.3105
2024-08-06 17:00:00,56750.8,56936.2,56455.0,56471.3,7118.764,403690384.6497
2024-08-06 18:00:00,56471.3,57056.1,56330.0,56704.1,7216.32,409542112.423
2024-08-06 19:00:00,56704.1,56864.2,56285.2,56739.7,6163.982,348971623.901
2024-08-06 20:00:00,56739.7,56834.2,56156.1,56515.3,6700.598,378477735.3736
2024-08-06 21:00:00,56515.3,56611.0,56069.1,56429.1,4281.936,241173107.5858
2024-08-06 22:00:00,56429.1,56926.8,55908.0,56171.9,9334.126,525658706.767
2024-08-06 23:00:00,56171.9,56400.0,55682.0,55989.8,6140.235,344013975.5858
2024-08-07 00:00:00,55989.8,56350.0,55518.4,56245.1,7444.691,416430864.3098
2024-08-07 01:00:00,56245.1,57000.0,55755.0,56934.9,8652.559,488479934.4525
2024-08-07 02:00:00,56934.9,57285.6,56436.4,56738.7,11836.45,673443944.0333
2024-08-07 03:00:00,56738.7,56959.4,56550.0,56837.9,2911.921,165236782.7438
2024-08-07 04:00:00,56837.9,57237.6,56720.0,57033.0,5985.513,341411301.7034
2024-08-07 05:00:00,57033.0,57232.5,56675.0,56769.1,4678.875,266460121.1867
2024-08-07 06:00:00,56769.1,56979.7,56663.4,56811.3,2752.459,156371644.5068
2024-08-07 07:00:00,56811.3,57074.4,56510.0,56904.0,4277.398,242912465.0599
2024-08-07 08:00:00,56904.0,57426.5,56839.9,57326.4,5962.063,340719150.202
2024-08-07 09:00:00,57326.4,57700.0,57140.8,57329.4,8202.155,471096722.175
2024-08-07 10:00:00,57329.4,57762.5,57221.9,57308.1,4764.297,273774437.7323
2024-08-07 11:00:00,57308.1,57361.2,56843.5,56941.4,7088.929,404799845.128
2024-08-07 12:00:00,56941.4,57340.0,56790.3,57272.9,6865.808,391849267.1105
2024-08-07 13:00:00,57272.9,57467.8,56686.0,56810.5,9099.708,519219361.5232
2024-08-07 14:00:00,56810.5,56974.0,55664.2,56054.0,18223.948,1025007349.3117
2024-08-07 15:00:00,56054.0,56389.0,55757.6,56079.9,7885.744,441885943.8007
2024-08-07 16:00:00,56079.9,56275.0,55804.3,56107.6,6734.203,377402583.1156
2024-08-07 17:00:00,56107.6,56285.0,55401.0,55545.7,8678.74,483944344.5153
2024-08-07 18:00:00,55545.7,55608.7,54637.0,54784.3,12405.981,682662167.7256
2024-08-07 19:00:00,54784.3,55129.5,54650.7,54735.3,6731.132,369634937.8652
2024-08-07 20:00:00,54735.3,55284.3,54604.5,55130.1,7843.274,430990115.8015
2024-08-07 21:00:00,55130.1,55587.1,54840.0,55392.0,4463.067,246443039.609
2024-08-07 22:00:00,55392.0,55446.0,54517.7,55260.9,7492.008,411896335.9025
2024-08-07 23:00:00,55260.9,55416.8,54892.0,55109.5,3232.504,178308427.718
2024-08-08 00:00:00,55109.5,55343.0,54705.0,55275.6,4715.578,259574117.6065
2024-08-08 01:00:00,55275.6,57408.0,55237.6,56854.0,17910.888,1008420265.3999
2024-08-08 02:00:00,56854.0,57620.6,56802.2,57337.3,10639.448,609494247.6725
2024-08-08 03:00:00,57337.3,57674.8,57026.2,57031.2,6177.893,354596380.492
2024-08-08 04:00:00,57031.2,57219.4,56660.0,56746.1,5686.917,323846561.175
2024-08-08 05:00:00,56746.1,56997.0,56707.4,56934.4,3089.827,175785883.7746
2024-08-08 06:00:00,56934.4,57339.9,56764.2,57195.1,3445.896,196633964.4787
2024-08-08 07:00:00,57195.1,57405.9,57093.7,57176.0,4289.768,245617422.0952
2024-08-08 08:00:00,57176.0,57375.3,57100.0,57214.7,2696.248,154318748.0087
2024-08-08 09:00:00,57214.7,57501.2,56953.0,57317.1,4872.865,278959809.4637
2024-08-08 10:00:00,57317.1,57549.1,57177.0,57360.0,4219.576,242060751.4446
2024-08-08 11:00:00,57360.0,57665.0,57227.3,57295.1,4377.472,251400732.372
2024-08-08 12:00:00,57295.1,58455.9,57078.6,57900.6,20511.313,1187075327.547
2024-08-08 13:00:00,57900.6,58239.4,56622.0,57248.6,18643.107,1070330228.1695
2024-08-08 14:00:00,57248.6,58979.0,57142.2,58886.1,20060.254,1166530264.4658
2024-08-08 15:00:00,58886.1,59494.7,58602.0,59394.1,16922.723,999224292.7329
2024-08-08 16:00:00,59394.1,59885.0,59312.4,59526.4,13787.181,821237495.9959
2024-08-08 17:00:00,59526.4,59824.0,59232.0,59433.9,5850.933,348198293.6819
2024-08-08 18:00:00,59433.9,59675.0,59290.8,59300.0,3065.279,182235967.4679
2024-08-08 19:00:00,59300.0,59787.0,59181.0,59378.1,5345.307,318287072.1945
2024-08-08 20:00:00,59378.1,59650.0,59255.7,59457.5,2876.703,171047676.8479
2024-08-08 21:00:00,59457.5,61358.3,59457.5,61138.5,12387.21,748903993.17
2024-08-08 22:00:00,61138.5,62537.9,60574.6,62305.5,18478.399,1135908681.2449
2024-08-08 23:00:00,62305.5,62743.1,61605.8,61670.2,13265.718,824166345.5615
2024-08-09 00:00:00,61670.2,61733.0,61022.6,61185.9,8141.85,500025811.1254
2024-08-09 01:00:00,61185.9,61520.0,60745.3,61367.0,6075.278,371229473.2175
2024-08-09 02:00:00,61367.0,61427.0,61108.4,61200.8,2426.265,148666001.7112
2024-08-09 03:00:00,61200.8,61546.5,61140.0,61329.1,2386.906,146346975.4548
2024-08-09 04:00:00,61329.1,61362.2,60675.9,60686.0,4335.861,264401362.946
2024-08-09 05:00:00,60686.0,61000.0,60544.2,60955.2,3893.183,236836322.0357
2024-08-09 06:00:00,60955.2,61081.6,60689.3,60862.6,3703.262,225574238.4311
2024-08-09 07:00:00,60862.6,61230.8,60725.2,60844.0,3562.462,217219370.2344
2024-08-09 08:00:00,60844.0,61085.3,60574.7,61065.5,4134.113,251471702.0779
2024-08-09 09:00:00,61065.5,61187.5,60680.5,60736.0,3174.52,193385524.0851
2024-08-09 10:00:00,60736.0,60820.0,60129.2,60573.3,8373.483,506225324.1162
2024-08-09 11:00:00,60573.3,60769.2,60329.2,60632.1,3086.121,186951282.4152
2024-08-09 12:00:00,60632.1,60782.2,60183.5,60518.2,3628.354,219477260.0668
2024-08-09 13:00:00,60518.2,60729.5,59762.0,60423.3,11249.823,676655343.3939
2024-08-09 14:00:00,60423.3,61111.1,59488.0,60307.5,21365.658,1288632321.6992
2024-08-09 15:00:00,60307.5,60550.8,59753.2,59775.6,6497.923,390788664.8276
2024-08-09 16:00:00,59775.6,60421.0,59680.0,60402.0,7050.73,423264750.5567
2024-08-09 17:00:00,60402.0,60714.8,60126.0,60170.8,6120.632,369960929.7288
2024-08-09 18:00:00,60170.8,60354.6,59811.3,60289.1,3939.47,236703444.3303
2024-08-09 19:00:00,60289.1,60728.2,60088.6,60655.4,3431.345,207608490.003
2024-08-09 20:00:00,60655.4,60970.6,60487.6,60718.5,4204.497,255248872.9345
2024-08-09 21:00:00,60718.5,60858.1,59891.0,60717.7,8346.642,503267143.5876
2024-08-09 22:00:00,60717.7,60974.1,60253.8,60735.4,6392.8,387504263.9992
2024-08-09 23:00:00,60735.4,60929.9,60304.7,60814.9,3714.255,225302543.8436
2024-08-10 00:00:00,60814.9,61459.9,60441.7,60518.2,8743.167,532707605.0447
2024-08-10 01:00:00,60518.2,60968.6,60431.5,60441.9,2953.86,179315967.6141
2024-08-10 02:00:00,60441.9,60707.6,60303.7,60519.0,1680.995,101730069.0831
2024-08-10 03:00:00,60519.0,60519.1,60247.4,60424.7,1799.409,108648278.674
2024-08-10 04:00:00,60424.7,60428.1,60223.0,60399.3,1349.096,81368458.1137
2024-08-10 05:00:00,60399.3,60456.8,60301.5,60341.3,1039.454,62769917.6575
2024-08-10 06:00:00,60341.3,60499.9,60312.3,60427.0,1037.119,62661331.4127
2024-08-10 07:00:00,60427.0,60834.7,60427.0,60817.9,2475.253,150094040.4876
2024-08-10 08:00:00,60817.9,60886.3,60582.2,60706.0,2215.207,134509534.0273
2024-08-10 09:00:00,60706.0,61089.5,60704.5,60864.2,2913.916,177574594.4897
2024-08-10 10:00:00,60864.2,60991.0,60601.2,60754.5,2150.246,130708346.8809
2024-08-10 11:00:00,60754.5,60989.4,60721.5,60898.2,1149.969,70005471.3255
2024-08-10 12:00:00,60898.2,60921.6,60685.0,60700.0,1112.016,67604920.281
2024-08-10 13:00:00,60700.0,60724.2,60400.0,60414.9,3055.069,185003133.0517
2024-08-10 14:00:00,60414.9,60648.7,60365.0,60565.1,1770.745,107163956.7086
2024-08-10 15:00:00,60565.1,60728.7,60473.8,60490.0,1354.616,82128543.0769
2024-08-10 16:00:00,60490.0,60693.9,60371.1,60651.0,2263.716,137033672.7892
2024-08-10 17:00:00,60651.0,60843.2,60527.1,60746.0,1202.915,73013849.2625
2024-08-10 18:00:00,60746.0,61237.1,60703.2,60932.8,4633.034,282563782.6796
2024-08-10 19:00:00,60932.8,61120.0,60810.1,60997.9,1508.06,91960292.3557
2024-08-10 20:00:00,60997.9,61079.6,60871.5,60965.3,1163.331,70928190.4095
2024-08-10 21:00:00,60965.3,61148.6,60928.4,61053.6,1150.736,70256561.546
2024-08-10 22:00:00,61053.6,61057.7,60856.2,60913.7,936.718,57085437.6162
2024-08-10 23:00:00,60913.7,60917.4,60723.5,60893.7,949.076,57716197.9484
2024-08-11 00:00:00,60893.7,61230.6,60859.7,61067.7,2394.397,146243738.3399
2024-08-11 01:00:00,61067.7,61146.8,60917.6,61089.5,926.894,56581908.5449
2024-08-11 02:00:00,61089.5,61107.3,60950.0,61006.9,655.161,39977528.3583
2024-08-11 03:00:00,61006.9,61370.4,61000.3,61062.3,2388.709,146235746.2064
2024-08-11 04:00:00,61062.3,61120.3,60843.9,60867.4,2284.89,139274230.017
2024-08-11 05:00:00,60867.4,61123.8,60851.0,61088.1,849.099,51791277.8061
2024-08-11 06:00:00,61088.1,61135.5,60967.6,61088.8,1311.208,80062977.6068
2024-08-11 07:00:00,61088.8,61240.3,61055.4,61225.6,1454.036,88931929.8558
2024-08-11 08:00:00,61225.6,61400.0,61123.8,61234.0,1999.86,122524439.1568
2024-08-11 09:00:00,61234.0,61880.0,60975.7,61078.3,8579.749,526974306.6389
2024-08-11 10:00:00,61078.3,61234.0,60910.0,61001.7,2682.659,163816057.9615
2024-08-11 11:00:00,61001.7,61034.9,60388.0,60637.1,8097.013,490923502.8496
2024-08-11 12:00:00,60637.1,60681.8,60178.9,60459.1,4538.192,274144902.8937
2024-08-11 13:00:00,60459.1,60586.6,60134.3,60419.1,3753.557,226506386.3002
2024-08-11 14:00:00,60419.1,60744.4,60151.6,60312.0,3554.566,214792950.8363
2024-08-11 15:00:00,60312.0,60400.0,59908.3,60099.8,5529.911,332600441.3439
2024-08-11 16:00:00,60099.8,60259.1,59945.1,60148.5,2276.47,136848177.0916
2024-08-11 17:00:00,60148.5,60328.7,59989.2,60240.5,1833.467,110267006.2214
2024-08-11 18:00:00,60240.5,60320.9,60079.1,60233.2,1186.456,71408258.2069
2024-08-11 19:00:00,60233.2,60244.0,59508.8,59596.0,6394.032,381985153.2529
2024-08-11 20:00:00,59596.0,59653.6,58264.0,58478.9,20426.254,1202297669.222
2024-08-11 21:00:00,58478.9,59049.9,58288.6,58993.1,6491.286,380741089.6219
2024-08-11 22:00:00,58993.1,59338.0,58507.1,58980.6,7433.095,437553254.2367
2024-08-11 23:00:00,58980.6,59011.6,58685.7,58703.4,2972.953,174887883.2667
2024-08-12 00:00:00,58703.4,59073.6,58024.1,58428.8,11001.052,642997921.1239
2024-08-12 01:00:00,58428.8,58778.3,58252.9,58562.1,3893.199,227812150.7824
2024-08-12 02:00:00,58562.1,58735.5,58300.0,58695.0,2724.76,159385609.7473
2024-08-12 03:00:00,58695.0,58805.9,58409.7,58489.1,1892.537,110878173.8298
2024-08-12 04:00:00,58489.1,58659.7,58340.0,58500.0,1854.818,108506739.5817
2024-08-12 05:00:00,58500.0,58694.3,58373.8,58550.1,1917.42,112265601.7633
2024-08-12 06:00:00,58550.1,58620.1,58091.9,58381.7,3206.188,187038308.0422
2024-08-12 07:00:00,58381.7,58998.9,57555.0,58657.6,16716.243,973965199.6268
2024-08-12 08:00:00,58657.6,59038.9,58210.0,58292.8,6648.64,390071682.3361
2024-08-12 09:00:00,58292.8,58616.8,58135.0,58272.5,5361.148,312702933.5081
2024-08-12 10:00:00,58272.5,58976.3,58077.5,58947.6,6467.068,378846271.9803
2024-08-12 11:00:00,58947.6,59938.0,58860.0,59812.4,13996.813,832447161.2739
2024-08-12 12:00:00,59812.4,59940.0,59486.3,59700.2,6799.179,405756881.5603
2024-08-12 13:00:00,59700.2,59843.0,57930.3,58128.0,18352.662,1078348201.3424
2024-08-12 14:00:00,58128.0,60691.5,57736.0,60272.2,32118.498,1909467966.1175
2024-08-12 15:00:00,60272.2,60486.1,59217.3,60179.8,17450.704,1043292049.8846
2024-08-12 16:00:00,60179.8,60396.1,59508.9,59583.4,9224.904,552554245.1381
2024-08-12 17:00:00,59583.4,59899.8,59179.0,59269.0,4957.925,295116833.1032
2024-08-12 18:00:00,59269.0,59522.1,58396.2,58495.9,8412.482,496379778.0584
2024-08-12 19:00:00,58495.9,59264.0,58495.9,59015.6,6574.711,387659650.2397
2024-08-12 20:00:00,59015.6,59365.7,58707.8,58823.6,4767.33,281626825.6341
2024-08-12 21:00:00,58823.6,59212.8,58516.5,58943.0,5270.347,310079711.2862
2024-08-12 22:00:00,58943.0,59229.9,58809.2,59021.2,2486.354,146760504.1513
2024-08-12 23:00:00,59021.2,59749.3,58988.5,59316.1,5551.88,329747333.5808
2024-08-13 00:00:00,59316.1,59867.2,59235.7,59768.0,5533.681,329601610.0215
2024-08-13 01:00:00,59768.0,59902.3,59441.7,59721.8,2840.556,169470828.3675
2024-08-13 02:00:00,59721.8,59764.3,59270.0,59461.8,3208.897,190850510.9962
2024-08-13 03:00:00,59461.8,59508.0,58850.0,59026.1,5659.649,334786288.4091
2024-08-13 04:00:00,59026.1,59240.0,58815.6,59203.8,2266.628,133802678.7236
2024-08-13 05:00:00,59203.8,59349.7,59082.3,59195.2,1697.424,100490949.6309
2024-08-13 06:00:00,59195.2,59465.5,58946.8,59345.1,3243.342,192170417.5928
2024-08-13 07:00:00,59345.1,59439.1,59029.0,59218.7,3291.071,195008103.6048
2024-08-13 08:00:00,59218.7,59302.0,58883.3,59067.9,3133.066,185026422.4974
2024-08-13 09:00:00,59067.9,59072.1,58666.5,58925.8,4166.48,245241543.8644
2024-08-13 10:00:00,58925.8,58950.0,58380.0,58630.1,5534.778,324465877.8198
2024-08-13 11:00:00,58630.1,58878.1,58530.0,58797.4,2429.953,142684873.6019
2024-08-13 12:00:00,58797.4,59178.5,58663.8,59089.9,7918.521,466691932.2966
2024-08-13 13:00:00,59089.9,59415.0,58807.4,59373.1,7844.41,463790906.0808
2024-08-13 14:00:00,59373.1,59740.0,58981.6,59617.9,11596.638,689165578.5103
2024-08-13 15:00:00,59617.9,59708.6,59323.5,59449.4,4292.341,255371521.6194
2024-08-13 16:00:00,59449.4,61194.5,59426.5,61130.0,20437.761,1235441507.5636
2024-08-13 17:00:00,61130.0,61576.7,60864.7,61132.5,15543.538,951571693.2268
2024-08-13 18:00:00,61132.5,61180.0,60721.0,60766.3,6040.801,368131262.7161
2024-08-13 19:00:00,60766.3,60947.5,60208.2,60785.6,8792.509,533001344.4662
2024-08-13 20:00:00,60785.6,60945.9,60528.3,60531.9,2802.035,170105977.8014
2024-08-13 21:00:00,60531.9,61125.0,60466.7,60996.5,2862.169,174124576.3488
2024-08-13 22:00:00,60996.5,61023.8,60422.0,60556.0,3586.155,217455181.5446
2024-08-13 23:00:00,60556.0,60594.9,60357.4,60558.8,1987.73,120222304.2472
2024-08-14 00:00:00,60558.8,60832.5,60400.0,60759.9,2527.947,153261488.3401
2024-08-14 01:00:00,60759.9,60800.0,60494.5,60500.0,2194.324,133022356.1523
2024-08-14 02:00:00,60500.0,60814.8,60469.0,60773.7,1739.33,105523619.7467
2024-08-14 03:00:00,60773.7,61282.0,60773.6,60920.7,3397.018,207335174.1118
2024-08-14 04:00:00,60920.7,61132.7,60861.0,60909.1,1956.076,119286961.9869
2024-08-14 05:00:00,60909.1,61055.5,60753.6,60797.3,1709.591,104077667.4351
2024-08-14 06:00:00,60797.3,60892.0,60611.7,60834.3,2992.672,181764852.3316
2024-08-14 07:00:00,60834.3,60918.1,60670.1,60884.4,1491.077,90656862.7497
2024-08-14 08:00:00,60884.4,60900.0,60587.2,60861.0,2366.636,143822460.1022
2024-08-14 09:00:00,60861.0,60944.4,60770.2,60824.5,1314.029,79952439.8137
2024-08-14 10:00:00,60824.5,61299.0,60811.0,61060.3,4775.13,291849986.7761
2024-08-14 11:00:00,61060.3,61454.8,60850.0,61255.6,4775.421,292000157.7907
2024-08-14 12:00:00,61255.6,61950.3,60758.9,61039.8,18760.036,1149423218.9222
2024-08-14 13:00:00,61039.8,61147.2,59441.2,59586.0,20377.932,1226997451.4892
2024-08-14 14:00:00,59586.0,59594.5,58769.0,59474.9,22302.259,1321207123.2592
2024-08-14 15:00:00,59474.9,59817.7,58841.9,59398.7,18366.886,1090151323.7708
2024-08-14 16:00:00,59398.7,59425.9,58519.9,59100.5,11038.996,651768487.1364
2024-08-14 17:00:00,59100.5,59360.4,59000.2,59131.2,5095.693,301489334.5097
2024-08-14 18:00:00,59131.2,59446.0,58758.6,58962.0,4546.855,268630931.6928
2024-08-14 19:00:00,58962.0,59102.1,58700.0,58868.2,3768.506,221903451.2729
2024-08-14 20:00:00,58868.2,59180.7,58859.6,59130.4,2839.383,167674058.4095
2024-08-14 21:00:00,59130.4,59138.9,58843.4,58891.3,1485.25,87596985.0886
2024-08-14 22:00:00,58891.3,58984.9,58399.1,58955.9,5359.429,314538990.5324
2024-08-14 23:00:00,58955.9,59000.0,58631.4,58647.7,1790.151,105300946.6884
2024-08-15 00:00:00,58647.7,59003.8,58642.0,58957.1,2103.761,123804032.5648
2024-08-15 01:00:00,58957.1,59057.3,58103.2,58165.3,5905.701,345720455.7317
2024-08-15 02:00:00,58165.3,58538.3,57905.3,58389.3,8129.014,473651504.7587
2024-08-15 03:00:00,58389.3,58475.4,58322.7,58412.8,1035.635,60485609.8358
2024-08-15 04:00:00,58412.8,58449.7,58133.3,58361.0,2494.301,145395196.9964
2024-08-15 05:00:00,58361.0,58612.0,58156.1,58296.0,3017.741,176264502.8178
2024-08-15 06:00:00,58296.0,58372.7,57787.6,58079.4,6106.763,354606126.7242
2024-08-15 07:00:00,58079.4,58132.3,57690.0,58031.7,5099.968,295374423.3383
2024-08-15 08:00:00,58031.7,58356.5,57936.2,58341.5,3625.097,210913184.4329
2024-08-15 09:00:00,58341.5,58542.9,58267.1,58380.1,3249.944,189773163.3864
2024-08-15 10:00:00,58380.1,58531.5,58271.2,58332.3,2527.352,147558169.994
2024-08-15 11:00:00,58332.3,58881.6,58330.0,58726.5,5865.593,344063841.6253
2024-08-15 12:00:00,58726.5,59403.8,58579.6,58768.9,15181.672,895802508.3468
2024-08-15 13:00:00,58768.9,59457.0,58446.5,59434.7,11848.515,700209973.5738
2024-08-15 14:00:00,59434.7,59746.9,59168.0,59405.5,10570.619,628631502.4747
2024-08-15 15:00:00,59405.5,59749.9,59255.6,59655.8,5961.217,354895757.6265
2024-08-15 16:00:00,59655.8,59833.7,59405.1,59511.9,5714.663,340818754.7039
2024-08-15 17:00:00,59511.9,59524.8,58721.0,58844.1,7582.9,448873430.8198
2024-08-15 18:00:00,58844.1,58847.2,57500.0,57834.5,22822.802,1323829337.5281
2024-08-15 19:00:00,57834.5,57930.6,56612.2,57026.0,23239.846,1327335979.2028
2024-08-15 20:00:00,57026.0,57114.8,56052.1,56635.6,13633.882,771798378.175
2024-08-15 21:00:00,56635.6,57620.0,56569.8,57607.8,10228.458,583250414.5607
2024-08-15 22:00:00,57607.8,57859.5,57355.2,57595.2,6150.96,354307506.8272
2024-08-15 23:00:00,57595.2,57798.1,57455.5,57515.9,2958.779,170475028.3399
2024-08-16 00:00:00,57515.9,57650.0,57330.0,57452.9,3244.484,186441228.0909
2024-08-16 01:00:00,57452.9,57611.9,57071.7,57522.1,4276.464,245033187.6953
2024-08-16 02:00:00,57522.1,58544.6,57310.0,58180.0,8550.87,495995406.4587
2024-08-16 03:00:00,58180.0,58196.7,57723.2,57871.1,3851.677,223305378.8353
2024-08-16 04:00:00,57871.1,58303.2,57747.8,58284.3,3220.572,186826487.2941
2024-08-16 05:00:00,58284.3,58316.9,58073.8,58163.6,2101.804,122324851.1539
2024-08-16 06:00:00,58163.6,58620.0,58026.0,58500.4,4630.193,270335252.4964
2024-08-16 07:00:00,58500.4,58534.4,58301.7,58432.8,2465.294,144021273.0502
2024-08-16 08:00:00,58432.8,58582.0,58300.3,58340.6,2466.282,144130033.1347
2024-08-16 09:00:00,58340.6,58669.5,58226.0,58650.4,3867.24,226087761.5927
2024-08-16 10:00:00,58650.4,58650.4,58260.8,58406.9,3034.776,177221685.0125
2024-08-16 11:00:00,58406.9,58595.4,58104.2,58375.2,4461.425,260400429.4524
2024-08-16 12:00:00,58375.2,58485.9,57472.7,57841.6,12275.891,710538307.1898
2024-08-16 13:00:00,57841.6,58894.0,57717.2,58320.9,18171.935,1060342460.1715
2024-08-16 14:00:00,58320.9,58480.0,57818.3,57989.4,7379.018,428864241.1162
2024-08-16 15:00:00,57989.4,58193.4,57601.2,58034.5,5919.153,342671619.8928
2024-08-16 16:00:00,58034.5,58700.0,57962.7,58530.8,7687.454,448959347.4726
2024-08-16 17:00:00,58530.8,59347.2,58357.3,59197.2,9193.596,540922583.2723
2024-08-16 18:00:00,59197.2,59536.7,59046.8,59436.5,7934.759,470630278.7026
2024-08-16 19:00:00,59436.5,59800.1,59380.0,59653.9,7939.834,473447055.9569
2024-08-16 20:00:00,59653.9,59688.4,59159.7,59229.2,4977.761,295668527.2857
2024-08-16 21:00:00,59229.2,59305.9,58920.1,58998.4,3028.65,178981099.8105
2024-08-16 22:00:00,58998.4,59160.0,58940.0,58940.0,1691.768,99925643.6634
2024-08-16 23:00:00,58940.0,59034.0,58671.2,58850.0,3983.811,234565708.0031
2024-08-17 00:00:00,58850.0,59228.5,58765.0,59150.0,2872.49,169417376.766
2024-08-17 01:00:00,59150.0,59370.3,59081.4,59215.0,2325.149,137679617.5247
2024-08-17 02:00:00,59215.0,59324.0,59066.9,59124.1,1619.471,95859947.9051
2024-08-17 03:00:00,59124.1,59156.9,58960.3,59127.3,1757.42,103761519.0318
2024-08-17 04:00:00,59127.3,59240.0,59045.0,59187.0,1394.545,82502883.2647
2024-08-17 05:00:00,59187.0,59226.1,59118.8,59140.4,807.886,47801762.5964
2024-08-17 06:00:00,59140.4,59215.8,59125.2,59141.1,686.412,40604624.1517
2024-08-17 07:00:00,59141.1,59237.3,59017.7,59223.7,1381.42,81678642.0198
2024-08-17 08:00:00,59223.7,59270.0,59134.2,59257.9,1014.774,60080966.369
2024-08-17 09:00:00,59257.9,59458.0,59184.0,59295.6,2206.915,130916303.1285
2024-08-17 10:00:00,59295.6,59320.0,59050.0,59085.9,2083.569,123262369.6004
2024-08-17 11:00:00,59085.9,59206.0,59034.9,59106.3,1852.625,109502448.7405
2024-08-17 12:00:00,59106.3,59250.5,59068.0,59206.0,1158.929,68579487.8843
2024-08-17 13:00:00,59206.0,59430.8,59160.0,59308.0,2927.244,173597888.1587
2024-08-17 14:00:00,59308.0,59568.8,59225.1,59508.3,2465.213,146409221.8916
2024-08-17 15:00:00,59508.3,59666.0,59340.0,59369.4,2681.062,159447699.8546
2024-08-17 16:00:00,59369.4,59698.8,59369.3,59585.0,1816.441,108138349.6152
2024-08-17 17:00:00,59585.0,59656.7,59386.5,59403.5,1802.5,107302994.3111
2024-08-17 18:00:00,59403.5,59454.7,59222.5,59391.3,1691.429,100380615.0972
2024-08-17 19:00:00,59391.3,59520.0,59359.1,59447.5,679.454,40390277.008
2024-08-17 20:00:00,59447.5,59476.3,59283.2,59370.3,732.285,43483605.1445
2024-08-17 21:00:00,59370.3,59415.9,59101.2,59287.3,1465.908,86825121.7192
2024-08-17 22:00:00,59287.3,59322.8,59219.9,59289.9,573.228,33976259.2927
2024-08-17 23:00:00,59289.9,59475.1,59272.6,59475.1,1026.739,60973809.0055
2024-08-18 00:00:00,59475.1,59731.1,59391.8,59650.3,2724.911,162415619.5002
2024-08-18 01:00:00,59650.3,59674.7,59377.5,59418.8,1389.727,82725917.5411
2024-08-18 02:00:00,59418.8,60288.5,59368.6,60112.0,7668.074,459395494.7671
2024-08-18 03:00:00,60112.0,60251.6,59262.0,59306.7,5884.621,351537609.1263
2024-08-18 04:00:00,59306.7,59467.7,59222.0,59429.2,2227.226,132213355.0469
2024-08-18 05:00:00,59429.2,59666.0,59374.0,59455.8,2317.499,137919972.1402
2024-08-18 06:00:00,59455.8,59600.1,59444.3,59567.4,809.827,48217802.4942
2024-08-18 07:00:00,59567.4,59625.3,59478.9,59549.7,856.978,51039012.1235
2024-08-18 08:00:00,59549.7,59695.9,59402.7,59672.9,1842.53,109716702.7859
2024-08-18 09:00:00,59672.9,60107.3,59620.0,59853.3,3861.558,231024890.819
2024-08-18 10:00:00,59853.3,60174.9,59782.1,59840.7,4150.721,249028867.5728
2024-08-18 11:00:00,59840.7,60003.2,59707.7,59987.8,2453.787,146880464.418
2024-08-18 12:00:00,59987.8,60249.8,59847.9,59949.8,2771.542,166425281.081
2024-08-18 13:00:00,59949.8,60200.0,59777.0,59798.0,2515.686,150951175.499
2024-08-18 14:00:00,59798.0,59950.0,59633.0,59782.0,2803.929,167690967.831
2024-08-18 15:00:00,59782.0,59900.3,59666.6,59830.0,1431.325,85594324.245
2024-08-18 16:00:00,59830.0,59921.3,59746.2,59810.9,1306.208,78167825.4844
2024-08-18 17:00:00,59810.9,59835.1,59324.7,59514.8,4205.202,250321442.2357
2024-08-18 18:00:00,59514.8,59617.2,59433.7,59568.9,1147.878,68326158.9904
2024-08-18 19:00:00,59568.9,59736.8,59475.8,59684.9,1408.012,83979588.9468
2024-08-18 20:00:00,59684.9,59844.0,59650.7,59792.0,1346.827,80469701.8372
2024-08-18 21:00:00,59792.0,59792.0,59230.0,59410.5,2769.334,164853285.6152
2024-08-18 22:00:00,59410.5,59559.1,59312.8,59317.9,1601.611,95180220.8681
2024-08-18 23:00:00,59317.9,59382.1,58400.0,58406.4,12251.243,720645373.8412
2024-08-19 00:00:00,58406.4,58693.2,58140.7,58320.2,10032.208,585917109.6469
2024-08-19 01:00:00,58320.2,58591.0,58180.0,58525.0,3539.303,206676243.0258
2024-08-19 02:00:00,58525.0,58720.5,58384.0,58628.3,2153.217,126120081.68
2024-08-19 03:00:00,58628.3,58740.0,58525.0,58703.2,2025.411,118777091.4735
2024-08-19 04:00:00,58703.2,58720.0,58430.0,58555.5,1961.087,114848226.7133
2024-08-19 05:00:00,58555.5,58590.1,58322.2,58456.2,2486.937,145374453.6415
2024-08-19 06:00:00,58456.2,58636.0,58350.4,58543.2,2020.771,118200577.1817
2024-08-19 07:00:00,58543.2,58724.0,58462.1,58469.1,2379.58,139432462.1171
2024-08-19 08:00:00,58469.1,58629.7,58392.9,58572.3,2120.441,124106807.3081
2024-08-19 09:00:00,58572.3,58636.8,57925.6,57984.9,7154.413,416204641.1639
2024-08-19 10:00:00,57984.9,58200.0,57753.1,58010.0,7845.374,455057261.4839
2024-08-19 11:00:00,58010.0,58482.9,57950.0,58358.1,4188.07,243650104.3934
2024-08-19 12:00:00,58358.1,58490.2,58217.2,58381.9,3212.185,187512176.7269
2024-08-19 13:00:00,58381.9,58946.6,58020.0,58177.7,12002.327,702421169.5855
2024-08-19 14:00:00,58177.7,58625.0,58046.9,58585.9,5850.208,341147252.9471
2024-08-19 15:00:00,58585.9,58752.4,58478.8,58511.7,4002.153,234610636.8308
2024-08-19 16:00:00,58511.7,58688.1,58339.0,58679.9,2916.355,170646652.0347
2024-08-19 17:00:00,58679.9,59272.0,58532.5,59004.0,10669.715,629128592.4175
2024-08-19 18:00:00,59004.0,59218.5,58703.3,58978.8,4149.179,244607001.2022
2024-08-19 19:00:00,58978.8,59098.9,58832.0,58927.9,2989.117,176214367.6585
2024-08-19 20:00:00,58927.9,59393.6,58874.0,59043.3,4002.11,236655246.7064
2024-08-19 21:00:00,59043.3,59212.3,58925.4,58929.9,2020.789,119344891.0162
2024-08-19 22:00:00,58929.9,59236.9,58929.9,59204.8,1625.62,96063204.5859
2024-08-19 23:00:00,59204.8,59600.0,59062.0,59403.9,5856.011,347671897.021
2024-08-20 00:00:00,59403.9,60648.4,59326.1,60452.8,19197.116,1154322302.451
2024-08-20 01:00:00,60452.8,60897.0,60344.0,60425.0,7237.937,438744039.7232
2024-08-20 02:00:00,60425.0,60531.3,60310.1,60505.0,2342.094,141492295.0408
2024-08-20 03:00:00,60505.0,60595.5,60403.4,60595.4,1788.483,108237301.0234
2024-08-20 04:00:00,60595.4,61096.1,60553.3,60847.1,7446.849,452909475.9372
2024-08-20 05:00:00,60847.1,61455.8,60837.4,61087.9,9632.83,589140938.2101
2024-08-20 06:00:00,61087.9,61114.0,60904.5,60932.3,2361.095,143966165.2864
2024-08-20 07:00:00,60932.3,60967.5,60766.2,60907.1,2929.773,178283624.1626
2024-08-20 08:00:00,60907.1,60928.8,60651.5,60732.0,3619.341,219914300.345
2024-08-20 09:00:00,60732.0,60950.0,60725.0,60834.8,2529.601,153936699.8424
2024-08-20 10:00:00,60834.8,60856.1,60618.2,60680.1,1618.295,98274819.2356
2024-08-20 11:00:00,60680.1,60713.2,60357.5,60488.3,4709.142,285041486.2024
2024-08-20 12:00:00,60488.3,60726.2,60467.1,60656.3,2816.722,170798465.9877
2024-08-20 13:00:00,60656.3,60930.0,60308.7,60854.2,7735.335,468972670.8269
2024-08-20 14:00:00,60854.2,60877.0,59416.9,59433.2,21785.985,1306120191.5111
2024-08-20 15:00:00,59433.2,59458.8,58666.0,58804.4,23001.571,1356722684.6075
2024-08-20 16:00:00,58804.4,59022.2,58400.0,58775.1,8804.283,517405408.6441
2024-08-20 17:00:00,58775.1,59030.0,58654.2,59005.0,3777.422,222227690.3585
2024-08-20 18:00:00,59005.0,59452.1,58962.7,59164.6,7617.163,451408960.6116
2024-08-20 19:00:00,59164.6,59575.5,59112.5,59483.1,4082.444,242458382.9804
2024-08-20 20:00:00,59483.1,59743.0,59236.3,59286.8,5318.694,316571501.2077
2024-08-20 21:00:00,59286.8,59311.8,58804.5,59257.7,6042.0,356851225.2065
2024-08-20 22:00:00,59257.7,59520.1,59200.0,59336.7,2398.964,142460061.1912
2024-08-20 23:00:00,59336.7,59365.0,58953.4,58978.0,2303.886,136226444.5624
2024-08-21 00:00:00,58978.0,59259.9,58911.0,58963.9,2470.365,145975020.2695
2024-08-21 01:00:00,58963.9,59250.0,58728.4,59250.0,3161.997,186460198.8499
2024-08-21 02:00:00,59250.0,59484.8,59221.7,59338.5,1743.955,103464058.2318
2024-08-21 03:00:00,59338.5,59395.0,59184.3,59290.0,1137.653,67432487.2646
2024-08-21 04:00:00,59290.0,59380.0,59163.3,59335.8,912.027,54072430.2685
2024-08-21 05:00:00,59335.8,59380.0,59264.9,59350.0,891.965,52920475.0269
2024-08-21 06:00:00,59350.0,59710.0,59318.9,59593.6,3672.813,218750247.413
2024-08-21 07:00:00,59593.6,59692.9,59531.1,59674.0,2176.529,129784385.9345
2024-08-21 08:00:00,59674.0,59989.7,59181.9,59414.0,8930.189,532010185.4901
2024-08-21 09:00:00,59414.0,59479.4,59050.4,59256.9,5231.631,309784218.0231
2024-08-21 10:00:00,59256.9,59455.1,59171.4,59435.8,1737.948,103081122.828
2024-08-21 11:00:00,59435.8,59474.5,59229.8,59324.0,1530.398,90848218.1852
2024-08-21 12:00:00,59324.0,59610.2,59230.3,59477.0,2853.488,169612024.8026
2024-08-21 13:00:00,59477.0,60096.6,58805.0,59898.0,14864.488,882070374.6627
2024-08-21 14:00:00,59898.0,60201.1,59172.0,59385.4,22046.526,1315786935.7779
2024-08-21 15:00:00,59385.4,59760.6,59271.8,59484.1,4992.67,297182371.1987
2024-08-21 16:00:00,59484.1,59930.0,59335.7,59857.7,4508.231,268922403.8329
2024-08-21 17:00:00,59857.7,60030.0,59677.0,59906.1,3432.491,205506501.6539
2024-08-21 18:00:00,59906.1,60800.0,59820.0,60737.6,12174.035,735169944.5437
2024-08-21 19:00:00,60737.6,61621.4,60399.8,61539.2,21651.322,1323177061.2739
2024-08-21 20:00:00,61539.2,61835.0,60861.7,61208.1,12835.603,788381728.9382
2024-08-21 21:00:00,61208.1,61484.0,60898.0,61205.3,5587.54,341954745.7714
2024-08-21 22:00:00,61205.3,61476.8,61071.7,61150.1,3557.619,218022912.9569
2024-08-21 23:00:00,61150.1,61252.0,60954.2,61120.6,2959.781,180856719.1103
2024-08-22 00:00:00,61120.6,61198.3,60773.1,60796.6,2843.098,173404264.7828
2024-08-22 01:00:00,60796.6,60981.7,60690.0,60936.6,2719.945,165483298.576
2024-08-22 02:00:00,60936.6,60940.0,59623.9,60140.0,10540.793,634390410.253
2024-08-22 03:00:00,60140.0,60599.2,60032.0,60523.6,4837.594,291823023.9097
2024-08-22 04:00:00,60523.6,60826.5,60426.8,60806.3,3468.591,210328338.3955
2024-08-22 05:00:00,60806.3,60806.3,60581.0,60700.1,2360.841,143261684.5672
2024-08-22 06:00:00,60700.1,60920.4,60660.6,60740.1,2440.182,148357136.5568
2024-08-22 07:00:00,60740.1,61200.0,60672.7,60953.8,3406.949,207495027.6657
2024-08-22 08:00:00,60953.8,61086.4,60826.2,60895.6,2845.731,173456565.0081
2024-08-22 09:00:00,60895.6,60970.9,60771.6,60865.3,2164.476,131746249.3616
2024-08-22 10:00:00,60865.3,61386.2,60800.0,61326.4,4137.314,252927605.2059
2024-08-22 11:00:00,61326.4,61363.4,61079.4,61300.6,3396.772,207939046.4539
2024-08-22 12:00:00,61300.6,61373.4,60739.5,60864.0,8289.785,505494456.2821
2024-08-22 13:00:00,60864.0,60912.6,60370.7,60788.4,9919.014,601892575.4725
2024-08-22 14:00:00,60788.4,60827.4,60277.7,60482.3,8726.588,528163718.6986
2024-08-22 15:00:00,60482.3,60800.0,60066.5,60375.0,8611.612,519860911.4683
2024-08-22 16:00:00,60375.0,60571.5,60251.5,60307.7,4164.53,251613380.7365
2024-08-22 17:00:00,60307.7,60488.0,60111.0,60133.6,2980.493,179700452.8459
2024-08-22 18:00:00,60133.6,60550.0,60100.0,60311.9,4011.673,242155128.5761
2024-08-22 19:00:00,60311.9,60423.8,60145.0,60284.0,3314.402,199773200.6397
2024-08-22 20:00:00,60284.0,60699.0,60263.6,60663.1,3609.087,218214144.3394
2024-08-22 21:00:00,60663.1,60703.4,60437.4,60530.4,1823.296,110409453.5039
2024-08-22 22:00:00,60530.4,60595.0,60367.2,60416.1,1405.01,84945651.9711
2024-08-22 23:00:00,60416.1,60451.4,60262.4,60355.3,1250.671,75489274.1061
2024-08-23 00:00:00,60355.3,60928.8,60316.1,60703.4,4077.288,247463881.004
2024-08-23 01:00:00,60703.4,60842.2,60567.0,60737.5,2463.35,149564849.6687
2024-08-23 02:00:00,60737.5,60797.2,60602.5,60617.9,1352.425,82107997.1891
2024-08-23 03:00:00,60617.9,60676.4,60550.0,60568.3,1086.378,65836659.2103
2024-08-23 04:00:00,60568.3,60706.8,60557.9,60684.6,855.929,51894939.5519
2024-08-23 05:00:00,60684.6,61069.7,60684.6,60837.6,4128.267,251410296.6427
2024-08-23 06:00:00,60837.6,61333.0,60801.5,61168.0,4174.928,254936015.7458
2024-08-23 07:00:00,61168.0,61238.3,60877.2,61043.8,2785.593,170100887.59
2024-08-23 08:00:00,61043.8,61291.4,60995.0,61287.4,2432.121,148738674.6842
2024-08-23 09:00:00,61287.4,61311.4,60961.0,60986.9,3277.172,200437968.6409
2024-08-23 10:00:00,60986.9,61132.8,60963.3,61025.0,1302.595,79531959.8491
2024-08-23 11:00:00,61025.0,61054.3,60661.1,60712.1,4816.618,292864878.8606
2024-08-23 12:00:00,60712.1,61189.1,60712.1,61110.2,3770.339,229902184.1255
2024-08-23 13:00:00,61110.2,61140.0,60844.8,61089.6,3994.107,243651700.173
2024-08-23 14:00:00,61089.6,62319.7,60761.1,60964.0,38029.249,2340643581.7871
2024-08-23 15:00:00,60964.0,61760.0,60874.4,61504.0,11867.334,728404155.6287
2024-08-23 16:00:00,61504.0,61832.5,61311.6,61713.1,5681.615,349754274.9276
2024-08-23 17:00:00,61713.1,63007.5,61590.0,62975.0,17991.132,1122678060.4685
2024-08-23 18:00:00,62975.0,63400.0,62625.0,63122.7,17966.673,1133456526.8387
2024-08-23 19:00:00,63122.7,63799.8,62966.2,63580.3,12791.151,812451791.9548
2024-08-23 20:00:00,63580.3,63763.2,63445.8,63580.5,4271.514,271663263.4484
2024-08-23 21:00:00,63580.5,65041.9,63547.5,64356.0,15527.055,998322211.9974
2024-08-23 22:00:00,64356.0,64975.0,63880.4,64064.2,11395.263,734615364.6493
2024-08-23 23:00:00,64064.2,64292.0,63806.0,64005.0,4858.992,311269040.5143
2024-08-24 00:00:00,64005.0,64161.8,63791.6,63934.5,2907.513,185949830.3443
2024-08-24 01:00:00,63934.5,63979.8,63596.8,63800.2,2551.923,162682280.4633
2024-08-24 02:00:00,63800.2,63975.9,63755.0,63905.5,1650.425,105416720.4107
2024-08-24 03:00:00,63905.5,63964.4,63730.5,63800.2,1408.362,89917163.4885
2024-08-24 04:00:00,63800.2,63956.5,63789.7,63860.4,947.466,60537957.6286
2024-08-24 05:00:00,63860.4,64008.0,63826.1,63972.1,1746.321,111657948.0353
2024-08-24 06:00:00,63972.1,64276.7,63901.7,64038.4,3527.627,226000572.35
2024-08-24 07:00:00,64038.4,64333.0,64028.4,64288.1,2070.06,132911413.3661
2024-08-24 08:00:00,64288.1,64446.6,64126.4,64392.5,2504.835,160915323.8047
2024-08-24 09:00:00,64392.5,64485.0,64158.0,64309.6,2585.452,166201179.4627
2024-08-24 10:00:00,64309.6,64361.0,64051.3,64096.9,1855.973,119131952.9315
2024-08-24 11:00:00,64096.9,64167.4,63818.1,63888.1,2532.261,162125699.8573
2024-08-24 12:00:00,63888.1,64200.9,63883.7,64069.9,2239.747,143508210.3803
2024-08-24 13:00:00,64069.9,64224.9,63940.0,64192.0,1544.15,99007722.0726
2024-08-24 14:00:00,64192.0,64200.1,64000.0,64150.6,1002.825,64300647.3425
2024-08-24 15:00:00,64150.6,64150.7,63833.4,63946.3,2436.536,155902468.5432
2024-08-24 16:00:00,63946.3,64389.0,63818.0,64265.3,4991.861,320400168.4708
2024-08-24 17:00:00,64265.3,64265.3,63926.1,64029.8,1982.911,127110640.6802
2024-08-24 18:00:00,64029.8,64422.5,63910.7,64200.0,3771.386,242174377.6279
2024-08-24 19:00:00,64200.0,64365.9,64186.3,64186.3,988.44,63527391.8511
2024-08-24 20:00:00,64186.3,64313.2,64101.2,64101.2,862.143,55341871.452
2024-08-24 21:00:00,64101.2,64160.7,63520.0,63593.4,5337.173,340701699.6124
2024-08-24 22:00:00,63593.4,63980.3,63553.0,63815.3,3291.374,209940802.995
2024-08-24 23:00:00,63815.3,64151.7,63780.5,64130.3,1272.526,81413629.9755
2024-08-25 00:00:00,64130.3,64800.0,64081.0,64158.1,6549.292,421448027.2244
2024-08-25 01:00:00,64158.1,64352.5,64006.8,64121.5,2331.2,149591434.6472
2024-08-25 02:00:00,64121.5,64245.4,64077.8,64122.1,980.247,62896672.7346
2024-08-25 03:00:00,64122.1,64156.9,63965.0,64075.2,1234.447,79059960.8532
2024-08-25 04:00:00,64075.2,64138.5,63957.3,64132.9,964.196,61753119.8413
2024-08-25 05:00:00,64132.9,64176.0,64060.2,64119.2,1027.416,65892938.8782
2024-08-25 06:00:00,64119.2,64148.8,63921.6,63967.5,1068.734,68415619.3541
2024-08-25 07:00:00,63967.5,64017.8,63750.0,63839.5,2895.531,184917262.0844
2024-08-25 08:00:00,63839.5,63988.7,63759.7,63911.3,1303.303,83288326.4739
2024-08-25 09:00:00,63911.3,63970.1,63765.5,63833.0,1807.277,115374750.754
2024-08-25 10:00:00,63833.0,63904.7,63759.7,63850.8,1615.98,103144253.0018
2024-08-25 11:00:00,63850.8,64008.0,63850.7,63871.7,1580.46,101032437.0865
2024-08-25 12:00:00,63871.7,63924.9,63793.2,63910.1,974.802,62259210.0618
2024-08-25 13:00:00,63910.1,64166.6,63841.0,64057.3,2407.849,154189099.9039
2024-08-25 14:00:00,64057.3,64239.3,64057.2,64133.8,1909.452,122490265.5723
2024-08-25 15:00:00,64133.8,64274.2,64070.0,64110.3,1599.448,102606715.7513
2024-08-25 16:00:00,64110.3,64180.8,63963.2,64018.1,1908.355,122231357.0749
2024-08-25 17:00:00,64018.1,64151.7,63995.8,64114.5,852.213,54607803.5995
2024-08-25 18:00:00,64114.5,64224.7,64037.7,64133.2,1498.697,96117284.2902
2024-08-25 19:00:00,64133.2,64190.6,64110.6,64156.8,716.878,45988697.8008
2024-08-25 20:00:00,64156.8,64244.0,64102.9,64182.8,903.202,57964114.4925
2024-08-25 21:00:00,64182.8,64588.0,64175.0,64365.0,3310.59,213170475.5908
2024-08-25 22:00:00,64365.0,64599.2,64247.0,64454.1,2396.145,154383680.3743
2024-08-25 23:00:00,64454.1,64992.6,64145.4,64180.9,9841.355,635524579.6522
2024-08-26 00:00:00,64180.9,64447.6,63811.0,64069.2,4714.759,302309548.6381
2024-08-26 01:00:00,64069.2,64163.0,63801.2,63899.9,2590.299,165689532.2176
2024-08-26 02:00:00,63899.9,64047.3,63729.4,64038.0,2363.178,150999695.5033
2024-08-26 03:00:00,64038.0,64095.7,63962.6,64085.0,1038.722,66519531.1447
2024-08-26 04:00:00,64085.0,64188.2,63912.3,63997.5,1429.903,91608760.0295
2024-08-26 05:00:00,63997.5,64016.5,63850.0,63923.1,1093.021,69882811.4978
2024-08-26 06:00:00,63923.1,63988.8,63600.0,63696.7,4963.147,316552297.3576
2024-08-26 07:00:00,63696.7,63843.7,63539.0,63595.5,2925.249,186254179.1444
2024-08-26 08:00:00,63595.5,63846.0,63561.7,63707.9,1925.659,122704938.0685
2024-08-26 09:00:00,63707.9,63832.9,63177.0,63828.0,7179.971,456023950.3582
2024-08-26 10:00:00,63828.0,64029.9,63703.0,63745.4,4440.102,283607851.0569
2024-08-26 11:00:00,63745.4,63962.4,63707.0,63821.2,1947.686,124350013.1132
2024-08-26 12:00:00,63821.2,63935.0,63426.2,63603.2,4213.557,268082756.5278
2024-08-26 13:00:00,63603.2,63852.5,63458.2,63739.9,6212.795,395470015.3588
2024-08-26 14:00:00,63739.9,63850.0,63069.2,63471.3,13918.371,882107088.9142
2024-08-26 15:00:00,63471.3,63618.3,63034.8,63504.2,5209.59,329946772.2029
2024-08-26 16:00:00,63504.2,63799.7,63386.7,63677.7,4389.153,279265373.6612
2024-08-26 17:00:00,63677.7,63870.7,63162.8,63361.6,5430.636,344492926.2087
2024-08-26 18:00:00,63361.6,63700.0,63150.0,63619.6,4851.093,307793184.2549
2024-08-26 19:00:00,63619.6,63684.4,63236.3,63312.2,2987.676,189470056.055
2024-08-26 20:00:00,63312.2,63539.9,63177.0,63388.0,2910.046,184356811.8771
2024-08-26 21:00:00,63388.0,63404.3,62812.0,63118.6,5682.673,358149715.884
2024-08-26 22:00:00,63118.6,63273.1,62850.8,62937.4,2515.605,158560759.2366
2024-08-26 23:00:00,62937.4,63145.4,62777.0,62812.0,2314.506,145701551.3356
2024-08-27 00:00:00,62812.0,63034.0,62620.0,62688.2,4677.244,293786229.5802
2024-08-27 01:00:00,62688.2,63203.2,62659.9,62970.6,4343.34,273606179.5119
2024-08-27 02:00:00,62970.6,63170.6,62854.9,62868.9,1885.669,118793499.2129
2024-08-27 03:00:00,62868.9,62980.3,62686.1,62941.0,2228.702,139993568.2674
2024-08-27 04:00:00,62941.0,63070.7,62870.9,63014.5,1482.7,93382140.9307
2024-08-27 05:00:00,63014.5,63187.2,63012.9,63124.9,1933.892,122047745.2933
2024-08-27 06:00:00,63124.9,63133.4,62700.7,62748.4,3624.906,227779269.2833
2024-08-27 07:00:00,62748.4,62938.0,62742.2,62878.3,2106.651,132364325.5138
2024-08-27 08:00:00,62878.3,62977.0,62665.0,62794.0,2346.449,147279993.506
2024-08-27 09:00:00,62794.0,62931.8,62520.0,62658.1,4557.416,285720810.3057
2024-08-27 10:00:00,62658.1,62658.1,62226.0,62311.1,9081.625,566583424.411
2024-08-27 11:00:00,62311.1,62522.8,62200.0,62393.8,4179.866,260777273.3978
2024-08-27 12:00:00,62393.8,62453.5,62013.0,62396.1,5690.707,354417812.6696
2024-08-27 13:00:00,62396.1,62472.3,62080.0,62201.6,6190.792,385559508.2144
2024-08-27 14:00:00,62201.6,62260.7,61726.5,61828.3,17405.476,1078182250.3905
2024-08-27 15:00:00,61828.3,61982.5,61410.0,61695.3,12151.242,749319636.9055
2024-08-27 16:00:00,61695.3,61974.0,61500.0,61530.1,7002.14,432280023.8761
2024-08-27 17:00:00,61530.1,61920.0,61489.8,61917.0,3519.596,217292456.3728
2024-08-27 18:00:00,61917.0,62121.7,61851.6,62071.8,3827.557,237310601.0597
2024-08-27 19:00:00,62071.8,62200.0,61844.5,62082.5,3057.545,189708780.8195
2024-08-27 20:00:00,62082.5,62082.6,61817.5,61842.8,1976.825,122409240.7793
2024-08-27 21:00:00,61842.8,61974.5,59540.1,60390.1,29266.748,1780700976.9316
2024-08-27 22:00:00,60390.1,60395.1,57869.5,59472.6,41158.815,2430893700.7519
2024-08-27 23:00:00,59472.6,59748.8,59114.0,59366.7,9139.552,543168066.0244
2024-08-28 00:00:00,59366.7,59414.1,58931.3,59055.5,7944.073,470259371.3748
2024-08-28 01:00:00,59055.5,59427.8,58868.8,59345.7,4459.766,263483686.3222
2024-08-28 02:00:00,59345.7,59387.2,59158.2,59306.1,2849.79,168924857.3176
2024-08-28 03:00:00,59306.1,59637.6,59270.4,59601.6,2259.387,134353562.6259
2024-08-28 04:00:00,59601.6,59637.6,59260.0,59309.3,2352.071,139852720.9659
2024-08-28 05:00:00,59309.3,59465.0,59218.3,59257.1,2262.933,134269727.4451
2024-08-28 06:00:00,59257.1,59338.9,59095.0,59160.3,2078.757,123072047.3455
2024-08-28 07:00:00,59160.3,59250.0,58445.9,58561.9,8682.773,510629173.7183
2024-08-28 08:00:00,58561.9,59270.0,58503.4,59195.4,6892.018,406255028.1298
2024-08-28 09:00:00,59195.4,60244.9,59104.8,60169.8,11432.181,682071914.0595
2024-08-28 10:00:00,60169.8,60198.2,59652.4,59727.4,7209.518,431713214.9469
2024-08-28 11:00:00,59727.4,60077.9,59645.1,59906.2,4295.948,257427738.4243
2024-08-28 12:00:00,59906.2,60133.6,59844.2,59919.0,3169.996,190178878.2354
2024-08-28 13:00:00,59919.0,59982.8,59252.7,59309.2,7657.461,457077905.9737
2024-08-28 14:00:00,59309.2,59927.9,58862.7,59153.7,14700.056,872841582.1589
2024-08-28 15:00:00,59153.7,59153.7,58255.0,58962.0,15650.035,919036589.0755
2024-08-28 16:00:00,58962.0,59175.3,57800.0,59146.0,21406.116,1250025240.2901
2024-08-28 17:00:00,59146.0,59240.5,58575.4,58606.8,8327.87,490763240.5519
2024-08-28 18:00:00,58606.8,59505.8,58538.7,59464.6,7573.619,447379227.7389
2024-08-28 19:00:00,59464.6,59799.0,58775.3,58872.3,7721.887,458637235.3622
2024-08-28 20:00:00,58872.3,59597.4,58547.1,59286.5,13133.321,776066520.7248
2024-08-28 21:00:00,59286.5,59470.0,59042.2,59092.0,2963.178,175641650.8432
2024-08-28 22:00:00,59092.0,59228.0,58801.4,59171.1,3273.417,193156246.3686
2024-08-28 23:00:00,59171.1,59181.3,58951.0,59013.1,1131.347,66842044.2235
2024-08-29 00:00:00,59013.1,59227.8,58880.1,59185.9,1926.613,113765023.2831
2024-08-29 01:00:00,59185.9,59310.6,58833.3,58969.1,2539.935,149893512.8427
2024-08-29 02:00:00,58969.1,59168.2,58898.3,59111.1,1753.837,103578402.4965
2024-08-29 03:00:00,59111.1,59167.3,59000.0,59119.2,1172.732,69306211.0458
2024-08-29 04:00:00,59119.2,59199.0,59036.7,59174.8,1966.521,116275060.2276
2024-08-29 05:00:00,59174.8,59440.0,59115.1,59409.9,2629.564,155925682.6483
2024-08-29 06:00:00,59409.9,59745.3,59340.8,59538.1,3824.144,227733598.1725
2024-08-29 07:00:00,59538.1,59665.1,59476.0,59550.0,1642.097,97834155.9968
2024-08-29 08:00:00,59550.0,59606.6,59333.0,59522.6,2919.502,173583180.7655
2024-08-29 09:00:00,59522.6,59743.8,59521.1,59556.3,2894.936,172639499.5555
2024-08-29 10:00:00,59556.3,59820.0,59544.0,59650.3,2403.451,143475321.8604
2024-08-29 11:00:00,59650.3,60450.0,59586.8,60033.0,9997.11,600855162.5969
2024-08-29 12:00:00,60033.0,60542.0,59953.6,60294.1,8081.735,486846787.6727
2024-08-29 13:00:00,60294.1,60647.8,60150.0,60598.7,7032.293,424750148.9374
2024-08-29 14:00:00,60598.7,60930.0,60400.0,60785.3,9542.536,579169148.4504
2024-08-29 15:00:00,60785.3,61148.7,60676.2,60747.0,9372.569,571059065.4722
2024-08-29 16:00:00,60747.0,60926.4,60188.8,60257.9,7227.659,437211899.546
2024-08-29 17:00:00,60257.9,60570.0,60131.7,60508.3,4805.702,290050648.808
2024-08-29 18:00:00,60508.3,60537.3,58868.0,59121.9,19459.765,1158534915.2932
2024-08-29 19:00:00,59121.9,59681.4,58910.8,59231.5,10410.583,617504339.9075
2024-08-29 20:00:00,59231.5,59492.8,59183.0,59489.3,3513.261,208560504.6029
2024-08-29 21:00:00,59489.3,59614.4,59387.6,59449.5,2259.937,134439466.0697
2024-08-29 22:00:00,59449.5,59449.5,58618.2,59173.9,7490.171,442366577.2849
2024-08-29 23:00:00,59173.9,59359.0,59101.2,59315.8,1654.954,98082851.4953
2024-08-30 00:00:00,59315.8,59446.7,59088.0,59170.0,3445.688,204177714.2251
2024-08-30 01:00:00,59170.0,59274.9,58916.9,59186.0,3227.447,190788605.0376
2024-08-30 02:00:00,59186.0,59309.4,59010.0,59168.6,1669.423,98748229.4606
2024-08-30 03:00:00,59168.6,59178.9,58858.0,59003.3,2437.385,143733673.0401
2024-08-30 04:00:00,59003.3,59130.0,58973.7,58988.0,1288.393,76082341.8695
2024-08-30 05:00:00,58988.0,59000.0,58643.0,58756.7,4464.819,262535882.4982
2024-08-30 06:00:00,58756.7,59349.8,58680.9,59330.5,5343.784,315638171.526
2024-08-30 07:00:00,59330.5,59566.0,59207.2,59246.3,4643.991,275851416.193
2024-08-30 08:00:00,59246.3,59563.0,59240.8,59421.9,2898.825,172155505.3709
2024-08-30 09:00:00,59421.9,59644.6,59392.0,59557.9,2961.201,176300887.8092
2024-08-30 10:00:00,59557.9,59649.9,59380.9,59552.1,2457.666,146285198.8024
2024-08-30 11:00:00,59552.1,59617.6,59288.7,59364.9,3351.43,199116284.6706
2024-08-30 12:00:00,59364.9,59922.0,59340.0,59511.1,7533.727,449003239.4215
2024-08-30 13:00:00,59511.1,59649.7,58883.0,59634.5,9228.394,547360450.5547
2024-08-30 14:00:00,59634.5,59820.7,58400.0,58424.2,17897.752,1056926763.6507
2024-08-30 15:00:00,58424.2,58650.0,57910.0,58055.9,17730.971,1032218880.6131
2024-08-30 16:00:00,58055.9,58586.7,57665.7,58520.3,13396.499,778119156.1388
2024-08-30 17:00:00,58520.3,58794.5,58372.0,58606.1,5858.431,343015416.4772
2024-08-30 18:00:00,58606.1,59390.8,58591.3,59346.0,10454.629,617356046.5384
2024-08-30 19:00:00,59346.0,59346.0,58666.6,58666.6,5849.859,344866481.4612
2024-08-30 20:00:00,58666.6,59034.0,58661.1,59033.8,2205.233,129792438.9085
2024-08-30 21:00:00,59033.8,59124.0,58939.1,59031.5,1523.252,89907450.0946
2024-08-30 22:00:00,59031.5,59293.9,59020.6,59200.5,1981.644,117224395.8811
2024-08-30 23:00:00,59200.5,59254.9,59056.0,59100.9,1302.558,77033628.8581
2024-08-31 00:00:00,59100.9,59437.7,59030.6,59208.4,2682.441,158953724.9623
2024-08-31 01:00:00,59208.4,59307.5,59150.0,59246.4,809.562,47958219.6105
2024-08-31 02:00:00,59246.4,59262.6,59110.1,59171.5,720.636,42635370.015
2024-08-31 03:00:00,59171.5,59228.2,59101.8,59205.4,681.336,40319962.774
2024-08-31 04:00:00,59205.4,59327.9,59186.3,59325.5,972.829,57656461.6226
2024-08-31 05:00:00,59325.5,59325.5,59184.9,59190.1,731.783,43362514.3975
2024-08-31 06:00:00,59190.1,59245.6,59130.0,59135.0,1277.104,75586552.7653
2024-08-31 07:00:00,59135.0,59170.4,59034.6,59064.0,1551.419,91688668.718
2024-08-31 08:00:00,59064.0,59108.0,58945.5,58953.3,1657.52,97844155.0014
2024-08-31 09:00:00,58953.3,59006.8,58801.7,58885.2,2582.458,152098885.7011
2024-08-31 10:00:00,58885.2,59137.9,58847.0,59103.5,1797.059,106072413.7944
2024-08-31 11:00:00,59103.5,59150.0,59063.3,59094.5,965.77,57079731.2397
2024-08-31 12:00:00,59094.5,59220.3,59040.0,59161.8,1933.845,114371453.9682
2024-08-31 13:00:00,59161.8,59230.0,58897.8,58928.2,2114.29,124907674.3313
2024-08-31 14:00:00,58928.2,59133.8,58855.7,59100.1,2030.792,119860566.5185
2024-08-31 15:00:00,59100.1,59130.0,58942.0,58992.1,1198.194,70704924.2683
2024-08-31 16:00:00,58992.1,59011.1,58822.6,58947.2,1257.955,74134189.6307
2024-08-31 17:00:00,58947.2,59020.9,58705.9,58989.6,2539.984,149460115.2507
2024-08-31 18:00:00,58989.6,59119.0,58840.2,58900.3,2125.03,125377920.0312
2024-08-31 19:00:00,58900.3,58922.6,58790.8,58838.0,727.737,42832450.0288
2024-08-31 20:00:00,58838.0,58952.0,58758.3,58922.6,884.854,52089508.9972
2024-08-31 21:00:00,58922.6,59144.0,58888.8,59031.1,984.43,58094604.9063
2024-08-31 22:00:00,59031.1,59100.0,58976.3,59003.8,670.368,39571108.8653
2024-08-31 23:00:00,59003.8,59044.0,58902.8,58944.4,762.798,44962282.7164
2024-09-01 00:00:00,58944.4,59053.1,58875.6,58911.0,1243.044,73283418.1176
2024-09-01 01:00:00,58911.0,58943.7,58800.0,58803.9,1009.862,59446246.8071
2024-09-01 02:00:00,58803.9,58830.8,58227.6,58523.5,6546.139,382765917.5373
2024-09-01 03:00:00,58523.5,58650.0,58369.8,58504.3,2078.333,121672321.5263
2024-09-01 04:00:00,58504.3,58571.7,58337.5,58418.2,1585.133,92655558.9754
2024-09-01 05:00:00,58418.2,58446.8,57719.8,57959.0,10056.966,583468254.0821
2024-09-01 06:00:00,57959.0,58274.3,57914.7,58169.9,2884.879,167692827.2621
2024-09-01 07:00:00,58169.9,58510.1,58107.1,58457.7,3859.723,225118146.9511
2024-09-01 08:00:00,58457.7,58489.8,58184.1,58217.7,2506.852,146184243.2127
2024-09-01 09:00:00,58217.7,58380.9,58120.0,58183.0,2141.896,124771351.3936
2024-09-01 10:00:00,58183.0,58200.0,57853.4,57904.7,4396.582,255001515.3897
2024-09-01 11:00:00,57904.7,58218.2,57800.0,58204.0,3880.929,225055868.455
2024-09-01 12:00:00,58204.0,58290.0,57860.0,57989.5,3261.465,189397159.8447
2024-09-01 13:00:00,57989.5,58188.1,57671.0,58132.1,5538.164,320932688.9205
2024-09-01 14:00:00,58132.1,58145.9,56913.4,57842.6,16214.751,935079098.6959
2024-09-01 15:00:00,57842.6,58354.2,57711.1,58190.0,5754.771,334275294.4613
2024-09-01 16:00:00,58190.0,58329.3,58046.4,58100.1,3657.795,212809495.8721
2024-09-01 17:00:00,58100.1,58172.8,57831.2,58095.1,2601.78,150869945.8187
2024-09-01 18:00:00,58095.1,58790.8,58086.2,58511.7,6837.205,399703210.3478
2024-09-01 19:00:00,58511.7,58749.7,58250.0,58481.5,3145.027,183923044.8056
2024-09-01 20:00:00,58481.5,58643.3,58350.0,58401.1,1841.133,107725962.2217
2024-09-01 21:00:00,58401.1,58404.6,58051.2,58319.5,2073.299,120706405.7177
2024-09-01 22:00:00,58319.5,58398.1,57161.9,57274.3,12766.862,734839985.4726
2024-09-01 23:00:00,57274.3,57575.1,57167.1,57266.1,5651.716,324048429.5684
2024-09-02 00:00:00,57266.1,57625.2,57072.2,57432.9,5748.777,329761231.7819
2024-09-02 01:00:00,57432.9,57543.0,57200.0,57386.0,3185.578,182702824.6203
2024-09-02 02:00:00,57386.0,57691.4,57250.0,57470.0,3644.865,209524050.171
2024-09-02 03:00:00,57470.0,57749.9,57459.3,57721.3,7358.321,423928250.6735
2024-09-02 04:00:00,57721.3,57750.0,57417.1,57434.0,3618.09,208383891.6596
2024-09-02 05:00:00,57434.0,57970.2,57411.0,57750.8,3530.329,203780183.5114
2024-09-02 06:00:00,57750.8,57850.0,57644.6,57659.1,1519.234,87706081.8872
2024-09-02 07:00:00,57659.1,57762.8,57322.1,57517.3,2970.437,170800302.2436
2024-09-02 08:00:00,57517.3,58280.0,57476.7,58031.8,8161.487,473325744.4489
2024-09-02 09:00:00,58031.8,58440.0,57873.5,58373.9,5509.007,320205870.2677
2024-09-02 10:00:00,58373.9,58578.5,58258.6,58471.6,5172.122,302108715.3224
2024-09-02 11:00:00,58471.6,58646.9,58312.0,58394.4,3981.167,232869113.8274
2024-09-02 12:00:00,58394.4,58481.7,58216.8,58361.7,3039.204,177270457.0374
2024-09-02 13:00:00,58361.7,58481.6,58121.4,58146.5,3917.265,228182136.814
2024-09-02 14:00:00,58146.5,58800.0,58062.9,58595.5,10605.678,620741770.6012
2024-09-02 15:00:00,58595.5,58720.4,58474.7,58516.0,2608.862,152869244.6999
2024-09-02 16:00:00,58516.0,58638.6,58274.0,58321.7,2136.492,124826035.2558
2024-09-02 17:00:00,58321.7,58565.3,58271.2,58491.7,2037.143,119016914.4877
2024-09-02 18:00:00,58491.7,58646.3,58290.6,58461.3,1976.681,115581065.3841
2024-09-02 19:00:00,58461.3,58550.0,58363.8,58417.9,1037.552,60648358.3436
2024-09-02 20:00:00,58417.9,59289.8,58355.1,58953.3,7500.283,441854945.4327
2024-09-02 21:00:00,58953.3,59262.5,58840.0,59011.7,5708.758,337419011.4864
2024-09-02 22:00:00,59011.7,59347.6,58970.1,59324.5,2980.709,176332197.1156
2024-09-02 23:00:00,59324.5,59423.1,59043.1,59116.7,2858.136,169275663.0151
2024-09-03 00:00:00,59116.7,59233.6,59000.9,59233.5,1370.567,81018890.8203
2024-09-03 01:00:00,59233.5,59391.9,59157.5,59359.9,2146.11,127228978.7257
2024-09-03 02:00:00,59359.9,59805.0,59282.1,59290.1,6990.743,416436532.8205
2024-09-03 03:00:00,59290.1,59310.7,59050.0,59089.4,2676.911,158446368.3896
2024-09-03 04:00:00,59089.4,59225.0,58970.0,59069.6,2382.138,140767452.6869
2024-09-03 05:00:00,59069.6,59234.6,58963.7,59158.3,2381.814,140852263.6986
2024-09-03 06:00:00,59158.3,59158.7,58823.4,58861.5,3744.958,220805056.4943
2024-09-03 07:00:00,58861.5,59111.3,58847.0,59074.7,1934.313,114102588.3745
2024-09-03 08:00:00,59074.7,59110.1,58680.1,58758.4,3885.56,228619845.4293
2024-09-03 09:00:00,58758.4,58940.2,58755.0,58835.2,2079.102,122366071.7948
2024-09-03 10:00:00,58835.2,59169.5,58802.3,59060.0,2959.444,174671952.0745
2024-09-03 11:00:00,59060.0,59090.5,58914.7,59042.8,1310.316,77313938.1104
2024-09-03 12:00:00,59042.8,59331.9,59028.0,59109.9,4281.515,253379828.5043
2024-09-03 13:00:00,59109.9,59291.0,58175.0,58371.0,13040.823,764454258.782
2024-09-03 14:00:00,58371.0,58371.0,57540.0,57653.9,18697.93,1082619969.6618
2024-09-03 15:00:00,57653.9,58004.6,57594.5,57700.4,7317.455,422735980.2164
2024-09-03 16:00:00,57700.4,57909.5,57630.0,57671.5,3959.267,228632453.8977
2024-09-03 17:00:00,57671.5,58092.0,57641.7,57668.0,4807.111,278139504.5885
2024-09-03 18:00:00,57668.0,58032.9,57550.0,57899.0,4541.53,262492625.6599
2024-09-03 19:00:00,57899.0,58224.0,57812.9,58014.4,5584.728,323928187.259
2024-09-03 20:00:00,58014.4,58219.0,58014.4,58209.8,2074.029,120553737.0819
2024-09-03 21:00:00,58209.8,58221.5,57916.2,58100.0,2152.616,124946772.1732
2024-09-03 22:00:00,58100.0,58164.4,57829.6,57842.3,1887.738,109431789.8126
2024-09-03 23:00:00,57842.3,57886.4,57356.7,57450.2,4831.088,278166518.0526
2024-09-04 00:00:00,57450.2,57923.7,57090.0,57107.8,8036.07,462474473.9364
2024-09-04 01:00:00,57107.8,57124.5,55501.0,56751.1,32550.653,1832594348.7381
2024-09-04 02:00:00,56751.1,56796.0,56471.2,56614.6,4973.824,281687711.2478
2024-09-04 03:00:00,56614.6,56825.3,56573.4,56636.6,2981.331,169072328.4935
2024-09-04 04:00:00,56636.6,56706.9,56530.1,56669.9,1755.823,99430767.6626
2024-09-04 05:00:00,56669.9,56669.9,56130.0,56218.1,4871.955,274604295.1152
2024-09-04 06:00:00,56218.1,56506.2,56200.0,56236.7,4236.251,238727782.6112
2024-09-04 07:00:00,56236.7,56863.0,56214.2,56714.9,4865.645,275317801.7934
2024-09-04 08:00:00,56714.9,56879.7,56632.6,56750.6,2108.027,119609582.4753
2024-09-04 09:00:00,56750.6,56829.7,56551.8,56579.6,2464.441,139655777.905
2024-09-04 10:00:00,56579.6,56679.4,56424.0,56430.1,3299.616,186499972.5841
2024-09-04 11:00:00,56430.1,56655.4,56428.8,56540.0,1679.2,94936550.0461
2024-09-04 12:00:00,56540.0,56737.7,56463.9,56575.2,2779.971,157336378.44
2024-09-04 13:00:00,56575.2,56664.6,56260.0,56466.2,6871.444,387850599.0211
2024-09-04 14:00:00,56466.2,57550.0,56130.0,57483.7,19189.672,1090196142.7214
2024-09-04 15:00:00,57483.7,58130.0,57323.8,58098.7,18013.991,1039118741.194
2024-09-04 16:00:00,58098.7,58499.8,58086.0,58374.9,12763.345,744067256.4894
2024-09-04 17:00:00,58374.9,58448.3,57774.7,57839.9,7864.427,456489690.3458
2024-09-04 18:00:00,57839.9,57962.7,57594.2,57647.1,4907.292,283430591.9067
2024-09-04 19:00:00,57647.1,58138.5,57620.5,58020.9,3946.47,228399985.5339
2024-09-04 20:00:00,58020.9,58154.4,57716.6,58005.7,3610.194,209292408.5137
2024-09-04 21:00:00,58005.7,58094.5,57907.6,58073.7,1245.042,72214838.5744
2024-09-04 22:00:00,58073.7,58378.0,58006.7,58104.5,3299.723,192005883.189
2024-09-04 23:00:00,58104.5,58208.9,57860.0,57937.8,1815.558,105351127.7256
2024-09-05 00:00:00,57937.8,58300.0,57923.8,57975.0,2516.292,146216489.871
2024-09-05 01:00:00,57975.0,58219.9,57925.0,57998.9,1941.524,112689220.9547
2024-09-05 02:00:00,57998.9,58041.5,57627.1,57658.6,3428.005,197993865.0632
2024-09-05 03:00:00,57658.6,57660.0,56886.0,57094.1,11177.424,638894674.8514
2024-09-05 04:00:00,57094.1,57269.8,57040.1,57183.0,2605.041,148937439.8611
2024-09-05 05:00:00,57183.0,57238.7,56975.3,57169.0,2306.371,131756293.9287
2024-09-05 06:00:00,57169.0,57200.0,56491.0,56885.0,7619.75,432834432.1843
2024-09-05 07:00:00,56885.0,57218.7,56800.0,57125.1,4193.858,239416053.2759
2024-09-05 08:00:00,57125.1,57202.4,56932.0,56985.9,2723.654,155379355.1231
2024-09-05 09:00:00,56985.9,56990.6,56588.0,56770.3,5585.218,317219457.6075
2024-09-05 10:00:00,56770.3,56824.2,56599.5,56739.2,3324.518,188576632.3369
2024-09-05 11:00:00,56739.2,56843.8,56623.5,56665.9,3338.529,189365711.7006
2024-09-05 12:00:00,56665.9,56820.0,56294.3,56637.9,12552.336,709849301.744
2024-09-05 13:00:00,56637.9,57125.9,56531.9,56999.9,9931.358,564242613.1094
2024-09-05 14:00:00,56999.9,57319.3,56428.8,56533.8,15877.805,903636615.7687
2024-09-05 15:00:00,56533.8,56653.3,55761.7,55950.1,21113.395,1185878030.0743
2024-09-05 16:00:00,55950.1,56396.1,55929.0,56315.6,7288.655,409462023.5394
2024-09-05 17:00:00,56315.6,56593.5,56173.0,56581.6,5878.9,331482398.2798
2024-09-05 18:00:00,56581.6,56684.2,56471.7,56521.3,2811.662,159109106.1502
2024-09-05 19:00:00,56521.3,56545.8,55729.6,56018.6,9871.563,553843689.4224
2024-09-05 20:00:00,56018.6,56244.0,55972.0,56060.8,3757.623,210735882.7875
2024-09-05 21:00:00,56060.8,56237.8,55509.8,56110.2,5176.527,289594895.1262
2024-09-05 22:00:00,56110.2,56203.6,55740.3,56076.9,3155.883,176645924.9243
2024-09-05 23:00:00,56076.9,56180.0,55955.0,56150.5,1369.565,76814188.7286
2024-09-06 00:00:00,56150.5,56312.2,55948.0,56141.1,3125.079,175410704.2459
2024-09-06 01:00:00,56141.1,56588.6,55954.5,56535.6,3707.329,208856596.3251
2024-09-06 02:00:00,56535.6,56844.7,56472.3,56716.8,4267.306,241986968.9217
2024-09-06 03:00:00,56716.8,56820.0,56481.8,56558.0,2627.64,148836741.6992
2024-09-06 04:00:00,56558.0,56722.9,56556.4,56568.4,1796.93,101770639.3766
2024-09-06 05:00:00,56568.4,56641.6,56280.0,56464.7,3207.636,181004999.8986
2024-09-06 06:00:00,56464.7,56494.2,56241.5,56398.7,2866.634,161510260.0861
2024-09-06 07:00:00,56398.7,56415.8,55205.0,55763.9,19589.277,1089459331.8034
2024-09-06 08:00:00,55763.9,55900.0,55592.4,55752.4,4869.37,271477548.3408
2024-09-06 09:00:00,55752.4,55898.0,55641.2,55866.1,2821.169,157404844.8704
2024-09-06 10:00:00,55866.1,56247.0,55857.7,56150.1,5068.508,284219315.0283
2024-09-06 11:00:00,56150.1,56221.6,55800.0,55977.3,5482.458,307079912.2009
2024-09-06 12:00:00,55977.3,56948.8,55612.2,56849.9,21991.571,1240625215.8552
2024-09-06 13:00:00,56849.9,56997.6,55806.8,55860.5,18208.829,1026763038.2116
2024-09-06 14:00:00,55860.5,55908.6,54342.9,54700.7,38005.615,2090722958.0576
2024-09-06 15:00:00,54700.7,54977.4,53767.0,54020.0,28907.589,1568663914.3769
2024-09-06 16:00:00,54020.0,54238.0,53611.1,54054.9,16225.585,875470085.3214
2024-09-06 17:00:00,54054.9,54420.1,53655.5,53910.0,11561.791,624739659.9711
2024-09-06 18:00:00,53910.0,53975.9,53321.1,53322.1,12347.614,662163076.4667
2024-09-06 19:00:00,53322.1,53982.1,53234.2,53511.5,13559.058,726518813.9133
2024-09-06 20:00:00,53511.5,53775.6,52610.4,52872.0,19402.697,1029439800.3474
2024-09-06 21:00:00,52872.0,53758.0,52500.2,53758.0,12598.31,668992715.7505
2024-09-06 22:00:00,53758.0,53846.2,53581.7,53620.0,3019.273,162230878.7047
2024-09-06 23:00:00,53620.0,53943.4,53585.2,53934.0,2463.272,132434914.3349
2024-09-07 00:00:00,53934.0,54069.0,53860.4,53895.9,2782.02,150122061.2056
2024-09-07 01:00:00,53895.9,53976.2,53733.0,53794.4,1812.619,97585978.351
2024-09-07 02:00:00,53794.4,53929.1,53734.0,53786.4,1373.461,73941099.4917
2024-09-07 03:00:00,53786.4,53850.0,53763.5,53797.0,981.691,52829137.3984
2024-09-07 04:00:00,53797.0,54030.7,53788.7,54027.6,1422.198,76682695.6011
2024-09-07 05:00:00,54027.6,54347.7,53976.3,54154.0,4517.229,244788781.5262
2024-09-07 06:00:00,54154.0,54359.0,54012.6,54290.8,2611.436,141452414.3375
2024-09-07 07:00:00,54290.8,54384.2,54153.8,54260.0,2355.315,127804127.2885
2024-09-07 08:00:00,54260.0,54364.0,54162.2,54354.0,2176.481,118134832.8282
2024-09-07 09:00:00,54354.0,54394.8,54141.0,54225.8,2247.961,121918221.9246
2024-09-07 10:00:00,54225.8,54430.0,54221.0,54322.6,1996.569,108486475.0305
2024-09-07 11:00:00,54322.6,54478.7,54260.4,54308.1,2416.642,131358933.1371
2024-09-07 12:00:00,54308.1,54638.4,54308.1,54546.3,3452.633,188164051.1518
2024-09-07 13:00:00,54546.3,54633.9,54379.2,54525.7,2907.982,158497471.2519
2024-09-07 14:00:00,54525.7,54672.0,54460.0,54604.9,2752.476,150231130.0834
2024-09-07 15:00:00,54604.9,54812.0,54570.0,54750.5,2939.813,160819807.7949
2024-09-07 16:00:00,54750.5,54827.5,54420.5,54450.0,2981.168,162700234.7263
2024-09-07 17:00:00,54450.0,54522.7,53970.3,54110.4,5589.258,303192683.3775
2024-09-07 18:00:00,54110.4,54374.2,54015.0,54268.1,3104.073,168280747.095
2024-09-07 19:00:00,54268.1,54438.6,54204.5,54380.0,1551.275,84282575.4802
2024-09-07 20:00:00,54380.0,54417.8,54128.5,54134.1,2139.11,116052697.3123
2024-09-07 21:00:00,54134.1,54164.9,53835.7,53906.8,3706.678,200238830.1954
2024-09-07 22:00:00,53906.8,54073.7,53838.6,53933.8,1987.662,107223878.4754
2024-09-07 23:00:00,53933.8,54232.5,53782.5,54139.5,3820.991,206281603.6624
2024-09-08 00:00:00,54139.5,54161.8,53942.1,54117.0,1920.266,103827323.2631
2024-09-08 01:00:00,54117.0,54335.0,54107.6,54253.7,1949.009,105696998.5306
2024-09-08 02:00:00,54253.7,54488.0,54253.7,54309.9,2618.107,142322432.3983
2024-09-08 03:00:00,54309.9,54369.0,54226.4,54366.1,1441.747,78292121.4418
2024-09-08 04:00:00,54366.1,54565.5,54339.3,54473.6,2369.047,128972485.7033
2024-09-08 05:00:00,54473.6,54502.0,54285.8,54320.2,1715.878,93374507.4009
2024-09-08 06:00:00,54320.2,54400.0,54233.7,54271.9,1433.302,77851741.6746
2024-09-08 07:00:00,54271.9,54509.9,54270.9,54414.5,2088.537,113677545.0356
2024-09-08 08:00:00,54414.5,54463.9,54325.6,54458.0,1440.114,78333985.5041
2024-09-08 09:00:00,54458.0,54699.8,54426.0,54426.1,3346.418,182610394.9791
2024-09-08 10:00:00,54426.1,54621.2,54420.0,54575.2,1369.5,74703288.188
2024-09-08 11:00:00,54575.2,54646.6,54481.3,54534.3,1371.766,74849532.2517
2024-09-08 12:00:00,54534.3,54549.5,54080.0,54168.3,5054.891,274575670.7049
2024-09-08 13:00:00,54168.3,54382.3,54050.0,54371.6,3661.863,198579038.7374
2024-09-08 14:00:00,54371.6,54418.4,54030.0,54119.1,3211.183,173999858.6091
2024-09-08 15:00:00,54119.1,54174.1,53630.1,53670.0,6675.336,359652471.0129
2024-09-08 16:00:00,53670.0,53999.4,53607.5,53886.7,3753.206,201959426.5724
2024-09-08 17:00:00,53886.7,54509.2,53880.0,54482.4,5954.88,322978656.7974
2024-09-08 18:00:00,54482.4,54519.9,54255.3,54395.0,2604.432,141596300.9112
2024-09-08 19:00:00,54395.0,54456.9,54296.6,54315.8,1233.245,67068566.5286
2024-09-08 20:00:00,54315.8,54367.4,54159.9,54357.7,2000.856,108589358.8833
2024-09-08 21:00:00,54357.7,54630.8,54301.1,54443.6,3862.26,210356999.6135
2024-09-08 22:00:00,54443.6,55300.0,54339.6,54513.0,14965.624,821244482.1745
2024-09-08 23:00:00,54513.0,54954.4,54422.8,54850.0,4642.302,254143895.8419
2024-09-09 00:00:00,54850.0,55188.0,54663.2,55022.2,5209.64,286266355.885
2024-09-09 01:00:00,55022.2,55375.8,54881.1,55079.2,5556.85,306512011.4406
2024-09-09 02:00:00,55079.2,55114.0,54822.3,55085.6,2623.468,144184931.2314
2024-09-09 03:00:00,55085.6,55194.2,54771.1,55093.7,3719.521,204622414.0667
2024-09-09 04:00:00,55093.7,55129.5,54825.0,54836.9,2335.284,128339426.5753
2024-09-09 05:00:00,54836.9,54912.2,54560.3,54645.3,3470.396,189900423.0486
2024-09-09 06:00:00,54645.3,54959.3,54619.9,54881.1,2489.501,136427102.3841
2024-09-09 07:00:00,54881.1,54999.5,54711.7,54946.0,2353.675,129154678.3181
2024-09-09 08:00:00,54946.0,55320.0,54930.6,55233.4,4085.44,225334111.2645
2024-09-09 09:00:00,55233.4,55532.5,55059.2,55129.3,7138.514,394982214.3303
2024-09-09 10:00:00,55129.3,55430.7,55066.0,55332.0,3064.856,169457565.3716
2024-09-09 11:00:00,55332.0,55350.0,55131.3,55239.9,2059.466,113741184.0603
2024-09-09 12:00:00,55239.9,55340.0,54927.6,55323.3,3969.729,218892558.6771
2024-09-09 13:00:00,55323.3,55810.0,55221.1,55662.8,10483.215,582055508.4761
2024-09-09 14:00:00,55662.8,55728.7,54760.0,54800.0,14655.884,808058753.1223
2024-09-09 15:00:00,54800.0,55458.5,54791.8,55364.9,9522.229,525345928.7241
2024-09-09 16:00:00,55364.9,56499.4,55320.6,56401.9,18123.742,1015992982.7706
2024-09-09 17:00:00,56401.9,56749.6,56309.9,56486.7,10069.472,569159250.4964
2024-09-09 18:00:00,56486.7,56618.4,56232.0,56499.2,6103.679,344604522.9569
2024-09-09 19:00:00,56499.2,57164.5,56443.4,57069.0,8767.505,498371210.9539
2024-09-09 20:00:00,57069.0,57129.0,56782.8,56989.5,3937.776,224153388.538
2024-09-09 21:00:00,56989.5,58150.2,56982.1,57433.4,15265.173,879620972.1431
2024-09-09 22:00:00,57433.4,57609.8,57176.5,57203.8,3563.162,204402210.5455
2024-09-09 23:00:00,57203.8,57240.0,56983.0,57014.5,3414.429,195000025.4315
2024-09-10 00:00:00,57014.5,57044.4,56600.2,56949.9,5111.297,290317492.3964
2024-09-10 01:00:00,56949.9,57030.0,56688.8,56872.7,2901.671,165022175.9722
2024-09-10 02:00:00,56872.7,56889.1,56609.0,56749.0,2157.2,122391622.3687
2024-09-10 03:00:00,56749.0,56785.9,56490.5,56495.5,3282.267,185822861.7605
2024-09-10 04:00:00,56495.5,56705.6,56350.0,56580.3,3730.981,210922054.8576
2024-09-10 05:00:00,56580.3,56953.0,56552.8,56915.1,3393.556,192801608.8456
2024-09-10 06:00:00,56915.1,56915.1,56740.7,56805.4,1662.613,94452807.2094
2024-09-10 07:00:00,56805.4,57278.0,56750.0,57191.4,5666.224,323458177.7468
2024-09-10 08:00:00,57191.4,57346.0,56960.7,57030.0,4383.641,250690530.8548
2024-09-10 09:00:00,57030.0,57249.9,56861.5,57062.1,3764.218,214727869.5188
2024-09-10 10:00:00,57062.1,57164.3,56911.9,57137.4,1971.302,112481057.0661
2024-09-10 11:00:00,57137.4,57243.8,56983.8,57196.0,2708.81,154767875.5309
2024-09-10 12:00:00,57196.0,57497.1,57126.4,57178.8,5578.056,319520788.9071
2024-09-10 13:00:00,57178.8,57180.3,56606.0,56709.5,10997.743,625033021.9681
2024-09-10 14:00:00,56709.5,57150.0,56485.1,56913.1,12550.47,712852238.1438
2024-09-10 15:00:00,56913.1,57195.7,56548.9,56548.9,7721.258,439237637.6458
2024-09-10 16:00:00,56548.9,56926.8,56521.4,56783.5,4007.024,227177276.2052
2024-09-10 17:00:00,56783.5,57363.6,56761.5,57150.7,6417.603,366794115.4372
2024-09-10 18:00:00,57150.7,57989.1,57150.7,57561.9,11892.944,685408452.3009
2024-09-10 19:00:00,57561.9,58039.7,57299.5,57929.8,7519.837,433878078.1468
2024-09-10 20:00:00,57929.8,57955.3,57500.0,57544.5,4439.076,256373719.7241
2024-09-10 21:00:00,57544.5,57726.4,57409.8,57495.1,2620.669,150849045.8355
2024-09-10 22:00:00,57495.1,57654.2,57422.0,57585.7,1909.298,109843437.2111
2024-09-10 23:00:00,57585.7,57864.0,57557.6,57620.3,2075.723,119721420.7765
2024-09-11 00:00:00,57620.3,57670.1,57420.0,57620.1,2420.936,139322236.5001
2024-09-11 01:00:00,57620.1,57732.3,56644.0,56689.9,13455.852,767926051.9473
2024-09-11 02:00:00,56689.9,57148.5,56656.0,56892.5,5853.545,333258370.1136
2024-09-11 03:00:00,56892.5,56948.6,56644.3,56783.5,3935.438,223459743.6304
2024-09-11 04:00:00,56783.5,56783.5,56210.1,56498.1,9777.871,551814251.8949
2024-09-11 05:00:00,56498.1,56513.9,56037.8,56220.0,6230.107,350347916.3361
2024-09-11 06:00:00,56220.0,56568.5,56150.3,56441.3,4864.725,274370427.864
2024-09-11 07:00:00,56441.3,56769.9,56441.3,56687.0,3310.475,187427837.1411
2024-09-11 08:00:00,56687.0,56697.8,56321.6,56369.9,4571.983,258295166.3211
2024-09-11 09:00:00,56369.9,56714.7,56352.1,56650.9,2714.662,153545307.1309
2024-09-11 10:00:00,56650.9,56671.1,56293.6,56493.4,5064.441,286099006.1729
2024-09-11 11:00:00,56493.4,56866.1,56493.4,56778.6,4672.642,265074033.04
2024-09-11 12:00:00,56778.6,56921.1,56243.2,56720.0,13020.081,737030362.0141
2024-09-11 13:00:00,56720.0,57148.9,55666.9,55711.7,22238.925,1254252783.8785
2024-09-11 14:00:00,55711.7,56015.6,55530.1,55949.7,16243.004,905720605.6985
2024-09-11 15:00:00,55949.7,56999.8,55830.0,56673.2,18212.413,1028127803.0269
2024-09-11 16:00:00,56673.2,57510.0,56619.4,57284.5,13642.601,778061211.9765
2024-09-11 17:00:00,57284.5,57884.0,57225.1,57675.2,13311.661,766901746.2297
2024-09-11 18:00:00,57675.2,57977.4,57330.1,57476.5,10368.049,598068479.63
2024-09-11 19:00:00,57476.5,57764.8,57294.7,57551.3,5711.634,328381394.1278
2024-09-11 20:00:00,57551.3,57649.9,57400.0,57446.0,1534.133,88240712.8587
2024-09-11 21:00:00,57446.0,57531.8,57220.0,57326.0,2312.906,132615079.2776
2024-09-11 22:00:00,57326.0,57445.1,57182.5,57445.1,1688.003,96753839.0151
2024-09-11 23:00:00,57445.1,57484.4,57281.3,57310.4,1368.996,78562970.7481
2024-09-12 00:00:00,57310.4,57899.0,57298.5,57592.1,6473.119,373156597.0722
2024-09-12 01:00:00,57592.1,58313.4,57572.1,58118.1,5194.838,300710517.1727
2024-09-12 02:00:00,58118.1,58466.0,57812.3,57923.1,8525.37,495412240.4652
2024-09-12 03:00:00,57923.1,58322.2,57923.0,58210.0,3120.779,181608639.9693
2024-09-12 04:00:00,58210.0,58404.7,58128.9,58154.2,2683.536,156398997.127
2024-09-12 05:00:00,58154.2,58154.2,57902.3,57948.4,2940.902,170696468.5518
2024-09-12 06:00:00,57948.4,58078.9,57801.2,57918.2,2833.795,164142315.0684
2024-09-12 07:00:00,57918.2,58123.0,57837.0,58105.1,2661.796,154403968.4541
2024-09-12 08:00:00,58105.1,58326.3,58067.3,58145.0,3930.84,228841740.4451
2024-09-12 09:00:00,58145.0,58227.0,57960.5,57996.6,2111.119,122639931.4764
2024-09-12 10:00:00,57996.6,58077.9,57900.7,57905.6,1551.997,89993006.5214
2024-09-12 11:00:00,57905.6,58129.0,57868.0,58035.0,2246.049,130271592.0093
2024-09-12 12:00:00,58035.0,58140.0,57557.0,57673.9,8096.554,468116741.3429
2024-09-12 13:00:00,57673.9,57882.4,57306.6,57602.7,12640.081,728114867.1331
2024-09-12 14:00:00,57602.7,58580.9,57500.3,57500.3,18831.102,1092433931.8254
2024-09-12 15:00:00,57500.3,57849.7,57371.0,57474.9,8424.471,485079252.6779
2024-09-12 16:00:00,57474.9,58116.0,57456.6,58042.5,6346.031,366726275.6749
2024-09-12 17:00:00,58042.5,58403.8,57978.2,58380.1,6199.539,360813247.9721
2024-09-12 18:00:00,58380.1,58446.0,57942.4,58147.8,5864.133,341526512.8351
2024-09-12 19:00:00,58147.8,58436.0,58096.8,58384.3,4960.268,289118706.3694
2024-09-12 20:00:00,58384.3,58390.1,58078.5,58176.0,3051.746,177646160.1288
2024-09-12 21:00:00,58176.0,58392.1,57645.6,57890.7,7488.792,434184073.8987
2024-09-12 22:00:00,57890.7,58243.1,57863.3,58117.1,3082.705,179026626.2869
2024-09-12 23:00:00,58117.1,58162.7,58002.6,58104.8,1189.766,69103892.2829
2024-09-13 00:00:00,58104.8,58215.0,57949.7,58002.8,2073.91,120487737.8067
2024-09-13 01:00:00,58002.8,58232.1,57835.7,58109.9,2828.785,164045535.2814
2024-09-13 02:00:00,58109.9,58149.6,57937.9,58020.0,1268.732,73617239.1397
2024-09-13 03:00:00,58020.0,58046.2,57800.0,57821.9,1621.028,93875138.6639
2024-09-13 04:00:00,57821.9,57960.0,57794.0,57809.3,1116.111,64585831.8924
2024-09-13 05:00:00,57809.3,58000.0,57800.8,57910.7,1272.766,73676636.9362
2024-09-13 06:00:00,57910.7,57926.0,57700.7,57728.1,2283.929,132024482.6355
2024-09-13 07:00:00,57728.1,58118.2,57726.9,58085.0,2519.459,145998163.7963
2024-09-13 08:00:00,58085.0,58127.7,57890.3,57927.1,1997.013,115841240.5227
2024-09-13 09:00:00,57927.1,58119.9,57891.6,58024.9,1538.496,89307060.9693
2024-09-13 10:00:00,58024.9,58335.7,58003.0,58325.3,3266.291,190133853.6108
2024-09-13 11:00:00,58325.3,58325.4,57774.0,57842.0,4978.013,288975279.3611
2024-09-13 12:00:00,57842.0,57935.0,57579.0,57872.2,8044.975,464637468.6694
2024-09-13 13:00:00,57872.2,58141.2,57634.0,58026.1,7548.847,437076595.1808
2024-09-13 14:00:00,58026.1,58541.1,57790.0,58432.1,12361.205,719237942.8386
2024-09-13 15:00:00,58432.1,59697.7,58341.1,59636.5,21999.994,1300164262.7747
2024-09-13 16:00:00,59636.5,59788.0,59283.0,59419.2,10113.141,602289534.2335
2024-09-13 17:00:00,59419.2,59950.0,59414.7,59545.0,8205.805,489570074.5883
2024-09-13 18:00:00,59545.0,59892.9,59428.9,59720.4,6135.522,366168788.7146
2024-09-13 19:00:00,59720.4,59971.2,59603.5,59699.8,5252.713,314173013.7366
2024-09-13 20:00:00,59699.8,59929.5,59584.6,59800.0,2886.416,172571138.0103
2024-09-13 21:00:00,59800.0,60349.0,59777.0,60247.4,8638.871,519534708.0354
2024-09-13 22:00:00,60247.4,60613.7,60200.0,60581.1,8832.036,533716262.243
2024-09-13 23:00:00,60581.1,60624.2,60305.0,60466.3,3667.67,221731349.6798
2024-09-14 00:00:00,60466.3,60584.2,60353.9,60385.0,2233.754,135064535.6432
2024-09-14 01:00:00,60385.0,60569.0,60379.5,60379.6,1932.633,116900571.2394
2024-09-14 02:00:00,60379.6,60475.2,60251.3,60254.6,1708.438,103113237.1979
2024-09-14 03:00:00,60254.6,60401.4,60254.5,60291.8,1111.836,67084013.891
2024-09-14 04:00:00,60291.8,60322.4,60120.0,60184.3,1895.728,114171391.6149
2024-09-14 05:00:00,60184.3,60206.7,59873.4,59894.0,2987.638,179405447.8628
2024-09-14 06:00:00,59894.0,60060.0,59851.2,60014.1,2127.621,127570390.819
2024-09-14 07:00:00,60014.1,60152.7,59960.3,60109.2,1723.085,103498775.0745
2024-09-14 08:00:00,60109.2,60126.7,59904.2,59949.9,1595.295,95719032.6008
2024-09-14 09:00:00,59949.9,60041.1,59815.6,60041.1,2013.105,120668957.9162
2024-09-14 10:00:00,60041.1,60041.1,59758.0,59822.1,1939.321,116123469.7744
2024-09-14 11:00:00,59822.1,59822.1,59560.0,59670.1,3821.556,228147621.1137
2024-09-14 12:00:00,59670.1,59822.0,59596.3,59756.9,1743.809,104169026.2264
2024-09-14 13:00:00,59756.9,59760.0,59601.3,59731.6,2141.503,127812384.4841
2024-09-14 14:00:00,59731.6,59991.8,59666.9,59887.1,3129.745,187386150.5967
2024-09-14 15:00:00,59887.1,59927.4,59793.5,59845.5,1246.457,74612145.0619
2024-09-14 16:00:00,59845.5,59963.7,59801.0,59953.3,1808.941,108341006.2322
2024-09-14 17:00:00,59953.3,59953.3,59815.6,59862.3,699.02,41848282.3564
2024-09-14 18:00:00,59862.3,59862.3,59357.7,59755.3,7436.488,443339898.9065
2024-09-14 19:00:00,59755.3,59882.5,59701.2,59783.0,1135.197,67876950.5272
2024-09-14 20:00:00,59783.0,60099.7,59750.8,59988.4,3226.939,193453427.2366
2024-09-14 21:00:00,59988.4,60039.6,59913.3,59999.4,977.805,58643308.2494
2024-09-14 22:00:00,59999.4,60135.9,59898.7,59988.6,1958.273,117545942.2762
2024-09-14 23:00:00,59988.6,60032.4,59924.5,59968.0,546.737,32787079.4923
2024-09-15 00:00:00,59968.0,60097.9,59959.6,60002.6,665.94,39969646.9733
2024-09-15 01:00:00,60002.6,60250.3,60001.4,60198.4,1898.133,114186002.693
2024-09-15 02:00:00,60198.4,60233.3,60084.4,60206.1,899.795,54133641.9093
2024-09-15 03:00:00,60206.1,60220.0,60100.0,60131.8,603.527,36309677.8948
2024-09-15 04:00:00,60131.8,60197.3,60018.9,60095.3,1073.357,64519604.2273
2024-09-15 05:00:00,60095.3,60186.0,60095.3,60119.4,879.373,52884967.1695
2024-09-15 06:00:00,60119.4,60161.8,60095.9,60128.4,416.148,25019152.5109
2024-09-15 07:00:00,60128.4,60177.6,60093.3,60161.6,659.527,39666478.2754
2024-09-15 08:00:00,60161.6,60175.6,60004.1,60042.9,1358.81,81653740.5975
2024-09-15 09:00:00,60042.9,60085.0,59975.2,59985.0,1139.869,68429022.387
2024-09-15 10:00:00,59985.0,60022.8,59832.0,59957.6,1964.13,117740649.0311
2024-09-15 11:00:00,59957.6,60007.5,59868.1,59975.3,1229.757,73714862.8827
2024-09-15 12:00:00,59975.3,60108.8,59927.1,60082.9,1272.27,76325764.2939
2024-09-15 13:00:00,60082.9,60347.8,60055.6,60161.4,3310.769,199280620.5332
2024-09-15 14:00:00,60161.4,60275.3,59845.6,60249.9,4020.115,241431254.0128
2024-09-15 15:00:00,60249.9,60392.8,60140.9,60312.9,2708.017,163243096.8282
2024-09-15 16:00:00,60312.9,60330.0,59905.9,59925.5,3340.328,200623056.605
2024-09-15 17:00:00,59925.5,60020.0,59677.6,59788.1,4088.727,244554756.4404
2024-09-15 18:00:00,59788.1,60165.2,59716.2,59948.6,4503.138,269938967.8612
2024-09-15 19:00:00,59948.6,60117.6,59777.4,59853.1,2765.377,165675994.3796
2024-09-15 20:00:00,59853.1,59919.1,59660.0,59770.1,2981.915,178236101.3717
2024-09-15 21:00:00,59770.1,59775.9,59430.0,59635.9,4480.343,266908715.2755
2024-09-15 22:00:00,59635.9,59650.0,59361.0,59398.0,2841.48,168860488.6149
2024-09-15 23:00:00,59398.0,59432.0,58652.1,59101.2,13661.842,806327330.4813
2024-09-16 00:00:00,59101.2,59182.0,58570.1,58633.0,7087.339,416630415.3129
2024-09-16 01:00:00,58633.0,58781.1,58369.8,58577.0,7195.207,421396489.2774
2024-09-16 02:00:00,58577.0,58639.7,58065.0,58243.4,7743.63,451554428.043
2024-09-16 03:00:00,58243.4,58585.5,58190.0,58547.0,4574.457,267079186.8253
2024-09-16 04:00:00,58547.0,58570.6,58282.3,58323.9,3059.006,178682614.9239
2024-09-16 05:00:00,58323.9,58642.4,58313.0,58637.1,3095.27,181073707.859
2024-09-16 06:00:00,58637.1,58827.3,58595.6,58681.2,3242.097,190325889.4855
2024-09-16 07:00:00,58681.2,58942.2,58637.8,58881.9,2863.707,168490504.69
2024-09-16 08:00:00,58881.9,59159.0,58828.6,58890.7,5256.261,310081848.9963
2024-09-16 09:00:00,58890.7,59008.0,58550.6,58605.6,4334.232,254583893.8415
2024-09-16 10:00:00,58605.6,58714.9,58474.9,58714.9,2894.104,169541324.4283
2024-09-16 11:00:00,58714.9,58839.9,58620.1,58633.6,2156.679,126621298.7866
2024-09-16 12:00:00,58633.6,58760.0,58407.0,58505.1,3813.785,223365480.6651
2024-09-16 13:00:00,58505.1,58591.8,57922.8,58469.9,11590.367,675163252.1181
2024-09-16 14:00:00,58469.9,58536.9,57550.5,57580.2,15402.484,891606128.6289
2024-09-16 15:00:00,57580.2,57984.6,57529.8,57867.2,6926.971,400414679.5169
2024-09-16 16:00:00,57867.2,57941.0,57650.5,57784.8,3685.166,213024964.6451
2024-09-16 17:00:00,57784.8,58250.0,57450.0,58153.2,8922.576,515708473.9213
2024-09-16 18:00:00,58153.2,58177.0,57665.0,57870.0,6149.106,355720767.383
2024-09-16 19:00:00,57870.0,58014.0,57767.0,57922.2,2652.766,153625570.7381
2024-09-16 20:00:00,57922.2,58164.8,57605.0,57667.1,3976.935,230206910.3621
2024-09-16 21:00:00,57667.1,57990.8,57569.5,57979.1,2215.351,128049609.3755
2024-09-16 22:00:00,57979.1,58026.0,57819.2,57948.6,1433.807,83039783.122
2024-09-16 23:00:00,57948.6,58399.0,57948.5,58185.0,3666.967,213446106.9425
2024-09-17 00:00:00,58185.0,58314.9,57568.0,57592.9,5909.212,342384113.0201
2024-09-17 01:00:00,57592.9,57941.3,57590.1,57873.6,3042.574,175828980.2928
2024-09-17 02:00:00,57873.6,58185.7,57814.0,58089.9,2889.151,167638743.9784
2024-09-17 03:00:00,58089.9,58125.0,57955.7,58037.8,1570.738,91184315.3675
2024-09-17 04:00:00,58037.8,58309.2,57985.1,58222.5,2203.605,128195123.4505
2024-09-17 05:00:00,58222.5,58772.3,58205.0,58617.6,4524.81,264749568.6197
2024-09-17 06:00:00,58617.6,58645.4,58422.1,58461.7,2432.74,142354123.712
2024-09-17 07:00:00,58461.7,58685.0,58420.6,58665.9,2097.296,122850605.3158
2024-09-17 08:00:00,58665.9,58834.4,58605.0,58767.2,2654.306,155881705.6195
2024-09-17 09:00:00,58767.2,59069.7,58668.1,58944.0,4903.418,288656852.1699
2024-09-17 10:00:00,58944.0,59249.9,58875.1,59210.0,5478.188,323787648.0482
2024-09-17 11:00:00,59210.0,59280.0,58992.5,59059.0,4292.139,253709628.3507
2024-09-17 12:00:00,59059.0,59420.0,59021.4,59354.6,5597.638,331603114.6446
2024-09-17 13:00:00,59354.6,59385.0,58838.5,58930.0,8402.491,496409185.2521
2024-09-17 14:00:00,58930.0,60366.0,58910.7,60242.0,27287.715,1634697093.7022
2024-09-17 15:00:00,60242.0,61330.0,60184.3,61107.0,30224.645,1841995641.84
2024-09-17 16:00:00,61107.0,61237.5,60703.0,60848.0,9143.44,557270188.6066
2024-09-17 17:00:00,60848.0,60977.4,60655.7,60933.9,5177.353,314945073.51
2024-09-17 18:00:00,60933.9,61059.1,60365.6,60503.9,7575.556,459812363.6784
2024-09-17 19:00:00,60503.9,60684.8,59531.2,59945.5,14119.056,848143600.8335
2024-09-17 20:00:00,59945.5,60327.2,59688.0,60090.0,8015.379,481126756.1036
2024-09-17 21:00:00,60090.0,60431.3,60076.1,60304.7,2203.523,132837421.3824
2024-09-17 22:00:00,60304.7,60325.8,60085.4,60204.4,1934.895,116444756.427
2024-09-17 23:00:00,60204.4,60289.8,59968.7,60275.1,1820.665,109480217.8994
2024-09-18 00:00:00,60275.1,60299.1,59835.0,60203.5,4127.297,247956638.7405
2024-09-18 01:00:00,60203.5,60299.3,59953.7,60077.3,2207.962,132713865.7426
2024-09-18 02:00:00,60077.3,60349.1,60033.2,60330.0,1825.35,109869818.9148
2024-09-18 03:00:00,60330.0,60747.0,60325.4,60490.1,4731.471,286418067.4848
2024-09-18 04:00:00,60490.1,60660.0,60285.0,60397.1,2591.035,156670264.4387
2024-09-18 05:00:00,60397.1,60397.1,60176.1,60212.0,1826.204,110074034.754
2024-09-18 06:00:00,60212.0,60476.0,60166.2,60434.7,1937.131,116852169.3524
2024-09-18 07:00:00,60434.7,60532.2,60299.5,60406.0,1712.564,103479667.262
2024-09-18 08:00:00,60406.0,60406.1,60053.4,60172.4,2561.555,154209237.3063
2024-09-18 09:00:00,60172.4,60172.4,59630.0,59630.0,5498.246,329303557.4447
2024-09-18 10:00:00,59630.0,59930.2,59353.1,59884.5,7987.937,476479050.9875
2024-09-18 11:00:00,59884.5,59997.2,59795.5,59825.9,2542.212,152252609.3861
2024-09-18 12:00:00,59825.9,59990.1,59658.0,59956.5,4146.864,248151620.7084
2024-09-18 13:00:00,59956.5,60146.0,59266.1,59492.1,9319.468,556030701.7845
2024-09-18 14:00:00,59492.1,59760.5,59308.9,59463.5,7795.895,463914700.8379
2024-09-18 15:00:00,59463.5,59728.0,59299.1,59405.7,4197.39,249702120.7557
2024-09-18 16:00:00,59405.7,59933.3,59126.2,59884.1,7231.549,430799399.7282
2024-09-18 17:00:00,59884.1,60249.2,59473.7,59988.0,7389.973,442430296.7242
2024-09-18 18:00:00,59988.0,61349.0,59716.2,60590.1,46882.952,2841109175.2629
2024-09-18 19:00:00,60590.1,60737.7,59942.1,60039.8,18372.263,1108550339.0819
2024-09-18 20:00:00,60039.8,60298.0,59447.4,60204.6,9303.246,556808997.6742
2024-09-18 21:00:00,60204.6,60468.8,60155.7,60170.1,3280.664,197805043.1294
2024-09-18 22:00:00,60170.1,60682.2,60165.1,60658.5,3294.467,199278857.5893
2024-09-18 23:00:00,60658.5,61776.9,60658.5,61743.7,10871.857,666246657.8785
2024-09-19 00:00:00,61743.7,62578.2,61687.4,62215.8,16948.199,1052771801.282
2024-09-19 01:00:00,62215.8,62302.9,61523.6,61974.9,8191.636,507069557.7146
2024-09-19 02:00:00,61974.9,62343.6,61768.7,62171.5,3980.2,247099197.2973
2024-09-19 03:00:00,62171.5,62248.0,61960.9,62085.8,2613.884,162254847.6317
2024-09-19 04:00:00,62085.8,62120.0,61861.3,62049.9,2825.173,175087387.8309
2024-09-19 05:00:00,62049.9,62149.4,61875.9,61969.9,1764.776,109423965.1758
2024-09-19 06:00:00,61969.9,62109.3,61782.2,62003.3,2664.32,165087281.8342
2024-09-19 07:00:00,62003.3,62150.0,61914.7,62067.7,2749.823,170609551.4441
2024-09-19 08:00:00,62067.7,62169.9,61854.5,61904.5,3728.946,231217467.0478
2024-09-19 09:00:00,61904.5,62334.8,61862.3,62245.4,4130.947,256836295.9596
2024-09-19 10:00:00,62245.4,62723.9,62245.3,62279.9,6864.693,428664254.6333
2024-09-19 11:00:00,62279.9,62681.0,62202.5,62608.0,4148.009,259124589.1679
2024-09-19 12:00:00,62608.0,63201.8,62536.0,62890.5,14808.399,931585587.5616
2024-09-19 13:00:00,62890.5,63350.0,62658.0,63018.1,11015.76,694088685.2789
2024-09-19 14:00:00,63018.1,63499.3,62860.0,62907.6,13701.622,866010102.9126
2024-09-19 15:00:00,62907.6,63325.0,62798.1,63121.4,5007.203,315878619.0563
2024-09-19 16:00:00,63121.4,63679.0,62900.2,63533.6,8577.92,543374306.6951
2024-09-19 17:00:00,63533.6,63856.0,63251.0,63683.9,10610.249,674719129.2746
2024-09-19 18:00:00,63683.9,63749.9,63444.2,63598.7,5098.137,324208665.778
2024-09-19 19:00:00,63598.7,63610.7,63147.1,63217.9,6114.714,387213635.6536
2024-09-19 20:00:00,63217.9,63218.0,62954.0,62988.2,2807.594,177205954.2288
2024-09-19 21:00:00,62988.2,63213.9,62855.0,62855.0,3383.868,213180155.0166
2024-09-19 22:00:00,62855.0,63092.2,62620.0,62914.5,6057.594,380547529.6951
2024-09-19 23:00:00,62914.5,63084.5,62869.8,62922.8,2085.609,131331214.5866
2024-09-20 00:00:00,62922.8,62988.5,62637.5,62726.3,2342.449,147115021.5734
2024-09-20 01:00:00,62726.3,63280.5,62562.5,63017.3,4856.032,305434661.9045
2024-09-20 02:00:00,63017.3,63100.0,62792.9,63097.7,2777.894,174869964.0898
2024-09-20 03:00:00,63097.7,63732.3,63054.0,63730.0,5496.817,348273424.7796
2024-09-20 04:00:00,63730.0,64131.7,63637.2,63809.8,11763.222,751403954.3085
2024-09-20 05:00:00,63809.8,64000.0,63561.1,63769.9,3708.363,236490421.2358
2024-09-20 06:00:00,63769.9,63909.0,63585.3,63760.5,3606.209,229851826.684
2024-09-20 07:00:00,63760.5,63760.5,63360.0,63488.2,4857.961,308512625.3212
2024-09-20 08:00:00,63488.2,63496.0,63076.1,63281.5,5055.712,319901127.6419
2024-09-20 09:00:00,63281.5,63531.6,63241.3,63451.1,2862.983,181579330.9415
2024-09-20 10:00:00,63451.1,63647.3,63306.8,63641.6,3476.48,220745066.7142
2024-09-20 11:00:00,63641.6,63686.0,63323.0,63426.6,4096.74,260135513.7769
2024-09-20 12:00:00,63426.6,63537.7,63303.9,63398.8,2661.932,168789459.9282
2024-09-20 13:00:00,63398.8,63430.0,62658.0,62828.9,12960.481,815434111.3108
2024-09-20 14:00:00,62828.9,63498.7,62550.0,63015.9,14228.419,896828370.9643
2024-09-20 15:00:00,63015.9,63333.0,62666.0,63127.0,6984.771,439916762.2174
2024-09-20 16:00:00,63127.0,63260.0,62775.4,62841.1,4758.605,299692789.0953
2024-09-20 17:00:00,62841.1,62954.3,62582.5,62674.4,3648.41,228860999.6605
2024-09-20 18:00:00,62674.4,62920.0,62310.0,62829.7,6370.172,398557816.8254
2024-09-20 19:00:00,62829.7,62987.6,62743.8,62765.3,3039.09,191049431.794
2024-09-20 20:00:00,62765.3,62911.4,62656.7,62777.5,1992.463,125074259.4561
2024-09-20 21:00:00,62777.5,63289.3,62777.5,63083.5,4785.055,302084283.1326
2024-09-20 22:00:00,63083.5,63247.8,63082.3,63150.4,1290.185,81533920.363
2024-09-20 23:00:00,63150.4,63186.0,63030.7,63173.8,1304.013,82275675.4612
2024-09-21 00:00:00,63173.8,63280.0,63004.7,63140.0,1942.145,122672545.0853
2024-09-21 01:00:00,63140.0,63169.0,62733.1,62808.1,3029.59,190676938.1225
2024-09-21 02:00:00,62808.1,62966.2,62781.2,62882.4,1352.658,85049038.6476
2024-09-21 03:00:00,62882.4,62988.5,62841.7,62860.9,739.226,46506420.285
2024-09-21 04:00:00,62860.9,62909.6,62781.5,62821.2,1230.923,77335617.484
2024-09-21 05:00:00,62821.2,62915.0,62712.8,62877.7,1587.089,99716724.6389
2024-09-21 06:00:00,62877.7,63060.0,62852.2,62966.3,1670.272,105196766.1823
2024-09-21 07:00:00,62966.3,63098.0,62933.3,63043.9,1489.328,93857557.2325
2024-09-21 08:00:00,63043.9,63081.0,62974.1,62998.0,890.074,56088890.033
2024-09-21 09:00:00,62998.0,63117.8,62958.7,63094.5,923.548,58236880.1004
2024-09-21 10:00:00,63094.5,63094.5,62935.6,62948.9,998.117,62873807.7783
2024-09-21 11:00:00,62948.9,63082.2,62942.4,63055.6,1041.297,65623004.4271
2024-09-21 12:00:00,63055.6,63142.2,63007.3,63125.1,720.461,45433877.7193
2024-09-21 13:00:00,63125.1,63197.7,62984.3,63151.9,1710.985,107963347.3116
2024-09-21 14:00:00,63151.9,63276.3,63090.6,63275.8,1884.065,119049389.8027
2024-09-21 15:00:00,63275.8,63287.9,63020.3,63141.2,1661.416,104887891.7528
2024-09-21 16:00:00,63141.2,63205.8,63052.0,63198.2,1521.237,96053345.6559
2024-09-21 17:00:00,63198.2,63391.2,63153.9,63261.1,2431.913,153922555.3395
2024-09-21 18:00:00,63261.1,63280.0,63191.5,63239.8,668.45,42261205.9349
2024-09-21 19:00:00,63239.8,63313.7,63097.2,63175.3,1830.361,115665788.2655
2024-09-21 20:00:00,63175.3,63189.0,63091.8,63110.9,529.518,33429158.8167
2024-09-21 21:00:00,63110.9,63123.5,63014.5,63063.4,1112.666,70180417.6547
2024-09-21 22:00:00,63063.4,63205.0,63028.2,63196.3,834.369,52660147.0445
2024-09-21 23:00:00,63196.3,63544.0,63123.0,63311.5,2703.176,171271153.7283
2024-09-22 00:00:00,63311.5,63421.1,63082.9,63200.1,2332.046,147450301.9984
2024-09-22 01:00:00,63200.1,63283.7,62962.0,63007.3,1133.934,71561173.738
2024-09-22 02:00:00,63007.3,63100.8,62801.0,62930.1,2449.069,154099467.3175
2024-09-22 03:00:00,62930.1,63173.9,62893.2,63081.6,1840.61,116078522.589
2024-09-22 04:00:00,63081.6,63186.5,63048.5,63050.1,701.028,44244906.2278
2024-09-22 05:00:00,63050.1,63059.8,62870.0,62900.0,1586.192,99863091.5007
2024-09-22 06:00:00,62900.0,63013.0,62757.7,62838.7,2326.638,146271038.3377
2024-09-22 07:00:00,62838.7,62945.6,62838.7,62903.2,1072.034,67429817.5447
2024-09-22 08:00:00,62903.2,62998.8,62860.1,62989.9,880.53,55417865.8402
2024-09-22 09:00:00,62989.9,62989.9,62608.4,62666.0,4323.456,271352553.6362
2024-09-22 10:00:00,62666.0,62750.0,62527.0,62629.7,2425.847,151916556.9675
2024-09-22 11:00:00,62629.7,62815.5,62525.0,62747.1,3099.13,194266061.519
2024-09-22 12:00:00,62747.1,62910.1,62719.0,62758.9,1950.273,122480893.8931
2024-09-22 13:00:00,62758.9,62818.0,62540.6,62567.4,2089.335,130928373.6986
2024-09-22 14:00:00,62567.4,62676.3,62434.1,62648.9,3094.283,193546031.5402
2024-09-22 15:00:00,62648.9,62797.0,62551.8,62628.1,1452.861,91077280.156
2024-09-22 16:00:00,62628.1,62831.7,62451.1,62750.0,2786.576,174516134.8095
2024-09-22 17:00:00,62750.0,63124.7,62749.9,63034.4,3301.703,207951103.1258
2024-09-22 18:00:00,63034.4,63049.6,62814.0,62939.9,1517.357,95501846.8271
2024-09-22 19:00:00,62939.9,63298.4,62764.4,63140.1,2456.584,154917627.2874
2024-09-22 20:00:00,63140.1,63300.0,63078.1,63185.2,3817.085,241261072.7135
2024-09-22 21:00:00,63185.2,63331.8,62705.4,62761.6,2911.997,183574086.561
2024-09-22 22:00:00,62761.6,64000.0,62350.0,63853.5,16360.281,1034884670.6476
2024-09-22 23:00:00,63853.5,63949.3,63364.8,63549.9,6690.699,425699956.3744
2024-09-23 00:00:00,63549.9,63746.9,62537.1,63548.6,12978.245,819905195.2517
2024-09-23 01:00:00,63548.6,63937.7,63443.3,63794.3,5980.082,381185443.6253
2024-09-23 02:00:00,63794.3,63972.5,63643.2,63904.1,2737.685,174657640.0198
2024-09-23 03:00:00,63904.1,64774.2,63886.5,64330.9,15096.0,972336197.9093
2024-09-23 04:00:00,64330.9,64440.0,63744.0,63873.4,6835.78,437586843.481
2024-09-23 05:00:00,63873.4,63903.3,63626.6,63721.4,3147.163,200639958.9853
2024-09-23 06:00:00,63721.4,63741.0,63500.0,63635.7,2935.475,186798882.3305
2024-09-23 07:00:00,63635.7,63635.7,63352.9,63515.1,3513.902,223013585.3448
2024-09-23 08:00:00,63515.1,63581.3,63230.0,63455.8,5186.642,328835150.0847
2024-09-23 09:00:00,63455.8,63699.7,63451.3,63605.6,3400.214,216193758.9392
2024-09-23 10:00:00,63605.6,63620.0,63380.0,63466.0,2683.201,170398876.1434
2024-09-23 11:00:00,63466.0,63499.0,63333.3,63396.4,2038.681,129284097.4023
2024-09-23 12:00:00,63396.4,63524.0,63170.0,63277.2,3817.162,241743055.0701
2024-09-23 13:00:00,63277.2,63395.0,63035.6,63156.1,6292.411,397730786.6142
2024-09-23 14:00:00,63156.1,63793.3,63050.0,63368.1,13283.359,842371883.5452
2024-09-23 15:00:00,63368.1,63762.2,63080.0,63592.4,7675.496,486939516.4216
2024-09-23 16:00:00,63592.4,63849.7,63164.0,63196.2,8443.131,535355768.1777
2024-09-23 17:00:00,63196.2,63316.0,63070.0,63284.6,3689.122,233082499.6401
2024-09-23 18:00:00,63284.6,63542.5,63245.6,63400.1,2792.599,177094906.6833
2024-09-23 19:00:00,63400.1,63465.3,63223.2,63272.1,2143.542,135787489.5553
2024-09-23 20:00:00,63272.1,63433.7,63228.3,63291.9,1683.694,106636959.356
2024-09-23 21:00:00,63291.9,63510.4,63060.0,63354.4,5479.357,346764817.8028
2024-09-23 22:00:00,63354.4,63354.4,63148.2,63202.0,1379.946,87280578.3825
2024-09-23 23:00:00,63202.0,63389.9,63160.0,63305.9,1400.041,88606258.966
2024-09-24 00:00:00,63305.9,63383.5,62751.1,62888.7,7961.029,501700783.7323
2024-09-24 01:00:00,62888.7,63246.1,62772.0,62910.3,4126.893,259881239.323
2024-09-24 02:00:00,62910.3,63122.3,62634.0,63101.3,4560.927,286737133.0057
2024-09-24 03:00:00,63101.3,63162.2,62898.3,63100.0,1755.856,110735557.5191
2024-09-24 04:00:00,63100.0,63110.9,62907.0,63046.9,1166.418,73499890.7039
2024-09-24 05:00:00,63046.9,63206.5,63029.3,63200.1,1575.506,99475403.3679
2024-09-24 06:00:00,63200.1,63383.8,63200.0,63279.5,2579.379,163237129.0106
2024-09-24 07:00:00,63279.5,63548.1,63271.1,63528.0,3446.808,218632039.8389
2024-09-24 08:00:00,63528.0,63935.0,63511.4,63824.0,7380.407,470208456.3182
2024-09-24 09:00:00,63824.0,63873.7,63449.5,63502.3,4587.535,291889360.844
2024-09-24 10:00:00,63502.3,63700.0,63490.1,63498.4,2382.234,151492443.5616
2024-09-24 11:00:00,63498.4,63585.6,63335.4,63448.1,2980.1,189084721.2954
2024-09-24 12:00:00,63448.1,63648.7,63383.0,63424.8,2267.716,144019552.2877
2024-09-24 13:00:00,63424.8,63749.6,63381.4,63494.6,4462.176,283742198.1187
2024-09-24 14:00:00,63494.6,63537.0,62666.0,63158.1,18663.658,1177602988.4622
2024-09-24 15:00:00,63158.1,63340.0,62949.0,63123.4,5766.228,364264864.21
2024-09-24 16:00:00,63123.4,63339.2,63056.7,63215.5,2924.151,184783965.2767
2024-09-24 17:00:00,63215.5,63987.3,63200.0,63743.1,8602.297,547692470.0265
2024-09-24 18:00:00,63743.1,63871.9,63511.8,63700.0,4114.558,262100239.5349
2024-09-24 19:00:00,63700.0,64349.0,63653.4,64266.6,8009.235,513005649.0177
2024-09-24 20:00:00,64266.6,64668.4,64056.1,64196.9,9074.063,583478112.9773
2024-09-24 21:00:00,64196.9,64269.8,63938.6,64008.0,3075.531,197077210.9705
2024-09-24 22:00:00,64008.0,64749.9,64008.0,64577.6,7452.958,480077893.2589
2024-09-24 23:00:00,64577.6,64620.0,64208.8,64248.6,3201.549,206149699.1923
2024-09-25 00:00:00,64248.6,64463.3,63957.8,64115.0,5172.816,332035358.2814
2024-09-25 01:00:00,64115.0,64876.5,64076.5,64382.0,7349.108,474231409.1375
2024-09-25 02:00:00,64382.0,64566.4,64273.6,64407.9,1810.77,116634556.9839
2024-09-25 03:00:00,64407.9,64460.1,64200.0,64445.9,2291.344,147330810.5078
2024-09-25 04:00:00,64445.9,64451.9,64150.0,64150.0,1651.967,106207868.815
2024-09-25 05:00:00,64150.0,64263.2,64115.8,64150.1,1385.509,88931584.8385
2024-09-25 06:00:00,64150.1,64150.1,63689.9,63772.9,5745.982,367175997.4608
2024-09-25 07:00:00,63772.9,63830.0,63557.4,63803.5,4092.499,260812776.6701
2024-09-25 08:00:00,63803.5,63906.6,63719.9,63791.8,2287.846,146032411.195
2024-09-25 09:00:00,63791.8,63842.1,63561.2,63577.5,2518.563,160438574.3383
2024-09-25 10:00:00,63577.5,63716.7,63377.4,63600.0,4643.884,295081431.3839
2024-09-25 11:00:00,63600.0,63862.5,63464.0,63813.2,3466.315,220736110.9138
2024-09-25 12:00:00,63813.2,63821.0,63557.8,63568.4,2306.393,146941636.4796
2024-09-25 13:00:00,63568.4,63771.4,63245.7,63741.6,8078.716,513048801.1292
2024-09-25 14:00:00,63741.6,63955.0,63616.0,63921.9,5089.429,324667392.3989
2024-09-25 15:00:00,63921.9,63992.4,63400.6,63466.7,5387.003,343302423.9861
2024-09-25 16:00:00,63466.7,63650.0,63428.4,63437.6,2576.369,163692837.4564
2024-09-25 17:00:00,63437.6,63538.2,62957.6,63150.2,7471.67,472100271.7883
2024-09-25 18:00:00,63150.2,63400.1,63106.3,63344.2,3817.438,241442570.2143
2024-09-25 19:00:00,63344.2,63475.8,63118.2,63172.4,2973.251,188256654.073
2024-09-25 20:00:00,63172.4,63523.7,63164.1,63493.3,1929.329,122241424.5665
2024-09-25 21:00:00,63493.3,63550.0,63379.2,63419.9,1254.782,79644111.8292
2024-09-25 22:00:00,63419.9,63494.8,63021.3,63258.0,3984.737,252049370.5936
2024-09-25 23:00:00,63258.0,63261.1,62900.0,63130.1,3692.581,232796565.6795
2024-09-26 00:00:00,63130.1,63269.0,62827.7,62932.5,3682.453,232126076.3906
2024-09-26 01:00:00,62932.5,63136.3,62650.0,63136.3,5154.217,324063584.5069
2024-09-26 02:00:00,63136.3,63374.7,63080.0,63334.6,2435.508,153991406.5091
2024-09-26 03:00:00,63334.6,63535.5,63270.0,63486.1,3239.996,205413061.1291
2024-09-26 04:00:00,63486.1,63508.1,63312.2,63400.0,1631.023,103412420.44
2024-09-26 05:00:00,63400.0,63709.7,63334.0,63569.1,3830.443,243463090.8782
2024-09-26 06:00:00,63569.1,63771.1,63556.7,63694.2,2871.75,182877921.772
2024-09-26 07:00:00,63694.2,63848.0,63635.0,63828.3,2513.156,160271386.8286
2024-09-26 08:00:00,63828.3,63875.4,63665.2,63687.9,2161.005,137822001.5754
2024-09-26 09:00:00,63687.9,63944.0,63552.8,63768.1,3796.222,242003058.0338
2024-09-26 10:00:00,63768.1,64440.3,63740.0,64373.9,8735.62,560825294.5804
2024-09-26 11:00:00,64373.9,64497.2,64258.5,64375.0,5902.395,379895004.8026
2024-09-26 12:00:00,64375.0,64725.7,64301.8,64462.0,7999.908,516109773.109
2024-09-26 13:00:00,64462.0,64539.9,64131.0,64418.4,6784.471,436352792.535
2024-09-26 14:00:00,64418.4,65220.0,64340.1,64392.8,24080.349,1559921764.7343
2024-09-26 15:00:00,64392.8,65600.0,64240.7,65197.8,21578.393,1404918402.2862
2024-09-26 16:00:00,65197.8,65558.0,65070.0,65309.7,6502.741,424882612.3486
2024-09-26 17:00:00,65309.7,65850.0,65082.7,65097.0,9073.721,593858074.858
2024-09-26 18:00:00,65097.0,65282.0,64919.1,65257.8,5207.932,339076851.9667
2024-09-26 19:00:00,65257.8,65277.0,64650.2,64668.6,5336.3,346743518.9878
2024-09-26 20:00:00,64668.6,64843.2,64600.0,64620.3,5079.734,328738261.1472
2024-09-26 21:00:00,64620.3,65197.1,64588.0,65018.4,4561.691,296014703.111
2024-09-26 22:00:00,65018.4,65239.1,64936.9,65070.1,3735.491,243180335.6648
2024-09-26 23:00:00,65070.1,65152.7,64675.3,65145.8,3829.794,248722954.6398
2024-09-27 00:00:00,65145.8,65323.6,64969.4,65211.7,2972.301,193607144.6167
2024-09-27 01:00:00,65211.7,65350.0,64983.6,65090.9,2619.173,170661079.9348
2024-09-27 02:00:00,65090.9,65182.0,64792.9,64849.9,2435.768,158183113.0721
2024-09-27 03:00:00,64849.9,65421.1,64789.0,65327.5,4168.654,271665293.4386
2024-09-27 04:00:00,65327.5,65450.0,65235.7,65277.9,2702.836,176605275.9613
2024-09-27 05:00:00,65277.9,65354.8,65063.0,65331.9,2453.5,159977649.0078
2024-09-27 06:00:00,65331.9,65500.0,65179.7,65318.2,6725.082,439641307.11
2024-09-27 07:00:00,65318.2,65535.0,65231.2,65450.0,2415.355,157961455.0873
2024-09-27 08:00:00,65450.0,65786.1,65393.0,65712.7,6255.492,410462538.9225
2024-09-27 09:00:00,65712.7,65980.0,65631.6,65729.2,7187.917,472852879.6342
2024-09-27 10:00:00,65729.2,65760.5,65452.6,65452.9,5189.651,340254775.0858
2024-09-27 11:00:00,65452.9,65584.3,65311.0,65417.5,3029.584,198206774.9232
2024-09-27 12:00:00,65417.5,65854.8,65284.0,65706.4,6320.176,414702157.1824
2024-09-27 13:00:00,65706.4,65767.1,65324.6,65651.7,5325.055,348942683.8107
2024-09-27 14:00:00,65651.7,66520.0,65535.4,66210.1,24171.821,1598768988.2153
2024-09-27 15:00:00,66210.1,66400.0,65951.4,65953.6,6171.771,408486171.792
2024-09-27 16:00:00,65953.6,66343.3,65846.0,66279.0,7301.132,482655412.361
2024-09-27 17:00:00,66279.0,66322.1,65663.4,65882.8,7830.632,516031826.7263
2024-09-27 18:00:00,65882.8,65900.0,65483.6,65843.1,4363.443,286529418.1113
2024-09-27 19:00:00,65843.1,65941.9,65579.8,65608.9,2716.452,178609776.149
2024-09-27 20:00:00,65608.9,65896.0,65581.8,65760.1,2198.581,144512222.6434
2024-09-27 21:00:00,65760.1,65866.6,65712.5,65791.3,1399.415,92062822.8952
2024-09-27 22:00:00,65791.3,65945.9,65734.1,65842.5,1475.908,97184724.7732
2024-09-27 23:00:00,65842.5,65887.7,65648.6,65746.5,1196.965,78684914.3396
2024-09-28 00:00:00,65746.5,65873.0,65688.3,65870.2,1058.438,69630344.643
2024-09-28 01:00:00,65870.2,65990.0,65758.3,65972.3,1689.976,111314787.8146
2024-09-28 02:00:00,65972.3,66185.0,65882.2,66149.0,2817.735,186148190.2621
2024-09-28 03:00:00,66149.0,66319.9,65961.1,66049.8,2277.483,150597760.393
2024-09-28 04:00:00,66049.8,66070.4,65946.2,65988.7,740.575,48884460.2957
2024-09-28 05:00:00,65988.7,66000.0,65885.4,65930.1,1194.599,78773919.4731
2024-09-28 06:00:00,65930.1,65935.5,65710.0,65777.0,1845.814,121457998.3851
2024-09-28 07:00:00,65777.0,65870.0,65731.3,65788.8,1060.24,69773230.9888
2024-09-28 08:00:00,65788.8,65788.9,65556.0,65611.1,3617.443,237451828.8359
2024-09-28 09:00:00,65611.1,65613.9,65423.7,65598.9,2722.278,178375684.0187
2024-09-28 10:00:00,65598.9,65749.7,65539.9,65732.0,1589.281,104353774.6136
2024-09-28 11:00:00,65732.0,65786.4,65664.6,65766.9,1019.435,66999460.8793
2024-09-28 12:00:00,65766.9,65767.0,65400.6,65529.2,2829.829,185510457.2082
2024-09-28 13:00:00,65529.2,65580.6,65394.5,65504.4,1582.771,103650260.2531
2024-09-28 14:00:00,65504.4,65785.0,65504.4,65691.5,1953.019,128281086.4831
2024-09-28 15:00:00,65691.5,65691.5,65591.0,65596.3,1037.181,68065909.3877
2024-09-28 16:00:00,65596.3,65644.9,65466.1,65489.2,1030.036,67523424.2598
2024-09-28 17:00:00,65489.2,65702.0,65479.5,65609.3,665.738,43672050.7335
2024-09-28 18:00:00,65609.3,65798.7,65609.2,65669.8,1003.264,65943736.0343
2024-09-28 19:00:00,65669.8,65745.0,65656.9,65698.4,558.771,36705020.6686
2024-09-28 20:00:00,65698.4,65749.9,65590.0,65616.9,869.771,57124507.5259
2024-09-28 21:00:00,65616.9,65680.0,65310.0,65672.7,2504.517,164089843.3318
2024-09-28 22:00:00,65672.7,65756.1,65547.2,65656.7,1029.624,67626899.7098
2024-09-28 23:00:00,65656.7,65968.4,65586.4,65823.0,2046.702,134680257.4083
2024-09-29 00:00:00,65823.0,65970.0,65624.5,65662.4,2251.32,148166788.1227
2024-09-29 01:00:00,65662.4,65866.6,65636.3,65848.2,762.547,50133043.8614
2024-09-29 02:00:00,65848.2,65913.7,65791.6,65795.9,958.599,63135492.9892
2024-09-29 03:00:00,65795.9,65804.2,65707.8,65790.0,541.597,35621358.1155
2024-09-29 04:00:00,65790.0,65790.1,65660.6,65721.5,608.718,39997093.4919
2024-09-29 05:00:00,65721.5,65738.9,65488.5,65571.4,1518.101,99586828.9436
2024-09-29 06:00:00,65571.4,65605.6,65467.0,65482.9,1208.294,79175034.7325
2024-09-29 07:00:00,65482.9,65543.1,65370.5,65439.6,1841.515,120548802.3812
2024-09-29 08:00:00,65439.6,65569.6,65404.0,65532.0,1418.444,92884318.0185
2024-09-29 09:00:00,65532.0,65642.6,65531.9,65564.1,1102.435,72317714.5287
2024-09-29 10:00:00,65564.1,65564.8,65434.0,65550.0,993.66,65084362.4106
2024-09-29 11:00:00,65550.0,65733.0,65536.8,65682.0,1673.669,109887525.5489
2024-09-29 12:00:00,65682.0,65746.0,65605.0,65610.0,1604.788,105413747.1508
2024-09-29 13:00:00,65610.0,65843.8,65556.4,65800.0,2450.409,161087882.6846
2024-09-29 14:00:00,65800.0,65807.5,65638.7,65670.7,1109.809,72920560.4615
2024-09-29 15:00:00,65670.7,65796.2,65563.9,65731.0,2265.755,148798820.4001
2024-09-29 16:00:00,65731.0,65781.6,65633.0,65752.0,934.941,61443619.5489
2024-09-29 17:00:00,65752.0,65910.0,65752.0,65803.5,2160.055,142247257.7171
2024-09-29 18:00:00,65803.5,65844.2,65724.6,65770.3,638.432,41995754.9722
2024-09-29 19:00:00,65770.3,65952.7,65761.8,65935.9,944.411,62227973.3985
2024-09-29 20:00:00,65935.9,66174.5,65773.0,65790.7,3959.141,261065962.2651
2024-09-29 21:00:00,65790.7,65970.5,65760.6,65851.1,1147.174,75545503.3769
2024-09-29 22:00:00,65851.1,65935.9,65529.0,65651.6,3059.346,200986787.8437
2024-09-29 23:00:00,65651.6,65707.8,65496.4,65571.7,2027.876,132993846.4482
2024-09-30 00:00:00,65571.7,65604.8,65065.0,65446.1,6503.902,424705722.1226
2024-09-30 01:00:00,65446.1,65537.5,64700.0,64744.8,8504.933,552949999.3321
2024-09-30 02:00:00,64744.8,64794.3,64310.9,64347.3,10530.266,679196519.0734
2024-09-30 03:00:00,64347.3,64550.7,64170.0,64535.8,7774.364,500391441.0616
2024-09-30 04:00:00,64535.8,64535.8,64300.0,64412.2,2758.943,177706962.6867
2024-09-30 05:00:00,64412.2,64514.0,64357.2,64501.7,1719.273,110815815.4876
2024-09-30 06:00:00,64501.7,64689.0,64303.1,64315.6,3726.286,240423867.6543
2024-09-30 07:00:00,64315.6,64672.7,64309.0,64543.8,3723.172,240238194.0274
2024-09-30 08:00:00,64543.8,64556.9,64020.0,64297.9,8592.36,551911809.3766
2024-09-30 09:00:00,64297.9,64298.0,63500.8,63504.5,13122.997,837692931.8495
2024-09-30 10:00:00,63504.5,63651.3,63225.1,63616.3,13295.317,843632136.6333
2024-09-30 11:00:00,63616.3,63847.0,63479.7,63793.8,5110.333,325373159.0532
2024-09-30 12:00:00,63793.8,64174.9,63733.3,64025.2,6490.678,415070638.0473
2024-09-30 13:00:00,64025.2,64145.0,63802.1,63850.1,6201.709,396819489.8802
2024-09-30 14:00:00,63850.1,64003.4,63436.0,63722.5,9438.081,601471992.2802
2024-09-30 15:00:00,63722.5,63969.9,63496.1,63535.7,5192.406,330814528.4122
2024-09-30 16:00:00,63535.7,63730.5,63407.6,63465.7,4228.411,268718612.826
2024-09-30 17:00:00,63465.7,63689.6,63350.0,63667.1,3756.243,238597421.6571
2024-09-30 18:00:00,63667.1,63710.8,63018.4,63296.3,12296.932,777897930.6767
2024-09-30 19:00:00,63296.3,63596.9,63238.4,63462.7,4479.051,284087449.399
2024-09-30 20:00:00,63462.7,63872.9,63414.5,63781.7,5234.351,333233002.1861
2024-09-30 21:00:00,63781.7,63811.2,63600.0,63675.6,1466.138,93411392.3084
2024-09-30 22:00:00,63675.6,63747.0,63455.0,63458.7,2033.492,129317270.8342
2024-09-30 23:00:00,63458.7,63592.0,62800.0,63276.8,10425.273,658236818.8081
2024-10-01 00:00:00,63276.8,63593.7,62929.9,63499.9,9664.461,611194959.8224
2024-10-01 01:00:00,63499.9,63611.0,63368.8,63425.0,3499.512,222213395.3743
2024-10-01 02:00:00,63425.0,63426.1,63132.4,63411.7,3215.781,203503887.8321
2024-10-01 03:00:00,63411.7,63721.1,63400.0,63686.3,3069.143,195155229.3201
2024-10-01 04:00:00,63686.3,63832.2,63609.6,63823.9,2604.494,166042615.2817
2024-10-01 05:00:00,63823.9,63878.7,63619.2,63728.0,2139.008,136287774.2003
2024-10-01 06:00:00,63728.0,64072.5,63718.4,63999.9,4442.798,284063477.7921
2024-10-01 07:00:00,63999.9,64096.6,63881.5,64018.0,3087.524,197606221.3973
2024-10-01 08:00:00,64018.0,64066.3,63788.8,63909.2,2923.084,186814088.2752
2024-10-01 09:00:00,63909.2,64086.9,63823.1,63823.2,2316.561,148192014.4555
2024-10-01 10:00:00,63823.2,63910.0,63690.0,63884.1,2922.85,186457191.0081
2024-10-01 11:00:00,63884.1,63959.6,63684.0,63704.7,2106.624,134414075.4801
2024-10-01 12:00:00,63704.7,63780.0,63555.0,63644.8,3137.837,199778434.0626
2024-10-01 13:00:00,63644.8,63666.0,62446.4,62834.8,24281.826,1526385720.3491
2024-10-01 14:00:00,62834.8,63068.0,62400.0,62566.2,22815.004,1430706819.1949
2024-10-01 15:00:00,62566.2,62798.6,61750.0,62602.6,35582.928,2213512940.2393
2024-10-01 16:00:00,62602.6,62776.6,61852.9,62436.1,22278.195,1386615658.3423
2024-10-01 17:00:00,62436.1,62436.1,61021.4,62143.1,34033.112,2097514365.5309
2024-10-01 18:00:00,62143.1,62439.0,61837.4,61978.7,11409.867,709270974.6294
2024-10-01 19:00:00,61978.7,62094.1,61590.7,61740.8,9499.851,587659886.1211
2024-10-01 20:00:00,61740.8,61754.9,60118.9,60788.4,30836.371,1875273372.997
2024-10-01 21:00:00,60788.4,61211.9,60639.8,61131.3,7130.517,434202267.2153
2024-10-01 22:00:00,61131.3,61131.3,60603.0,60747.6,5530.029,336250668.9868
2024-10-01 23:00:00,60747.6,61014.0,60625.7,60790.0,3718.816,226232346.005
2024-10-02 00:00:00,60790.0,61182.1,60710.0,61019.1,4966.093,302770478.6103
2024-10-02 01:00:00,61019.1,61519.7,60969.7,61497.3,4338.779,266020348.7181
2024-10-02 02:00:00,61497.3,61807.8,61410.5,61760.2,3896.607,240136785.334
2024-10-02 03:00:00,61760.2,61859.8,61640.0,61726.7,3459.013,213614418.6839
2024-10-02 04:00:00,61726.7,61726.7,61420.0,61472.9,3917.177,241129607.7366
2024-10-02 05:00:00,61472.9,61587.8,61327.0,61463.7,3027.256,186002788.7609
2024-10-02 06:00:00,61463.7,61750.0,61330.0,61666.1,4189.064,258115034.4101
2024-10-02 07:00:00,61666.1,61921.7,61550.0,61704.0,3876.682,239381344.5365
2024-10-02 08:00:00,61704.0,61885.5,61580.4,61767.9,2987.434,184447768.1597
2024-10-02 09:00:00,61767.9,61784.0,61100.9,61250.2,6244.73,383358664.4241
2024-10-02 10:00:00,61250.2,61538.2,61120.3,61163.6,5709.936,350103569.6553
2024-10-02 11:00:00,61163.6,61356.1,60840.0,61137.1,8018.083,490081846.1126
2024-10-02 12:00:00,61137.1,61194.8,60650.3,60770.1,9027.838,550088919.4495
2024-10-02 13:00:00,60770.1,61436.2,60502.8,61315.3,13282.209,809291913.1637
2024-10-02 14:00:00,61315.3,61651.7,61040.0,61040.1,12575.959,771346617.6501
2024-10-02 15:00:00,61040.1,61896.9,61012.0,61843.3,8415.053,518396398.7706
2024-10-02 16:00:00,61843.3,62416.3,61747.2,61770.9,11406.848,708332954.4961
2024-10-02 17:00:00,61770.9,61816.3,61172.0,61606.3,8360.411,514346710.4249
2024-10-02 18:00:00,61606.3,61667.3,60720.0,60726.8,11216.875,685001810.4711
2024-10-02 19:00:00,60726.8,60894.4,59952.9,60169.5,22952.655,1384640374.7385
2024-10-02 20:00:00,60169.5,60978.3,60100.1,60890.0,12163.618,736019172.0965
2024-10-02 21:00:00,60890.0,60930.0,60622.2,60812.0,3790.548,230367204.1665
2024-10-02 22:00:00,60812.0,60837.0,60364.1,60831.0,4446.902,269416944.8894
2024-10-02 23:00:00,60831.0,60845.3,60590.6,60617.5,2314.886,140542311.1551
2024-10-03 00:00:00,60617.5,61082.9,60506.7,60962.3,6591.228,401004814.3614
2024-10-03 01:00:00,60962.3,61163.1,60885.2,61003.8,3790.64,231395204.8871
2024-10-03 02:00:00,61003.8,61250.0,60955.2,61158.0,2671.337,163312002.2537
2024-10-03 03:00:00,61158.0,61450.1,61060.0,61441.6,3795.795,232549958.5368
2024-10-03 04:00:00,61441.6,61460.0,61258.0,61307.3,2402.296,147383995.9286
2024-10-03 05:00:00,61307.3,61339.8,61081.6,61154.3,3496.271,213891373.1481
2024-10-03 06:00:00,61154.3,61388.0,61076.6,61307.7,2151.111,131771940.061
2024-10-03 07:00:00,61307.7,61398.0,60770.9,60895.4,5208.742,318083284.4389
2024-10-03 08:00:00,60895.4,60957.5,60118.1,60332.1,14442.839,872264562.8319
2024-10-03 09:00:00,60332.1,60736.8,60092.0,60688.4,6252.969,378069749.7413
2024-10-03 10:00:00,60688.4,61037.0,60616.6,61006.8,3804.365,231466220.8723
2024-10-03 11:00:00,61006.8,61048.5,60569.8,60740.6,5455.447,331722679.6283
2024-10-03 12:00:00,60740.6,60748.3,60333.0,60435.9,7156.922,432978288.4979
2024-10-03 13:00:00,60435.9,60582.7,59840.2,60354.9,21033.452,1266718421.5985
2024-10-03 14:00:00,60354.9,60875.9,60135.0,60147.6,19233.73,1163186671.0146
2024-10-03 15:00:00,60147.6,60666.0,60010.0,60614.2,9728.96,586475921.9096
2024-10-03 16:00:00,60614.2,60753.0,60051.0,60142.9,10100.34,609376340.1486
2024-10-03 17:00:00,60142.9,60710.0,59893.1,60614.3,10896.89,658381690.1506
2024-10-03 18:00:00,60614.3,60846.7,60513.0,60700.9,3912.726,237387298.8489
2024-10-03 19:00:00,60700.9,61056.1,60503.3,61009.1,5699.31,346743519.4393
2024-10-03 20:00:00,61009.1,61095.0,60596.3,60757.3,3899.793,237284707.0852
2024-10-03 21:00:00,60757.3,60939.8,60575.8,60787.7,2523.125,153291346.9726
2024-10-03 22:00:00,60787.7,60966.0,60689.2,60871.9,1552.513,94421607.6002
2024-10-03 23:00:00,60871.9,60960.9,60671.3,60725.9,1513.891,92000712.9474
2024-10-04 00:00:00,60725.9,60786.0,60414.0,60474.1,3979.351,241120383.9354
2024-10-04 01:00:00,60474.1,61230.0,60450.0,61191.7,5532.609,337509620.8624
2024-10-04 02:00:00,61191.7,61249.9,60892.4,61000.1,4083.855,249337307.7795
2024-10-04 03:00:00,61000.1,61035.8,60851.7,60920.9,1456.358,88715754.4693
2024-10-04 04:00:00,60920.9,61183.6,60900.2,60972.8,2328.322,142115910.2342
2024-10-04 05:00:00,60972.8,61214.1,60949.5,61199.9,1737.3,106201193.2539
2024-10-04 06:00:00,61199.9,61329.8,61064.5,61085.0,2921.367,178727618.4696
2024-10-04 07:00:00,61085.0,61493.8,61026.7,61412.0,4465.726,273903206.1859
2024-10-04 08:00:00,61412.0,61649.7,61305.6,61415.0,5125.502,315256502.1006
2024-10-04 09:00:00,61415.0,61567.6,61271.3,61309.6,4350.227,267051655.0051
2024-10-04 10:00:00,61309.6,61420.5,61230.2,61257.0,2178.909,133584266.8355
2024-10-04 11:00:00,61257.0,61460.0,61249.6,61428.8,2009.916,123355524.1046
2024-10-04 12:00:00,61428.8,61916.3,61100.0,61900.6,14528.838,894057037.984
2024-10-04 13:00:00,61900.6,61988.0,61455.6,61548.7,11254.06,694382952.5825
2024-10-04 14:00:00,61548.7,61555.0,60753.9,61210.5,18150.04,1108865853.0866
2024-10-04 15:00:00,61210.5,61853.0,61200.0,61851.4,10175.173,626737232.402
2024-10-04 16:00:00,61851.4,62285.1,61602.8,62218.1,10012.368,621103490.1147
2024-10-04 17:00:00,62218.1,62325.4,61786.4,61953.4,6319.629,392264329.1926
2024-10-04 18:00:00,61953.4,62349.9,61877.7,62319.9,3941.274,244774268.3103
2024-10-04 19:00:00,62319.9,62452.9,62174.3,62331.1,6988.61,435617161.8688
2024-10-04 20:00:00,62331.1,62469.0,62130.7,62382.6,4004.802,249551312.0408
2024-10-04 21:00:00,62382.6,62429.8,62227.6,62239.5,1382.358,86144764.0724
2024-10-04 22:00:00,62239.5,62326.4,62164.3,62187.5,1646.903,102491222.6817
2024-10-04 23:00:00,62187.5,62187.5,61948.0,62063.9,2236.475,138755081.9523
2024-10-05 00:00:00,62063.9,62168.6,62012.0,62144.2,1450.718,90092635.8665
2024-10-05 01:00:00,62144.2,62175.9,61963.0,62049.9,1457.612,90446742.6997
2024-10-05 02:00:00,62049.9,62050.0,61755.1,61779.3,1972.781,122107191.3741
2024-10-05 03:00:00,61779.3,61940.0,61650.0,61845.9,2714.465,167783365.9038
2024-10-05 04:00:00,61845.9,61997.3,61798.0,61916.1,1167.549,72288493.5251
2024-10-05 05:00:00,61916.1,62133.3,61910.8,62109.6,1319.943,81907726.0465
2024-10-05 06:00:00,62109.6,62229.4,62037.3,62197.7,1364.621,84797641.0627
2024-10-05 07:00:00,62197.7,62249.8,62042.1,62042.2,1188.284,73829347.6466
2024-10-05 08:00:00,62042.2,62171.7,62042.1,62130.2,913.524,56728716.4567
2024-10-05 09:00:00,62130.2,62300.0,62111.5,62221.5,1758.156,109388984.6012
2024-10-05 10:00:00,62221.5,62254.2,62170.5,62186.6,977.346,60801682.6381
2024-10-05 11:00:00,62186.6,62210.8,62130.4,62153.5,704.52,43802752.3237
2024-10-05 12:00:00,62153.5,62288.5,62153.5,62287.9,813.343,50614950.9937
2024-10-05 13:00:00,62287.9,62365.9,62077.4,62125.4,2936.57,182750209.4889
2024-10-05 14:00:00,62125.4,62212.0,62074.1,62163.2,1016.111,63135879.5251
2024-10-05 15:00:00,62163.2,62199.1,62086.0,62135.8,699.97,43491509.968
2024-10-05 16:00:00,62135.8,62159.8,61935.4,61936.0,1981.041,122923023.3713
2024-10-05 17:00:00,61936.0,62013.8,61881.0,61988.6,1840.702,114036319.2158
2024-10-05 18:00:00,61988.6,62030.0,61819.4,61841.9,1929.022,119380308.5292
2024-10-05 19:00:00,61841.9,61897.5,61758.3,61834.8,2200.401,136039165.3674
2024-10-05 20:00:00,61834.8,61834.9,61699.1,61706.0,1849.987,114223411.9585
2024-10-05 21:00:00,61706.0,61919.4,61677.5,61837.0,1412.174,87307019.7186
2024-10-05 22:00:00,61837.0,62074.4,61829.4,62018.5,1652.011,102376156.3101
2024-10-05 23:00:00,62018.5,62086.7,61953.4,62035.0,623.97,38692964.5474
2024-10-06 00:00:00,62035.0,62075.3,61866.9,61906.8,1048.837,64953452.9445
2024-10-06 01:00:00,61906.8,62125.7,61900.0,62059.2,1377.622,85458591.8703
2024-10-06 02:00:00,62059.2,62093.3,61916.3,61938.2,808.472,50100976.5508
2024-10-06 03:00:00,61938.2,61999.4,61848.1,61856.0,734.737,45487149.898
2024-10-06 04:00:00,61856.0,61942.0,61791.3,61854.3,981.923,60738121.0946
2024-10-06 05:00:00,61854.3,61954.3,61818.1,61918.6,890.1,55095934.3026
2024-10-06 06:00:00,61918.6,61992.0,61865.9,61939.8,671.903,41618522.4804
2024-10-06 07:00:00,61939.8,61983.6,61916.3,61925.6,443.866,27499535.5733
2024-10-06 08:00:00,61925.6,62057.8,61900.0,61970.0,1221.042,75695623.2291
2024-10-06 09:00:00,61970.0,62144.3,61954.2,62043.9,1421.027,88156632.3929
2024-10-06 10:00:00,62043.9,62057.1,61984.1,61996.2,556.796,34525645.9602
2024-10-06 11:00:00,61996.2,62122.4,61977.5,62074.1,954.804,59253573.2864
2024-10-06 12:00:00,62074.1,62206.8,62034.1,62192.9,1428.449,88749994.0167
2024-10-06 13:00:00,62192.9,62326.0,62192.9,62221.4,3124.305,194525972.8472
2024-10-06 14:00:00,62221.4,62756.4,62161.0,62682.0,7095.816,443455495.0835
2024-10-06 15:00:00,62682.0,62751.1,62402.9,62683.7,4293.937,268701576.9296
2024-10-06 16:00:00,62683.7,62900.0,62564.2,62565.8,5082.002,318906239.3728
2024-10-06 17:00:00,62565.8,62737.7,62512.0,62550.0,1967.273,123207993.8415
2024-10-06 18:00:00,62550.0,62738.9,62550.0,62694.0,1086.574,68094724.2331
2024-10-06 19:00:00,62694.0,62973.3,62536.3,62597.2,4287.673,269069215.0763
2024-10-06 20:00:00,62597.2,62722.0,62550.0,62581.5,1557.341,97531444.4021
2024-10-06 21:00:00,62581.5,62626.2,62253.8,62270.1,3480.851,217278081.8736
2024-10-06 22:00:00,62270.1,62600.0,62270.1,62588.1,1537.595,96036195.3996
2024-10-06 23:00:00,62588.1,62890.0,62588.0,62792.9,3584.136,224928722.0022
2024-10-07 00:00:00,62792.9,63688.1,62624.3,63648.0,12463.961,787955082.9539
2024-10-07 01:00:00,63648.0,63949.0,63632.4,63799.6,7801.815,497777606.0746
2024-10-07 02:00:00,63799.6,63929.8,63570.2,63615.1,3131.482,199642008.5526
2024-10-07 03:00:00,63615.1,63742.1,63309.7,63499.4,3921.079,248973006.3085
2024-10-07 04:00:00,63499.4,63638.9,63418.5,63440.5,1913.586,121605583.3008
2024-10-07 05:00:00,63440.5,63598.4,63330.0,63352.5,2147.534,136259577.1802
2024-10-07 06:00:00,63352.5,63695.6,63260.7,63672.5,3202.572,203397160.7869
2024-10-07 07:00:00,63672.5,63680.2,63411.0,63502.0,2094.172,133026031.4141
2024-10-07 08:00:00,63502.0,63680.0,63481.3,63520.9,2042.787,129883711.4839
2024-10-07 09:00:00,63520.9,63521.0,63047.0,63185.0,6719.785,424797445.2895
2024-10-07 10:00:00,63185.0,63195.0,62854.8,62873.0,5411.496,340900184.4465
2024-10-07 11:00:00,62873.0,63167.1,62633.0,63115.4,8175.752,513823414.4782
2024-10-07 12:00:00,63115.4,63115.5,62800.6,62858.6,3560.283,224173133.1341
2024-10-07 13:00:00,62858.6,63541.8,62788.0,63426.0,9034.506,571291244.8159
2024-10-07 14:00:00,63426.0,64464.0,63426.0,63971.2,21971.534,1407265011.8167
2024-10-07 15:00:00,63971.2,63983.6,63509.0,63622.5,10338.764,658901071.6842
2024-10-07 16:00:00,63622.5,63857.1,63403.0,63802.2,4689.734,298586807.2645
2024-10-07 17:00:00,63802.2,63897.6,63503.4,63808.6,3576.848,227816429.0017
2024-10-07 18:00:00,63808.6,63808.6,62688.0,62823.1,11875.717,750096553.3546
2024-10-07 19:00:00,62823.1,63437.1,62823.1,63344.0,6537.32,413188719.1657
2024-10-07 20:00:00,63344.0,63375.7,62950.3,62995.2,2909.715,183733539.2805
2024-10-07 21:00:00,62995.2,63344.7,62969.2,63344.7,2778.291,175608262.5297
2024-10-07 22:00:00,63344.7,63344.7,62388.0,62420.1,8399.283,527075356.9706
2024-10-07 23:00:00,62420.1,62637.1,62055.0,62191.2,10662.127,664858973.5321
2024-10-08 00:00:00,62191.2,62567.6,62108.5,62518.7,4401.789,274498489.7959
2024-10-08 01:00:00,62518.7,62690.0,62281.6,62597.9,3165.834,197887572.6894
2024-10-08 02:00:00,62597.9,62760.0,62387.5,62749.9,3194.745,199831768.5091
2024-10-08 03:00:00,62749.9,62790.6,62527.8,62603.6,2014.743,126184646.3078
2024-10-08 04:00:00,62603.6,62750.0,62495.5,62657.3,2266.333,141968219.1238
2024-10-08 05:00:00,62657.3,62703.3,62237.1,62478.6,4724.829,294915175.9192
2024-10-08 06:00:00,62478.6,62490.0,62150.0,62477.5,4198.569,261727970.4847
2024-10-08 07:00:00,62477.5,62477.5,61944.2,62284.4,5711.027,354968317.231
2024-10-08 08:00:00,62284.4,62412.6,62155.0,62385.2,2263.453,141017534.337
2024-10-08 09:00:00,62385.2,62573.5,62251.9,62506.5,2838.22,177165210.2162
2024-10-08 10:00:00,62506.5,62567.2,62375.1,62496.4,2162.68,135140647.9376
2024-10-08 11:00:00,62496.4,62649.6,62439.4,62600.0,1876.164,117373527.7808
2024-10-08 12:00:00,62600.0,62649.6,62374.4,62415.7,2619.407,163737407.9757
2024-10-08 13:00:00,62415.7,63039.8,62276.9,63001.1,9890.683,620018929.0323
2024-10-08 14:00:00,63001.1,63189.7,62128.0,62746.0,17392.614,1089263747.008
2024-10-08 15:00:00,62746.0,62801.0,61803.4,62255.0,14581.835,908038578.1693
2024-10-08 16:00:00,62255.0,62595.1,62001.9,62544.7,7389.681,460546049.206
2024-10-08 17:00:00,62544.7,62546.3,62032.0,62361.6,4944.545,307767637.1987
2024-10-08 18:00:00,62361.6,62492.8,61885.4,62079.2,5037.506,313197971.3673
2024-10-08 19:00:00,62079.2,62330.6,61836.0,62219.5,6032.681,374571003.1928
2024-10-08 20:00:00,62219.5,62380.0,62116.2,62361.7,2445.095,152244428.3582
2024-10-08 21:00:00,62361.7,62543.6,62290.3,62407.9,1677.573,104707304.3659
2024-10-08 22:00:00,62407.9,62428.0,62123.1,62151.1,1850.779,115230930.6397
2024-10-08 23:00:00,62151.1,62241.9,61985.8,62120.7,2182.115,135516524.2115
2024-10-09 00:00:00,62120.7,62231.9,61952.7,62125.6,2985.586,185367463.9372
2024-10-09 01:00:00,62125.6,62481.0,62066.6,62381.1,3729.215,232462319.4667
2024-10-09 02:00:00,62381.1,62398.4,62228.6,62236.4,1029.46,64131549.494
2024-10-09 03:00:00,62236.4,62432.0,62114.6,62365.2,1599.787,99676030.6912
2024-10-09 04:00:00,62365.2,62410.0,62276.0,62321.9,1034.539,64493672.1648
2024-10-09 05:00:00,62321.9,62525.0,62321.8,62506.9,1973.042,123195895.8039
2024-10-09 06:00:00,62506.9,62522.6,62350.0,62412.0,1225.697,76547882.57
2024-10-09 07:00:00,62412.0,62412.0,62161.3,62245.0,2037.729,126837602.3496
2024-10-09 08:00:00,62245.0,62263.7,62020.6,62123.0,2410.991,149758035.112
2024-10-09 09:00:00,62123.0,62248.1,62068.5,62234.3,1401.076,87093964.7672
2024-10-09 10:00:00,62234.3,62234.3,62025.1,62120.9,1632.771,101391536.9674
2024-10-09 11:00:00,62120.9,62193.9,62071.6,62173.8,1016.976,63194330.1157
2024-10-09 12:00:00,62173.8,62198.7,61732.5,61952.0,8294.159,513401636.6394
2024-10-09 13:00:00,61952.0,62024.0,61725.7,61774.0,8310.687,514387403.6088
2024-10-09 14:00:00,61774.0,62010.8,61620.0,61849.9,8815.213,544614287.2326
2024-10-09 15:00:00,61849.9,62390.0,61760.0,62289.9,9283.223,577071725.5029
2024-10-09 16:00:00,62289.9,62321.3,61659.0,61780.2,9664.418,598169467.3141
2024-10-09 17:00:00,61780.2,61876.3,61637.3,61725.4,3286.305,202986740.5369
2024-10-09 18:00:00,61725.4,61796.2,61111.1,61159.9,11477.398,704570873.7336
2024-10-09 19:00:00,61159.9,61190.0,60800.0,61007.9,11341.1,692039475.539
2024-10-09 20:00:00,61007.9,61101.0,60266.0,60391.9,13236.67,803261395.0484
2024-10-09 21:00:00,60391.9,60936.6,60333.1,60868.7,5335.635,323478654.9118
2024-10-09 22:00:00,60868.7,60884.8,60668.3,60764.3,2240.667,136131594.3201
2024-10-09 23:00:00,60764.3,60805.3,60575.0,60607.7,2326.039,141093227.5668
2024-10-10 00:00:00,60607.7,60660.0,60339.0,60419.9,4284.177,259056128.666
2024-10-10 01:00:00,60419.9,60835.7,60407.5,60779.4,3757.668,227944301.151
2024-10-10 02:00:00,60779.4,60920.0,60680.0,60855.1,2436.421,148228701.823
2024-10-10 03:00:00,60855.1,60942.5,60797.9,60849.0,1617.951,98493773.2103
2024-10-10 04:00:00,60849.0,60925.8,60790.0,60833.1,1736.033,105643480.6698
2024-10-10 05:00:00,60833.1,61023.0,60800.4,60904.2,2296.023,139819073.7362
2024-10-10 06:00:00,60904.2,61144.4,60863.1,61118.1,2945.665,179781718.5861
2024-10-10 07:00:00,61118.1,61125.8,60865.0,60866.0,2048.759,124960102.3124
2024-10-10 08:00:00,60866.0,61059.1,60745.3,60787.5,4057.621,247093125.8828
2024-10-10 09:00:00,60787.5,60954.9,60591.0,60901.1,3887.065,236256812.6159
2024-10-10 10:00:00,60901.1,61189.2,60901.0,61043.4,3447.301,210446152.3271
2024-10-10 11:00:00,61043.4,61286.4,61017.4,61232.2,4438.762,271591249.2437
2024-10-10 12:00:00,61232.2,61288.0,60710.9,60932.2,11185.669,682052078.7549
2024-10-10 13:00:00,60932.2,61228.9,60528.1,60916.0,14418.091,877579947.9681
2024-10-10 14:00:00,60916.0,61037.7,60479.5,60568.9,7753.598,470706586.6132
2024-10-10 15:00:00,60568.9,60791.9,60412.7,60766.5,5848.341,354361039.7631
2024-10-10 16:00:00,60766.5,61021.6,60214.3,60267.3,7586.703,459912652.9225
2024-10-10 17:00:00,60267.3,60438.9,59517.0,59584.6,16526.898,990732742.5002
2024-10-10 18:00:00,59584.6,59584.6,58900.0,59473.4,21299.105,1260845457.6424
2024-10-10 19:00:00,59473.4,59737.3,59325.8,59698.9,6086.019,362263740.3678
2024-10-10 20:00:00,59698.9,59984.1,59557.7,59771.1,5725.094,342000346.2256
2024-10-10 21:00:00,59771.1,60171.3,59651.6,60171.3,3275.119,196203278.6063
2024-10-10 22:00:00,60171.3,60222.0,59910.0,60115.5,2797.946,168113371.946
2024-10-10 23:00:00,60115.5,60297.3,60115.5,60295.6,1983.043,119437995.1578
2024-10-11 00:00:00,60295.6,60337.9,60132.9,60160.2,2442.228,147136317.3496
2024-10-11 01:00:00,60160.2,60754.0,60064.4,60547.4,4420.379,266983987.1841
2024-10-11 02:00:00,60547.4,60629.9,60340.0,60515.4,2938.307,177717052.9757
2024-10-11 03:00:00,60515.4,60700.0,60515.4,60580.8,2041.468,123748893.2303
2024-10-11 04:00:00,60580.8,60697.0,60542.7,60679.8,1667.723,101076605.8497
2024-10-11 05:00:00,60679.8,60750.0,60564.0,60571.2,1724.46,104594319.0936
2024-10-11 06:00:00,60571.2,60897.0,60571.2,60769.0,2967.363,180300065.7569
2024-10-11 07:00:00,60769.0,60896.5,60622.1,60644.3,2628.676,159682690.2669
2024-10-11 08:00:00,60644.3,60782.1,60617.8,60632.1,1739.698,105570353.9829
2024-10-11 09:00:00,60632.1,61089.1,60625.0,61059.4,4645.844,282994610.0978
2024-10-11 10:00:00,61059.4,61263.3,60980.0,61134.2,8020.022,490222059.61
2024-10-11 11:00:00,61134.2,61234.8,61046.6,61146.8,2049.782,125330330.9805
2024-10-11 12:00:00,61146.8,61485.7,61094.7,61360.1,9201.886,564043255.5219
2024-10-11 13:00:00,61360.1,61840.6,61168.1,61650.4,14513.632,893640894.1014
2024-10-11 14:00:00,61650.4,61928.5,61603.2,61728.2,8627.682,533062292.1776
2024-10-11 15:00:00,61728.2,62449.5,61728.1,62238.3,15559.393,966724676.0398
2024-10-11 16:00:00,62238.3,62438.4,62105.7,62248.0,8759.228,545559170.78
2024-10-11 17:00:00,62248.0,62950.0,62139.4,62899.9,12053.042,754960559.0437
2024-10-11 18:00:00,62899.9,62967.5,62710.0,62907.3,4633.998,291158341.841
2024-10-11 19:00:00,62907.3,63436.0,62790.2,63065.4,13007.066,820914014.0853
2024-10-11 20:00:00,63065.4,63067.7,62897.5,62978.0,2475.132,155873726.1859
2024-10-11 21:00:00,62978.0,63160.0,62777.3,62831.5,2865.931,180537074.2753
2024-10-11 22:00:00,62831.5,62903.1,62306.4,62420.0,9393.451,587274731.801
2024-10-11 23:00:00,62420.0,62661.1,62306.6,62499.6,4495.22,280909862.298
2024-10-12 00:00:00,62499.6,62933.3,62457.9,62816.7,6730.749,421991052.6474
2024-10-12 01:00:00,62816.7,63078.1,62672.0,62716.2,3819.19,240088406.8861
2024-10-12 02:00:00,62716.2,62746.0,62486.8,62534.9,2405.165,150534358.3099
2024-10-12 03:00:00,62534.9,62612.0,62460.5,62541.1,1273.525,79632500.5184
2024-10-12 04:00:00,62541.1,62741.7,62541.0,62563.5,2014.558,126158461.5774
2024-10-12 05:00:00,62563.5,62777.0,62550.8,62747.1,863.758,54120359.4365
2024-10-12 06:00:00,62747.1,62747.2,62646.0,62664.4,770.521,48305366.8023
2024-10-12 07:00:00,62664.4,62759.6,62620.0,62740.0,1252.427,78509798.1057
2024-10-12 08:00:00,62740.0,62757.9,62668.7,62696.0,813.518,51015494.3085
2024-10-12 09:00:00,62696.0,62819.3,62647.1,62819.3,1090.33,68404864.6012
2024-10-12 10:00:00,62819.3,63026.7,62783.2,63018.1,2762.796,173847182.7737
2024-10-12 11:00:00,63018.1,63245.2,62892.6,62918.9,4961.444,312903230.2598
2024-10-12 12:00:00,62918.9,63042.3,62785.9,63023.6,3368.64,211870571.2402
2024-10-12 13:00:00,63023.6,63130.7,62901.0,63045.0,3023.665,190539584.511
2024-10-12 14:00:00,63045.0,63384.0,62980.1,63205.6,4403.138,278334357.5727
2024-10-12 15:00:00,63205.6,63467.4,63033.1,63132.3,5044.019,318972101.611
2024-10-12 16:00:00,63132.3,63377.5,63023.8,63032.0,3043.542,192305337.3217
2024-10-12 17:00:00,63032.0,63238.5,63017.2,63065.6,1849.578,116764893.4384
2024-10-12 18:00:00,63065.6,63157.3,62906.2,62916.3,1719.392,108313652.7102
2024-10-12 19:00:00,62916.3,63054.4,62881.7,62965.9,1113.389,70113076.8258
2024-10-12 20:00:00,62965.9,63091.0,62965.8,63005.7,1001.09,63111491.6392
2024-10-12 21:00:00,63005.7,63221.7,63005.6,63194.4,1061.057,66994190.6391
2024-10-12 22:00:00,63194.4,63318.8,63103.9,63272.0,1571.045,99335874.6538
2024-10-12 23:00:00,63272.0,63355.6,63140.7,63177.5,1416.537,89590550.0268
2024-10-13 00:00:00,63177.5,63269.5,63030.4,63161.7,1494.683,94437176.1642
2024-10-13 01:00:00,63161.7,63163.1,62808.0,62865.5,4104.842,258360994.5544
2024-10-13 02:00:00,62865.5,62900.0,62646.0,62840.0,5186.413,325425558.6415
2024-10-13 03:00:00,62840.0,62863.3,62607.0,62677.3,1861.772,116757384.5557
2024-10-13 04:00:00,62677.3,62833.4,62670.6,62786.6,1155.766,72542976.9888
2024-10-13 05:00:00,62786.6,62945.6,62776.9,62828.6,1218.8,76633949.8172
2024-10-13 06:00:00,62828.6,62967.0,62828.6,62847.7,841.314,52911672.1546
2024-10-13 07:00:00,62847.7,62895.7,62686.0,62819.9,2024.565,127071781.9866
2024-10-13 08:00:00,62819.9,62939.8,62768.3,62789.5,1308.553,82248427.9022
2024-10-13 09:00:00,62789.5,62837.9,62731.5,62799.6,846.151,53127341.9529
2024-10-13 10:00:00,62799.6,62803.3,62652.0,62676.6,1764.228,110661668.8766
2024-10-13 11:00:00,62676.6,62749.9,62488.0,62536.4,4183.114,261853479.8113
2024-10-13 12:00:00,62536.4,62707.0,62525.7,62646.1,1705.161,106813139.7431
2024-10-13 13:00:00,62646.1,62804.7,62602.1,62633.9,1359.533,85252282.0115
2024-10-13 14:00:00,62633.9,62633.9,62162.0,62227.1,7530.627,469522016.1708
2024-10-13 15:00:00,62227.1,62339.2,62012.1,62193.6,7575.46,470852095.2729
2024-10-13 16:00:00,62193.6,62698.4,62141.5,62599.9,5977.018,373450907.3819
2024-10-13 17:00:00,62599.9,62864.0,62383.0,62486.6,6375.65,399282126.437
2024-10-13 18:00:00,62486.6,62587.0,62281.4,62381.0,2970.093,185383687.5043
2024-10-13 19:00:00,62381.0,62713.6,62381.0,62700.4,1751.42,109608066.9673
2024-10-13 20:00:00,62700.4,62738.4,62577.3,62738.1,1186.463,74327578.7967
2024-10-13 21:00:00,62738.1,63050.0,62650.5,62862.6,3712.91,233343408.1177
2024-10-13 22:00:00,62862.6,63100.0,62688.8,62813.9,3680.776,231560677.9196
2024-10-13 23:00:00,62813.9,62872.6,62593.5,62838.7,2359.897,148007914.2694
2024-10-14 00:00:00,62838.7,62870.0,62422.5,62490.1,2636.084,165014633.7587
2024-10-14 01:00:00,62490.1,62798.0,62472.1,62601.2,1726.846,108183297.758
2024-10-14 02:00:00,62601.2,62613.1,62437.5,62586.5,1643.709,102799238.1004
2024-10-14 03:00:00,62586.5,64384.0,62586.5,64288.0,20850.285,1328306028.2198
2024-10-14 04:00:00,64288.0,64539.6,64075.9,64123.7,9919.8,637706708.6517
2024-10-14 05:00:00,64123.7,64141.8,63761.8,63909.5,6241.988,399052783.383
2024-10-14 06:00:00,63909.5,64220.0,63770.1,64064.4,4710.071,301626860.7953
2024-10-14 07:00:00,64064.4,64694.8,64000.0,64597.7,10436.014,671776661.2436
2024-10-14 08:00:00,64597.7,64855.5,64351.8,64403.8,7932.824,512369407.133
2024-10-14 09:00:00,64403.8,64891.0,64313.3,64800.0,6842.221,442316886.2922
2024-10-14 10:00:00,64800.0,65000.0,64683.3,64837.8,7343.846,476451764.9072
2024-10-14 11:00:00,64837.8,65151.8,64774.3,64903.5,6090.578,395573799.4683
2024-10-14 12:00:00,64903.5,64999.6,64723.9,64835.0,5167.631,335241628.6038
2024-10-14 13:00:00,64835.0,65300.0,64611.5,65122.6,12815.407,832898145.059
2024-10-14 14:00:00,65122.6,66283.8,65086.2,65897.2,28062.456,1845572576.618
2024-10-14 15:00:00,65897.2,66104.8,65811.0,65862.0,6364.524,419705537.0604
2024-10-14 16:00:00,65862.0,66006.1,65606.0,65686.2,7233.528,475643647.201
2024-10-14 17:00:00,65686.2,65839.2,65543.9,65625.1,4609.427,302701797.2413
2024-10-14 18:00:00,65625.1,65960.0,65557.8,65752.5,4545.553,299110915.3035
2024-10-14 19:00:00,65752.5,66060.8,65697.6,65905.6,5398.87,355971993.5247
2024-10-14 20:00:00,65905.6,66028.0,65764.8,65897.5,2558.476,168636286.3772
2024-10-14 21:00:00,65897.5,65983.5,65650.0,65757.4,2287.846,150616191.5913
2024-10-14 22:00:00,65757.4,67300.0,65741.9,66449.2,12822.213,850192614.5625
2024-10-14 23:00:00,66449.2,66525.9,66027.7,66080.1,5843.02,387038171.3869
2024-10-15 00:00:00,66080.1,66337.0,65850.0,65922.1,4759.357,314334472.4726
2024-10-15 01:00:00,65922.1,66009.2,65750.0,65868.0,2288.001,150730932.2011
2024-10-15 02:00:00,65868.0,65932.4,65699.6,65760.0,2201.889,144843024.6082
2024-10-15 03:00:00,65760.0,65760.0,65310.1,65401.5,5432.384,355860237.903
2024-10-15 04:00:00,65401.5,65693.1,65321.0,65599.0,3393.524,222429500.2725
2024-10-15 05:00:00,65599.0,65600.0,65210.2,65361.1,3680.397,240612417.6834
2024-10-15 06:00:00,65361.1,65616.5,65275.0,65551.1,3308.573,216603896.0337
2024-10-15 07:00:00,65551.1,65844.1,65550.0,65651.5,4239.124,278606774.8227
2024-10-15 08:00:00,65651.5,65854.3,65620.0,65748.8,2397.769,157634305.7319
2024-10-15 09:00:00,65748.8,65769.0,65582.8,65628.7,2790.431,183236440.6491
2024-10-15 10:00:00,65628.7,65738.2,65558.1,65664.0,2433.744,159836531.7658
2024-10-15 11:00:00,65664.0,65705.8,65254.0,65380.0,7068.476,462714374.6142
2024-10-15 12:00:00,65380.0,65944.0,65362.4,65780.8,6405.362,420781665.3113
2024-10-15 13:00:00,65780.8,67782.4,65745.6,67665.0,26955.967,1799380896.344
2024-10-15 14:00:00,67665.0,67999.0,65132.1,65351.0,52904.197,3515715547.1859
2024-10-15 15:00:00,65351.0,66300.0,64762.1,66009.9,30822.925,2021376690.1686
2024-10-15 16:00:00,66009.9,67234.6,65972.1,66866.0,19753.196,1317577281.0078
2024-10-15 17:00:00,66866.0,67054.7,66449.8,66807.1,9465.355,632081250.4073
2024-10-15 18:00:00,66807.1,67396.0,66750.0,66902.0,8768.778,588498597.9387
2024-10-15 19:00:00,66902.0,67059.9,66571.7,66957.1,7057.845,471422376.2456
2024-10-15 20:00:00,66957.1,67000.0,66361.2,66443.6,7919.319,527961256.1082
2024-10-15 21:00:00,66443.6,66600.0,66100.6,66414.5,7412.028,491785663.4875
2024-10-15 22:00:00,66414.5,66988.8,66389.1,66732.3,4346.432,289891796.3161
2024-10-15 23:00:00,66732.3,67150.2,66660.3,67057.4,3187.345,213389484.7783
2024-10-16 00:00:00,67057.4,67131.7,66742.0,66860.1,2953.98,197624837.8409
2024-10-16 01:00:00,66860.1,67497.5,66727.0,67367.6,5793.782,389544636.097
2024-10-16 02:00:00,67367.6,67570.1,67226.0,67279.2,3856.219,259950206.0536
2024-10-16 03:00:00,67279.2,67294.0,67067.0,67088.9,2596.286,174343990.6107
2024-10-16 04:00:00,67088.9,67236.0,66872.5,66982.0,2757.222,184775701.6344
2024-10-16 05:00:00,66982.0,67344.1,66909.5,67200.0,2607.952,175197996.0528
2024-10-16 06:00:00,67200.0,67299.8,66939.0,67037.5,3015.342,202396597.0591
2024-10-16 07:00:00,67037.5,67037.5,66750.0,66962.9,3635.657,243163149.9527
2024-10-16 08:00:00,66962.9,67261.0,66900.2,67118.2,5954.973,399795415.6389
2024-10-16 09:00:00,67118.2,67500.7,67068.0,67413.6,6220.715,418743201.2095
2024-10-16 10:00:00,67413.6,67827.8,67326.0,67724.5,9864.546,667243424.3721
2024-10-16 11:00:00,67724.5,68525.0,67585.0,67883.9,21605.449,1471588489.0264
2024-10-16 12:00:00,67883.9,68064.9,67644.5,67823.8,7806.311,529778633.9368
2024-10-16 13:00:00,67823.8,67959.9,67085.3,67373.8,13928.96,939954559.827
2024-10-16 14:00:00,67373.8,68327.0,67332.1,67655.9,18721.452,1269143147.9856
2024-10-16 15:00:00,67655.9,68058.8,67360.7,67735.4,7693.375,521413905.1212
2024-10-16 16:00:00,67735.4,67924.5,67461.5,67802.5,5274.384,356845980.1931
2024-10-16 17:00:00,67802.5,68083.3,67669.0,67927.1,3546.291,240807435.0345
2024-10-16 18:00:00,67927.1,68051.1,67760.9,67802.3,2511.884,170531911.1559
2024-10-16 19:00:00,67802.3,67939.9,67600.0,67700.1,3882.786,263102433.7035
2024-10-16 20:00:00,67700.1,67942.8,67590.3,67590.4,3207.411,217431923.1258
2024-10-16 21:00:00,67590.4,67684.1,67461.7,67538.2,2372.95,160314863.5525
2024-10-16 22:00:00,67538.2,67850.9,67538.2,67763.5,1976.231,133785433.8556
2024-10-16 23:00:00,67763.5,67802.3,67574.8,67595.1,3693.549,249970462.5447
2024-10-17 00:00:00,67595.1,67921.0,67554.2,67687.8,2664.94,180568728.1467
2024-10-17 01:00:00,67687.8,67877.6,67357.0,67876.8,4238.768,286547431.726
2024-10-17 02:00:00,67876.8,67880.0,67368.0,67450.1,2482.788,167769600.886
2024-10-17 03:00:00,67450.1,67678.0,67418.0,67573.1,1457.008,98409708.9896
2024-10-17 04:00:00,67573.1,67573.1,67227.8,67240.7,2731.644,183986905.7824
2024-10-17 05:00:00,67240.7,67450.0,67233.9,67315.4,2088.04,140614411.9674
2024-10-17 06:00:00,67315.4,67473.3,67070.9,67135.2,3024.418,203511255.2056
2024-10-17 07:00:00,67135.2,67279.5,67050.0,67272.7,3242.791,217782065.5108
2024-10-17 08:00:00,67272.7,67467.1,67150.1,67430.6,2749.441,185130797.3411
2024-10-17 09:00:00,67430.6,67515.0,67147.3,67167.6,2800.897,188593060.0524
2024-10-17 10:00:00,67167.6,67271.7,66800.0,67192.2,7161.195,479955870.4983
2024-10-17 11:00:00,67192.2,67272.2,66787.5,66861.3,4516.451,302338323.2077
2024-10-17 12:00:00,66861.3,67171.9,66800.0,67153.5,4737.404,317583015.5679
2024-10-17 13:00:00,67153.5,67334.1,66650.1,66998.3,11080.584,742390220.5606
2024-10-17 14:00:00,66998.3,67280.0,66656.1,67091.4,11807.505,790192083.5838
2024-10-17 15:00:00,67091.4,67666.6,66927.4,67566.8,9416.379,634327274.5644
2024-10-17 16:00:00,67566.8,67574.0,67084.5,67359.3,5503.313,370451722.2744
2024-10-17 17:00:00,67359.3,67510.2,67124.7,67262.3,3737.233,251597703.5649
2024-10-17 18:00:00,67262.3,67287.8,66675.7,66906.2,11129.677,744267312.1641
2024-10-17 19:00:00,66906.2,67000.0,66740.0,66810.3,3336.142,223045600.0212
2024-10-17 20:00:00,66810.3,67124.0,66790.5,66908.0,2773.376,185773026.0463
2024-10-17 21:00:00,66908.0,67108.0,66904.2,67051.6,1300.794,87181028.3957
2024-10-17 22:00:00,67051.6,67457.9,67051.6,67419.7,3106.557,209062134.1117
2024-10-17 23:00:00,67419.7,67437.0,67250.0,67390.4,1678.009,112998710.1849
2024-10-18 00:00:00,67390.4,67435.9,67157.0,67180.1,1903.242,128057244.2729
2024-10-18 01:00:00,67180.1,68300.0,67159.6,68070.4,9692.768,657242386.1064
2024-10-18 02:00:00,68070.4,68126.5,67777.1,68093.0,5468.219,371647798.1958
2024-10-18 03:00:00,68093.0,68099.9,67476.4,67524.5,4751.27,322121561.6449
2024-10-18 04:00:00,67524.5,67855.3,67512.7,67712.1,3459.067,234170866.6986
2024-10-18 05:00:00,67712.1,68034.4,67603.4,67981.8,2903.319,197035793.1113
2024-10-18 06:00:00,67981.8,68400.0,67900.0,68081.6,8294.011,565247142.4725
2024-10-18 07:00:00,68081.6,68193.3,67843.8,67950.1,3775.7,256748102.5444
2024-10-18 08:00:00,67950.1,68035.0,67790.1,67890.1,2634.472,178859739.3286
2024-10-18 09:00:00,67890.1,68020.0,67732.5,67778.2,2297.699,155941328.9358
2024-10-18 10:00:00,67778.2,67954.0,67748.4,67857.0,2366.132,160578262.1915
2024-10-18 11:00:00,67857.0,68014.7,67644.5,67678.6,2882.172,195456373.3231
2024-10-18 12:00:00,67678.6,67799.5,67621.6,67641.4,2582.51,174817403.7218
2024-10-18 13:00:00,67641.4,68182.1,67626.9,68179.9,7724.464,524920321.8642
2024-10-18 14:00:00,68179.9,68700.0,67908.0,68415.3,21413.408,1463028874.6871
2024-10-18 15:00:00,68415.3,68950.0,68266.0,68723.1,13554.725,930738587.1098
2024-10-18 16:00:00,68723.1,68915.7,68338.6,68788.8,9665.012,663626680.4664
2024-10-18 17:00:00,68788.8,68900.6,68635.6,68693.9,3795.759,261065962.105
2024-10-18 18:00:00,68693.9,69049.7,68540.0,68881.8,6132.202,422045159.099
2024-10-18 19:00:00,68881.8,68960.0,68540.0,68572.8,4670.855,321021863.4675
2024-10-18 20:00:00,68572.8,68662.0,68365.0,68404.1,3843.477,263268151.4821
2024-10-18 21:00:00,68404.1,68469.9,68100.0,68395.1,3054.392,208731223.5505
2024-10-18 22:00:00,68395.1,68399.8,68182.0,68190.1,1802.441,123071457.2514
2024-10-18 23:00:00,68190.1,68446.3,68190.0,68402.4,1383.49,94532990.2793
2024-10-19 00:00:00,68402.4,68456.6,68271.8,68310.0,1185.367,81026975.6052
2024-10-19 01:00:00,68310.0,68431.8,68301.2,68312.8,928.026,63438466.4999
2024-10-19 02:00:00,68312.8,68446.3,68306.0,68435.5,971.972,66472704.979
2024-10-19 03:00:00,68435.5,68685.0,68414.2,68433.0,2553.004,175022396.3996
2024-10-19 04:00:00,68433.0,68547.4,68308.0,68309.9,1697.231,116093559.1438
2024-10-19 05:00:00,68309.9,68418.0,68300.0,68372.1,893.648,61100887.4771
2024-10-19 06:00:00,68372.1,68428.5,68316.5,68316.5,929.023,63503813.9489
2024-10-19 07:00:00,68316.5,68387.8,68272.4,68329.9,1320.549,90220241.6253
2024-10-19 08:00:00,68329.9,68472.8,68320.0,68392.8,1176.626,80466881.7681
2024-10-19 09:00:00,68392.8,68424.1,68333.1,68333.1,740.022,50600725.6977
2024-10-19 10:00:00,68333.1,68369.1,68228.0,68230.0,1833.88,125229482.0161
2024-10-19 11:00:00,68230.0,68286.5,68051.9,68064.6,3607.589,245909402.3567
2024-10-19 12:00:00,68064.6,68249.1,68059.5,68195.8,1528.625,104214915.1683
2024-10-19 13:00:00,68195.8,68201.0,68090.4,68100.0,1094.594,74572267.1935
2024-10-19 14:00:00,68100.0,68339.3,68099.9,68283.8,2159.615,147389851.2396
2024-10-19 15:00:00,68283.8,68321.6,68146.0,68213.9,1388.072,94686419.7917
2024-10-19 16:00:00,68213.9,68220.7,68012.5,68032.2,1738.167,118371071.7407
2024-10-19 17:00:00,68032.2,68132.6,67980.0,68113.7,1662.009,113133956.5563
2024-10-19 18:00:00,68113.7,68190.0,68074.8,68169.1,686.442,46780916.2446
2024-10-19 19:00:00,68169.1,68233.2,68138.0,68173.3,653.287,44544508.5827
2024-10-19 20:00:00,68173.3,68257.0,68155.9,68225.5,562.468,38369997.3016
2024-10-19 21:00:00,68225.5,68323.0,68208.5,68210.1,851.036,58106664.3265
2024-10-19 22:00:00,68210.1,68399.6,68184.7,68313.1,1338.523,91429877.0539
2024-10-19 23:00:00,68313.1,68407.0,68279.6,68369.5,1241.635,84859511.3431
2024-10-20 00:00:00,68369.5,68442.1,68220.3,68220.3,1385.043,94647887.0029
2024-10-20 01:00:00,68220.3,68255.4,68125.0,68138.1,1246.115,84970713.5741
2024-10-20 02:00:00,68138.1,68216.6,68095.0,68155.8,761.125,51870849.1922
2024-10-20 03:00:00,68155.8,68173.0,68074.9,68166.7,1003.443,68365962.2244
2024-10-20 04:00:00,68166.7,68298.9,68161.2,68226.2,694.444,47382297.2638
2024-10-20 05:00:00,68226.2,68274.0,68156.6,68198.0,636.59,43413616.6958
2024-10-20 06:00:00,68198.0,68395.0,68150.5,68374.0,1074.587,73378973.7178
2024-10-20 07:00:00,68374.0,68440.5,68334.9,68353.9,1291.678,88323362.7723
2024-10-20 08:00:00,68353.9,68502.2,68329.6,68378.0,1633.688,111753323.7891
2024-10-20 09:00:00,68378.0,68431.1,68336.0,68414.9,747.462,51113291.7959
2024-10-20 10:00:00,68414.9,68445.0,68355.1,68355.1,915.38,62614257.2333
2024-10-20 11:00:00,68355.1,68434.9,68355.1,68396.9,542.115,37082346.9721
2024-10-20 12:00:00,68396.9,68419.0,68223.1,68245.3,1151.079,78656969.6709
2024-10-20 13:00:00,68245.3,68472.0,68177.5,68433.0,2289.402,156437596.5171
2024-10-20 14:00:00,68433.0,68786.9,68433.0,68631.9,5331.577,365959736.8413
2024-10-20 15:00:00,68631.9,68680.4,68344.0,68614.9,2265.418,155203133.2743
2024-10-20 16:00:00,68614.9,68651.3,68490.0,68490.1,868.498,59543626.3904
2024-10-20 17:00:00,68490.1,68600.0,68400.1,68550.1,820.001,56161803.8226
2024-10-20 18:00:00,68550.1,68642.0,68550.0,68586.2,690.985,47409445.2925
2024-10-20 19:00:00,68586.2,68590.0,68480.0,68498.1,670.343,45933323.0643
2024-10-20 20:00:00,68498.1,68911.6,68447.6,68760.0,2930.021,201455421.1253
2024-10-20 21:00:00,68760.0,68850.0,68629.5,68755.8,1540.188,105869233.5724
2024-10-20 22:00:00,68755.8,69428.0,68588.1,69135.3,14265.516,985119146.2548
2024-10-20 23:00:00,69135.3,69198.5,68917.3,69034.0,3686.376,254571389.7511
2024-10-21 00:00:00,69034.0,69555.0,68962.7,69163.5,7057.284,489185873.2739
2024-10-21 01:00:00,69163.5,69491.2,69100.0,69216.0,2742.955,190111149.8061
2024-10-21 02:00:00,69216.0,69271.7,68714.2,68729.6,3683.064,254025429.1726
2024-10-21 03:00:00,68729.6,68954.8,68600.0,68948.3,3261.239,224316199.8036
2024-10-21 04:00:00,68948.3,69045.5,68792.0,69041.7,1424.478,98161070.0048
2024-10-21 05:00:00,69041.7,69205.3,68961.0,68994.3,2356.434,162803211.4404
2024-10-21 06:00:00,68994.3,69174.5,68634.7,68696.4,2971.07,204930880.9226
2024-10-21 07:00:00,68696.4,68812.3,68456.6,68518.5,4213.943,289222922.4225
2024-10-21 08:00:00,68518.5,68673.3,68282.0,68294.5,4412.71,302173224.7981
2024-10-21 09:00:00,68294.5,68431.9,68122.1,68387.6,5099.851,348276523.8667
2024-10-21 10:00:00,68387.6,68499.9,68271.9,68289.9,2276.553,155726718.9699
2024-10-21 11:00:00,68289.9,68450.0,68186.5,68249.5,2623.593,179259891.646
2024-10-21 12:00:00,68249.5,68342.4,68071.1,68215.6,4062.325,277008459.3735
2024-10-21 13:00:00,68215.6,68268.0,67158.7,67317.6,22351.398,1511791198.8856
2024-10-21 14:00:00,67317.6,67620.0,67030.0,67284.6,12004.105,808139015.8164
2024-10-21 15:00:00,67284.6,67390.0,66853.3,67350.0,11527.38,772762785.6695
2024-10-21 16:00:00,67350.0,67359.8,66900.1,67348.0,6932.219,465372106.3215
2024-10-21 17:00:00,67348.0,67687.8,67266.2,67538.8,5959.37,402439722.2193
2024-10-21 18:00:00,67538.8,67538.9,67055.0,67343.7,5097.809,343013132.0204
2024-10-21 19:00:00,67343.7,67943.9,67343.7,67766.5,5211.895,352760353.7702
2024-10-21 20:00:00,67766.5,67822.0,67631.0,67748.8,2128.787,144130699.2072
2024-10-21 21:00:00,67748.8,67937.4,67671.8,67797.3,1781.863,120829455.6759
2024-10-21 22:00:00,67797.3,67873.9,67600.1,67774.0,2181.73,147781170.6394
2024-10-21 23:00:00,67774.0,67774.0,67333.0,67368.1,4084.919,275767445.0904
2024-10-22 00:00:00,67368.1,67400.0,66560.9,67135.4,13021.899,871870786.8869
2024-10-22 01:00:00,67135.4,67544.5,67031.0,67509.1,3395.575,228734622.9212
2024-10-22 02:00:00,67509.1,67700.0,67256.8,67315.0,3432.655,231741414.6986
2024-10-22 03:00:00,67315.0,67551.2,67300.9,67397.0,2162.06,145722605.0338
2024-10-22 04:00:00,67397.0,67500.0,67281.9,67499.4,1371.902,92460003.4199
2024-10-22 05:00:00,67499.4,67663.7,67459.0,67580.0,2036.292,137622923.4474
2024-10-22 06:00:00,67580.0,67796.2,67575.0,67575.1,2656.327,179842248.4975
2024-10-22 07:00:00,67575.1,67709.3,67350.4,67385.4,2863.959,193320084.357
2024-10-22 08:00:00,67385.4,67385.5,66893.5,66931.0,7495.086,502904165.7049
2024-10-22 09:00:00,66931.0,67124.4,66732.6,66939.8,6073.567,406264200.8441
2024-10-22 10:00:00,66939.8,67234.0,66847.8,67173.5,3932.874,263750110.4234
2024-10-22 11:00:00,67173.5,67523.4,67147.1,67293.8,4050.42,272768196.5161
2024-10-22 12:00:00,67293.8,67464.6,66837.1,66972.6,7204.557,483410447.995
2024-10-22 13:00:00,66972.6,67160.4,66613.1,66977.6,10541.053,705221252.2384
2024-10-22 14:00:00,66977.6,67668.7,66805.9,67542.1,13731.377,924800012.5994
2024-10-22 15:00:00,67542.1,67678.2,67080.0,67264.9,6173.12,415739851.3246
2024-10-22 16:00:00,67264.9,67265.0,66907.0,66947.1,4494.729,301362775.3251
2024-10-22 17:00:00,66947.1,67422.7,66925.0,67319.9,3932.794,264527262.2294
2024-10-22 18:00:00,67319.9,67518.5,67232.0,67364.8,2850.917,192175797.8093
2024-10-22 19:00:00,67364.8,67629.6,67330.0,67469.4,2741.819,185108665.6739
2024-10-22 20:00:00,67469.4,67563.8,67395.0,67512.1,1407.64,94981764.5014
2024-10-22 21:00:00,67512.1,67546.7,67399.3,67516.7,1142.313,77052420.4083
2024-10-22 22:00:00,67516.7,67847.0,67464.6,67720.0,3166.815,214358964.5653
2024-10-22 23:00:00,67720.0,67775.3,67249.5,67409.5,3641.448,245721877.1731
2024-10-23 00:00:00,67409.5,67477.7,67104.9,67157.0,3548.075,238486682.0572
2024-10-23 01:00:00,67157.0,67378.5,67156.9,67343.7,1600.147,107652246.7243
2024-10-23 02:00:00,67343.7,67383.8,67045.2,67080.8,1908.409,128156841.8164
2024-10-23 03:00:00,67080.8,67169.2,66850.5,67065.6,2852.843,191106777.4335
2024-10-23 04:00:00,67065.6,67231.7,66983.0,67208.4,3725.474,250074245.4884
2024-10-23 05:00:00,67208.4,67220.2,67029.0,67069.2,2214.262,148655073.0551
2024-10-23 06:00:00,67069.2,67294.0,66880.0,66902.1,2823.443,189370880.3564
2024-10-23 07:00:00,66902.1,66987.8,66755.4,66832.5,4203.381,281067518.8583
2024-10-23 08:00:00,66832.5,67027.2,66374.0,66511.1,8591.437,572870500.6714
2024-10-23 09:00:00,66511.1,66579.8,66162.8,66489.1,8893.828,590393813.9214
2024-10-23 10:00:00,66489.1,66626.0,66366.3,66381.8,3596.949,239221394.3772
2024-10-23 11:00:00,66381.8,66586.4,66306.9,66398.0,3765.996,250157543.8461
2024-10-23 12:00:00,66398.0,66496.1,66060.1,66398.1,9889.11,655664225.1704
2024-10-23 13:00:00,66398.1,66905.9,66336.5,66787.3,8491.264,565987732.2043
2024-10-23 14:00:00,66787.3,66859.6,66412.3,66478.4,6045.22,402754883.531
2024-10-23 15:00:00,66478.4,66478.5,65900.0,66203.3,12844.065,849469542.1632
2024-10-23 16:00:00,66203.3,66282.5,65794.6,65871.9,9019.498,595036745.2126
2024-10-23 17:00:00,65871.9,65989.3,65623.8,65717.3,10856.215,714092451.3437
2024-10-23 18:00:00,65717.3,66073.0,65240.2,66056.6,17840.175,1169649309.8664
2024-10-23 19:00:00,66056.6,66568.0,65870.0,66478.2,10446.267,692590794.0733
2024-10-23 20:00:00,66478.2,66696.6,66334.6,66676.5,5119.605,340461881.5448
2024-10-23 21:00:00,66676.5,66693.3,66366.1,66418.1,2405.247,159980873.7373
2024-10-23 22:00:00,66418.1,66580.0,66343.7,66474.7,1930.945,128348268.7293
2024-10-23 23:00:00,66474.7,66815.4,66462.0,66659.1,3586.811,239149311.6803
2024-10-24 00:00:00,66659.1,67490.0,66509.3,67446.8,7270.903,487479825.3782
2024-10-24 01:00:00,67446.8,67637.1,67075.9,67273.7,7105.168,478735431.8473
2024-10-24 02:00:00,67273.7,67513.0,67155.0,67459.4,2968.02,199905544.4821
2024-10-24 03:00:00,67459.4,67475.0,67208.2,67208.2,2143.566,144352730.9659
2024-10-24 04:00:00,67208.2,67429.2,67194.2,67374.4,2605.552,175363338.8932
2024-10-24 05:00:00,67374.4,67480.2,67341.9,67362.1,1322.837,89168142.0958
2024-10-24 06:00:00,67362.1,67479.9,67115.1,67123.4,3256.354,219234547.2351
2024-10-24 07:00:00,67123.4,67321.0,67065.5,67122.0,3210.506,215724718.2477
2024-10-24 08:00:00,67122.0,67244.6,66844.1,66851.4,4064.73,272458416.4299
2024-10-24 09:00:00,66851.4,67007.3,66721.5,66874.7,4952.112,331051903.5245
2024-10-24 10:00:00,66874.7,67122.0,66852.9,66996.0,2830.702,189649805.0394
2024-10-24 11:00:00,66996.0,67330.0,66982.0,67287.4,4217.627,283456817.3791
2024-10-24 12:00:00,67287.4,67599.0,67256.9,67502.5,5526.582,372572888.1793
2024-10-24 13:00:00,67502.5,67976.8,67432.6,67883.8,11676.984,790724073.3843
2024-10-24 14:00:00,67883.8,67977.2,67516.0,67766.7,8726.86,591142820.9403
2024-10-24 15:00:00,67766.7,68000.0,67578.3,67671.5,7128.722,483274563.8886
2024-10-24 16:00:00,67671.5,67774.0,67331.4,67565.8,6116.987,413203664.9635
2024-10-24 17:00:00,67565.8,67836.5,67431.8,67633.9,3257.138,220291943.5495
2024-10-24 18:00:00,67633.9,67947.0,67603.0,67804.0,3907.609,264959239.2186
2024-10-24 19:00:00,67804.0,68288.0,67697.1,68276.9,9850.474,670722193.5856
2024-10-24 20:00:00,68276.9,68319.9,67926.8,68162.1,5957.045,405958192.3952
2024-10-24 21:00:00,68162.1,68847.2,68162.1,68321.2,12785.504,876029530.0335
2024-10-24 22:00:00,68321.2,68538.0,68160.0,68164.2,3621.961,247575130.4032
2024-10-24 23:00:00,68164.2,68250.0,67982.3,68171.2,3323.087,226372974.6948
2024-10-25 00:00:00,68171.2,68258.0,67855.0,67971.5,3816.627,259654053.9405
2024-10-25 01:00:00,67971.5,67971.5,67810.7,67946.3,2380.758,161611242.9271
2024-10-25 02:00:00,67946.3,68057.9,67802.9,68038.0,1759.369,119552415.8543
2024-10-25 03:00:00,68038.0,68215.0,67944.4,67970.0,2132.872,145220226.6584
2024-10-25 04:00:00,67970.0,68010.0,67644.6,67706.8,3754.795,254453206.0513
2024-10-25 05:00:00,67706.8,67845.0,67560.1,67728.8,3124.694,211569936.6463
2024-10-25 06:00:00,67728.8,67835.1,67560.0,67612.3,2210.794,149615703.9003
2024-10-25 07:00:00,67612.3,67695.1,67215.1,67506.1,7031.434,473995862.9776
2024-10-25 08:00:00,67506.1,67777.0,67295.1,67645.9,5194.929,351070742.3645
2024-10-25 09:00:00,67645.9,67881.3,67488.5,67822.0,5353.52,362350229.8643
2024-10-25 10:00:00,67822.0,67856.4,67645.0,67834.0,2413.253,163551706.8683
2024-10-25 11:00:00,67834.0,68174.1,67758.5,68084.6,4357.137,296184435.7241
2024-10-25 12:00:00,68084.6,68284.9,67958.0,68040.8,4453.858,303396055.0912
2024-10-25 13:00:00,68040.8,68445.8,67714.0,68326.2,8670.745,590064861.7643
2024-10-25 14:00:00,68326.2,68755.0,68116.7,68288.8,11627.456,796074398.1762
2024-10-25 15:00:00,68288.8,68524.4,67377.4,67653.2,12349.76,838871330.0577
2024-10-25 16:00:00,67653.2,67837.4,67303.0,67634.5,8806.115,595494014.9505
2024-10-25 17:00:00,67634.5,67777.1,66702.0,66800.1,13679.322,918236734.7444
2024-10-25 18:00:00,66800.1,67574.4,65950.0,66999.6,33286.222,2224543128.9172
2024-10-25 19:00:00,66999.6,67200.0,66603.1,66825.4,9660.898,646314073.5671
2024-10-25 20:00:00,66825.4,67016.0,66580.3,66909.9,5738.385,383301897.5477
2024-10-25 21:00:00,66909.9,67278.3,66909.9,67270.2,2524.632,169375431.051
2024-10-25 22:00:00,67270.2,67367.0,66564.2,66589.6,4774.37,319788484.3438
2024-10-25 23:00:00,66589.6,66780.0,65524.5,66666.8,24869.167,1645059084.8966
2024-10-26 00:00:00,66666.8,66829.8,66520.0,66725.9,4530.499,302175656.2105
2024-10-26 01:00:00,66725.9,66801.9,66523.0,66688.8,2868.604,191157437.1264
2024-10-26 02:00:00,66688.8,67023.8,66408.4,66822.5,4842.893,323149830.0338
2024-10-26 03:00:00,66822.5,66960.0,66669.6,66883.9,2255.364,150682484.8042
2024-10-26 04:00:00,66883.9,66968.0,66755.6,66920.9,1344.999,89964648.0849
2024-10-26 05:00:00,66920.9,67197.1,66920.8,67105.0,2175.677,145954923.5663
2024-10-26 06:00:00,67105.0,67212.0,67019.8,67144.0,1627.149,109213665.3287
2024-10-26 07:00:00,67144.0,67168.0,66975.6,66988.4,1704.478,114293176.9426
2024-10-26 08:00:00,66988.4,67148.0,66974.7,67103.9,1106.528,74214872.7793
2024-10-26 09:00:00,67103.9,67240.0,67035.0,67035.0,1160.558,77924370.461
2024-10-26 10:00:00,67035.0,67158.6,66965.2,67029.9,1321.425,88624536.405
2024-10-26 11:00:00,67029.9,67139.9,66933.2,67104.6,1033.575,69281797.8924
2024-10-26 12:00:00,67104.6,67151.3,66983.2,67006.2,826.725,55422258.4516
2024-10-26 13:00:00,67006.2,67099.9,66826.0,66867.2,2351.361,157417754.633
2024-10-26 14:00:00,66867.2,66929.3,66701.5,66765.3,3286.806,219567304.3246
2024-10-26 15:00:00,66765.3,66986.9,66733.3,66858.0,2395.619,160204315.0173
2024-10-26 16:00:00,66858.0,67022.1,66761.0,66953.0,1533.296,102562227.7877
2024-10-26 17:00:00,66953.0,67120.0,66931.7,67034.2,1110.532,74447999.7369
2024-10-26 18:00:00,67034.2,67126.0,66993.0,67010.0,882.642,59190858.3269
2024-10-26 19:00:00,67010.0,67162.0,67010.0,67149.9,1091.338,73227568.7185
2024-10-26 20:00:00,67149.9,67442.7,67109.5,67239.8,2888.777,194340421.7196
2024-10-26 21:00:00,67239.8,67247.2,67021.0,67146.0,1074.001,72117893.1496
2024-10-26 22:00:00,67146.0,67211.0,67074.4,67108.3,692.175,46473202.2903
2024-10-26 23:00:00,67108.3,67135.9,67059.9,67069.1,431.666,28959194.7362
2024-10-27 00:00:00,67069.1,67097.9,66943.3,66989.8,1334.31,89419995.2739
2024-10-27 01:00:00,66989.8,67114.8,66905.2,67055.8,1339.161,89721314.4838
2024-10-27 02:00:00,67055.8,67095.7,67000.0,67032.0,594.848,39876724.242
2024-10-27 03:00:00,67032.0,67307.3,66970.0,67267.5,1483.771,99661423.3542
2024-10-27 04:00:00,67267.5,67297.9,67094.0,67129.8,880.05,59134699.7204
2024-10-27 05:00:00,67129.8,67200.0,67118.7,67160.8,507.697,34097967.184
2024-10-27 06:00:00,67160.8,67169.6,67102.2,67169.6,447.438,30035934.0536
2024-10-27 07:00:00,67169.6,67218.1,67153.0,67176.8,477.007,32044747.2586
2024-10-27 08:00:00,67176.8,67246.9,67148.1,67198.9,668.211,44901288.8142
2024-10-27 09:00:00,67198.9,67198.9,67074.3,67124.9,1286.616,86358850.4333
2024-10-27 10:00:00,67124.9,67187.5,67036.9,67063.3,1127.98,75685058.6
2024-10-27 11:00:00,67063.3,67164.8,67012.1,67099.1,1305.525,87590117.5515
2024-10-27 12:00:00,67099.1,67493.0,67099.0,67377.7,3531.864,237860298.2068
2024-10-27 13:00:00,67377.7,67748.9,67369.6,67588.8,5169.087,349448445.2292
2024-10-27 14:00:00,67588.8,67721.9,67580.0,67666.4,1867.845,126367811.0928
2024-10-27 15:00:00,67666.4,67837.4,67661.0,67760.0,2576.1,174543641.9144
2024-10-27 16:00:00,67760.0,67866.8,67636.7,67813.9,2715.655,183974721.0591
2024-10-27 17:00:00,67813.9,67999.3,67700.0,67737.5,2994.18,203184554.6118
2024-10-27 18:00:00,67737.5,67750.0,67500.6,67531.8,2282.156,154323943.8714
2024-10-27 19:00:00,67531.8,67826.0,67519.8,67814.9,1704.59,115398961.749
2024-10-27 20:00:00,67814.9,67901.9,67684.2,67738.0,1509.827,102370125.6419
2024-10-27 21:00:00,67738.0,68188.7,67711.0,67900.6,3226.893,219366398.1175
2024-10-27 22:00:00,67900.6,68311.6,67900.5,68085.4,6075.626,414120908.5709
2024-10-27 23:00:00,68085.4,68263.1,67961.2,68001.1,2000.233,136213014.0129
2024-10-28 00:00:00,68001.1,68103.2,67807.1,67830.4,2853.742,193932070.364
2024-10-28 01:00:00,67830.4,67886.3,67707.5,67722.9,1835.224,124397177.6298
2024-10-28 02:00:00,67722.9,67837.8,67642.9,67778.0,1793.07,121458231.939
2024-10-28 03:00:00,67778.0,67963.0,67657.9,67694.1,2353.131,159590111.6061
2024-10-28 04:00:00,67694.1,67769.4,67593.3,67712.3,1533.621,103785149.4719
2024-10-28 05:00:00,67712.3,67931.5,67571.4,67875.5,1929.226,130711122.4536
2024-10-28 06:00:00,67875.5,67930.0,67769.4,67930.0,1235.033,83803432.4896
2024-10-28 07:00:00,67930.0,68675.0,67930.0,68399.4,10918.503,747045952.3105
2024-10-28 08:00:00,68399.4,68570.2,68292.4,68292.4,4460.172,305100386.8938
2024-10-28 09:00:00,68292.4,68590.0,68200.0,68541.4,3932.484,268897937.2223
2024-10-28 10:00:00,68541.4,68826.1,68517.4,68621.6,7009.107,481347950.7713
2024-10-28 11:00:00,68621.6,68764.0,68474.2,68757.0,3235.457,222115782.9945
2024-10-28 12:00:00,68757.0,69066.9,68572.3,68891.6,10314.32,710468049.7035
2024-10-28 13:00:00,68891.6,69280.0,68754.1,68795.6,15656.534,1080891306.2798
2024-10-28 14:00:00,68795.6,69084.7,68640.6,68819.4,8334.228,573848594.7551
2024-10-28 15:00:00,68819.4,68831.6,68365.2,68454.6,7525.665,516125913.959
2024-10-28 16:00:00,68454.6,68962.5,68414.1,68676.6,5626.527,386681979.8341
2024-10-28 17:00:00,68676.6,69187.6,68477.0,68949.8,6812.221,469610169.506
2024-10-28 18:00:00,68949.8,69217.9,68807.9,69173.4,4314.35,297740337.69
2024-10-28 19:00:00,69173.4,69941.5,69108.1,69599.2,22437.482,1561585309.2353
2024-10-28 20:00:00,69599.2,69693.0,69410.7,69630.8,3352.282,233052901.8077
2024-10-28 21:00:00,69630.8,69784.0,69476.0,69770.0,2982.343,207791998.2798
2024-10-28 22:00:00,69770.0,70449.9,69770.0,69955.1,13153.244,921183692.2794
2024-10-28 23:00:00,69955.1,70148.0,69715.7,69947.6,4342.194,303656891.5559
2024-10-29 00:00:00,69947.6,70000.0,69735.4,69942.8,2615.575,182741909.1239
2024-10-29 01:00:00,69942.8,70378.2,69820.0,70295.5,3984.102,279268491.1792
2024-10-29 02:00:00,70295.5,71645.0,70207.1,71192.0,23856.478,1696247851.6752
2024-10-29 03:00:00,71192.0,71449.2,70875.7,70934.5,6725.12,478541897.8846
2024-10-29 04:00:00,70934.5,71145.0,70917.0,71087.8,2539.155,180393105.6123
2024-10-29 05:00:00,71087.8,71108.1,70900.0,71033.9,1932.593,137213078.7258
2024-10-29 06:00:00,71033.9,71393.4,70994.4,71250.2,4240.713,302016283.2306
2024-10-29 07:00:00,71250.2,71283.6,70827.8,71019.0,4276.746,303787184.7273
2024-10-29 08:00:00,71019.0,71214.4,70978.0,71133.5,1972.52,140263353.2252
2024-10-29 09:00:00,71133.5,71369.8,71111.2,71294.9,2457.854,175117259.2827
2024-10-29 10:00:00,71294.9,71339.4,71066.6,71161.8,1969.331,140227132.124
2024-10-29 11:00:00,71161.8,71594.0,71139.8,71463.5,6756.126,482615894.5866
2024-10-29 12:00:00,71463.5,71500.0,71081.9,71112.4,5203.875,370980445.3045
2024-10-29 13:00:00,71112.4,71855.5,70923.4,71813.5,13850.553,989393659.679
2024-10-29 14:00:00,71813.5,71999.9,71308.7,71864.1,17988.864,1290301501.4402
2024-10-29 15:00:00,71864.1,72443.6,71652.1,72392.3,20434.06,1473515047.8986
2024-10-29 16:00:00,72392.3,72945.0,72345.2,72744.4,16655.564,1209275456.9885
2024-10-29 17:00:00,72744.4,73056.4,72479.7,72724.0,11716.321,852947512.1409
2024-10-29 18:00:00,72724.0,73278.8,72662.9,73171.9,9265.678,676806518.6723
2024-10-29 19:00:00,73171.9,73681.8,72513.3,72537.0,22978.458,1680356213.7836
2024-10-29 20:00:00,72537.0,72676.0,71887.1,72335.0,12196.637,881327580.9622
2024-10-29 21:00:00,72335.0,72636.3,72220.8,72314.3,3352.178,242755233.5538
2024-10-29 22:00:00,72314.3,73030.1,72222.0,72692.0,5998.212,436067891.8528
2024-10-29 23:00:00,72692.0,72845.2,72534.0,72757.5,2392.28,173885371.5874
2024-10-30 00:00:00,72757.5,72813.6,72100.0,72313.2,4037.434,292388127.1303
2024-10-30 01:00:00,72313.2,72455.1,72028.6,72450.0,3799.418,274436553.9842
2024-10-30 02:00:00,72450.0,72680.0,72363.3,72375.2,3219.003,233513874.7866
2024-10-30 03:00:00,72375.2,72526.1,72200.0,72274.2,2840.61,205493605.2663
2024-10-30 04:00:00,72274.2,72399.1,72218.2,72314.3,1385.524,100190833.9431
2024-10-30 05:00:00,72314.3,72551.8,72302.3,72545.0,1972.568,142940163.3844
2024-10-30 06:00:00,72545.0,72649.0,72324.0,72331.5,2458.523,178199497.8489
2024-10-30 07:00:00,72331.5,72486.0,72114.4,72262.7,2808.615,202982556.6688
2024-10-30 08:00:00,72262.7,72583.1,72247.7,72269.0,2900.928,210137658.4972
2024-10-30 09:00:00,72269.0,72632.0,72255.0,72612.1,2928.888,212303912.5765
2024-10-30 10:00:00,72612.1,72636.3,72377.8,72393.7,1814.437,131534924.3134
2024-10-30 11:00:00,72393.7,72393.8,71930.0,72000.0,5602.369,404317054.624
2024-10-30 12:00:00,72000.0,72175.2,71729.2,71888.5,7683.627,552859854.11
2024-10-30 13:00:00,71888.5,72137.0,71455.1,71985.8,9850.037,707008725.8885
2024-10-30 14:00:00,71985.8,72491.0,71952.3,72432.4,7384.984,533490576.4564
2024-10-30 15:00:00,72432.4,72458.7,71702.1,72065.0,7695.154,554007942.7519
2024-10-30 16:00:00,72065.0,72220.4,71800.1,72119.1,3810.026,274382591.4394
2024-10-30 17:00:00,72119.1,72141.7,71659.1,71920.1,3285.181,236077613.1367
2024-10-30 18:00:00,71920.1,72173.0,71870.5,72000.1,2165.961,155971945.6983
2024-10-30 19:00:00,72000.1,72090.0,71789.2,71833.0,2769.501,199202349.7486
2024-10-30 20:00:00,71833.0,72921.4,71644.1,72913.2,20177.202,1458736815.787
2024-10-30 21:00:00,72913.2,73044.2,72150.0,72418.4,6927.163,502708792.7167
2024-10-30 22:00:00,72418.4,72777.0,72272.8,72440.0,2917.016,211501128.0416
2024-10-30 23:00:00,72440.0,72757.5,72381.8,72386.3,2389.764,173414149.1193
2024-10-31 00:00:00,72386.3,72455.1,72077.3,72207.8,3262.75,235708812.3571
2024-10-31 01:00:00,72207.8,72507.8,72056.5,72412.1,2766.697,200080637.0292
2024-10-31 02:00:00,72412.1,72612.0,72230.0,72590.0,1906.595,138075486.5626
2024-10-31 03:00:00,72590.0,72638.3,72317.8,72377.8,2137.476,154922401.8047
2024-10-31 04:00:00,72377.8,72412.9,72244.0,72300.0,1592.125,115151997.1762
2024-10-31 05:00:00,72300.0,72418.0,72230.3,72312.2,1177.937,85180252.1419
2024-10-31 06:00:00,72312.2,72350.0,72150.0,72224.0,1944.28,140463733.4747
2024-10-31 07:00:00,72224.0,72506.7,72153.0,72436.0,2389.085,172929955.758
2024-10-31 08:00:00,72436.0,72473.0,72157.7,72299.0,2792.586,201880523.2091
2024-10-31 09:00:00,72299.0,72421.2,72269.7,72319.9,1506.568,109005913.91
2024-10-31 10:00:00,72319.9,72736.4,72234.8,72662.4,4267.363,309593560.4054
2024-10-31 11:00:00,72662.4,72691.7,72223.0,72223.1,4810.772,348161978.3862
2024-10-31 12:00:00,72223.1,72280.6,71882.3,72124.7,6192.696,446711800.6367
2024-10-31 13:00:00,72124.7,72189.9,71112.0,71324.1,14761.76,1056993922.3695
2024-10-31 14:00:00,71324.1,71395.0,70644.1,70780.1,24005.539,1704548426.9362
2024-10-31 15:00:00,70780.1,71100.6,70459.0,70654.5,11547.923,817205010.3822
2024-10-31 16:00:00,70654.5,70945.1,70388.0,70434.9,8326.113,587838531.5658
2024-10-31 17:00:00,70434.9,70847.0,70377.9,70828.4,5872.958,414917216.1788
2024-10-31 18:00:00,70828.4,70830.0,70067.0,70678.8,9991.279,703482042.3088
2024-10-31 19:00:00,70678.8,70809.9,70080.1,70144.8,6181.92,435645828.0951
2024-10-31 20:00:00,70144.8,70347.0,69719.3,70071.1,9706.85,679896022.3551
2024-10-31 21:00:00,70071.1,70585.0,69881.8,70491.5,4943.237,347192245.2357
2024-10-31 22:00:00,70491.5,70585.2,70210.0,70518.0,2785.946,196150390.0595
2024-10-31 23:00:00,70518.0,70688.0,70332.0,70332.3,2856.411,201518940.1268
2024-11-01 00:00:00,70332.3,70506.8,70178.1,70200.1,2899.683,203989544.9064
2024-11-01 01:00:00,70200.1,70385.4,69300.1,69424.1,11277.906,786458654.6387
2024-11-01 02:00:00,69424.1,69636.3,68855.0,69600.0,13476.224,933004317.5573
2024-11-01 03:00:00,69600.0,69742.5,69346.3,69396.9,3366.548,234156626.4552
2024-11-01 04:00:00,69396.9,69644.0,69368.1,69622.1,1736.339,120672494.8694
2024-11-01 05:00:00,69622.1,69698.1,69541.2,69634.4,1316.481,91658424.6936
2024-11-01 06:00:00,69634.4,69720.0,69231.0,69234.1,3474.34,241236409.3955
2024-11-01 07:00:00,69234.1,69436.8,69086.3,69287.0,3833.113,265464203.194
2024-11-01 08:00:00,69287.0,69554.9,69252.7,69391.2,2092.034,145234973.552
2024-11-01 09:00:00,69391.2,69611.0,69329.0,69557.1,1756.947,122107657.0148
2024-11-01 10:00:00,69557.1,70195.0,69540.8,70008.7,7931.022,554426877.05
2024-11-01 11:00:00,70008.7,70265.1,70008.6,70034.6,4019.27,281963674.8012
2024-11-01 12:00:00,70034.6,70493.0,69901.2,70370.7,9153.544,642972633.5614
2024-11-01 13:00:00,70370.7,71253.8,70154.8,71220.1,13074.75,924612647.5706
2024-11-01 14:00:00,71220.1,71650.0,70918.0,71283.3,16427.132,1171176606.0102
2024-11-01 15:00:00,71283.3,71379.0,69018.0,69392.1,25310.295,1772483200.1698
2024-11-01 16:00:00,69392.1,70537.7,69360.0,69930.1,15382.437,1077078948.5982
2024-11-01 17:00:00,69930.1,70188.0,69450.3,69581.6,9656.05,673971779.7795
2024-11-01 18:00:00,69581.6,69648.0,69058.2,69157.3,6904.593,478879837.4463
2024-11-01 19:00:00,69157.3,69486.5,68800.0,69275.8,11575.109,799909848.1769
2024-11-01 20:00:00,69275.8,69475.0,69171.6,69250.0,3492.738,242146912.8978
2024-11-01 21:00:00,69250.0,69361.6,68839.7,69272.9,5040.517,348231698.2244
2024-11-01 22:00:00,69272.9,69459.5,69238.2,69439.2,1848.334,128183606.5195
2024-11-01 23:00:00,69439.2,69631.4,69363.0,69495.5,1686.521,117247572.1578
2024-11-02 00:00:00,69495.5,69683.4,69476.4,69665.4,1491.279,103783225.0613
2024-11-02 01:00:00,69665.4,69710.0,69509.3,69660.1,980.602,68258036.783
2024-11-02 02:00:00,69660.1,69919.0,69650.0,69660.5,1795.201,125298122.7966
2024-11-02 03:00:00,69660.5,69791.5,69560.0,69597.4,1182.863,82416305.3333
2024-11-02 04:00:00,69597.4,69628.6,69457.4,69565.2,1303.588,90645190.8962
2024-11-02 05:00:00,69565.2,69734.2,69435.5,69715.4,1467.74,102157056.3386
2024-11-02 06:00:00,69715.4,69760.7,69578.3,69755.6,942.016,65636858.1625
2024-11-02 07:00:00,69755.6,69818.1,69673.1,69809.1,1608.204,112177110.3043
2024-11-02 08:00:00,69809.1,69844.0,69561.1,69622.6,1369.678,95442308.8248
2024-11-02 09:00:00,69622.6,69650.0,69485.7,69546.3,1709.877,118941961.2158
2024-11-02 10:00:00,69546.3,69611.9,69387.5,69606.0,1952.136,135644953.611
2024-11-02 11:00:00,69606.0,69694.0,69559.0,69597.5,1100.931,76647923.207
2024-11-02 12:00:00,69597.5,69671.2,69370.7,69440.6,2783.9,193490248.0952
2024-11-02 13:00:00,69440.6,69687.0,69350.0,69353.6,2787.991,193775665.9305
2024-11-02 14:00:00,69353.6,69436.0,68981.6,69250.1,7219.34,499444564.3538
2024-11-02 15:00:00,69250.1,69433.4,69114.5,69381.7,2321.963,160906574.2459
2024-11-02 16:00:00,69381.7,69604.4,69306.0,69566.1,2257.852,156867852.1215
2024-11-02 17:00:00,69566.1,69587.5,69320.0,69392.4,1379.315,95782629.6032
2024-11-02 18:00:00,69392.4,69473.8,69209.6,69411.9,1437.762,99678265.131
2024-11-02 19:00:00,69411.9,69550.3,69368.2,69497.4,863.331,59984425.4357
2024-11-02 20:00:00,69497.4,69568.7,69451.1,69541.2,724.348,50354246.4736
2024-11-02 21:00:00,69541.2,69562.8,69426.0,69426.1,1080.265,75044713.1186
2024-11-02 22:00:00,69426.1,69545.4,69338.2,69419.0,925.411,64280651.3289
2024-11-02 23:00:00,69419.0,69441.0,69136.3,69363.6,2862.114,198138530.5256
2024-11-03 00:00:00,69363.6,69382.9,69150.0,69150.0,1503.893,104166895.2949
2024-11-03 01:00:00,69150.0,69212.3,68982.4,68996.8,2914.144,201327790.6638
2024-11-03 02:00:00,68996.8,69010.2,67820.0,68202.2,19443.668,1328399765.8994
2024-11-03 03:00:00,68202.2,68468.8,68000.5,68360.9,4914.666,335594595.2515
2024-11-03 04:00:00,68360.9,68697.9,68285.6,68580.1,3055.919,209409296.2926
2024-11-03 05:00:00,68580.1,68689.9,68420.0,68431.8,2885.411,197779860.1092
2024-11-03 06:00:00,68431.8,68766.0,68380.0,68572.9,1763.651,120910319.0716
2024-11-03 07:00:00,68572.9,68700.0,68350.0,68395.0,1837.074,125843709.9576
2024-11-03 08:00:00,68395.0,68600.0,68280.2,68470.0,2998.265,205144453.9518
2024-11-03 09:00:00,68470.0,68517.3,68181.4,68232.0,2620.313,179004028.2282
2024-11-03 10:00:00,68232.0,68562.5,68232.0,68430.9,2359.034,161452428.9601
2024-11-03 11:00:00,68430.9,68580.0,68309.3,68344.8,1888.106,129215203.595
2024-11-03 12:00:00,68344.8,68565.5,68276.5,68479.3,1854.109,126914451.1095
2024-11-03 13:00:00,68479.3,68502.7,67937.6,68041.0,5739.369,391301207.9752
2024-11-03 14:00:00,68041.0,68190.8,67537.1,67770.0,13956.496,946561433.5781
2024-11-03 15:00:00,67770.0,68202.9,67456.1,68073.3,10967.441,743395154.6195
2024-11-03 16:00:00,68073.3,68535.9,68042.8,68141.4,8905.397,608319957.9794
2024-11-03 17:00:00,68141.4,68476.4,68122.0,68345.7,3157.216,215770253.8806
2024-11-03 18:00:00,68345.7,68433.7,67644.0,67996.8,6495.222,441719323.5053
2024-11-03 19:00:00,67996.8,68699.9,67978.8,68673.3,6364.239,435670453.3506
2024-11-03 20:00:00,68673.3,68970.2,68488.8,68952.5,5221.519,359039973.2339
2024-11-03 21:00:00,68952.5,69339.7,68945.0,69121.0,6880.436,475755560.0217
2024-11-03 22:00:00,69121.0,69280.0,68760.1,68847.5,3047.111,210255285.6635
2024-11-03 23:00:00,68847.5,68894.6,68482.8,68743.6,4370.709,300274131.1684
2024-11-04 00:00:00,68743.6,68743.6,68200.0,68697.8,4561.46,312347417.2836
2024-11-04 01:00:00,68697.8,69025.4,68543.7,68958.8,3714.948,255639772.6393
2024-11-04 02:00:00,68958.8,69318.3,68868.4,69289.1,3376.58,233351409.3712
2024-11-04 03:00:00,69289.1,69497.0,68983.2,69037.0,3589.764,248472527.4494
2024-11-04 04:00:00,69037.0,69385.0,69036.9,69139.8,2410.25,166740187.4285
2024-11-04 05:00:00,69139.8,69173.4,68690.5,68810.1,3117.858,214863994.1108
2024-11-04 06:00:00,68810.1,69166.0,68810.0,69118.6,2339.133,161413250.7596
2024-11-04 07:00:00,69118.6,69168.0,68600.0,68600.3,3273.076,225195808.3783
2024-11-04 08:00:00,68600.3,68737.7,68438.3,68681.9,4178.671,286572389.5066
2024-11-04 09:00:00,68681.9,68905.2,68461.5,68625.6,3593.093,246848351.5096
2024-11-04 10:00:00,68625.6,68898.3,68585.4,68819.9,2114.756,145486371.2685
2024-11-04 11:00:00,68819.9,69036.2,68692.0,68779.4,2383.609,164133551.1327
2024-11-04 12:00:00,68779.4,69000.0,68720.5,68953.6,1875.981,129262318.7044
2024-11-04 13:00:00,68953.6,69246.3,68633.3,68653.0,6435.594,443983006.082
2024-11-04 14:00:00,68653.0,68715.3,68160.5,68379.2,10590.338,724608041.3839
2024-11-04 15:00:00,68379.2,68750.0,68212.0,68627.2,6541.226,447709868.8753
2024-11-04 16:00:00,68627.2,68826.3,67578.2,67738.8,15677.47,1066255485.1134
2024-11-04 17:00:00,67738.8,67929.8,67213.2,67825.7,15133.696,1022865353.7507
2024-11-04 18:00:00,67825.7,68048.0,67487.2,67646.1,6448.229,436796246.487
2024-11-04 19:00:00,67646.1,68079.7,67634.0,67849.6,3415.808,231979534.4807
2024-11-04 20:00:00,67849.6,67849.6,67321.0,67356.8,7733.742,522254625.6048
2024-11-04 21:00:00,67356.8,67633.0,66808.0,67110.3,18287.828,1228152782.3347
2024-11-04 22:00:00,67110.3,68107.3,67053.4,67918.8,6696.366,452838576.8316
2024-11-04 23:00:00,67918.8,68034.4,67618.9,67838.7,3968.346,269110776.246
2024-11-05 00:00:00,67838.7,68191.1,67772.6,68023.9,3480.174,236658807.1006
2024-11-05 01:00:00,68023.9,68090.0,67449.5,67986.3,4712.626,319356478.0167
2024-11-05 02:00:00,67986.3,68066.6,67820.0,67870.8,2172.764,147627721.5384
2024-11-05 03:00:00,67870.8,68279.8,67870.0,68236.3,1842.389,125433778.7918
2024-11-05 04:00:00,68236.3,68514.3,68210.8,68311.9,2837.403,193977776.6331
2024-11-05 05:00:00,68311.9,68799.8,68295.5,68737.7,3390.491,232432420.446
2024-11-05 06:00:00,68737.7,68812.6,68567.0,68772.1,2466.265,169396482.4982
2024-11-05 07:00:00,68772.1,68990.0,68569.3,68900.0,3481.336,239558234.2019
2024-11-05 08:00:00,68900.0,69061.8,68777.6,69038.3,3021.977,208240396.97
2024-11-05 09:00:00,69038.3,69112.0,68724.2,68780.0,3302.003,227537638.5342
2024-11-05 10:00:00,68780.0,68857.6,68620.0,68771.5,2727.835,187469352.274
2024-11-05 11:00:00,68771.5,68975.0,68763.2,68810.2,2004.714,138045135.5613
2024-11-05 12:00:00,68810.2,68950.8,68665.4,68873.0,2705.958,186219412.1884
2024-11-05 13:00:00,68873.0,68909.3,68672.6,68816.7,2598.44,178734217.609
2024-11-05 14:00:00,68816.7,70329.6,68764.3,69945.1,23516.882,1639510887.2427
2024-11-05 15:00:00,69945.1,70059.7,69210.0,69610.2,15111.191,1051678916.173
2024-11-05 16:00:00,69610.2,70540.0,69502.4,70160.4,13083.981,916832844.9225
2024-11-05 17:00:00,70160.4,70441.8,69850.0,69918.0,6231.635,436993204.4694
2024-11-05 18:00:00,69918.0,70238.3,69693.9,70194.9,4862.758,340303069.9578
2024-11-05 19:00:00,70194.9,70244.2,68678.0,68978.9,13495.567,935828629.843
2024-11-05 20:00:00,68978.9,69635.3,68810.7,69420.5,10377.486,719367713.5333
2024-11-05 21:00:00,69420.5,69589.2,69040.4,69141.2,4376.442,303495689.7216
2024-11-05 22:00:00,69141.2,69573.0,68852.6,69565.1,4752.807,328814805.6221
2024-11-05 23:00:00,69565.1,69889.4,69248.1,69345.7,6672.703,463976658.7841
2024-11-06 00:00:00,69345.7,71439.0,69256.7,71070.0,23493.523,1659613934.31
2024-11-06 01:00:00,71070.0,71394.0,70568.7,71103.7,14911.986,1059255582.9182
2024-11-06 02:00:00,71103.7,73355.7,70914.8,73107.4,29790.635,2154509812.5073
2024-11-06 03:00:00,73107.4,75389.0,73074.2,74394.9,48852.004,3627473350.3435
2024-11-06 04:00:00,74394.9,75055.1,73951.4,74296.7,21147.336,1577686176.4789
2024-11-06 05:00:00,74296.7,74898.0,73615.3,74807.7,16577.991,1231267600.7482
2024-11-06 06:00:00,74807.7,75499.8,74231.4,74302.1,23654.633,1772238508.0564
2024-11-06 07:00:00,74302.1,74716.6,73117.6,73440.8,19698.616,1456267372.016
2024-11-06 08:00:00,73440.8,73611.2,72729.6,73494.3,17475.194,1278117356.4772
2024-11-06 09:00:00,73494.3,74148.4,73494.3,73807.2,8339.598,615762769.5747
2024-11-06 10:00:00,73807.2,74000.0,73411.0,73868.1,6428.883,473718960.1309
2024-11-06 11:00:00,73868.1,74573.6,73690.4,74315.7,8481.636,629358374.1672
2024-11-06 12:00:00,74315.7,74816.4,74200.1,74216.2,7874.299,586703517.686
2024-11-06 13:00:00,74216.2,74322.8,73606.7,74020.1,9789.891,724155493.2161
2024-11-06 14:00:00,74020.1,74761.6,73500.0,73670.9,19392.185,1436851859.6071
2024-11-06 15:00:00,73670.9,74526.0,73538.5,74308.1,14208.659,1053743762.9817
2024-11-06 16:00:00,74308.1,74599.8,74139.9,74339.7,7834.736,582355581.5783
2024-11-06 17:00:00,74339.7,74690.0,74091.9,74477.8,6428.469,478770652.82
2024-11-06 18:00:00,74477.8,75254.9,74425.4,75252.0,9032.382,676749334.5551
2024-11-06 19:00:00,75252.0,75964.0,75050.0,75830.8,14190.976,1071062340.4137
2024-11-06 20:00:00,75830.8,76433.6,75521.1,76110.2,14945.166,1134526456.8431
2024-11-06 21:00:00,76110.2,76195.8,75665.5,75917.1,6708.565,509329768.5097
2024-11-06 22:00:00,75917.1,76064.6,75520.1,75652.0,4479.928,339454273.9655
2024-11-06 23:00:00,75652.0,75863.4,75570.0,75599.9,2796.883,211638919.9712
2024-11-07 00:00:00,75599.9,75671.7,75069.4,75380.3,5440.4,409876255.3864
2024-11-07 01:00:00,75380.3,76119.0,75245.7,75424.3,9390.047,709903184.1163
2024-11-07 02:00:00,75424.3,75518.7,75166.6,75306.0,3499.234,263545766.0441
2024-11-07 03:00:00,75306.0,75431.7,75026.5,75072.1,3722.798,279945099.9852
2024-11-07 04:00:00,75072.1,75087.8,74654.5,74774.1,4915.908,367967458.1464
2024-11-07 05:00:00,74774.1,74973.1,74724.6,74813.8,3095.957,231776043.1777
2024-11-07 06:00:00,74813.8,74889.2,74476.3,74811.9,5217.278,389570530.5976
2024-11-07 07:00:00,74811.9,75009.6,74722.9,74801.6,2952.645,221114331.0468
2024-11-07 08:00:00,74801.6,75228.9,74701.4,75206.4,4188.187,314414727.1992
2024-11-07 09:00:00,75206.4,75206.5,74823.1,74967.4,2330.063,174876335.5397
2024-11-07 10:00:00,74967.4,75087.0,74778.5,75069.6,2808.663,210421215.6662
2024-11-07 11:00:00,75069.6,75086.0,74736.4,74787.0,2325.28,174136271.2413
2024-11-07 12:00:00,74787.0,75164.1,74761.6,75041.0,2416.281,181221801.3056
2024-11-07 13:00:00,75041.0,75080.9,74636.3,74707.7,3168.691,237042986.1931
2024-11-07 14:00:00,74707.7,75097.7,74522.1,74855.3,6589.818,493084710.8561
2024-11-07 15:00:00,74855.3,76119.9,74721.4,76113.9,12517.103,945276772.1509
2024-11-07 16:00:00,76113.9,76265.8,75597.1,75936.2,8295.599,629414557.4886
2024-11-07 17:00:00,75936.2,76543.5,75771.7,76295.9,8320.799,634412236.8148
2024-11-07 18:00:00,76295.9,76770.8,75829.6,76622.7,11938.823,911923589.3183
2024-11-07 19:00:00,76622.7,76638.0,75942.7,76564.9,12414.733,947115346.8111
2024-11-07 20:00:00,76564.9,76890.0,76300.6,76454.3,8399.034,643337787.8255
2024-11-07 21:00:00,76454.3,76607.0,75860.0,75901.6,4270.396,325462149.0762
2024-11-07 22:00:00,75901.6,76023.9,75500.0,75881.5,5249.107,397455169.6399
2024-11-07 23:00:00,75881.5,76096.9,75702.7,75874.8,3040.775,230840632.923
2024-11-08 00:00:00,75874.8,76397.3,75852.2,76044.5,4193.902,319428010.8622
2024-11-08 01:00:00,76044.5,76363.7,75850.8,76019.4,3071.479,233704228.9432
2024-11-08 02:00:00,76019.4,76063.1,75671.0,75745.4,2189.941,165973256.798
2024-11-08 03:00:00,75745.4,75935.0,75610.0,75935.0,2309.654,175032850.3697
2024-11-08 04:00:00,75935.0,76074.0,75842.6,75869.9,1774.867,134818219.3235
2024-11-08 05:00:00,75869.9,76210.4,75843.5,76034.2,2174.494,165375479.4205
2024-11-08 06:00:00,76034.2,76065.4,75867.0,75919.9,1128.65,85726849.135
2024-11-08 07:00:00,75919.9,76288.0,75703.0,76213.2,3648.188,277270509.9663
2024-11-08 08:00:00,76213.2,76234.3,75803.0,75845.9,2786.381,211558588.8518
2024-11-08 09:00:00,75845.9,76135.0,75816.0,75999.5,2092.186,159065250.4077
2024-11-08 10:00:00,75999.5,76374.0,75828.7,76275.2,2765.822,210428586.9613
2024-11-08 11:00:00,76275.2,76334.7,75956.0,75974.4,2229.867,169844689.237
2024-11-08 12:00:00,75974.4,76219.0,75968.9,76102.6,2287.16,173999576.5494
2024-11-08 13:00:00,76102.6,76322.1,75866.3,76306.2,4243.471,322744544.4272
2024-11-08 14:00:00,76306.2,76349.9,75649.0,75790.1,7156.273,543645891.0361
2024-11-08 15:00:00,75790.1,76659.8,75650.1,76464.7,14025.561,1069332483.3091
2024-11-08 16:00:00,76464.7,76573.6,75844.2,75943.5,7285.361,554615862.1348
2024-11-08 17:00:00,75943.5,76571.2,75836.1,76408.1,6717.608,511895669.8399
2024-11-08 18:00:00,76408.1,77120.0,76358.6,76831.9,9740.12,747464651.9601
2024-11-08 19:00:00,76831.9,77220.3,76755.2,76938.3,7458.069,574328463.2886
2024-11-08 20:00:00,76938.3,77114.2,76421.3,76585.4,7422.487,569293183.193
2024-11-08 21:00:00,76585.4,76711.4,76373.6,76486.3,2808.686,214944509.2617
2024-11-08 22:00:00,76486.3,76634.0,76258.0,76375.9,2689.299,205685304.9305
2024-11-08 23:00:00,76375.9,76536.8,76304.0,76514.2,1335.485,102072283.9915
2024-11-09 00:00:00,76514.2,76656.0,76370.5,76439.7,1932.847,147923419.7307
2024-11-09 01:00:00,76439.7,76562.9,76253.2,76322.6,1831.434,139871258.7451
2024-11-09 02:00:00,76322.6,76449.6,76150.0,76440.0,1952.504,148941104.4855
2024-11-09 03:00:00,76440.0,76460.4,76250.3,76350.1,997.989,76178875.8606
2024-11-09 04:00:00,76350.1,76425.0,76311.0,76384.6,633.433,48381168.8676
2024-11-09 05:00:00,76384.6,76685.7,76370.7,76571.0,2236.727,171211774.9771
2024-11-09 06:00:00,76571.0,76831.0,76416.5,76528.0,3187.178,244166227.7674
2024-11-09 07:00:00,76528.0,76555.5,76362.3,76544.9,1818.295,139022017.4556
2024-11-09 08:00:00,76544.9,76745.3,76451.2,76561.2,1743.032,133506937.2877
2024-11-09 09:00:00,76561.2,76660.7,76520.5,76560.3,1275.387,97681227.3033
2024-11-09 10:00:00,76560.3,76640.0,76422.1,76480.9,1253.822,95940068.1699
2024-11-09 11:00:00,76480.9,76537.2,76401.0,76508.1,990.802,75757267.906
2024-11-09 12:00:00,76508.1,76558.6,76290.0,76294.8,1974.858,150847265.8618
2024-11-09 13:00:00,76294.8,76500.0,76292.2,76433.8,1214.311,92753956.259
2024-11-09 14:00:00,76433.8,76459.2,76265.1,76362.1,1984.32,151459351.178
2024-11-09 15:00:00,76362.1,76416.5,76279.0,76321.3,908.062,69320276.5616
2024-11-09 16:00:00,76321.3,76337.9,76041.8,76093.4,3019.348,229964049.2498
2024-11-09 17:00:00,76093.4,76262.8,75703.7,76250.1,5901.233,448344173.0091
2024-11-09 18:00:00,76250.1,76424.0,76202.2,76377.6,2257.933,172329772.9463
2024-11-09 19:00:00,76377.6,76752.4,76121.8,76223.5,4696.548,359066305.5828
2024-11-09 20:00:00,76223.5,76377.2,76189.9,76305.0,1150.735,87804781.1444
2024-11-09 21:00:00,76305.0,76526.1,76231.6,76462.1,1040.58,79491902.1549
2024-11-09 22:00:00,76462.1,76639.8,76362.6,76531.5,1705.148,130448262.0342
2024-11-09 23:00:00,76531.5,76950.0,76481.6,76701.7,4830.221,370776247.902
2024-11-10 00:00:00,76701.7,77149.2,76508.2,76898.1,4313.375,331570212.0721
2024-11-10 01:00:00,76898.1,76984.0,76692.8,76728.2,2503.296,192237955.9025
2024-11-10 02:00:00,76728.2,77542.2,76673.4,77058.1,8786.159,678776875.8053
2024-11-10 03:00:00,77058.1,77493.2,77000.6,77242.0,4019.324,310643389.3418
2024-11-10 04:00:00,77242.0,79667.0,77167.6,79279.1,22011.191,1728690274.7912
2024-11-10 05:00:00,79279.1,79899.7,78925.0,79160.1,19747.577,1568744808.4434
2024-11-10 06:00:00,79160.1,79335.9,78673.4,78968.7,6601.712,521542550.3965
2024-11-10 07:00:00,78968.7,79197.5,78760.1,78855.9,4040.21,319116493.5246
2024-11-10 08:00:00,78855.9,79196.0,78855.8,79177.3,2951.021,233276254.1216
2024-11-10 09:00:00,79177.3,79549.9,79159.8,79425.5,4790.751,380347362.0282
2024-11-10 10:00:00,79425.5,79853.7,79325.0,79604.3,5002.752,398078139.8192
2024-11-10 11:00:00,79604.3,80196.0,79600.0,79933.5,9772.246,781116707.8435
2024-11-10 12:00:00,79933.5,80221.8,79320.5,79716.7,9972.846,794094194.3077
2024-11-10 13:00:00,79716.7,79965.1,79602.3,79784.1,3474.358,277227366.2618
2024-11-10 14:00:00,79784.1,80048.2,79200.8,79542.8,7525.79,598766415.5282
2024-11-10 15:00:00,79542.8,79807.9,79400.8,79730.8,3574.309,284674757.2158
2024-11-10 16:00:00,79730.8,79848.7,79524.0,79838.2,2640.17,210482482.2536
2024-11-10 17:00:00,79838.2,80863.2,79688.1,80420.4,12163.442,977607063.4156
2024-11-10 18:00:00,80420.4,81163.5,80416.8,80616.6,11810.78,954689854.7316
2024-11-10 19:00:00,80616.6,80921.1,79357.5,79800.0,14233.35,1139727057.1648
2024-11-10 20:00:00,79800.0,79968.4,79000.0,79008.0,9071.431,720526679.8235
2024-11-10 21:00:00,79008.0,80095.2,78529.9,79935.4,12171.649,965100765.2333
2024-11-10 22:00:00,79935.4,81700.0,79853.7,80677.2,17215.939,1391785543.8297
2024-11-10 23:00:00,80677.2,80773.4,80002.8,80428.5,5523.489,444025409.2209
2024-11-11 00:00:00,80428.5,80888.5,80267.8,80640.0,4924.387,396944500.2569
2024-11-11 01:00:00,80640.0,81828.5,80423.1,81276.0,8579.95,696525834.1732
2024-11-11 02:00:00,81276.0,81604.9,81090.0,81510.7,4350.95,354162947.9363
2024-11-11 03:00:00,81510.7,81943.8,81005.0,81680.0,5066.527,412823350.3596
2024-11-11 04:00:00,81680.0,81800.0,81211.9,81501.3,3254.126,265210065.7483
2024-11-11 05:00:00,81501.3,81637.3,80490.5,80781.6,6442.748,521770585.1507
2024-11-11 06:00:00,80781.6,81298.0,80631.8,80948.3,5353.627,433550360.0202
2024-11-11 07:00:00,80948.3,81262.9,80792.8,81158.8,3007.566,243683778.4984
2024-11-11 08:00:00,81158.8,81435.0,81067.8,81296.4,3186.248,258934516.6814
2024-11-11 09:00:00,81296.4,81837.9,81208.1,81754.8,5155.252,420580876.4481
2024-11-11 10:00:00,81754.8,82440.9,81720.0,82045.5,11462.124,941098727.8015
2024-11-11 11:00:00,82045.5,82294.5,81863.1,82184.7,4385.242,359993999.5421
2024-11-11 12:00:00,82184.7,82555.0,81731.8,82199.1,10808.791,888130578.1224
2024-11-11 13:00:00,82199.1,82260.0,81463.7,81874.3,9484.396,775923469.5173
2024-11-11 14:00:00,81874.3,82740.0,81516.3,82525.6,21226.646,1744310189.3543
2024-11-11 15:00:00,82525.6,84381.4,82363.6,84099.8,34719.937,2899816509.814
2024-11-11 16:00:00,84099.8,84949.9,83852.0,84227.2,22028.241,1860832503.2279
2024-11-11 17:00:00,84227.2,84916.5,84216.4,84637.0,9149.892,774395822.883
2024-11-11 18:00:00,84637.0,85920.0,84239.9,85899.9,16900.382,1438617128.7215
2024-11-11 19:00:00,85899.9,87128.3,85471.1,86163.7,25002.737,2154552621.6927
2024-11-11 20:00:00,86163.7,87433.5,86102.8,86886.5,18711.984,1626877550.7426
2024-11-11 21:00:00,86886.5,88439.0,86694.5,87959.0,20622.846,1811450967.7904
2024-11-11 22:00:00,87959.0,88202.4,86459.6,88103.7,18820.882,1641906212.3599
2024-11-11 23:00:00,88103.7,89828.0,88103.6,88765.4,29234.07,2602822793.749
2024-11-12 00:00:00,88765.4,89150.0,86565.6,89076.1,22377.59,1966945864.1997
2024-11-12 01:00:00,89076.1,89594.2,88444.0,88614.5,13066.395,1163820923.2461
2024-11-12 02:00:00,88614.5,88953.7,87040.5,87764.2,11914.86,1047044133.5744
2024-11-12 03:00:00,87764.2,88359.4,87544.5,88157.0,7949.18,698642381.7274
2024-11-12 04:00:00,88157.0,89124.0,87800.0,88525.1,8884.622,786907774.0613
2024-11-12 05:00:00,88525.1,88904.9,88240.8,88482.4,5591.376,495095872.6502
2024-11-12 06:00:00,88482.4,89979.5,88268.1,89653.5,11322.657,1011657038.9255
2024-11-12 07:00:00,89653.5,90077.0,89060.2,89095.3,11214.223,1003981059.7821
2024-11-12 08:00:00,89095.3,89500.0,88820.8,89478.9,6439.956,573812490.9263
2024-11-12 09:00:00,89478.9,89594.2,87752.8,87757.2,14085.26,1246560857.3632
2024-11-12 10:00:00,87757.2,88168.0,85458.2,86957.2,35907.23,3120789590.2393
2024-11-12 11:00:00,86957.2,87982.6,86700.3,87255.9,18855.765,1646871355.2207
2024-11-12 12:00:00,87255.9,87976.4,86289.0,86439.7,11875.472,1034559932.6724
2024-11-12 13:00:00,86439.7,86636.9,85150.0,86440.0,20170.262,1733027438.129
2024-11-12 14:00:00,86440.0,87177.8,85267.7,87056.4,17726.562,1529627867.0861
2024-11-12 15:00:00,87056.4,87549.1,86130.9,86658.6,16121.285,1400664874.6895
2024-11-12 16:00:00,86658.6,87724.6,85784.6,87131.7,16088.913,1394758383.8666
2024-11-12 17:00:00,87131.7,87991.2,86892.8,87019.0,8658.177,757137267.5804
2024-11-12 18:00:00,87019.0,88959.5,86927.2,88855.9,10564.295,931783065.1331
2024-11-12 19:00:00,88855.9,89866.4,88673.2,88781.1,12991.219,1159708806.1198
2024-11-12 20:00:00,88781.1,90000.0,88737.9,89540.9,8666.406,775298292.4969
2024-11-12 21:00:00,89540.9,89782.6,88000.0,88292.1,11319.978,1004788316.2369
2024-11-12 22:00:00,88292.1,88707.5,87621.1,88664.6,6319.761,557011822.3476
2024-11-12 23:00:00,88664.6,88664.6,87347.2,87968.0,6623.762,582276986.4996
2024-11-13 00:00:00,87968.0,88521.9,87628.6,88095.5,4511.067,397597345.3905
2024-11-13 01:00:00,88095.5,88616.3,87742.1,88325.1,5239.523,461817614.0268
2024-11-13 02:00:00,88325.1,88400.0,87065.3,87938.4,6958.127,609447399.2753
2024-11-13 03:00:00,87938.4,88233.0,87072.4,87185.6,5233.237,458507922.276
2024-11-13 04:00:00,87185.6,87749.8,86235.5,87200.4,10672.998,927124824.4612
2024-11-13 05:00:00,87200.4,87494.0,86470.0,86566.0,6798.366,591822179.635
2024-11-13 06:00:00,86566.0,86944.5,86113.6,86486.0,7921.591,685484498.8423
2024-11-13 07:00:00,86486.0,87518.1,86453.1,87383.4,5691.806,495824487.5256
2024-11-13 08:00:00,87383.4,87747.0,87131.5,87272.5,5927.036,518264222.4211
2024-11-13 09:00:00,87272.5,87595.6,87107.5,87444.9,3136.367,274164744.912
2024-11-13 10:00:00,87444.9,87621.9,87200.0,87597.5,3139.031,274402017.366
2024-11-13 11:00:00,87597.5,88174.0,87494.0,87710.2,6660.284,584835201.5726
2024-11-13 12:00:00,87710.2,88062.3,87550.0,87674.7,3243.384,284809890.6032
2024-11-13 13:00:00,87674.7,89801.0,87575.0,89235.5,19584.513,1742053416.0104
2024-11-13 14:00:00,89235.5,91924.0,88700.0,91586.6,36678.035,3319613553.1383
2024-11-13 15:00:00,91586.6,92818.5,90514.9,92625.8,28264.427,2593060859.6992
2024-11-13 16:00:00,92625.8,93400.0,91533.3,92326.7,23285.501,2156930791.0336
2024-11-13 17:00:00,92326.7,92913.8,91839.0,92314.7,9544.083,881503983.2885
2024-11-13 18:00:00,92314.7,93234.8,92091.3,92877.0,8067.137,747937679.1654
2024-11-13 19:00:00,92877.0,92937.1,89965.4,90219.0,28670.974,2606260317.8702
2024-11-13 20:00:00,90219.0,91243.4,89309.4,89724.8,17661.053,1593858028.5618
2024-11-13 21:00:00,89724.8,89820.0,87968.8,88538.0,22125.669,1965472585.4704
2024-11-13 22:00:00,88538.0,89859.9,88347.4,89750.3,5351.313,478020889.4253
2024-11-13 23:00:00,89750.3,90577.4,89271.0,90411.2,6896.707,621354884.1455
2024-11-14 00:00:00,90411.2,90545.0,89738.9,90170.4,5509.632,496615137.1534
2024-11-14 01:00:00,90170.4,90526.4,89520.1,90436.9,6106.327,549669272.08
2024-11-14 02:00:00,90436.9,90646.0,89718.0,90165.1,3581.255,322711912.3331
2024-11-14 03:00:00,90165.1,90299.7,89575.0,90001.4,3042.032,273506505.2475
2024-11-14 04:00:00,90001.4,90273.9,89301.6,90182.1,3934.836,353320316.4379
2024-11-14 05:00:00,90182.1,90182.1,89705.8,90020.0,2389.947,214977738.2926
2024-11-14 06:00:00,90020.0,90366.6,89347.1,89351.8,3884.611,349077102.1423
2024-11-14 07:00:00,89351.8,90954.5,89162.0,90858.6,7476.236,673458984.6997
2024-11-14 08:00:00,90858.6,91529.4,90400.1,90637.0,11100.01,1010709532.4303
2024-11-14 09:00:00,90637.0,91026.6,90440.0,91012.8,3515.072,318865248.1723
2024-11-14 10:00:00,91012.8,91518.0,90892.4,91181.2,5569.902,508170306.4284
2024-11-14 11:00:00,91181.2,91755.8,90527.5,91549.9,7184.846,654516701.3919
2024-11-14 12:00:00,91549.9,91682.8,91010.4,91300.0,4909.994,448651985.9182
2024-11-14 13:00:00,91300.0,91447.3,90625.4,90823.9,5374.805,488994863.7557
2024-11-14 14:00:00,90823.9,91889.7,88711.0,88775.0,24114.37,2173424921.0319
2024-11-14 15:00:00,88775.0,89668.0,87817.8,87956.3,25508.555,2263030302.8194
2024-11-14 16:00:00,87956.3,89264.3,87514.1,89211.9,16554.127,1461071863.8349
2024-11-14 17:00:00,89211.9,89399.8,88591.8,89253.0,5611.165,499470856.5243
2024-11-14 18:00:00,89253.0,89708.5,88942.3,89133.9,4486.325,400848977.5353
2024-11-14 19:00:00,89133.9,89699.4,89121.2,89499.9,3199.259,286246336.1866
2024-11-14 20:00:00,89499.9,89499.9,87575.7,87621.2,10945.389,966755520.3144
2024-11-14 21:00:00,87621.2,88324.9,87031.2,88247.3,11346.205,995718726.8977
2024-11-14 22:00:00,88247.3,88390.0,87062.9,87650.4,8964.132,787008589.5013
2024-11-14 23:00:00,87650.4,87794.4,86661.0,87367.3,10879.853,948336866.7835
2024-11-15 00:00:00,87367.3,88471.5,87281.5,87908.7,7517.295,661594410.6464
2024-11-15 01:00:00,87908.7,88226.2,87405.5,88143.6,5032.336,442207518.6568
2024-11-15 02:00:00,88143.6,88485.3,87763.1,88396.4,2310.093,203690797.4967
2024-11-15 03:00:00,88396.4,88550.1,88145.0,88242.3,2062.767,182195152.4189
2024-11-15 04:00:00,88242.3,88281.7,87083.7,87470.9,5070.908,443812710.702
2024-11-15 05:00:00,87470.9,87898.1,87280.0,87749.4,2927.839,256618211.8095
2024-11-15 06:00:00,87749.4,88221.9,87609.0,88210.0,2650.535,233123566.9831
2024-11-15 07:00:00,88210.0,88421.0,87640.0,87672.0,3002.904,264434315.5106
2024-11-15 08:00:00,87672.0,88200.0,87400.1,88123.3,3975.008,349049577.3449
2024-11-15 09:00:00,88123.3,89423.8,88063.2,89227.3,7980.951,709682828.6048
2024-11-15 10:00:00,89227.3,89500.0,88974.1,89398.6,3842.497,343054120.2161
2024-11-15 11:00:00,89398.6,89806.0,89175.3,89775.3,3982.304,356448136.0769
2024-11-15 12:00:00,89775.3,90787.8,89616.8,89800.2,11147.616,1004951026.7409
2024-11-15 13:00:00,89800.2,90562.0,89240.6,90213.1,8421.86,757524476.888
2024-11-15 14:00:00,90213.1,90260.4,88600.0,89143.0,16547.507,1478949523.6525
2024-11-15 15:00:00,89143.0,89175.6,87768.1,88450.5,16404.528,1449955616.9396
2024-11-15 16:00:00,88450.5,89817.9,88391.6,89382.1,10732.88,957893188.3974
2024-11-15 17:00:00,89382.1,89980.0,89177.2,89503.1,5989.775,536760725.5577
2024-11-15 18:00:00,89503.1,89837.2,89222.1,89389.5,3667.994,328378073.2974
2024-11-15 19:00:00,89389.5,90899.9,89263.4,90416.4,10155.03,916177619.8174
2024-11-15 20:00:00,90416.4,91526.3,90368.2,91492.8,9505.346,865231560.5114
2024-11-15 21:00:00,91492.8,91948.0,91120.0,91751.6,7068.794,646510259.463
2024-11-15 22:00:00,91751.6,91932.9,91000.0,91285.8,4573.854,418221240.3559
2024-11-15 23:00:00,91285.8,91539.7,90955.9,91125.2,3273.972,298690756.6102
2024-11-16 00:00:00,91125.2,91416.8,90935.5,91088.2,3423.562,311996423.774
2024-11-16 01:00:00,91088.2,91521.7,91019.9,91306.7,2371.334,216580375.1819
2024-11-16 02:00:00,91306.7,91796.9,91213.4,91491.7,2555.675,233951844.2325
2024-11-16 03:00:00,91491.7,91677.6,91075.0,91321.3,2158.413,197228327.1414
2024-11-16 04:00:00,91321.3,91477.2,91123.0,91363.9,1144.131,104440826.8866
2024-11-16 05:00:00,91363.9,91856.3,91230.3,91413.9,2000.85,183170008.6545
2024-11-16 06:00:00,91413.9,91527.7,91233.4,91277.5,1586.832,144976058.4894
2024-11-16 07:00:00,91277.5,91484.9,91170.0,91220.5,1629.288,148787522.0952
2024-11-16 08:00:00,91220.5,91500.0,91100.0,91488.2,1653.997,151084981.2288
2024-11-16 09:00:00,91488.2,91541.6,91287.0,91313.0,1180.881,107954369.5184
2024-11-16 10:00:00,91313.0,91683.6,91284.4,91465.0,1564.183,143165822.9537
2024-11-16 11:00:00,91465.0,91488.1,91070.0,91246.5,2908.338,265353341.1688
2024-11-16 12:00:00,91246.5,91390.0,90551.9,90959.9,6143.222,558506900.617
2024-11-16 13:00:00,90959.9,91268.8,90742.3,90829.6,2900.779,264040906.3999
2024-11-16 14:00:00,90829.6,91138.0,90668.0,91041.5,2093.54,190414236.1671
2024-11-16 15:00:00,91041.5,91090.0,90125.0,90582.2,5634.167,509988786.9761
2024-11-16 16:00:00,90582.2,90913.5,90268.2,90677.1,3457.381,313416058.4487
2024-11-16 17:00:00,90677.1,91094.9,90572.1,90994.8,2161.524,196517195.2862
2024-11-16 18:00:00,90994.8,91491.9,90908.5,91379.9,2852.59,260315899.4427
2024-11-16 19:00:00,91379.9,91429.9,91032.0,91207.8,1685.602,153717137.6701
2024-11-16 20:00:00,91207.8,91266.0,90737.8,90821.5,3274.493,297799078.2288
2024-11-16 21:00:00,90821.5,91144.8,90764.3,91075.6,1426.84,129828542.7367
2024-11-16 22:00:00,91075.6,91078.3,90268.6,90383.9,2556.308,231655511.9649
2024-11-16 23:00:00,90383.9,90715.0,90356.4,90625.4,2367.211,214376244.4896
2024-11-17 00:00:00,90625.4,90955.0,90625.4,90885.3,1586.059,144024198.7751
2024-11-17 01:00:00,90885.3,90950.0,90031.1,90315.9,4544.708,410803219.3179
2024-11-17 02:00:00,90315.9,90333.0,89418.6,90081.0,7536.479,676809285.3107
2024-11-17 03:00:00,90081.0,90319.7,89821.0,90314.1,2802.986,252433103.7302
2024-11-17 04:00:00,90314.1,90764.2,90214.8,90644.1,3373.72,305282639.7061
2024-11-17 05:00:00,90644.1,90968.7,90465.3,90541.4,3058.136,277460615.4083
2024-11-17 06:00:00,90541.4,90886.3,90450.0,90730.4,1287.299,116728553.994
2024-11-17 07:00:00,90730.4,90750.0,90431.9,90629.9,1610.006,145851790.865
2024-11-17 08:00:00,90629.9,91153.8,90555.4,91083.7,2768.647,251578403.057
2024-11-17 09:00:00,91083.7,91601.8,91056.0,91410.4,4007.104,366113678.5769
2024-11-17 10:00:00,91410.4,91446.3,90896.7,91166.3,2261.881,206242692.6938
2024-11-17 11:00:00,91166.3,91187.8,90548.9,90771.5,4833.675,438978681.9873
2024-11-17 12:00:00,90771.5,91275.2,90715.1,91158.2,2645.788,240814510.0102
2024-11-17 13:00:00,91158.2,91182.4,90350.9,90573.4,4046.451,366985394.1811
2024-11-17 14:00:00,90573.4,90848.0,90000.0,90383.4,4371.692,395007946.7418
2024-11-17 15:00:00,90383.4,90648.0,90171.6,90328.2,2193.06,198374819.7013
2024-11-17 16:00:00,90328.2,90624.9,90135.4,90545.4,1650.226,149102439.2456
2024-11-17 17:00:00,90545.4,90799.0,90186.5,90674.2,2435.769,220484491.2432
2024-11-17 18:00:00,90674.2,90725.2,89873.2,90012.7,3517.995,317223760.0912
2024-11-17 19:00:00,90012.7,90228.9,89758.6,90130.6,2946.09,265126351.7061
2024-11-17 20:00:00,90130.6,90311.0,89566.3,89724.4,4136.884,371838581.8179
2024-11-17 21:00:00,89724.4,89845.0,88954.1,89188.7,6177.694,552327333.8553
2024-11-17 22:00:00,89188.7,89795.2,88735.7,89609.1,5867.578,524076170.0869
2024-11-17 23:00:00,89609.1,89941.7,89387.0,89900.0,3611.04,323853864.9751
2024-11-18 00:00:00,89900.0,90168.0,89667.2,90000.3,3688.786,331859086.6279
2024-11-18 01:00:00,90000.3,91091.4,89941.0,90838.0,4790.366,434074985.9093
2024-11-18 02:00:00,90838.0,90929.8,90467.2,90582.7,2007.76,182069170.2059
2024-11-18 03:00:00,90582.7,90769.9,90372.0,90755.5,1735.117,157106743.4778
2024-11-18 04:00:00,90755.5,90792.2,90517.0,90518.2,829.167,75166753.9351
2024-11-18 05:00:00,90518.2,90922.5,90518.2,90704.6,1267.543,114997074.6371
2024-11-18 06:00:00,90704.6,92249.9,90704.6,92218.8,7656.218,700105530.8454
2024-11-18 07:00:00,92218.8,92444.0,91520.7,91800.0,7088.769,651787360.1183
2024-11-18 08:00:00,91800.0,92267.0,91633.7,91901.7,3525.656,324216094.4315
2024-11-18 09:00:00,91901.7,92333.0,91743.0,91825.0,3118.816,286886384.2098
2024-11-18 10:00:00,91825.0,92124.8,91755.9,91870.6,3130.779,287983412.4124
2024-11-18 11:00:00,91870.6,91988.0,90092.0,90339.9,14345.946,1304032040.0888
2024-11-18 12:00:00,90339.9,90828.3,90153.5,90583.2,6614.136,598952477.8905
2024-11-18 13:00:00,90583.2,90658.5,89424.0,89553.8,12763.236,1147023460.4504
2024-11-18 14:00:00,89553.8,91189.2,89480.7,90372.1,15562.926,1407321857.9434
2024-11-18 15:00:00,90372.1,92757.6,90309.5,92444.7,17407.754,1596194236.2016
2024-11-18 16:00:00,92444.7,92746.2,91173.5,91503.3,12486.925,1147738310.6911
2024-11-18 17:00:00,91503.3,92352.4,90966.0,91661.5,11626.912,1065374966.0888
2024-11-18 18:00:00,91661.5,91768.0,90120.6,90426.4,7758.633,705380945.8304
2024-11-18 19:00:00,90426.4,90728.8,89721.0,90672.3,9243.309,833355909.3547
2024-11-18 20:00:00,90672.3,91998.0,90467.3,91540.1,12421.888,1136096800.0572
2024-11-18 21:00:00,91540.1,92044.1,91219.0,91363.2,6270.027,575156840.5593
2024-11-18 22:00:00,91363.2,91533.3,91000.0,91230.2,2148.968,196192936.2922
2024-11-18 23:00:00,91230.2,91307.9,90303.7,90535.0,5012.343,454343346.814
2024-11-19 00:00:00,90535.0,91292.3,90435.9,91115.8,3683.971,334602114.6411
2024-11-19 01:00:00,91115.8,91329.6,90670.7,90790.0,2403.175,218663711.3033
2024-11-19 02:00:00,90790.0,91368.0,90778.2,91326.3,2224.833,202849982.288
2024-11-19 03:00:00,91326.3,91649.4,91235.0,91514.9,1872.96,171287874.5538
2024-11-19 04:00:00,91514.9,91888.0,91322.7,91604.3,2820.304,258304037.2984
2024-11-19 05:00:00,91604.3,91989.9,91282.3,91965.6,2666.894,244321586.5057
2024-11-19 06:00:00,91965.6,92073.8,91672.5,92037.3,2824.56,259580140.1774
2024-11-19 07:00:00,92037.3,92117.1,91655.7,91690.5,2482.774,228109123.713
2024-11-19 08:00:00,91690.5,91880.0,91477.7,91872.9,3057.865,280352012.5299
2024-11-19 09:00:00,91872.9,92050.0,91242.0,91776.1,5477.034,501742781.7924
2024-11-19 10:00:00,91776.1,92034.1,91522.4,91845.3,2640.286,242395982.8681
2024-11-19 11:00:00,91845.3,91939.0,91585.9,91719.0,1818.558,166849237.1004
2024-11-19 12:00:00,91719.0,92636.0,91719.0,92540.3,8276.05,763840953.9553
2024-11-19 13:00:00,92540.3,92877.0,91074.9,91178.4,14222.87,1308342197.5457
2024-11-19 14:00:00,91178.4,92385.4,91020.0,91884.5,16258.994,1490932378.898
2024-11-19 15:00:00,91884.5,92500.0,91544.4,92453.3,8925.86,821953165.5085
2024-11-19 16:00:00,92453.3,92699.9,92147.0,92614.2,5034.386,465509149.8291
2024-11-19 17:00:00,92614.2,93373.1,92358.2,92925.2,10881.476,1010729948.6445
2024-11-19 18:00:00,92925.2,93933.5,92781.0,93698.4,16593.932,1551401712.5948
2024-11-19 19:00:00,93698.4,93980.0,93064.1,93280.5,10821.531,1012631930.9262
2024-11-19 20:00:00,93280.5,93643.0,92133.3,92466.6,11700.056,1086838215.5723
2024-11-19 21:00:00,92466.6,92793.8,91800.0,92239.2,11818.776,1090060960.2047
2024-11-19 22:00:00,92239.2,92480.0,91228.0,91853.7,6746.238,619504883.512
2024-11-19 23:00:00,91853.7,92341.4,91614.0,92341.4,3981.934,366416308.7101
2024-11-20 00:00:00,92341.4,92460.7,92012.8,92066.9,2935.388,270718341.1264
2024-11-20 01:00:00,92066.9,92294.1,91750.0,92015.1,2818.803,259258948.6722
2024-11-20 02:00:00,92015.1,92082.9,91618.8,91798.7,2773.4,254682781.3245
2024-11-20 03:00:00,91798.7,92124.9,91511.0,92092.2,3485.763,319971939.8777
2024-11-20 04:00:00,92092.2,92322.2,91901.1,92159.9,1680.325,154855466.1539
2024-11-20 05:00:00,92159.9,92592.0,92004.4,92575.5,2643.025,244080680.3186
2024-11-20 06:00:00,92575.5,92716.0,92425.0,92453.1,2442.213,226148778.1621
2024-11-20 07:00:00,92453.1,92916.5,92366.3,92903.5,2546.95,236248397.7321
2024-11-20 08:00:00,92903.5,93420.6,92764.5,93260.4,4590.717,427466892.5321
2024-11-20 09:00:00,93260.4,93733.6,92995.8,93130.3,6028.704,562789223.8734
2024-11-20 10:00:00,93130.3,93588.2,93057.3,93338.3,3071.594,286858308.5775
2024-11-20 11:00:00,93338.3,93700.0,92860.9,93527.6,5454.475,508778507.129
2024-11-20 12:00:00,93527.6,93817.0,93367.4,93593.0,6007.669,562411088.797
2024-11-20 13:00:00,93593.0,94677.3,93593.0,94435.7,13993.624,1318864923.6196
2024-11-20 14:00:00,94435.7,94818.5,93863.7,94669.0,13260.285,1252100951.7975
2024-11-20 15:00:00,94669.0,94898.9,94075.8,94776.2,9417.421,890708114.6179
2024-11-20 16:00:00,94776.2,94881.5,93333.0,94100.0,13379.203,1257488234.9146
2024-11-20 17:00:00,94100.0,94388.3,93606.8,93921.0,6303.465,592865693.1957
2024-11-20 18:00:00,93921.0,94297.2,93100.0,93705.9,9614.206,900755190.3167
2024-11-20 19:00:00,93705.9,94031.2,93247.1,94031.1,4425.223,414389308.5657
2024-11-20 20:00:00,94031.1,94650.0,93840.0,94279.7,5920.056,558066011.5343
2024-11-20 21:00:00,94279.7,94527.5,93907.6,94368.1,3548.941,334584748.2109
2024-11-20 22:00:00,94368.1,94531.8,93951.9,94170.7,2469.687,232677988.4222
2024-11-20 23:00:00,94170.7,94319.7,93781.2,94315.3,2365.323,222472876.5122
2024-11-21 00:00:00,94315.3,94978.8,94218.6,94764.0,5869.963,556102362.257
2024-11-21 01:00:00,94764.0,95000.0,94616.1,94734.5,4690.066,444710972.3544
2024-11-21 02:00:00,94734.5,94797.4,94032.0,94410.5,5860.34,553120935.5465
2024-11-21 03:00:00,94410.5,96100.0,94396.2,95859.7,15528.343,1482131234.2132
2024-11-21 04:00:00,95859.7,97872.3,95859.6,97665.2,20933.668,2027142539.0749
2024-11-21 05:00:00,97665.2,97969.1,96727.7,97376.4,14176.808,1381586370.5468
2024-11-21 06:00:00,97376.4,97469.0,96848.5,97065.2,5643.613,548608283.7319
2024-11-21 07:00:00,97065.2,97477.9,96973.8,96980.0,3816.13,370953302.9819
2024-11-21 08:00:00,96980.0,97231.5,96779.3,97169.7,3885.617,376842064.4875
2024-11-21 09:00:00,97169.7,97790.0,97080.0,97673.0,5453.618,531865853.9028
2024-11-21 10:00:00,97673.0,97827.6,97320.0,97788.3,3686.463,359792725.7423
2024-11-21 11:00:00,97788.3,98450.0,97760.2,98034.8,11717.807,1149747426.1967
2024-11-21 12:00:00,98034.8,98330.1,97337.3,97362.1,9757.301,955306319.8299
2024-11-21 13:00:00,97362.1,97829.3,97111.7,97600.1,7238.05,705543313.6587
2024-11-21 14:00:00,97600.1,97766.6,96550.0,97110.9,11947.438,1161211862.4019
2024-11-21 15:00:00,97110.9,97210.0,95666.1,96739.1,18308.253,1766216303.7531
2024-11-21 16:00:00,96739.1,97472.3,96350.2,97215.2,7412.124,718830050.8515
2024-11-21 17:00:00,97215.2,98159.9,96972.3,98146.5,5312.735,518358108.6375
2024-11-21 18:00:00,98146.5,98600.0,97720.6,98330.0,8700.295,854158065.3171
2024-11-21 19:00:00,98330.0,99111.0,97805.3,97922.2,13256.114,1306788725.1614
2024-11-21 20:00:00,97922.2,98764.0,97614.4,98174.4,8656.408,850099269.6317
2024-11-21 21:00:00,98174.4,98250.0,97533.3,98016.9,7693.647,753109544.9198
2024-11-21 22:00:00,98016.9,98550.0,97893.2,98415.9,2669.422,262184903.1366
2024-11-21 23:00:00,98415.9,98814.4,98361.6,98382.9,3152.074,310654576.8814
2024-11-22 00:00:00,98382.9,98589.7,97910.0,98062.8,3495.531,343403366.8814
2024-11-22 01:00:00,98062.8,98432.4,97824.5,98128.8,3515.172,344804575.0724
2024-11-22 02:00:00,98128.8,98878.5,98083.0,98689.2,4083.794,402203934.8861
2024-11-22 03:00:00,98689.2,99428.6,98468.3,98916.2,7217.31,714374066.8536
2024-11-22 04:00:00,98916.2,99197.0,98750.0,98879.9,3431.888,339623620.6469
2024-11-22 05:00:00,98879.9,99089.9,98565.1,98850.5,2420.255,239233834.9027
2024-11-22 06:00:00,98850.5,99125.8,98700.1,99097.6,2421.075,239410322.4671
2024-11-22 07:00:00,99097.6,99572.0,98955.9,99261.5,6627.921,658176062.2664
2024-11-22 08:00:00,99261.5,99407.0,98829.7,98911.3,3734.929,370089643.8226
2024-11-22 09:00:00,98911.3,98946.2,98460.1,98800.1,4252.033,419590047.8154
2024-11-22 10:00:00,98800.1,98873.1,98343.6,98473.0,3863.037,380608827.961
2024-11-22 11:00:00,98473.0,99017.8,98305.4,98955.0,3262.444,322172551.7495
2024-11-22 12:00:00,98955.0,99037.6,98572.7,98717.8,4435.754,438367817.2587
2024-11-22 13:00:00,98717.8,98717.9,97400.0,97820.1,16139.964,1581253867.7792
2024-11-22 14:00:00,97820.1,98230.3,97210.0,97373.4,10719.429,1047020237.4835
2024-11-22 15:00:00,97373.4,98843.0,97233.2,98715.2,9499.475,933639025.329
2024-11-22 16:00:00,98715.2,99078.2,98275.2,98921.4,7190.043,709150857.113
2024-11-22 17:00:00,98921.4,99388.7,98807.6,98854.2,8498.809,842344901.6801
2024-11-22 18:00:00,98854.2,99230.7,98705.6,99166.9,4751.857,470470947.1642
2024-11-22 19:00:00,99166.9,99690.0,98868.2,99144.5,8953.258,889584807.7888
2024-11-22 20:00:00,99144.5,99535.6,98977.6,99230.9,5659.327,561414052.2343
2024-11-22 21:00:00,99230.9,99358.9,98742.1,99341.2,4929.405,488144929.8075
2024-11-22 22:00:00,99341.2,99426.9,98536.3,98676.7,2946.346,291481992.1409
2024-11-22 23:00:00,98676.7,98961.6,98676.7,98947.0,1292.079,127697939.686
2024-11-23 00:00:00,98947.0,98970.9,98596.6,98693.0,1909.826,188601235.7544
2024-11-23 01:00:00,98693.0,98718.0,98342.9,98639.5,2469.364,243261489.6982
2024-11-23 02:00:00,98639.5,98663.8,98334.9,98548.9,1789.74,176235134.5809
2024-11-23 03:00:00,98548.9,98866.9,98460.1,98729.4,1416.932,139865871.4446
2024-11-23 04:00:00,98729.4,98770.0,98325.0,98640.5,2364.147,233021900.103
2024-11-23 05:00:00,98640.5,98831.7,98474.7,98813.7,1534.787,151391044.4666
2024-11-23 06:00:00,98813.7,98874.6,98665.5,98786.0,939.371,92789472.5904
2024-11-23 07:00:00,98786.0,98801.3,98480.1,98631.2,1175.094,115880097.1287
2024-11-23 08:00:00,98631.2,98735.4,98438.0,98523.9,1510.683,148857733.3152
2024-11-23 09:00:00,98523.9,98622.8,98434.1,98525.6,891.921,87869343.1155
2024-11-23 10:00:00,98525.6,98650.0,98390.0,98484.4,1626.873,160239142.2301
2024-11-23 11:00:00,98484.4,98585.2,98436.3,98479.3,910.567,89711489.7907
2024-11-23 12:00:00,98479.3,98698.9,98463.3,98688.7,1326.151,130756786.9278
2024-11-23 13:00:00,98688.7,98935.0,98608.0,98616.0,2009.277,198475821.296
2024-11-23 14:00:00,98616.0,98873.3,98530.6,98828.0,2063.446,203715451.0108
2024-11-23 15:00:00,98828.0,98873.0,98417.9,98440.1,2671.534,263473599.0239
2024-11-23 16:00:00,98440.1,98527.0,97607.9,97790.0,10235.413,1002701369.4904
2024-11-23 17:00:00,97790.0,98146.0,97380.0,97980.1,6087.545,595113208.3269
2024-11-23 18:00:00,97980.1,98076.9,97673.7,97931.8,2233.705,218602099.7398
2024-11-23 19:00:00,97931.8,97931.8,97400.1,97581.2,2343.113,228708396.5305
2024-11-23 20:00:00,97581.2,97809.1,97185.9,97791.6,4426.967,431594816.3536
2024-11-23 21:00:00,97791.6,98128.9,97585.9,98048.7,2596.584,254151039.2925
2024-11-23 22:00:00,98048.7,98115.1,97500.1,97719.3,1928.304,188608626.5174
2024-11-23 23:00:00,97719.3,97822.1,97412.9,97740.2,1541.328,150447532.7645
2024-11-24 00:00:00,97740.2,98087.9,97697.3,97989.6,1735.157,169946786.31
2024-11-24 01:00:00,97989.6,98487.3,97989.6,98270.7,2199.336,216110389.1031
2024-11-24 02:00:00,98270.7,98653.3,98270.7,98480.3,1874.288,184643749.5753
2024-11-24 03:00:00,98480.3,98525.9,98165.0,98275.0,1337.262,131514481.5804
2024-11-24 04:00:00,98275.0,98338.9,97956.0,98249.6,1364.899,133940690.5545
2024-11-24 05:00:00,98249.6,98373.1,97979.9,98360.5,1655.354,162570830.1762
2024-11-24 06:00:00,98360.5,98499.9,98110.7,98436.9,1170.496,115122959.1612
2024-11-24 07:00:00,98436.9,98487.2,98237.5,98475.0,937.052,92183598.9469
2024-11-24 08:00:00,98475.0,98500.0,98004.1,98137.1,1805.854,177438347.1317
2024-11-24 09:00:00,98137.1,98285.4,97877.1,98018.4,1763.843,172927086.2807
2024-11-24 10:00:00,98018.4,98050.0,97504.4,97750.1,2473.719,241862281.3692
2024-11-24 11:00:00,97750.1,97823.9,97293.6,97340.1,4095.857,399344924.9131
2024-11-24 12:00:00,97340.1,97483.7,96473.1,96986.1,9759.762,946031311.9365
2024-11-24 13:00:00,96986.1,97710.0,96821.4,97307.8,5890.872,573598547.948
2024-11-24 14:00:00,97307.8,97315.0,96638.2,97123.6,6875.008,666552798.9115
2024-11-24 15:00:00,97123.6,97173.9,95979.9,95981.2,8885.415,857332953.7425
2024-11-24 16:00:00,95981.2,96873.4,95800.3,96499.9,7527.004,725226783.0802
2024-11-24 17:00:00,96499.9,96516.0,95808.5,95965.3,6010.82,577384527.7528
2024-11-24 18:00:00,95965.3,96634.6,95895.7,96600.0,3510.028,337900167.8249
2024-11-24 19:00:00,96600.0,96600.0,96191.3,96408.9,1843.797,177653539.4096
2024-11-24 20:00:00,96408.9,96918.0,96268.7,96897.3,2293.507,221663274.4153
2024-11-24 21:00:00,96897.3,97058.8,96652.4,97033.5,1486.155,143944483.0101
2024-11-24 22:00:00,97033.5,98113.1,97033.5,98110.7,6320.219,617072204.0486
2024-11-24 23:00:00,98110.7,98473.7,97636.3,98027.7,7360.397,721757456.3635
2024-11-25 00:00:00,98027.7,98199.5,97661.9,97840.6,4957.141,485395715.1636
2024-11-25 01:00:00,97840.6,97978.4,96938.6,97297.8,5329.098,518785650.7908
2024-11-25 02:00:00,97297.8,97830.0,97285.2,97456.5,2050.521,200118070.9909
2024-11-25 03:00:00,97456.5,97974.5,97407.1,97964.6,1819.174,177837416.9735
2024-11-25 04:00:00,97964.6,98135.4,97621.6,97879.2,2423.776,237252373.7297
2024-11-25 05:00:00,97879.2,98328.6,97852.9,98150.9,2522.813,247582558.427
2024-11-25 06:00:00,98150.9,98467.9,98110.9,98155.7,2580.162,253671281.3346
2024-11-25 07:00:00,98155.7,98358.1,97811.9,98129.0,2604.64,255402695.1106
2024-11-25 08:00:00,98129.0,98383.8,97935.7,98299.9,2231.563,219251745.5538
2024-11-25 09:00:00,98299.9,98979.9,98285.6,98583.3,5946.478,586924538.0022
2024-11-25 10:00:00,98583.3,98789.5,98285.7,98411.6,3131.653,308406555.1017
2024-11-25 11:00:00,98411.6,98681.6,98108.5,98264.1,3320.459,326686953.8926
2024-11-25 12:00:00,98264.1,98406.8,97925.0,97976.8,3758.417,368680281.468
2024-11-25 13:00:00,97976.8,98017.0,97303.0,97545.3,10216.48,997142207.7358
2024-11-25 14:00:00,97545.3,97729.8,95400.0,95470.8,17137.98,1654603676.3659
2024-11-25 15:00:00,95470.8,96582.4,94650.0,96053.8,27016.998,2584058624.045
2024-11-25 16:00:00,96053.8,96578.4,95740.1,95983.7,7512.227,721939771.9358
2024-11-25 17:00:00,95983.7,95988.0,94900.1,95312.9,9630.959,918251485.5981
2024-11-25 18:00:00,95312.9,96002.0,94907.4,95216.5,6642.478,633920388.1614
2024-11-25 19:00:00,95216.5,95357.0,94400.0,94721.9,9475.569,898986096.9893
2024-11-25 20:00:00,94721.9,95379.4,94551.0,95046.8,6026.497,571982857.6796
2024-11-25 21:00:00,95046.8,95249.3,93612.0,93827.8,11469.984,1081519647.7919
2024-11-25 22:00:00,93827.8,94460.7,92620.0,94438.4,16632.101,1557081729.0107
2024-11-25 23:00:00,94438.4,94438.4,92813.1,93004.1,13230.728,1238160231.0218
2024-11-26 00:00:00,93004.1,94387.9,92731.2,93855.3,8613.374,807094881.8436
2024-11-26 01:00:00,93855.3,94917.4,93836.1,94911.8,4780.179,451651228.777
2024-11-26 02:00:00,94911.8,94975.0,94471.1,94641.0,2403.362,227654032.2509
2024-11-26 03:00:00,94641.0,94780.0,94260.5,94538.2,2865.581,270844996.765
2024-11-26 04:00:00,94538.2,94607.0,94135.0,94351.2,2175.477,205263661.1482
2024-11-26 05:00:00,94351.2,94749.9,94248.4,94710.9,1396.756,132033926.6739
2024-11-26 06:00:00,94710.9,95063.1,94494.8,94552.8,2546.147,241392941.9762
2024-11-26 07:00:00,94552.8,94586.6,93550.0,93828.0,6392.099,600531905.3642
2024-11-26 08:00:00,93828.0,93828.0,92345.0,93183.3,14562.903,1352229934.6895
2024-11-26 09:00:00,93183.3,93794.9,93109.5,93575.2,6960.816,650590634.5207
2024-11-26 10:00:00,93575.2,93811.1,92313.4,92383.5,6461.771,600178866.4148
2024-11-26 11:00:00,92383.5,92749.8,91500.2,92400.1,14786.071,1361400679.1797
2024-11-26 12:00:00,92400.1,92718.8,91850.0,92211.8,6433.885,593589222.3552
2024-11-26 13:00:00,92211.8,92979.5,91971.4,92223.9,5666.54,524311012.314
2024-11-26 14:00:00,92223.9,93592.1,91783.9,93321.6,10829.821,1004608938.1411
2024-11-26 15:00:00,93321.6,93624.0,92340.2,92853.7,10544.594,981171076.4028
2024-11-26 16:00:00,92853.7,94749.9,92733.3,94093.9,12550.294,1180625135.1905
2024-11-26 17:00:00,94093.9,94127.0,93491.8,93622.5,5545.178,520086877.2636
2024-11-26 18:00:00,93622.5,93707.7,92042.8,92150.0,12067.346,1118333850.8384
2024-11-26 19:00:00,92150.0,92735.9,91616.0,91737.9,6861.243,631875649.5056
2024-11-26 20:00:00,91737.9,92099.0,90835.5,91124.2,15222.17,1391866394.1935
2024-11-26 21:00:00,91124.2,92009.8,90918.6,91762.9,6818.442,624114816.4201
2024-11-26 22:00:00,91762.9,92442.3,91601.0,91893.4,4350.17,400774384.7212
2024-11-26 23:00:00,91893.4,92133.3,91649.3,92025.6,2880.72,264744432.5877
2024-11-27 00:00:00,92025.6,92500.0,91857.6,92008.9,4448.266,410058072.9331
2024-11-27 01:00:00,92008.9,92916.4,91888.0,92837.7,4531.306,419327210.7026
2024-11-27 02:00:00,92837.7,93149.9,92343.8,93019.5,5468.475,507459227.8158
2024-11-27 03:00:00,93019.5,93030.0,92577.0,92658.1,2672.542,248003531.2855
2024-11-27 04:00:00,92658.1,93284.0,92561.1,92637.9,3757.894,349113501.5709
2024-11-27 05:00:00,92637.9,92889.5,92419.9,92831.5,1917.937,177696601.4237
2024-11-27 06:00:00,92831.5,93469.0,92831.5,93122.4,3188.977,297312114.8793
2024-11-27 07:00:00,93122.4,93718.2,93080.8,93655.7,2639.515,246779803.6348
2024-11-27 08:00:00,93655.7,93666.6,93303.0,93505.1,2363.896,221000146.8225
2024-11-27 09:00:00,93505.1,93556.5,93163.9,93465.0,2099.752,195985214.5538
2024-11-27 10:00:00,93465.0,93967.9,93410.0,93872.2,3047.218,285660406.2344
2024-11-27 11:00:00,93872.2,93882.1,93370.0,93431.3,2509.448,234810590.0538
2024-11-27 12:00:00,93431.3,93567.0,92889.0,93562.6,4726.512,440610273.6423
2024-11-27 13:00:00,93562.6,94345.9,93468.3,94345.9,5805.539,545062048.2467
2024-11-27 14:00:00,94345.9,94990.0,94168.3,94932.9,12079.451,1142334552.501
2024-11-27 15:00:00,94932.9,95950.0,94386.3,95653.5,13310.867,1267920870.6525
2024-11-27 16:00:00,95653.5,96432.1,95286.8,95755.9,10077.996,966200208.3305
2024-11-27 17:00:00,95755.9,96395.5,95395.0,96321.5,5875.796,563686927.4517
2024-11-27 18:00:00,96321.5,96684.1,96085.4,96196.6,5153.04,496549200.7659
2024-11-27 19:00:00,96196.6,96714.0,95980.3,96708.3,3181.201,306554031.1094
2024-11-27 20:00:00,96708.3,97276.0,96355.7,96558.2,8843.718,856412699.2488
2024-11-27 21:00:00,96558.2,96668.8,96100.8,96332.1,4290.427,413413392.333
2024-11-27 22:00:00,96332.1,96575.1,96081.2,96115.2,3143.743,302845908.7616
2024-11-27 23:00:00,96115.2,96246.1,95810.9,95908.7,3318.165,318454877.1022
2024-11-28 00:00:00,95908.7,96648.0,95777.1,96625.0,4172.557,401263599.6662
2024-11-28 01:00:00,96625.0,96630.6,96138.5,96342.3,2707.407,260747792.159
2024-11-28 02:00:00,96342.3,96537.9,95686.1,95777.3,2783.616,267689537.7452
2024-11-28 03:00:00,95777.3,95867.7,94840.6,95544.9,8715.242,830845782.3555
2024-11-28 04:00:00,95544.9,95900.0,95380.3,95806.0,3320.436,317714912.6949
2024-11-28 05:00:00,95806.0,95978.8,95385.3,95500.1,3384.14,323742456.4935
2024-11-28 06:00:00,95500.1,95772.4,95110.8,95536.0,3657.137,349066315.8821
2024-11-28 07:00:00,95536.0,95839.2,95281.8,95373.3,2746.05,262530380.3857
2024-11-28 08:00:00,95373.3,95688.0,95159.0,95526.2,2536.449,242007806.3616
2024-11-28 09:00:00,95526.2,95593.7,94992.4,95029.9,2487.379,236975588.2984
2024-11-28 10:00:00,95029.9,95228.2,94707.0,95030.0,6077.484,577090681.5418
2024-11-28 11:00:00,95030.0,95875.0,94822.6,95524.0,4921.981,469474425.5109
2024-11-28 12:00:00,95524.0,95750.0,95255.3,95545.0,3293.403,314532329.0855
2024-11-28 13:00:00,95545.0,95850.0,95082.1,95772.0,4032.19,384769129.8334
2024-11-28 14:00:00,95772.0,96300.0,95405.9,95450.1,5589.87,535657021.9603
2024-11-28 15:00:00,95450.1,95584.9,94950.1,95070.5,4482.402,426954457.24
2024-11-28 16:00:00,95070.5,95397.6,94854.9,95038.2,3022.902,287671084.8355
2024-11-28 17:00:00,95038.2,95345.0,94904.6,94955.9,2143.075,203901945.297
2024-11-28 18:00:00,94955.9,95424.8,94929.8,95383.5,1502.024,143009479.5965
2024-11-28 19:00:00,95383.5,95529.0,95105.8,95205.0,1332.111,126898820.7418
2024-11-28 20:00:00,95205.0,95224.5,94770.4,94888.1,1855.386,176154632.4345
2024-11-28 21:00:00,94888.1,95294.6,94875.3,95212.5,1905.073,181238096.7431
2024-11-28 22:00:00,95212.5,95728.4,95100.0,95710.0,2641.338,252131958.243
2024-11-28 23:00:00,95710.0,96097.6,95586.4,95702.8,3158.756,302627286.0587
2024-11-29 00:00:00,95702.8,95904.2,95420.3,95540.6,2036.641,194791974.3363
2024-11-29 01:00:00,95540.6,96050.1,95486.5,95987.4,1717.58,164480588.2973
2024-11-29 02:00:00,95987.4,96951.9,95977.5,96817.7,5629.397,543474633.652
2024-11-29 03:00:00,96817.7,96883.5,96491.0,96658.2,1986.067,192014304.9802
2024-11-29 04:00:00,96658.2,96699.9,96299.6,96335.5,2670.118,257474140.1967
2024-11-29 05:00:00,96335.5,96604.7,96186.6,96224.0,1935.637,186617971.4853
2024-11-29 06:00:00,96224.0,96449.2,96057.2,96342.2,2176.906,209573947.3256
2024-11-29 07:00:00,96342.2,96504.6,95669.8,95702.4,3496.148,335598514.8465
2024-11-29 08:00:00,95702.4,96088.7,95700.1,96064.1,2298.146,220427233.0636
2024-11-29 09:00:00,96064.1,96560.1,95932.5,96448.1,2993.796,288276315.9334
2024-11-29 10:00:00,96448.1,96949.0,96383.0,96945.7,3698.64,357823820.6607
2024-11-29 11:00:00,96945.7,97478.6,96615.8,97327.3,5231.131,507872420.2051
2024-11-29 12:00:00,97327.3,97586.0,96932.5,97006.0,5207.367,506489999.0223
2024-11-29 13:00:00,97006.0,97335.0,96833.2,97289.9,3139.22,304645889.8737
2024-11-29 14:00:00,97289.9,98153.9,96972.0,98091.2,7419.923,724344414.4043
2024-11-29 15:00:00,98091.2,98735.3,97764.2,98084.0,13102.241,1287727738.3825
2024-11-29 16:00:00,98084.0,98550.0,97778.5,97886.2,8372.914,821782175.4351
2024-11-29 17:00:00,97886.2,97919.7,97021.7,97029.2,7370.041,717427752.3516
2024-11-29 18:00:00,97029.2,97436.2,96910.5,97245.0,2997.532,291336993.7041
2024-11-29 19:00:00,97245.0,97512.5,96921.4,97407.1,3285.662,319406532.7987
2024-11-29 20:00:00,97407.1,97712.8,97254.0,97368.8,1969.771,192033789.5285
2024-11-29 21:00:00,97368.8,97500.0,97040.8,97447.9,1559.215,151708194.0961
2024-11-29 22:00:00,97447.9,97552.7,97280.2,97352.4,1182.88,115238368.037
2024-11-29 23:00:00,97352.4,97568.8,97157.1,97526.7,1069.677,104132133.8633
2024-11-30 00:00:00,97526.7,97539.8,97031.2,97053.3,2153.113,209334957.3796
2024-11-30 01:00:00,97053.3,97054.5,96515.0,96519.9,4090.067,395841249.7457
2024-11-30 02:00:00,96519.9,96799.3,96429.6,96693.9,2925.38,282549109.9149
2024-11-30 03:00:00,96693.9,96785.5,96480.0,96725.7,1314.25,127022314.5892
2024-11-30 04:00:00,96725.7,96816.1,96589.2,96750.0,1200.571,116129204.7117
2024-11-30 05:00:00,96750.0,97252.9,96745.1,97162.8,2007.86,194698014.9061
2024-11-30 06:00:00,97162.8,97324.1,96659.8,96707.1,4318.537,418811121.5155
2024-11-30 07:00:00,96707.1,97007.4,96619.4,96866.0,1103.444,106868694.6999
2024-11-30 08:00:00,96866.0,97051.4,96772.1,97031.4,1113.068,107916234.5102
2024-11-30 09:00:00,97031.4,97031.5,96672.2,96851.9,1419.399,137406011.6126
2024-11-30 10:00:00,96851.9,96886.1,96166.2,96201.6,3954.528,381358607.5974
2024-11-30 11:00:00,96201.6,96517.7,96151.0,96334.8,2378.017,229151660.1314
2024-11-30 12:00:00,96334.8,96634.6,96310.0,96619.2,1248.387,120500484.0217
2024-11-30 13:00:00,96619.2,96746.0,96455.8,96466.1,1679.686,162295450.2255
2024-11-30 14:00:00,96466.1,96789.3,96340.0,96516.8,1692.957,163513283.8566
2024-11-30 15:00:00,96516.8,96800.0,96450.1,96704.6,883.981,85463316.6427
2024-11-30 16:00:00,96704.6,97031.2,96574.5,96934.1,1624.493,157262642.6456
2024-11-30 17:00:00,96934.1,97036.5,96827.7,96845.4,942.539,91369907.1296
2024-11-30 18:00:00,96845.4,97084.1,96823.6,97034.9,967.813,93840852.9385
2024-11-30 19:00:00,97034.9,97129.9,96929.9,97061.1,732.466,71070217.2889
2024-11-30 20:00:00,97061.1,97108.7,96854.4,97035.6,694.426,67339020.0705
2024-11-30 21:00:00,97035.6,97047.9,96829.5,96851.1,743.203,72030108.4827
2024-11-30 22:00:00,96851.1,96889.4,96396.9,96531.9,1770.702,171116909.5781
2024-11-30 23:00:00,96531.9,96654.6,96381.9,96484.0,1161.239,112057647.1614
2024-12-01 00:00:00,96484.0,96749.5,96313.0,96400.2,2366.751,228420878.5777
2024-12-01 01:00:00,96400.2,96591.2,96108.9,96169.3,2867.937,276250208.728
2024-12-01 02:00:00,96169.3,96517.3,95750.0,95846.8,7296.172,701601380.8109
2024-12-01 03:00:00,95846.8,96523.5,95829.0,96402.5,2616.475,251848982.9219
2024-12-01 04:00:00,96402.5,96620.6,96263.3,96591.9,1335.071,128756676.4682
2024-12-01 05:00:00,96591.9,96604.0,96365.6,96405.4,2009.351,193918660.7543
2024-12-01 06:00:00,96405.4,96583.3,96380.0,96408.1,779.855,75247440.5322
2024-12-01 07:00:00,96408.1,96581.0,96378.1,96539.8,673.327,64972271.99
2024-12-01 08:00:00,96539.8,97290.0,96493.3,97124.0,5371.569,521204742.7921
2024-12-01 09:00:00,97124.0,97189.3,96922.8,97108.0,1285.49,124730070.802
2024-12-01 10:00:00,97108.0,97120.0,96603.9,96886.4,1745.876,169096124.2066
2024-12-01 11:00:00,96886.4,97205.0,96886.3,97177.1,1631.092,158328853.577
2024-12-01 12:00:00,97177.1,97189.0,96840.0,96840.0,1528.755,148352320.741
2024-12-01 13:00:00,96840.0,97473.0,96733.0,97140.9,3680.131,357721496.682
2024-12-01 14:00:00,97140.9,97416.9,97026.4,97353.6,2107.673,204906915.1544
2024-12-01 15:00:00,97353.6,97382.8,97019.3,97094.6,1852.864,180130972.181
2024-12-01 16:00:00,97094.6,97426.6,97054.6,97270.0,1805.959,175725257.3787
2024-12-01 17:00:00,97270.0,97387.5,97100.0,97387.5,992.019,96479113.1363
2024-12-01 18:00:00,97387.5,97600.0,97122.1,97173.5,2633.262,256424609.2369
2024-12-01 19:00:00,97173.5,97369.2,97010.0,97224.2,1942.629,188749723.7385
2024-12-01 20:00:00,97224.2,97257.1,96823.7,97157.1,2631.979,255311514.2167
2024-12-01 21:00:00,97157.1,97879.2,97097.6,97844.9,3256.901,317717209.3443
2024-12-01 22:00:00,97844.9,97929.4,97433.3,97643.1,2285.727,223137092.3539
2024-12-01 23:00:00,97643.1,97866.0,97250.0,97265.4,2420.659,236239739.0366
2024-12-02 00:00:00,97265.4,97693.2,97150.0,97532.8,3109.305,302858494.6869
2024-12-02 01:00:00,97532.8,98270.7,97473.0,98077.6,5338.701,522933900.9283
2024-12-02 02:00:00,98077.6,98161.9,97529.3,97734.0,1935.175,189187755.062
2024-12-02 03:00:00,97734.0,97761.0,96400.8,96537.2,5556.587,539294530.6054
2024-12-02 04:00:00,96537.2,96912.8,96105.0,96761.4,7143.048,689157406.8052
2024-12-02 05:00:00,96761.4,97007.8,96400.0,96421.5,2909.804,281380703.1048
2024-12-02 06:00:00,96421.5,96497.1,96168.4,96337.3,3972.307,382538371.852
2024-12-02 07:00:00,96337.3,96527.8,95792.3,96040.0,4859.351,466795807.338
2024-12-02 08:00:00,96040.0,96176.5,94915.0,95097.5,10006.757,954231244.7095
2024-12-02 09:00:00,95097.5,95624.8,95000.5,95549.6,4187.475,399212585.5255
2024-12-02 10:00:00,95549.6,95559.5,94858.0,95010.9,4946.079,470478152.8078
2024-12-02 11:00:00,95010.9,95379.0,94910.0,95177.1,3637.22,346205455.4379
2024-12-02 12:00:00,95177.1,95462.0,94761.0,95021.4,4386.673,417322288.4394
2024-12-02 13:00:00,95021.4,95871.4,94852.0,95737.8,7899.308,754116746.3138
2024-12-02 14:00:00,95737.8,96884.1,95552.3,96385.1,9218.049,887819675.2951
2024-12-02 15:00:00,96385.1,97304.4,95789.4,97127.8,10973.051,1062293967.7021
2024-12-02 16:00:00,97127.8,97450.0,96045.5,96223.6,12854.494,1244605462.0611
2024-12-02 17:00:00,96223.6,96649.9,94455.0,94661.9,10805.027,1032495047.2221
2024-12-02 18:00:00,94661.9,95899.8,94540.5,95687.7,6682.462,637230430.0121
2024-12-02 19:00:00,95687.7,95936.7,95207.7,95869.8,4047.581,386704570.2714
2024-12-02 20:00:00,95869.8,96397.7,95475.4,95720.4,4751.773,456048193.2885
2024-12-02 21:00:00,95720.4,95820.0,95379.8,95456.2,2440.416,233283615.6482
2024-12-02 22:00:00,95456.2,95593.5,95147.4,95432.1,1824.895,174070629.7062
2024-12-02 23:00:00,95432.1,95923.6,95388.3,95886.6,1882.831,180194348.7171
2024-12-03 00:00:00,95886.6,96169.2,95732.9,95873.5,2169.367,208147678.2234
2024-12-03 01:00:00,95873.5,95989.4,95517.5,95587.3,2042.325,195500981.3116
2024-12-03 02:00:00,95587.3,96389.0,95452.6,96120.8,3118.838,299222185.8106
2024-12-03 03:00:00,96120.8,96287.2,95974.0,96144.1,983.724,94572287.4916
2024-12-03 04:00:00,96144.1,96312.1,95966.5,95994.7,1231.569,118375939.226
2024-12-03 05:00:00,95994.7,96261.5,95916.0,96214.5,908.773,87339552.5713
2024-12-03 06:00:00,96214.5,96343.6,95608.0,95717.0,1992.626,191334437.0455
2024-12-03 07:00:00,95717.0,95809.0,95321.9,95599.1,4245.039,405610422.3673
2024-12-03 08:00:00,95599.1,95725.0,95362.3,95592.2,2433.494,232502137.1239
2024-12-03 09:00:00,95592.2,95602.8,95217.6,95326.8,1794.187,171057576.1497
2024-12-03 10:00:00,95326.8,95549.8,94701.9,94763.8,3638.625,345896518.317
2024-12-03 11:00:00,94763.8,95109.7,94655.4,95055.0,3917.321,371708813.8138
2024-12-03 12:00:00,95055.0,95057.8,94744.0,94874.1,2295.183,217852918.8464
2024-12-03 13:00:00,94874.1,94935.8,93710.5,93767.1,10789.878,1017705443.5994
2024-12-03 14:00:00,93767.1,95500.0,93605.4,95282.6,17977.881,1697094951.3032
2024-12-03 15:00:00,95282.6,96333.0,95158.1,95746.0,14973.404,1435240030.9872
2024-12-03 16:00:00,95746.0,96260.3,94914.7,95169.5,9757.228,932962190.4221
2024-12-03 17:00:00,95169.5,95998.9,94945.0,95914.7,5463.554,521533820.1907
2024-12-03 18:00:00,95914.7,95914.8,95332.1,95545.3,3429.523,327862170.9257
2024-12-03 19:00:00,95545.3,95591.2,95010.0,95512.3,3501.488,333643152.3002
2024-12-03 20:00:00,95512.3,95747.0,95327.4,95663.1,2262.185,216191917.363
2024-12-03 21:00:00,95663.1,96192.9,95600.0,96078.9,3803.64,364986954.9914
2024-12-03 22:00:00,96078.9,96208.8,95716.1,96203.4,1998.59,191806798.8008
2024-12-03 23:00:00,96203.4,96221.0,95880.0,95919.6,1616.9,155268002.4424
2024-12-04 00:00:00,95919.6,96117.3,95650.0,95820.5,1935.242,185529521.7266
2024-12-04 01:00:00,95820.5,96736.8,95554.8,96303.8,4384.486,421906884.6718
2024-12-04 02:00:00,96303.8,96321.1,95277.7,95865.1,4002.097,383198716.6512
2024-12-04 03:00:00,95865.1,95989.8,95674.3,95870.2,1419.852,136107859.4439
2024-12-04 04:00:00,95870.2,96086.8,95810.0,96086.8,1212.191,116264983.8646
2024-12-04 05:00:00,96086.8,96570.3,96074.9,96570.0,2045.54,197125596.796
2024-12-04 06:00:00,96570.0,96827.1,96359.3,96637.3,3365.724,325206675.5844
2024-12-04 07:00:00,96637.3,96796.4,96502.3,96682.1,2254.331,217855548.0947
2024-12-04 08:00:00,96682.1,96925.0,96608.9,96788.2,2431.447,235331567.496
2024-12-04 09:00:00,96788.2,97066.6,96760.0,96925.9,2164.288,209803125.5224
2024-12-04 10:00:00,96925.9,96953.4,96546.0,96621.2,1979.052,191438165.3349
2024-12-04 11:00:00,96621.2,96629.5,96260.0,96283.1,2389.228,230461442.4652
2024-12-04 12:00:00,96283.1,96374.6,95734.7,96039.4,4913.897,471689574.8268
2024-12-04 13:00:00,96039.4,96086.0,95432.7,95746.2,4546.012,435259281.0792
2024-12-04 14:00:00,95746.2,96663.9,95532.0,95911.4,8524.654,819726572.9504
2024-12-04 15:00:00,95911.4,96491.2,95443.6,95819.1,9244.096,887182448.3217
2024-12-04 16:00:00,95819.1,95906.3,94638.0,94872.3,12360.765,1176032982.793
2024-12-04 17:00:00,94872.3,95642.8,94726.8,95609.4,5528.574,526005129.3865
2024-12-04 18:00:00,95609.4,96281.9,95504.8,96172.0,5538.451,531230032.6524
2024-12-04 19:00:00,96172.0,97306.0,96071.2,97285.2,9325.425,902359433.2434
2024-12-04 20:00:00,97285.2,99117.6,97199.0,98795.6,21489.649,2114762424.6785
2024-12-04 21:00:00,98795.6,98962.3,97508.5,97778.5,9804.698,963427280.4253
2024-12-04 22:00:00,97778.5,98668.2,97616.2,98224.0,5316.247,522190363.1668
2024-12-04 23:00:00,98224.0,99100.0,98218.0,98671.8,4883.639,482600938.0371
2024-12-05 00:00:00,98671.8,98888.8,98297.3,98387.1,4299.549,423987184.6718
2024-12-05 01:00:00,98387.1,98750.0,97966.7,98257.5,4533.475,445819133.7725
2024-12-05 02:00:00,98257.5,102445.8,98227.6,101568.0,32698.415,3290042553.5194
2024-12-05 03:00:00,101568.0,104698.8,101558.6,103140.8,27043.437,2790778644.1185
2024-12-05 04:00:00,103140.8,103748.6,102632.7,103497.5,8460.908,872509183.4287
2024-12-05 05:00:00,103497.5,103649.9,101927.8,102636.9,8943.756,919480739.2471
2024-12-05 06:00:00,102636.9,102861.1,101590.0,102004.3,6429.416,656334092.547
2024-12-05 07:00:00,102004.3,102697.7,101416.6,102339.7,6205.365,633728133.2393
2024-12-05 08:00:00,102339.7,103042.5,102339.7,102894.6,4019.516,413011835.1395
2024-12-05 09:00:00,102894.6,103288.0,102704.0,102838.7,3312.502,341082744.3769
2024-12-05 10:00:00,102838.7,103080.7,102386.6,102412.2,3366.178,345703451.6353
2024-12-05 11:00:00,102412.2,102828.0,102382.3,102698.1,2281.702,234079950.6857
2024-12-05 12:00:00,102698.1,103501.9,102571.3,102967.6,5520.471,568567657.3098
2024-12-05 13:00:00,102967.6,103389.2,102810.8,102891.3,3695.231,381041927.3546
2024-12-05 14:00:00,102891.3,103697.4,102402.6,103627.2,8223.021,847979894.4134
2024-12-05 15:00:00,103627.2,103632.1,101011.0,101382.3,20465.347,2090303840.2232
2024-12-05 16:00:00,101382.3,102138.0,100678.3,101167.8,11349.149,1150683416.6928
2024-12-05 17:00:00,101167.8,101495.8,100647.1,101413.4,5049.483,510310434.3685
2024-12-05 18:00:00,101413.4,101644.9,100279.7,100291.3,8052.754,813142039.4869
2024-12-05 19:00:00,100291.3,101050.1,98725.0,99129.3,17491.655,1746134305.2185
2024-12-05 20:00:00,99129.3,99517.3,97906.2,99135.0,21341.526,2106186061.8071
2024-12-05 21:00:00,99135.0,99578.7,98854.2,98962.8,5520.346,547880364.0169
2024-12-05 22:00:00,98962.8,99114.6,90530.0,96571.7,47749.083,4548493880.9943
2024-12-05 23:00:00,96571.7,97503.0,95303.5,96977.9,16659.374,1608206372.5665
2024-12-06 00:00:00,96977.9,97826.4,96319.6,97603.1,8519.852,827290082.7145
2024-12-06 01:00:00,97603.1,98878.8,97158.7,98178.7,7392.407,725084864.4885
2024-12-06 02:00:00,98178.7,98218.6,97500.1,97641.9,4723.332,462250140.1736
2024-12-06 03:00:00,97641.9,97813.9,97217.7,97801.9,3701.509,360879042.2448
2024-12-06 04:00:00,97801.9,98063.8,97425.5,97945.1,2125.465,207860526.7211
2024-12-06 05:00:00,97945.1,98367.2,97686.0,97922.9,3027.293,296782445.3952
2024-12-06 06:00:00,97922.9,98320.0,97809.0,98130.5,2506.471,245864480.1075
2024-12-06 07:00:00,98130.5,98340.4,97817.1,98193.1,2547.692,249822494.125
2024-12-06 08:00:00,98193.1,98750.0,98075.0,98391.1,3694.488,363890760.4877
2024-12-06 09:00:00,98391.1,98494.4,97917.0,98030.0,4722.297,463882409.784
2024-12-06 10:00:00,98030.0,98231.2,97660.5,98164.3,3609.212,353470866.6172
2024-12-06 11:00:00,98164.3,98372.5,97826.5,98101.4,2574.269,252387473.3551
2024-12-06 12:00:00,98101.4,98436.9,97517.5,97651.7,3739.159,366448542.4994
2024-12-06 13:00:00,97651.7,98948.0,97528.1,98636.9,7799.728,767306697.603
2024-12-06 14:00:00,98636.9,99545.0,98381.8,99524.4,12144.632,1202341830.6724
2024-12-06 15:00:00,99524.4,99533.4,98584.2,99336.3,8120.922,804740029.0851
2024-12-06 16:00:00,99336.3,99566.8,98778.2,99042.2,4790.568,475235209.9178
2024-12-06 17:00:00,99042.2,101356.9,98904.2,100861.8,13216.982,1325945373.2326
2024-12-06 18:00:00,100861.8,101828.2,100611.4,101419.6,9588.62,971588747.0603
2024-12-06 19:00:00,101419.6,101879.9,101224.7,101516.2,3935.375,399590664.05
2024-12-06 20:00:00,101516.2,101998.7,101121.4,101450.7,8014.064,814630757.6932
2024-12-06 21:00:00,101450.7,101541.3,100322.3,100438.0,5555.726,560658584.585
2024-12-06 22:00:00,100438.0,100823.6,100404.1,100566.5,2120.707,213402809.3364
2024-12-06 23:00:00,100566.5,100659.2,99076.4,99789.9,7045.898,703301722.9176
2024-12-07 00:00:00,99789.9,100466.0,99585.5,100333.8,3275.918,328120619.7098
2024-12-07 01:00:00,100333.8,100496.8,99876.0,100107.6,1804.258,180675083.8006
2024-12-07 02:00:00,100107.6,100238.8,99919.6,99983.5,987.853,98896775.6771
2024-12-07 03:00:00,99983.5,99998.5,99329.1,99359.9,2590.154,257949967.4035
2024-12-07 04:00:00,99359.9,99740.0,99076.4,99562.8,2717.114,270131035.3708
2024-12-07 05:00:00,99562.8,99696.9,98883.4,99207.4,2807.384,278708519.6844
2024-12-07 06:00:00,99207.4,99443.6,99111.0,99392.0,1513.778,150316372.0201
2024-12-07 07:00:00,99392.0,99548.3,99144.2,99454.4,2311.301,229653475.4302
2024-12-07 08:00:00,99454.4,99622.0,99310.6,99463.3,1942.444,193249577.8843
2024-12-07 09:00:00,99463.3,99876.3,99450.0,99712.5,2861.514,285195424.6195
2024-12-07 10:00:00,99712.5,99761.1,99462.0,99561.4,1213.225,120824682.976
2024-12-07 11:00:00,99561.4,99800.0,99455.8,99655.0,1001.63,99783342.8369
2024-12-07 12:00:00,99655.0,99738.1,99393.1,99458.1,1185.593,118060592.0954
2024-12-07 13:00:00,99458.1,99560.0,99337.0,99392.4,863.756,85881530.3694
2024-12-07 14:00:00,99392.4,99847.2,99063.5,99502.9,3412.736,339235154.703
2024-12-07 15:00:00,99502.9,99897.9,99368.6,99807.9,3490.65,347689052.4941
2024-12-07 16:00:00,99807.9,99869.5,99526.6,99695.3,1173.996,117046468.2765
2024-12-07 17:00:00,99695.3,99800.0,99514.2,99704.1,1070.061,106615292.3869
2024-12-07 18:00:00,99704.1,100344.9,99646.1,100189.3,2546.963,254819294.8932
2024-12-07 19:00:00,100189.3,100343.5,99968.8,100144.9,2088.038,209205506.6134
2024-12-07 20:00:00,100144.9,100445.4,100144.5,100388.9,1196.654,120035178.5884
2024-12-07 21:00:00,100388.9,100540.2,99733.4,99947.2,2517.826,251913704.3968
2024-12-07 22:00:00,99947.2,100141.6,99659.0,99668.2,1249.486,124862064.2094
2024-12-07 23:00:00,99668.2,100370.6,99653.7,99913.0,1684.326,168503252.4228
2024-12-08 00:00:00,99913.0,100072.1,99710.3,100065.0,768.359,76756739.6877
2024-12-08 01:00:00,100065.0,100218.7,99765.6,99928.1,1127.988,112812801.3667
2024-12-08 02:00:00,99928.1,100418.4,99821.5,100227.2,1307.154,130955859.5232
2024-12-08 03:00:00,100227.2,100360.0,99982.2,100000.2,883.252,88477901.5348
2024-12-08 04:00:00,100000.2,100109.9,99755.0,99815.3,1452.824,145140341.6259
2024-12-08 05:00:00,99815.3,99864.0,99344.3,99601.0,1928.296,192069931.9802
2024-12-08 06:00:00,99601.0,99880.0,99400.0,99750.0,1193.46,118957345.6108
2024-12-08 07:00:00,99750.0,99951.8,99690.1,99755.8,847.162,84582141.6136
2024-12-08 08:00:00,99755.8,99778.0,99020.0,99048.0,3000.564,298125944.4039
2024-12-08 09:00:00,99048.0,99389.0,98729.1,98967.2,4027.476,399147540.0227
2024-12-08 10:00:00,98967.2,99511.2,98956.0,99310.1,2146.839,213237652.0809
2024-12-08 11:00:00,99310.1,99953.0,99181.3,99784.9,2846.435,283704603.5439
2024-12-08 12:00:00,99784.9,100288.0,99496.2,99995.0,3597.74,359372715.3581
2024-12-08 13:00:00,99995.0,100596.4,99885.0,100477.6,3278.725,328695251.7382
2024-12-08 14:00:00,100477.6,100500.0,99797.4,99826.8,2273.415,227586839.566
2024-12-08 15:00:00,99826.8,100081.4,99406.1,99986.1,4759.337,474539135.2062
2024-12-08 16:00:00,99986.1,100220.1,99791.0,99900.5,2269.846,226912559.3133
2024-12-08 17:00:00,99900.5,100080.4,99679.7,100011.3,1617.378,161576946.2079
2024-12-08 18:00:00,100011.3,100091.0,99629.5,99715.7,1731.147,172869408.3523
2024-12-08 19:00:00,99715.7,100287.3,99524.0,100171.2,2323.921,232007817.363
2024-12-08 20:00:00,100171.2,100225.6,99841.3,99846.8,2501.66,250209270.6527
2024-12-08 21:00:00,99846.8,100139.1,99768.8,100095.5,1303.558,130286405.2915
2024-12-08 22:00:00,100095.5,100355.9,99929.2,100292.5,1085.73,108727601.4135
2024-12-08 23:00:00,100292.5,101464.8,100165.9,101186.8,5514.213,556169333.936
2024-12-09 00:00:00,101186.8,101296.1,99312.5,99715.2,10579.231,1058735681.0909
2024-12-09 01:00:00,99715.2,99925.2,99444.0,99580.0,2473.671,246594338.5385
2024-12-09 02:00:00,99580.0,99789.4,99048.7,99246.5,4010.181,398319277.9656
2024-12-09 03:00:00,99246.5,99433.1,98245.5,99155.0,5824.961,576106878.0615
2024-12-09 04:00:00,99155.0,99529.1,98822.6,99493.0,3903.33,387299710.2779
2024-12-09 05:00:00,99493.0,99618.7,99367.0,99492.6,1445.078,143788691.1703
2024-12-09 06:00:00,99492.6,99535.8,98903.0,99087.2,2956.85,293300592.6959
2024-12-09 07:00:00,99087.2,99816.0,98359.9,99649.2,7237.623,716974870.0571
2024-12-09 08:00:00,99649.2,99779.9,98872.4,98972.0,6683.088,664499770.2687
2024-12-09 09:00:00,98972.0,99170.0,98433.5,98450.6,4832.739,477300775.1753
2024-12-09 10:00:00,98450.6,98830.0,98333.0,98771.2,3264.346,321678414.7602
2024-12-09 11:00:00,98771.2,98771.2,98093.1,98137.5,4082.855,401379519.6625
2024-12-09 12:00:00,98137.5,98700.0,98008.2,98656.1,4159.462,409314534.967
2024-12-09 13:00:00,98656.1,99300.0,98291.0,99069.9,6734.038,665577777.7578
2024-12-09 14:00:00,99069.9,100497.6,98923.1,100224.5,8584.113,856026947.5486
2024-12-09 15:00:00,100224.5,100500.0,97555.0,97847.9,19447.269,1917755788.518
2024-12-09 16:00:00,97847.9,98429.9,97500.0,97870.1,8982.851,880452424.9939
2024-12-09 17:00:00,97870.1,98285.0,97350.6,97398.7,3810.741,372707266.7128
2024-12-09 18:00:00,97398.7,98300.0,97375.4,97826.7,3902.011,382099106.2068
2024-12-09 19:00:00,97826.7,97826.7,97032.0,97117.9,6115.103,595609310.5381
2024-12-09 20:00:00,97117.9,97385.6,96170.0,96300.0,11041.368,1068983946.7639
2024-12-09 21:00:00,96300.0,97658.3,93888.0,96958.3,27378.754,2628401003.7755
2024-12-09 22:00:00,96958.3,97475.5,94669.7,97035.3,13618.062,1313831477.5787
2024-12-09 23:00:00,97035.3,97598.3,96745.0,97329.0,4342.267,422666012.9245
2024-12-10 00:00:00,97329.0,98187.0,97028.1,97895.1,5252.487,512881462.7249
2024-12-10 01:00:00,97895.1,98099.8,97500.0,97960.9,3198.58,312881108.5001
2024-12-10 02:00:00,97960.9,97980.0,96620.2,96689.6,4804.223,467666616.0151
2024-12-10 03:00:00,96689.6,96977.3,95559.7,96946.4,10437.731,1004959297.0031
2024-12-10 04:00:00,96946.4,97148.0,95934.0,97068.2,5360.486,517860681.0192
2024-12-10 05:00:00,97068.2,97088.6,96544.7,96968.5,2662.374,257750664.3196
2024-12-10 06:00:00,96968.5,97511.8,96822.9,97469.8,2437.557,236960328.1972
2024-12-10 07:00:00,97469.8,97508.6,96917.7,97213.9,2450.073,237997247.2523
2024-12-10 08:00:00,97213.9,97562.4,96960.0,97395.8,2473.74,240698271.8611
2024-12-10 09:00:00,97395.8,97726.3,97241.3,97522.3,2354.695,229566596.1207
2024-12-10 10:00:00,97522.3,97889.0,97519.0,97722.6,3019.554,295134669.26
2024-12-10 11:00:00,97722.6,97981.4,97462.4,97759.5,3024.929,295575032.0652
2024-12-10 12:00:00,97759.5,97872.0,96871.5,97189.9,6186.873,601861942.3515
2024-12-10 13:00:00,97189.9,97965.6,97143.5,97759.1,4878.249,476195522.3733
2024-12-10 14:00:00,97759.1,98299.0,97135.7,97837.1,10027.78,980623347.306
2024-12-10 15:00:00,97837.1,98152.7,95617.0,95651.0,15109.154,1461566794.3339
2024-12-10 16:00:00,95651.0,96509.4,94498.0,96305.7,25385.21,2422959808.6641
2024-12-10 17:00:00,96305.7,96389.3,94275.1,94441.4,18934.858,1799574605.5353
2024-12-10 18:00:00,94441.4,95478.1,94190.8,95086.6,7655.821,726153295.0598
2024-12-10 19:00:00,95086.6,96144.8,94920.0,95817.9,4348.989,416143594.0992
2024-12-10 20:00:00,95817.9,96699.4,95578.8,96378.7,4170.19,401223977.3997
2024-12-10 21:00:00,96378.7,97185.7,96302.9,96829.4,4902.154,474406045.128
2024-12-10 22:00:00,96829.4,97067.2,96540.1,96798.1,1766.071,170961139.4755
2024-12-10 23:00:00,96798.1,97089.2,96351.1,96552.8,2597.368,251122500.1133
2024-12-11 00:00:00,96552.8,96800.0,95757.0,96367.5,4615.198,444487314.5395
2024-12-11 01:00:00,96367.5,96600.0,95574.3,95715.1,3758.039,361119269.9131
2024-12-11 02:00:00,95715.1,97411.4,95625.0,97171.1,5177.427,500660029.3871
2024-12-11 03:00:00,97171.1,97599.9,97085.3,97363.2,3637.671,354070126.3592
2024-12-11 04:00:00,97363.2,97573.8,97125.9,97519.7,1491.149,145166847.8249
2024-12-11 05:00:00,97519.7,97676.3,97268.1,97467.4,1767.518,172239246.397
2024-12-11 06:00:00,97467.4,97739.0,97355.8,97659.9,1319.637,128808076.0506
2024-12-11 07:00:00,97659.9,97767.1,97212.0,97300.1,1794.029,174859714.202
2024-12-11 08:00:00,97300.1,98467.0,97273.0,98105.9,7558.001,740858224.3886
2024-12-11 09:00:00,98105.9,98169.7,97730.0,97987.3,2325.15,227702332.6416
2024-12-11 10:00:00,97987.3,98292.2,97830.0,98209.7,2133.875,209258543.6089
2024-12-11 11:00:00,98209.7,98463.8,98136.5,98297.9,3527.152,346733528.7151
2024-12-11 12:00:00,98297.9,98500.0,98158.0,98220.5,2701.121,265659971.3912
2024-12-11 13:00:00,98220.5,98889.8,98066.1,98729.5,7876.125,776337228.4032
2024-12-11 14:00:00,98729.5,99566.1,98351.3,99524.1,8997.732,890927773.6103
2024-12-11 15:00:00,99524.1,100800.0,99402.9,100372.5,16577.794,1660405696.9387
2024-12-11 16:00:00,100372.5,101099.0,100291.0,100588.0,8668.784,873128087.0848
2024-12-11 17:00:00,100588.0,100989.0,99650.0,99770.9,7261.801,728952435.3416
2024-12-11 18:00:00,99770.9,100790.0,99605.2,100364.1,7935.228,795516902.5381
2024-12-11 19:00:00,100364.1,101179.2,100364.1,101130.6,4480.067,451910134.9504
2024-12-11 20:00:00,101130.6,101720.9,101015.6,101259.7,8303.271,841505393.4092
2024-12-11 21:00:00,101259.7,101536.0,100844.9,101512.0,4528.644,457903369.9696
2024-12-11 22:00:00,101512.0,101961.0,101150.5,101196.9,4349.2,441687092.0715
2024-12-11 23:00:00,101196.9,101496.1,101060.9,101128.3,1806.431,182894994.9553
2024-12-12 00:00:00,101128.3,101200.0,100584.2,100767.6,3359.305,338828361.0324
2024-12-12 01:00:00,100767.6,100886.5,100372.5,100521.3,3717.451,373928089.0387
2024-12-12 02:00:00,100521.3,101867.5,100521.3,101856.0,3677.942,371898816.6079
2024-12-12 03:00:00,101856.0,101863.9,100836.8,101073.3,6011.318,608868273.0313
2024-12-12 04:00:00,101073.3,101258.7,100588.0,100718.3,3014.566,304126769.7307
2024-12-12 05:00:00,100718.3,101143.0,100646.0,100650.1,2109.857,212841026.879
2024-12-12 06:00:00,100650.1,100742.0,100426.6,100607.8,1756.918,176721032.5532
2024-12-12 07:00:00,100607.8,100861.1,100513.8,100517.9,1262.808,127105638.4167
2024-12-12 08:00:00,100517.9,101136.5,100484.6,101000.3,2156.847,217544065.1716
2024-12-12 09:00:00,101000.3,101149.3,100815.9,100823.3,1660.149,167634497.55
2024-12-12 10:00:00,100823.3,100823.3,100484.8,100607.5,2222.363,223590304.214
2024-12-12 11:00:00,100607.5,100669.8,100158.1,100389.6,3035.514,304621325.2942
2024-12-12 12:00:00,100389.6,100962.0,100387.7,100847.0,2428.879,244628797.7241
2024-12-12 13:00:00,100847.0,101575.0,100519.0,100930.9,8202.388,829041856.6328
2024-12-12 14:00:00,100930.9,101757.4,100592.7,101728.0,10821.119,1095330567.2556
2024-12-12 15:00:00,101728.0,101908.3,100725.0,101832.3,8470.395,858631938.3039
2024-12-12 16:00:00,101832.3,102636.2,101500.0,101500.0,12362.339,1262322519.204
2024-12-12 17:00:00,101500.0,101757.8,101261.0,101653.6,4239.848,430417662.3167
2024-12-12 18:00:00,101653.6,101708.1,100855.0,100880.1,3186.199,322553945.3666
2024-12-12 19:00:00,100880.1,101079.7,99300.0,99466.8,15377.249,1537107040.7328
2024-12-12 20:00:00,99466.8,100413.5,99444.3,99995.6,7975.583,797013210.366
2024-12-12 21:00:00,99995.6,100114.2,99669.2,99715.4,4633.853,462656167.2454
2024-12-12 22:00:00,99715.4,100464.1,99448.3,100428.5,3607.897,360482465.6673
2024-12-12 23:00:00,100428.5,100456.7,99850.8,99982.5,2026.454,202871956.8019
2024-12-13 00:00:00,99982.5,100346.1,99884.1,100053.9,1768.861,177143994.4448
2024-12-13 01:00:00,100053.9,100122.0,99168.0,99310.9,3472.14,345876981.4926
2024-12-13 02:00:00,99310.9,99674.5,99188.0,99469.1,2258.915,224606458.3394
2024-12-13 03:00:00,99469.1,99774.9,99469.1,99720.1,1290.388,128605630.462
2024-12-13 04:00:00,99720.1,100066.0,99628.9,99993.9,1654.8,165277140.0511
2024-12-13 05:00:00,99993.9,100150.0,99820.1,99865.8,1416.041,141571236.5661
2024-12-13 06:00:00,99865.8,100082.9,99652.5,99655.2,1777.342,177522620.8357
2024-12-13 07:00:00,99655.2,100220.0,99447.4,100113.4,2879.241,287551825.6807
2024-12-13 08:00:00,100113.4,100350.0,99858.9,100265.1,2198.07,220151552.7192
2024-12-13 09:00:00,100265.1,100331.5,99874.1,100094.7,2054.788,205675783.3233
2024-12-13 10:00:00,100094.7,100580.0,99914.2,100471.1,2781.817,278977048.0428
2024-12-13 11:00:00,100471.1,100797.0,100318.2,100357.4,3454.051,347172122.0877
2024-12-13 12:00:00,100357.4,100484.4,100160.0,100304.8,1942.782,194915416.1487
2024-12-13 13:00:00,100304.8,100534.2,99920.7,100296.8,2840.743,284590940.781
2024-12-13 14:00:00,100296.8,101093.6,100222.2,101036.0,4168.861,419786496.363
2024-12-13 15:00:00,101036.0,101350.0,99630.2,99820.0,12148.463,1222522392.605
2024-12-13 16:00:00,99820.0,101253.3,99728.7,100970.3,9466.584,951528671.4664
2024-12-13 17:00:00,100970.3,101791.6,100756.7,101735.5,7050.197,713955361.4856
2024-12-13 18:00:00,101735.5,101935.7,101302.6,101476.9,5161.84,524517140.3801
2024-12-13 19:00:00,101476.9,101606.4,101184.2,101445.2,2588.884,262394397.9955
2024-12-13 20:00:00,101445.2,101865.3,101200.0,101650.0,3476.114,353162019.2238
2024-12-13 21:00:00,101650.0,101664.1,101223.6,101282.4,1807.743,183312512.0706
2024-12-13 22:00:00,101282.4,101394.3,101038.1,101218.9,1627.913,164749608.0098
2024-12-13 23:00:00,101218.9,101555.9,101119.0,101415.8,1477.465,149652717.6337
2024-12-14 00:00:00,101415.8,101524.4,101133.6,101296.8,1179.169,119496157.2184
2024-12-14 01:00:00,101296.8,102748.0,101296.3,102174.0,10038.141,1025146950.3129
2024-12-14 02:00:00,102174.0,102314.2,101666.6,102049.6,2702.898,275624685.013
2024-12-14 03:00:00,102049.6,102367.9,102044.6,102091.0,1112.38,113701790.49
2024-12-14 04:00:00,102091.0,102172.6,101565.8,101689.2,1878.676,191242448.738
2024-12-14 05:00:00,101689.2,101844.5,101635.7,101744.5,783.943,79768537.7574
2024-12-14 06:00:00,101744.5,102029.3,101700.0,101921.6,960.61,97897770.9933
2024-12-14 07:00:00,101921.6,101960.2,101634.1,101842.6,1039.373,105804709.449
2024-12-14 08:00:00,101842.6,101897.7,101549.3,101825.9,1135.201,115477399.7017
2024-12-14 09:00:00,101825.9,101826.0,101400.0,101573.4,1375.092,139700006.0264
2024-12-14 10:00:00,101573.4,101610.5,101333.0,101563.3,1495.19,151688249.6763
2024-12-14 11:00:00,101563.3,101725.8,101464.4,101597.5,937.044,95206713.8224
2024-12-14 12:00:00,101597.5,101666.3,101215.9,101308.1,1735.392,175987426.1894
2024-12-14 13:00:00,101308.1,101421.8,100808.0,101177.8,4861.637,491454250.5753
2024-12-14 14:00:00,101177.8,101550.0,101163.7,101435.2,2184.886,221537587.329
2024-12-14 15:00:00,101435.2,101770.9,101338.4,101633.9,1457.15,148065754.4326
2024-12-14 16:00:00,101633.9,101674.5,101412.0,101655.9,1407.497,142896116.8494
2024-12-14 17:00:00,101655.9,101738.6,100872.5,100973.7,3083.049,312155664.5748
2024-12-14 18:00:00,100973.7,101289.3,100824.9,100895.2,3149.012,318023833.7624
2024-12-14 19:00:00,100895.2,101393.1,100862.6,101339.5,1887.563,190981180.1079
2024-12-14 20:00:00,101339.5,101445.3,100577.1,100749.3,3205.01,323527612.4389
2024-12-14 21:00:00,100749.3,101200.0,100748.8,101077.5,1446.398,146157938.8189
2024-12-14 22:00:00,101077.5,101293.0,100882.8,101127.8,1159.57,117215085.4042
2024-12-14 23:00:00,101127.8,101492.5,101047.9,101419.9,1045.316,105944749.9559
2024-12-15 00:00:00,101419.9,101582.8,101243.4,101459.4,1302.902,132159252.3363
2024-12-15 01:00:00,101459.4,102221.7,101432.3,102128.8,2939.537,299435282.3764
2024-12-15 02:00:00,102128.8,102159.9,101792.9,101838.4,1774.55,180891884.4269
2024-12-15 03:00:00,101838.4,101964.5,101728.1,101738.4,1015.402,103398625.4351
2024-12-15 04:00:00,101738.4,102888.1,101738.4,102364.2,6780.793,694816527.4786
2024-12-15 05:00:00,102364.2,102533.6,102092.0,102147.5,1667.454,170652850.4333
2024-12-15 06:00:00,102147.5,102159.8,101750.1,101752.1,1435.445,146349311.7167
2024-12-15 07:00:00,101752.1,101949.2,101470.1,101721.4,2045.142,207997816.8767
2024-12-15 08:00:00,101721.4,102014.0,101578.9,102014.0,1246.434,126945638.0265
2024-12-15 09:00:00,102014.0,102291.0,101908.2,102261.2,1581.262,161469468.896
2024-12-15 10:00:00,102261.2,102460.3,102125.2,102268.8,1709.23,174839688.8331
2024-12-15 11:00:00,102268.8,102684.9,102223.7,102660.1,1944.822,199306420.5104
2024-12-15 12:00:00,102660.1,103371.7,102514.2,102959.8,6981.389,718817268.8127
2024-12-15 13:00:00,102959.8,103000.0,102480.0,102789.7,3215.616,330317765.0236
2024-12-15 14:00:00,102789.7,103076.0,102637.8,103017.4,2531.017,260398572.8728
2024-12-15 15:00:00,103017.4,103065.0,102680.4,102701.1,1726.088,177595999.2888
2024-12-15 16:00:00,102701.1,103555.0,102566.1,103118.4,4444.792,458431415.8081
2024-12-15 17:00:00,103118.4,103376.2,102970.6,103156.9,1843.102,190115378.4379
2024-12-15 18:00:00,103156.9,103380.1,102980.2,103206.4,1499.913,154763082.2085
2024-12-15 19:00:00,103206.4,103474.8,103181.8,103263.1,1746.465,180469830.9762
2024-12-15 20:00:00,103263.1,103436.2,103066.8,103149.8,1169.406,120697929.6414
2024-12-15 21:00:00,103149.8,103237.5,102636.2,102846.7,3583.507,368789178.77
2024-12-15 22:00:00,102846.7,103400.0,102600.0,103247.7,3282.67,338430062.6558
2024-12-15 23:00:00,103247.7,105338.2,103215.3,104515.6,19707.529,2057741737.3433
2024-12-16 00:00:00,104515.6,106727.8,104348.4,105492.0,15221.29,1608588354.939
2024-12-16 01:00:00,105492.0,105657.4,105000.0,105566.5,5373.776,566138390.9498
2024-12-16 02:00:00,105566.5,105688.1,104401.0,104600.5,5498.068,576882648.5367
2024-12-16 03:00:00,104600.5,105024.4,104150.0,104579.9,4600.892,481328133.7569
2024-12-16 04:00:00,104579.9,104809.8,104456.5,104675.1,1793.732,187685289.9917
2024-12-16 05:00:00,104675.1,105072.6,104456.6,105030.0,2000.337,209742921.1172
2024-12-16 06:00:00,105030.0,105422.0,104919.0,105179.6,3054.892,321310034.73
2024-12-16 07:00:00,105179.6,105438.9,104905.0,105007.0,1581.509,166386239.4345
2024-12-16 08:00:00,105007.0,105054.0,104506.5,104561.5,2754.193,288655193.4767
2024-12-16 09:00:00,104561.5,104970.0,104515.0,104695.5,2055.284,215240200.0219
2024-12-16 10:00:00,104695.5,104754.3,104345.0,104698.3,2288.635,239315409.7198
2024-12-16 11:00:00,104698.3,104842.7,103653.5,103776.1,5554.779,578465214.1098
2024-12-16 12:00:00,103776.1,104158.0,103304.3,103670.0,6659.176,691160007.1502
2024-12-16 13:00:00,103670.0,104150.0,103480.2,103911.3,3733.913,387996389.6575
2024-12-16 14:00:00,103911.3,106044.4,103876.7,105532.1,13510.416,1420674039.786
2024-12-16 15:00:00,105532.1,106545.9,105238.3,106352.6,13003.394,1379721507.7671
2024-12-16 16:00:00,106352.6,107222.0,106166.9,106854.2,12752.707,1361224793.8889
2024-12-16 17:00:00,106854.2,107243.2,106708.7,107092.2,4629.431,495279284.7882
2024-12-16 18:00:00,107092.2,107850.0,106882.0,107119.6,8001.378,859704498.2418
2024-12-16 19:00:00,107119.6,107129.2,105812.0,106614.6,9283.1,987460119.9057
2024-12-16 20:00:00,106614.6,106680.5,105726.3,105810.3,5116.9,543447386.3418
2024-12-16 21:00:00,105810.3,106326.3,105653.3,106076.2,3303.825,350087041.5161
2024-12-16 22:00:00,106076.2,106346.0,105727.0,105832.0,1946.651,206380756.3375
2024-12-16 23:00:00,105832.0,106105.8,105476.5,106094.2,2851.069,301585601.569
2024-12-17 00:00:00,106094.2,106241.5,105668.1,105860.0,3439.385,364571176.598
2024-12-17 01:00:00,105860.0,106471.4,105741.3,106376.5,2215.504,235302104.9129
2024-12-17 02:00:00,106376.5,106620.0,106200.0,106266.6,2043.386,217514144.0408
2024-12-17 03:00:00,106266.6,107074.6,106232.5,106878.3,2867.907,306177364.5845
2024-12-17 04:00:00,106878.3,106878.3,106420.0,106508.0,1741.948,185708023.16
2024-12-17 05:00:00,106508.0,106857.8,106449.3,106839.9,1134.913,121020460.0923
2024-12-17 06:00:00,106839.9,106868.0,106364.4,106551.3,1385.513,147667987.8529
2024-12-17 07:00:00,106551.3,107153.7,106464.6,106833.4,2794.753,298833071.8893
2024-12-17 08:00:00,106833.4,107550.0,106766.8,107425.9,3422.704,367189489.6517
2024-12-17 09:00:00,107425.9,107508.6,107140.0,107325.6,2094.879,224839718.9747
2024-12-17 10:00:00,107325.6,107372.2,106967.4,107236.0,1757.54,188250323.1996
2024-12-17 11:00:00,107236.0,107368.6,106693.7,106816.0,2487.346,266123755.5223
2024-12-17 12:00:00,106816.0,107197.2,106532.5,107134.1,2782.135,297214450.2027
2024-12-17 13:00:00,107134.1,107661.7,106981.0,107314.4,3674.41,394565340.9012
2024-12-17 14:00:00,107314.4,108421.6,107074.2,108276.4,9627.259,1037405936.5405
2024-12-17 15:00:00,108276.4,108276.4,105680.9,106454.6,19631.269,2092897536.3396
2024-12-17 16:00:00,106454.6,107098.4,106119.0,107079.2,5902.359,629939280.8412
2024-12-17 17:00:00,107079.2,107636.3,106710.0,107506.4,5345.623,573336999.343
2024-12-17 18:00:00,107506.4,107669.9,106418.7,106561.5,4094.614,438071677.5714
2024-12-17 19:00:00,106561.5,107000.0,106220.0,106494.8,4049.471,431520335.2466
2024-12-17 20:00:00,106494.8,106907.9,106150.0,106729.4,4620.743,492386395.6937
2024-12-17 21:00:00,106729.4,106812.3,106223.7,106389.6,2032.41,216450738.6922
2024-12-17 22:00:00,106389.6,106409.1,105300.0,105930.2,6073.019,642339567.1041
2024-12-17 23:00:00,105930.2,106300.0,105512.0,106084.6,5542.967,587569945.7223
2024-12-18 00:00:00,106084.6,106429.7,105569.4,106064.7,4766.524,505302212.0113
2024-12-18 01:00:00,106064.7,106470.3,104829.9,105284.4,6663.213,703356234.1944
2024-12-18 02:00:00,105284.4,105622.7,104941.2,105270.2,5053.388,532186290.2883
2024-12-18 03:00:00,105270.2,105288.3,104520.0,104723.5,4901.397,513879952.6926
2024-12-18 04:00:00,104723.5,104723.5,103522.0,103832.8,10503.199,1092054409.5065
2024-12-18 05:00:00,103832.8,104102.0,103207.6,103523.9,6685.15,693198729.055
2024-12-18 06:00:00,103523.9,103965.6,103057.1,103750.7,5110.699,529387397.8452
2024-12-18 07:00:00,103750.7,104319.3,103669.1,104218.0,5396.88,561813638.2037
2024-12-18 08:00:00,104218.0,104364.3,103691.5,103781.3,3930.428,408723305.8297
2024-12-18 09:00:00,103781.3,104430.0,103781.2,104015.1,2318.474,241464883.7232
2024-12-18 10:00:00,104015.1,104647.2,103946.7,104515.4,2759.359,288048679.8643
2024-12-18 11:00:00,104515.4,104978.2,104467.3,104971.5,3111.428,326038109.6335
2024-12-18 12:00:00,104971.5,105309.2,104626.9,104864.3,6013.565,631186944.8737
2024-12-18 13:00:00,104864.3,105212.0,104472.4,104529.9,3647.187,382425038.8158
2024-12-18 14:00:00,104529.9,104812.0,103750.0,103976.4,8624.468,899229433.4496
2024-12-18 15:00:00,103976.4,104537.0,103602.9,104386.1,6431.937,669562898.2615
2024-12-18 16:00:00,104386.1,104439.0,103369.0,104165.9,6307.791,655065488.9622
2024-12-18 17:00:00,104165.9,104800.0,103831.4,104623.9,4102.696,428280882.9067
2024-12-18 18:00:00,104623.9,104968.2,104123.7,104782.7,4096.312,428228719.9944
2024-12-18 19:00:00,104782.7,104796.0,102777.0,102777.0,17622.327,1825830346.6614
2024-12-18 20:00:00,102777.0,102965.8,100221.4,100776.0,42762.312,4339332671.15
2024-12-18 21:00:00,100776.0,101700.0,100386.2,100962.8,9715.679,981702572.7051
2024-12-18 22:00:00,100962.8,101499.6,100604.4,101107.7,4916.288,496371603.677
2024-12-18 23:00:00,101107.7,101143.2,99800.0,100148.6,8432.485,846918352.1379
2024-12-19 00:00:00,100148.6,100949.1,100066.0,100777.0,5461.849,549492140.9063
2024-12-19 01:00:00,100777.0,100871.6,99533.9,99717.1,6558.442,656833019.8318
2024-12-19 02:00:00,99717.1,100490.0,98700.0,100471.9,15277.739,1519087498.1863
2024-12-19 03:00:00,100471.9,101265.2,100385.6,101141.4,8339.248,841259116.578
2024-12-19 04:00:00,101141.4,101180.0,100554.5,100599.9,2826.343,285187029.4908
2024-12-19 05:00:00,100599.9,101362.5,100599.0,101243.8,3023.037,305780144.8352
2024-12-19 06:00:00,101243.8,101363.2,100947.4,101129.2,2339.928,236687043.1685
2024-12-19 07:00:00,101129.2,101666.0,101063.4,101595.0,2686.146,272479309.0644
2024-12-19 08:00:00,101595.0,101779.7,101307.8,101580.8,2611.407,265190943.9403
2024-12-19 09:00:00,101580.8,101831.0,101462.1,101767.3,2038.649,207311947.3544
2024-12-19 10:00:00,101767.3,102554.7,101681.0,102357.7,4610.454,471235826.4775
2024-12-19 11:00:00,102357.7,102466.8,102131.0,102417.8,2209.312,226027116.2522
2024-12-19 12:00:00,102417.8,102541.5,101817.9,101959.4,3502.749,357876394.1241
2024-12-19 13:00:00,101959.4,102179.6,101629.1,101909.5,4500.924,458675944.7278
2024-12-19 14:00:00,101909.5,102742.4,100621.9,100902.4,11709.755,1191224088.7803
2024-12-19 15:00:00,100902.4,101025.2,99362.6,100611.4,19125.804,1916433508.8249
2024-12-19 16:00:00,100611.4,101167.0,99810.4,100658.8,8165.672,820637275.6551
2024-12-19 17:00:00,100658.8,100698.7,97255.0,98781.4,23813.745,2351489276.8232
2024-12-19 18:00:00,98781.4,98923.9,96808.3,98867.7,20071.828,1966090610.9644
2024-12-19 19:00:00,98867.7,99000.0,96200.0,97154.9,14164.699,1378078678.3804
2024-12-19 20:00:00,97154.9,97285.7,95640.5,96379.4,19386.28,1869272555.6546
2024-12-19 21:00:00,96379.4,98073.1,95775.0,97352.0,10803.86,1051030047.3832
2024-12-19 22:00:00,97352.0,98342.0,97150.1,98303.6,4689.73,457789257.3785
2024-12-19 23:00:00,98303.6,98307.0,97380.0,97399.4,4168.94,407551307.0929
2024-12-20 00:00:00,97399.4,97755.0,96569.0,97188.8,6279.626,610289254.7701
2024-12-20 01:00:00,97188.8,97484.4,96087.3,96271.8,6755.307,653496263.5304
2024-12-20 02:00:00,96271.8,97674.0,95912.0,97583.7,6614.635,640782706.5642
2024-12-20 03:00:00,97583.7,97749.9,96900.1,97056.0,3065.906,298320256.1676
2024-12-20 04:00:00,97056.0,97800.0,96812.0,97249.9,3902.167,380120880.6026
2024-12-20 05:00:00,97249.9,97445.7,96611.3,96695.0,3237.043,314106349.3175
2024-12-20 06:00:00,96695.0,97276.6,96342.9,97245.1,4284.873,414654654.9067
2024-12-20 07:00:00,97245.1,98221.5,97236.1,97783.8,6140.863,601020531.8291
2024-12-20 08:00:00,97783.8,97825.8,95210.9,95409.7,12429.277,1196365411.2193
2024-12-20 09:00:00,95409.7,95689.7,94626.3,94751.5,11943.747,1136286070.7864
2024-12-20 10:00:00,94751.5,95079.9,93888.0,94325.9,14611.706,1381415761.4502
2024-12-20 11:00:00,94325.9,94637.5,92533.3,92681.1,20000.912,1867904467.7887
2024-12-20 12:00:00,92681.1,94220.0,92230.0,93896.0,15072.917,1404864543.5425
2024-12-20 13:00:00,93896.0,95793.7,93515.8,95174.1,15389.696,1460521681.471
2024-12-20 14:00:00,95174.1,96172.1,94704.1,95586.6,10456.495,997843516.5659
2024-12-20 15:00:00,95586.6,97524.6,95557.8,96941.9,12389.595,1198328786.5166
2024-12-20 16:00:00,96941.9,97640.0,96267.5,96687.6,9948.396,965576550.8222
2024-12-20 17:00:00,96687.6,97330.8,96383.2,97159.2,5223.464,506173304.2691
2024-12-20 18:00:00,97159.2,97266.5,96540.2,96941.0,3925.811,380224176.2215
2024-12-20 19:00:00,96941.0,97698.0,96789.1,97063.8,4012.245,390548309.3437
2024-12-20 20:00:00,97063.8,97180.6,96363.3,96400.1,3513.814,340118767.1429
2024-12-20 21:00:00,96400.1,96609.6,95355.0,96572.2,6663.799,639595340.4106
2024-12-20 22:00:00,96572.2,97479.8,96400.0,97402.6,2833.084,274731374.8856
2024-12-20 23:00:00,97402.6,97775.6,97323.1,97757.3,2394.306,233561480.4289
2024-12-21 00:00:00,97757.3,97757.3,97147.0,97467.2,1660.897,161792439.9159
2024-12-21 01:00:00,97467.2,97609.7,97126.9,97296.7,1284.294,125067685.5907
2024-12-21 02:00:00,97296.7,97566.0,97122.6,97334.1,831.569,80966596.1577
2024-12-21 03:00:00,97334.1,97440.1,97190.0,97440.1,891.788,86772504.0622
2024-12-21 04:00:00,97440.1,97584.9,97328.0,97517.4,965.255,94077413.6056
2024-12-21 05:00:00,97517.4,98640.4,97477.9,98633.6,4039.91,396360196.0267
2024-12-21 06:00:00,98633.6,98787.0,98264.7,98680.9,4143.941,408409792.8507
2024-12-21 07:00:00,98680.9,99482.8,98440.0,98983.7,5156.959,510875744.097
2024-12-21 08:00:00,98983.7,99122.3,98391.8,98602.1,4712.375,464944474.4501
2024-12-21 09:00:00,98602.1,98642.2,98228.5,98512.2,2291.531,225515581.6957
2024-12-21 10:00:00,98512.2,98588.6,97983.5,98075.9,2537.008,249300283.2225
2024-12-21 11:00:00,98075.9,98364.1,97746.0,98207.7,3474.134,340714394.6929
2024-12-21 12:00:00,98207.7,98246.2,97064.4,97090.9,5253.872,512969684.0088
2024-12-21 13:00:00,97090.9,97459.1,96326.7,97273.8,7502.618,727724807.9319
2024-12-21 14:00:00,97273.8,97696.3,97022.0,97042.6,3962.445,385949335.0822
2024-12-21 15:00:00,97042.6,97680.3,97022.0,97464.8,2134.182,207853689.7507
2024-12-21 16:00:00,97464.8,97670.5,96888.5,97240.0,3342.781,325226752.2944
2024-12-21 17:00:00,97240.0,97644.8,96945.6,97545.2,2108.687,205297987.2019
2024-12-21 18:00:00,97545.2,97688.4,97226.5,97358.6,1193.048,116278424.7114
2024-12-21 19:00:00,97358.6,97393.2,96758.5,97228.0,2580.709,250277072.4733
2024-12-21 20:00:00,97228.0,97999.0,97174.9,97407.2,3438.808,335738828.9897
2024-12-21 21:00:00,97407.2,97530.6,96478.5,96841.2,3220.093,312270303.321
2024-12-21 22:00:00,96841.2,97352.1,96567.0,97092.0,1912.886,185516779.2422
2024-12-21 23:00:00,97092.0,97279.6,96843.2,97249.7,1012.52,98256350.2415
2024-12-22 00:00:00,97249.7,97431.6,97000.0,97202.6,1144.488,111251013.3332
2024-12-22 01:00:00,97202.6,97393.9,96664.5,97000.0,1434.377,139183976.874
2024-12-22 02:00:00,97000.0,97197.9,96544.0,96674.5,1280.611,123974559.5772
2024-12-22 03:00:00,96674.5,97279.0,96508.4,96939.3,2018.762,195714913.1935
2024-12-22 04:00:00,96939.3,97031.4,96026.3,96040.9,2522.957,243221870.3468
2024-12-22 05:00:00,96040.9,96366.9,95839.1,96116.0,3152.78,303016681.1335
2024-12-22 06:00:00,96116.0,96707.2,96068.0,96698.4,1802.435,173810539.9255
2024-12-22 07:00:00,96698.4,96800.0,96032.0,96171.9,2030.601,195686506.6103
2024-12-22 08:00:00,96171.9,96644.1,96151.4,96475.8,1912.043,184374704.9271
2024-12-22 09:00:00,96475.8,97200.0,96264.0,96882.1,3195.698,309570841.7917
2024-12-22 10:00:00,96882.1,97317.0,96785.4,96960.1,1886.242,183104748.3248
2024-12-22 11:00:00,96960.1,97284.8,96923.3,97047.3,1130.418,109794645.0939
2024-12-22 12:00:00,97047.3,97265.6,96797.6,96935.8,1762.01,170935460.3756
2024-12-22 13:00:00,96935.8,97216.2,96800.0,96939.1,1820.258,176572969.0695
2024-12-22 14:00:00,96939.1,97016.7,95261.2,95326.5,8225.877,788967036.3366
2024-12-22 15:00:00,95326.5,95617.4,95056.0,95320.9,5995.611,571427022.0267
2024-12-22 16:00:00,95320.9,95818.8,95140.1,95663.6,4020.209,384139209.8431
2024-12-22 17:00:00,95663.6,95812.8,95372.0,95562.0,1803.983,172462285.1632
2024-12-22 18:00:00,95562.0,96437.1,95307.3,95912.6,6292.807,604246813.544
2024-12-22 19:00:00,95912.6,96112.9,94611.1,94771.1,5108.935,486383642.7199
2024-12-22 20:00:00,94771.1,95584.1,94351.8,95547.5,5546.131,526061333.5033
2024-12-22 21:00:00,95547.5,95722.8,95014.9,95165.6,3648.787,348217739.2215
2024-12-22 22:00:00,95165.6,95593.7,94200.0,95500.6,5714.905,541923932.1043
2024-12-22 23:00:00,95500.6,95790.5,94972.2,95144.7,2913.502,277831175.21
2024-12-23 00:00:00,95144.7,95395.3,94285.4,94354.3,4386.042,415361033.796
2024-12-23 01:00:00,94354.3,95070.0,93711.1,94424.0,7179.256,677651560.3166
2024-12-23 02:00:00,94424.0,94726.1,93635.9,94674.9,5235.362,492917536.1014
2024-12-23 03:00:00,94674.9,95999.5,94567.6,95969.8,5985.751,571099337.2308
2024-12-23 04:00:00,95969.8,96470.0,95591.5,95791.6,5480.833,526530955.5609
2024-12-23 05:00:00,95791.6,95931.7,95289.1,95570.8,2940.39,281048769.8174
2024-12-23 06:00:00,95570.8,95617.8,94650.0,94774.9,4835.27,459638825.2013
2024-12-23 07:00:00,94774.9,95547.8,94774.9,95353.8,2915.308,277490259.4686
2024-12-23 08:00:00,95353.8,95525.3,94975.6,95444.9,2003.626,190876322.3279
2024-12-23 09:00:00,95444.9,96125.2,95442.7,95967.7,3704.428,355267654.7838
2024-12-23 10:00:00,95967.7,96408.0,95900.1,96341.3,2829.609,271990522.4904
2024-12-23 11:00:00,96341.3,96500.0,95764.4,95891.3,2326.769,223500175.7203
2024-12-23 12:00:00,95891.3,96391.9,95816.1,96259.5,2236.861,215088744.278
2024-12-23 13:00:00,96259.5,96336.4,94770.1,94882.9,6905.888,658955313.6596
2024-12-23 14:00:00,94882.9,95583.9,93671.6,94349.9,11111.765,1051245561.8418
2024-12-23 15:00:00,94349.9,94397.2,93056.0,93202.7,10987.294,1028147784.537
2024-12-23 16:00:00,93202.7,94232.0,92881.1,93926.3,9164.795,856528276.3676
2024-12-23 17:00:00,93926.3,94105.0,93150.0,93333.7,5800.71,542409329.3225
2024-12-23 18:00:00,93333.7,93722.0,92616.1,92711.3,4807.098,447555778.3718
2024-12-23 19:00:00,92711.3,93671.7,92636.2,93000.2,4534.28,422622170.9205
2024-12-23 20:00:00,93000.2,93499.2,92465.8,93157.8,6459.808,600096559.7709
2024-12-23 21:00:00,93157.8,94277.0,93150.4,93918.1,5798.09,544362174.0217
2024-12-23 22:00:00,93918.1,95160.9,93860.0,95154.7,3993.426,377675128.8547
2024-12-23 23:00:00,95154.7,95472.6,94629.0,94837.0,3839.366,364900340.1775
2024-12-24 00:00:00,94837.0,94837.0,94065.8,94506.2,3609.395,340829846.0276
2024-12-24 01:00:00,94506.2,94626.9,93970.4,94087.0,2600.815,245137767.6949
2024-12-24 02:00:00,94087.0,94282.3,93508.6,93904.6,3775.18,354374715.2385
2024-12-24 03:00:00,93904.6,94357.6,93756.0,94309.2,2046.474,192537661.6374
2024-12-24 04:00:00,94309.2,94387.0,94012.0,94382.2,1805.435,170107533.2845
2024-12-24 05:00:00,94382.2,94639.8,94271.1,94557.5,1731.729,163617868.0826
2024-12-24 06:00:00,94557.5,94564.7,93787.0,93873.9,2356.354,221928718.5639
2024-12-24 07:00:00,93873.9,94276.1,93751.7,94189.9,1786.838,167966259.1481
2024-12-24 08:00:00,94189.9,94599.5,94071.1,94444.6,2489.09,234978243.0243
2024-12-24 09:00:00,94444.6,94498.9,93899.6,94020.0,2072.047,195025321.392
2024-12-24 10:00:00,94020.0,94169.7,93800.0,93932.0,1930.94,181367851.8513
2024-12-24 11:00:00,93932.0,94405.8,93882.2,94356.3,1751.518,164991824.8046
2024-12-24 12:00:00,94356.3,94380.0,94031.0,94272.2,1612.595,151893807.131
2024-12-24 13:00:00,94272.2,96049.4,94248.0,96040.1,6248.743,595031161.7683
2024-12-24 14:00:00,96040.1,97469.0,95812.7,97417.6,12439.095,1202698864.5797
2024-12-24 15:00:00,97417.6,98276.8,97179.0,98255.2,9682.213,945849834.3958
2024-12-24 16:00:00,98255.2,98669.0,97921.0,98423.7,9178.649,901806464.3144
2024-12-24 17:00:00,98423.7,98980.0,98256.7,98735.2,7339.834,724034928.2822
2024-12-24 18:00:00,98735.2,99435.7,98350.1,98560.0,7307.678,722503869.0064
2024-12-24 19:00:00,98560.0,98705.7,97509.0,97540.0,4947.085,485305028.2795
2024-12-24 20:00:00,97540.0,98044.4,97198.6,97285.3,8489.235,828750729.9857
2024-12-24 21:00:00,97285.3,98430.0,97263.3,98360.7,4557.555,446670683.791
2024-12-24 22:00:00,98360.7,99065.0,98308.5,98734.7,3973.031,392117048.1484
2024-12-24 23:00:00,98734.7,98996.3,98428.0,98628.3,2238.939,220994980.0771
2024-12-25 00:00:00,98628.3,98852.0,98366.0,98394.5,2293.029,226091729.4728
2024-12-25 01:00:00,98394.5,98587.2,97868.0,97965.0,2954.948,290114752.5864
2024-12-25 02:00:00,97965.0,98328.5,97688.1,98100.6,2786.349,273123908.5453
2024-12-25 03:00:00,98100.6,98250.0,97893.8,98000.1,1465.84,143786257.2829
2024-12-25 04:00:00,98000.1,98338.4,97814.1,98206.2,1444.805,141762337.9486
2024-12-25 05:00:00,98206.2,98345.2,98121.1,98247.2,877.097,86164051.8696
2024-12-25 06:00:00,98247.2,98550.0,97759.0,97862.8,2851.468,279740251.4146
2024-12-25 07:00:00,97862.8,98329.4,97820.1,98053.5,1818.185,178331221.8055
2024-12-25 08:00:00,98053.5,98236.0,97900.0,98047.2,1262.661,123847209.4677
2024-12-25 09:00:00,98047.2,98249.8,97957.5,98152.3,893.706,87662221.125
2024-12-25 10:00:00,98152.3,99338.9,98111.0,98417.7,8299.028,819846562.0182
2024-12-25 11:00:00,98417.7,98862.8,97750.0,97890.0,4506.827,443412179.7622
2024-12-25 12:00:00,97890.0,98651.0,97562.6,98143.8,6817.387,668508192.8985
2024-12-25 13:00:00,98143.8,98593.0,98081.3,98434.1,2371.346,233272034.9228
2024-12-25 14:00:00,98434.1,98817.9,98199.3,98691.0,2534.369,249886573.11
2024-12-25 15:00:00,98691.0,98711.7,98153.9,98494.6,2229.835,219475678.8229
2024-12-25 16:00:00,98494.6,98691.4,98101.5,98400.3,1920.227,188869047.291
2024-12-25 17:00:00,98400.3,98657.4,98159.9,98544.6,1438.498,141587162.2028
2024-12-25 18:00:00,98544.6,98989.9,98522.8,98730.1,2704.848,267241711.4649
2024-12-25 19:00:00,98730.1,99298.0,98703.0,99001.3,2649.513,262456728.7467
2024-12-25 20:00:00,99001.3,99410.5,98850.2,99126.2,2663.521,263996398.8786
2024-12-25 21:00:00,99126.2,99590.0,98337.1,98476.1,4882.829,482591016.8989
2024-12-25 22:00:00,98476.1,99073.9,98395.0,98781.2,2224.131,219657083.6128
2024-12-25 23:00:00,98781.2,99537.1,98774.4,99405.2,3514.774,348764469.0268
2024-12-26 00:00:00,99405.2,99950.0,98902.5,98997.6,6234.566,620110328.0338
2024-12-26 01:00:00,98997.6,99226.6,98516.8,99018.6,3963.868,391845235.9808
2024-12-26 02:00:00,99018.6,99200.9,98418.3,98692.7,2762.534,272953169.7781
2024-12-26 03:00:00,98692.7,99120.0,98519.3,98950.9,2155.724,213001711.5921
2024-12-26 04:00:00,98950.9,98950.9,98185.0,98250.3,2921.449,287635117.2371
2024-12-26 05:00:00,98250.3,98435.3,98031.0,98327.0,2446.155,240307198.4232
2024-12-26 06:00:00,98327.0,98444.4,97963.2,98077.4,2044.979,200670645.901
2024-12-26 07:00:00,98077.4,98261.0,97650.7,97675.3,3460.834,338875093.0356
2024-12-26 08:00:00,97675.3,97725.2,95550.0,95816.1,19488.004,1878801898.6593
2024-12-26 09:00:00,95816.1,95931.1,95360.7,95390.2,5472.973,523378510.2615
2024-12-26 10:00:00,95390.2,95729.0,95137.5,95459.7,4269.209,407300660.0403
2024-12-26 11:00:00,95459.7,95990.0,95408.8,95659.0,3474.328,332618507.1628
2024-12-26 12:00:00,95659.0,95843.2,95405.1,95631.2,2805.43,268192595.7643
2024-12-26 13:00:00,95631.2,95732.3,95231.5,95656.7,3346.979,319478274.9731
2024-12-26 14:00:00,95656.7,96240.6,95178.6,95410.0,7397.379,707863498.0963
2024-12-26 15:00:00,95410.0,96200.0,95200.0,95983.3,4934.255,472556115.1548
2024-12-26 16:00:00,95983.3,96575.1,95742.8,96463.4,5174.129,497709037.3666
2024-12-26 17:00:00,96463.4,96509.6,95603.6,95760.0,4048.41,388684686.7109
2024-12-26 18:00:00,95760.0,95930.0,95430.4,95683.4,2546.28,243622915.0525
2024-12-26 19:00:00,95683.4,96140.0,95383.3,96050.1,2166.27,207223348.2745
2024-12-26 20:00:00,96050.1,96069.7,95335.9,95546.8,3219.34,307793538.9484
2024-12-26 21:00:00,95546.8,95893.3,95250.0,95778.4,2883.493,275655798.3095
2024-12-26 22:00:00,95778.4,95928.0,95587.1,95785.2,1379.055,132072058.4345
2024-12-26 23:00:00,95785.2,95848.1,95320.0,95743.2,2072.799,198164541.1678
2024-12-27 00:00:00,95743.2,95890.7,95351.1,95744.0,2784.521,266219849.6633
2024-12-27 01:00:00,95744.0,96214.4,95517.1,95880.1,2214.831,212426090.8392
2024-12-27 02:00:00,95880.1,96400.0,95654.9,96025.8,2737.039,263006858.7684
2024-12-27 03:00:00,96025.8,96421.4,95936.3,96380.0,1827.807,175879514.1118
2024-12-27 04:00:00,96380.0,96557.5,96177.1,96249.1,1998.228,192628435.043
2024-12-27 05:00:00,96249.1,96285.8,95943.1,96209.1,1503.603,144506838.5552
2024-12-27 06:00:00,96209.1,96550.1,96062.1,96550.1,1400.271,134884744.3205
2024-12-27 07:00:00,96550.1,96572.7,94594.9,95059.6,10123.638,964676022.3963
2024-12-27 08:00:00,95059.6,96381.3,95054.7,95686.7,7706.773,738918594.2077
2024-12-27 09:00:00,95686.7,97500.0,95640.0,96732.9,10467.008,1014429952.6456
2024-12-27 10:00:00,96732.9,96984.3,96121.0,96542.4,3920.629,378188768.9373
2024-12-27 11:00:00,96542.4,96900.0,96319.8,96900.0,2573.651,248606124.6492
2024-12-27 12:00:00,96900.0,96995.7,96553.7,96649.1,2251.445,217850128.7969
2024-12-27 13:00:00,96649.1,96649.1,96211.0,96388.3,2611.434,251741293.7651
2024-12-27 14:00:00,96388.3,96447.3,95114.3,95639.9,8558.392,819154043.2367
2024-12-27 15:00:00,95639.9,95666.0,93930.0,94529.2,12371.335,1170367626.3092
2024-12-27 16:00:00,94529.2,94979.9,94032.8,94110.3,7368.641,695750786.7009
2024-12-27 17:00:00,94110.3,94293.8,93380.1,94229.9,8827.196,828742276.0686
2024-12-27 18:00:00,94229.9,94699.0,94145.7,94498.7,3148.673,297353821.1481
2024-12-27 19:00:00,94498.7,94747.0,94205.2,94699.9,2180.283,205901356.0769
2024-12-27 20:00:00,94699.9,94726.1,94264.8,94550.8,2547.135,240690422.329
2024-12-27 21:00:00,94550.8,94794.0,94337.4,94491.0,1679.85,158888539.168
2024-12-27 22:00:00,94491.0,94651.6,94133.6,94374.7,1608.448,151835849.7644
2024-12-27 23:00:00,94374.7,94475.0,94084.5,94251.0,1363.629,128582643.1268
2024-12-28 00:00:00,94251.0,94488.0,94211.0,94349.9,1229.476,115992660.932
2024-12-28 01:00:00,94349.9,94568.2,94070.2,94485.9,1693.954,159755231.3319
2024-12-28 02:00:00,94485.9,94575.6,94211.1,94269.5,802.015,75726633.6126
2024-12-28 03:00:00,94269.5,94676.0,94267.9,94537.0,868.475,82095403.2998
2024-12-28 04:00:00,94537.0,94598.4,94444.6,94467.4,491.606,46467142.7883
2024-12-28 05:00:00,94467.4,94759.8,94467.3,94580.0,1580.637,149575618.9588
2024-12-28 06:00:00,94580.0,94677.7,94351.4,94412.5,993.578,93874697.3203
2024-12-28 07:00:00,94412.5,94590.9,94239.5,94325.0,1035.642,97777042.8507
2024-12-28 08:00:00,94325.0,94494.9,94243.5,94436.5,680.905,64265599.4681
2024-12-28 09:00:00,94436.5,94643.4,94428.1,94530.0,988.372,93465950.311
2024-12-28 10:00:00,94530.0,94683.1,94438.8,94580.0,1656.517,156695563.2585
2024-12-28 11:00:00,94580.0,94858.3,94546.3,94712.9,1042.662,98736445.8306
2024-12-28 12:00:00,94712.9,94845.5,94553.9,94554.8,1194.716,113102357.0392
2024-12-28 13:00:00,94554.8,94714.1,94418.0,94621.3,1422.26,134510463.0146
2024-12-28 14:00:00,94621.3,95302.8,94352.2,94535.8,5801.135,550349479.8734
2024-12-28 15:00:00,94535.8,94799.9,94266.8,94389.8,2180.527,206116976.2003
2024-12-28 16:00:00,94389.8,94884.6,94333.2,94830.4,1649.587,156078993.3302
2024-12-28 17:00:00,94830.4,95221.7,94768.8,94985.5,3500.453,332661229.35
2024-12-28 18:00:00,94985.5,95073.6,94670.5,94795.7,1240.965,117744045.8802
2024-12-28 19:00:00,94795.7,95116.5,94792.6,94984.8,1287.444,122288633.3789
2024-12-28 20:00:00,94984.8,95108.9,94825.4,95041.2,862.244,81860283.9563
2024-12-28 21:00:00,95041.2,95175.0,94908.0,95116.8,735.149,69875795.2606
2024-12-28 22:00:00,95116.8,95699.9,94988.6,95277.3,2695.552,256839218.2286
2024-12-28 23:00:00,95277.3,95390.4,95065.0,95255.8,1260.918,120094556.0422
2024-12-29 00:00:00,95255.8,95300.0,95000.0,95114.3,1064.103,101227445.9418
2024-12-29 01:00:00,95114.3,95180.0,94758.0,94813.6,1506.837,143028647.1592
2024-12-29 02:00:00,94813.6,95168.9,94794.5,95111.3,1067.465,101415732.5116
2024-12-29 03:00:00,95111.3,95180.0,94921.0,95124.6,908.047,86322567.3524
2024-12-29 04:00:00,95124.6,95235.1,95006.3,95088.5,499.893,47541665.079
2024-12-29 05:00:00,95088.5,95160.0,95010.0,95074.2,448.48,42640769.6592
2024-12-29 06:00:00,95074.2,95183.0,94899.3,95129.8,1234.034,117309224.6763
2024-12-29 07:00:00,95129.8,95238.1,95028.1,95217.6,825.859,78564895.2139
2024-12-29 08:00:00,95217.6,95274.8,95021.5,95075.7,722.48,68713918.0876
2024-12-29 09:00:00,95075.7,95157.9,94996.3,95133.0,787.9,74918780.2116
2024-12-29 10:00:00,95133.0,95271.8,95050.0,95118.6,996.413,94823730.0675
2024-12-29 11:00:00,95118.6,95136.5,94958.7,94975.1,573.346,54499210.2396
2024-12-29 12:00:00,94975.1,95112.0,94840.3,94859.6,1239.173,117656134.652
2024-12-29 13:00:00,94859.6,94970.8,94680.0,94888.4,1280.988,121483340.4747
2024-12-29 14:00:00,94888.4,95188.8,93923.8,94577.9,8285.079,782969629.9571
2024-12-29 15:00:00,94577.9,94750.2,94357.9,94465.8,2072.562,196005133.6778
2024-12-29 16:00:00,94465.8,94544.9,93450.1,93841.2,5832.597,547788818.6037
2024-12-29 17:00:00,93841.2,94065.3,93726.9,93877.5,1986.996,186565014.2345
2024-12-29 18:00:00,93877.5,93899.2,93521.5,93592.2,2921.58,273706514.7989
2024-12-29 19:00:00,93592.2,93812.5,93233.0,93550.7,2380.263,222589496.885
2024-12-29 20:00:00,93550.7,93818.2,93299.0,93792.7,2359.477,220612231.8152
2024-12-29 21:00:00,93792.7,93900.0,93063.1,93291.4,4051.651,378808014.1945
2024-12-29 22:00:00,93291.4,93715.9,93000.0,93089.6,3375.592,314901847.5435
2024-12-29 23:00:00,93089.6,93830.0,92926.7,93699.0,3820.404,356676196.8625
2024-12-30 00:00:00,93699.0,93874.1,93450.1,93527.8,2451.782,229488887.4438
2024-12-30 01:00:00,93527.8,94244.9,93313.3,93886.3,4751.048,445261471.2703
2024-12-30 02:00:00,93886.3,93919.9,93364.8,93866.7,2487.193,232801741.3207
2024-12-30 03:00:00,93866.7,94052.4,93600.3,93667.3,1557.136,146133891.0264
2024-12-30 04:00:00,93667.3,93921.9,93218.0,93226.8,1775.316,166037354.9657
2024-12-30 05:00:00,93226.8,93539.8,93163.8,93539.8,2010.163,187588712.0782
2024-12-30 06:00:00,93539.8,94000.0,93455.0,93854.8,2555.62,239642942.5495
2024-12-30 07:00:00,93854.8,93905.4,93267.7,93680.0,2174.145,203441447.5903
2024-12-30 08:00:00,93680.0,93938.5,93671.4,93804.4,2467.863,231470516.1395
2024-12-30 09:00:00,93804.4,93982.1,93623.3,93833.4,1872.605,175684598.7376
2024-12-30 10:00:00,93833.4,94029.5,93672.1,93750.0,1503.422,141060029.5229
2024-12-30 11:00:00,93750.0,93908.5,93417.3,93876.2,2411.001,225901347.0109
2024-12-30 12:00:00,93876.2,94232.3,93659.1,93707.2,2997.553,281561015.9292
2024-12-30 13:00:00,93707.2,93794.5,92550.0,92614.7,9732.934,905620620.6873
2024-12-30 14:00:00,92614.7,93080.0,91740.5,91825.3,13988.79,1292483196.2214
2024-12-30 15:00:00,91825.3,92419.9,91463.7,92077.1,14412.765,1323518051.7961
2024-12-30 16:00:00,92077.1,92189.9,91751.0,92064.5,6147.42,565464649.0406
2024-12-30 17:00:00,92064.5,94174.4,91908.4,93779.9,12664.844,1180722580.9303
2024-12-30 18:00:00,93779.9,94656.0,93532.0,94556.3,8073.222,761297811.1022
2024-12-30 19:00:00,94556.3,94592.2,93902.7,94387.1,4181.111,394077563.8522
2024-12-30 20:00:00,94387.1,95000.0,94243.5,94306.3,5724.868,541753720.3617
2024-12-30 21:00:00,94306.3,94353.4,91831.4,92029.8,14356.379,1333684001.905
2024-12-30 22:00:00,92029.8,93000.0,91887.6,92745.3,5322.142,492340252.2117
2024-12-30 23:00:00,92745.3,92837.5,92312.5,92739.3,2838.746,262748737.5046
2024-12-31 00:00:00,92739.3,92850.0,92312.6,92399.0,2519.033,233216608.4508
2024-12-31 01:00:00,92399.0,92544.5,91981.4,92390.2,3225.417,297609748.9107
2024-12-31 02:00:00,92390.2,92666.6,92242.5,92413.0,1762.524,162998112.551
2024-12-31 03:00:00,92413.0,92617.6,92189.8,92467.1,2645.9,244522687.2179
2024-12-31 04:00:00,92467.1,92784.1,92305.3,92418.4,2021.838,187125459.832
2024-12-31 05:00:00,92418.4,92709.7,92301.1,92552.9,1580.756,146290641.5727
2024-12-31 06:00:00,92552.9,92989.7,92521.0,92777.2,2547.104,236258431.7396
2024-12-31 07:00:00,92777.2,92870.1,92717.2,92811.7,1544.239,143314237.6973
2024-12-31 08:00:00,92811.7,94700.0,92790.0,93870.3,10065.128,945778412.1833
2024-12-31 09:00:00,93870.3,94115.3,93764.0,93990.0,3194.42,300104533.6558
2024-12-31 10:00:00,93990.0,94230.9,93608.7,94063.0,4307.445,404544866.2665
2024-12-31 11:00:00,94063.0,94265.5,93950.0,94201.5,2195.299,206614712.346
2024-12-31 12:00:00,94201.5,94920.0,94201.5,94510.2,6008.269,568373745.0111
2024-12-31 13:00:00,94510.2,96050.1,94480.3,95552.1,10792.424,1030426944.5297
2024-12-31 14:00:00,95552.1,96322.1,95329.4,95657.5,7676.229,735050418.3777
2024-12-31 15:00:00,95657.5,95972.5,94880.8,95385.1,7209.51,687790709.228
2024-12-31 16:00:00,95385.1,95585.2,94559.8,94834.2,4993.917,474425721.0441
2024-12-31 17:00:00,94834.2,95033.1,93138.2,94087.2,9668.382,908253944.2016
2024-12-31 18:00:00,94087.2,94365.7,93750.1,93850.1,3687.501,346781228.4478
2024-12-31 19:00:00,93850.1,94249.7,93648.0,94140.8,2616.786,245863444.6243
2024-12-31 20:00:00,94140.8,94212.6,93390.0,93537.7,3249.4,304715728.3028
2024-12-31 21:00:00,93537.7,93936.1,93441.6,93856.6,1951.361,182794446.9195
2024-12-31 22:00:00,93856.6,93856.6,93329.7,93460.1,1541.15,144279266.4934
2024-12-31 23:00:00,93460.1,93720.0,93331.2,93530.0,1556.522,145555536.5998
2025-01-01 00:00:00,93530.0,94457.9,93451.0,94343.2,3153.341,296139553.817
2025-01-01 01:00:00,94343.2,94360.0,93537.3,93575.2,2561.427,240540796.2459
2025-01-01 02:00:00,93575.2,94066.7,93550.0,94056.3,1104.863,103628700.8826
2025-01-01 03:00:00,94056.3,94057.5,93679.7,93802.0,919.441,86281808.8492
2025-01-01 04:00:00,93802.0,93802.0,93472.9,93523.3,1166.151,109185155.3034
2025-01-01 05:00:00,93523.3,93909.3,93500.6,93755.9,1233.204,115590233.7554
2025-01-01 06:00:00,93755.9,93756.4,93516.5,93720.1,861.11,80625953.51
2025-01-01 07:00:00,93720.1,93774.1,93601.6,93642.7,859.776,80543652.6129
2025-01-01 08:00:00,93642.7,93737.7,93250.5,93375.0,2072.463,193696444.9458
2025-01-01 09:00:00,93375.0,93438.9,92840.0,93368.4,3900.419,363295917.1728
2025-01-01 10:00:00,93368.4,93510.0,93239.8,93297.8,1596.828,149120651.0995
2025-01-01 11:00:00,93297.8,93674.8,93155.5,93393.3,1991.185,186032169.674
2025-01-01 12:00:00,93393.3,93961.5,93351.2,93772.2,2377.623,222770404.3657
2025-01-01 13:00:00,93772.2,94039.1,93561.9,93985.9,1637.873,153586105.3717
2025-01-01 14:00:00,93985.9,94429.9,93604.2,94134.4,4793.719,450989303.5765
2025-01-01 15:00:00,94134.4,94481.4,93851.4,94411.6,2298.89,216440850.6787
2025-01-01 16:00:00,94411.6,94470.4,93891.9,94060.1,1957.371,184286450.319
2025-01-01 17:00:00,94060.1,94164.6,93687.7,94106.0,1600.265,150289564.3034
2025-01-01 18:00:00,94106.0,94357.7,93881.3,94300.0,1120.851,105559259.9054
2025-01-01 19:00:00,94300.0,94786.8,94100.0,94583.4,2381.442,224991742.2226
2025-01-01 20:00:00,94583.4,94863.8,94540.1,94751.4,1963.573,185990332.8606
2025-01-01 21:00:00,94751.4,95158.4,94646.7,94946.9,2091.371,198429397.2308
2025-01-01 22:00:00,94946.9,94982.1,94639.2,94761.1,1507.954,142948040.4668
2025-01-01 23:00:00,94761.1,94943.4,94500.0,94564.6,1679.23,158972971.1341
2025-01-02 00:00:00,94564.6,95355.0,94339.9,95104.9,4471.319,424496700.6736
2025-01-02 01:00:00,95104.9,95515.7,94688.9,94844.5,3562.47,338837621.0293
2025-01-02 02:00:00,94844.5,95220.8,94771.6,95217.0,1694.473,160996738.0141
2025-01-02 03:00:00,95217.0,95286.0,94881.1,94985.8,1085.773,103188207.3474
2025-01-02 04:00:00,94985.8,95987.5,94957.8,95685.8,4479.418,428264788.0218
2025-01-02 05:00:00,95685.8,95775.2,95346.8,95556.6,2219.185,212075782.6236
2025-01-02 06:00:00,95556.6,95673.5,95334.7,95547.1,1137.792,108623091.304
2025-01-02 07:00:00,95547.1,95877.2,95468.0,95799.9,1681.211,160958757.1594
2025-01-02 08:00:00,95799.9,96200.0,95591.5,96115.0,3393.05,325458074.3803
2025-01-02 09:00:00,96115.0,96774.0,96005.2,96716.4,4259.238,410561462.8795
2025-01-02 10:00:00,96716.4,96799.9,96489.5,96686.5,3067.978,296463827.8153
2025-01-02 11:00:00,96686.5,96869.8,96450.0,96717.7,2515.292,243117101.7633
2025-01-02 12:00:00,96717.7,96894.9,96572.2,96825.0,2183.916,211258505.8862
2025-01-02 13:00:00,96825.0,97000.0,96400.0,96431.4,3554.687,343648526.0126
2025-01-02 14:00:00,96431.4,97400.0,95889.7,97238.1,15066.589,1456786169.8577
2025-01-02 15:00:00,97238.1,97305.4,96126.5,96427.0,8867.892,857092278.9271
2025-01-02 16:00:00,96427.0,97685.0,96003.0,97195.2,7855.715,762649878.204
2025-01-02 17:00:00,97195.2,97573.6,96300.0,96729.2,5948.693,575951327.3556
2025-01-02 18:00:00,96729.2,97339.8,96354.5,97288.2,4502.017,436095962.2491
2025-01-02 19:00:00,97288.2,97764.0,97156.3,97294.1,4377.761,426611767.087
2025-01-02 20:00:00,97294.1,97844.8,97236.0,97248.1,3987.762,388875223.4959
2025-01-02 21:00:00,97248.1,97306.0,96987.0,97163.5,2107.581,204756441.9977
2025-01-02 22:00:00,97163.5,97163.5,96618.3,96850.2,2718.573,263415858.7162
2025-01-02 23:00:00,96850.2,97069.8,96736.2,96960.5,1288.549,124858037.1516
2025-01-03 00:00:00,96960.5,97049.4,96735.6,96796.3,1706.645,165373583.3039
2025-01-03 01:00:00,96796.3,96984.0,96605.3,96952.3,1429.417,138330398.364
2025-01-03 02:00:00,96952.3,97329.6,96815.8,96939.8,1847.897,179451140.0244
2025-01-03 03:00:00,96939.8,97064.7,96779.1,97024.2,898.445,87097196.1431
2025-01-03 04:00:00,97024.2,97042.8,96725.0,96777.6,977.381,94661096.1975
2025-01-03 05:00:00,96777.6,96831.8,96544.4,96729.4,1503.435,145323946.2758
2025-01-03 06:00:00,96729.4,96889.1,96470.0,96512.8,1410.337,136337164.4766
2025-01-03 07:00:00,96512.8,96611.9,96253.5,96283.3,2341.925,225766219.1166
2025-01-03 08:00:00,96283.3,96498.8,96062.1,96092.3,2421.772,233085269.7372
2025-01-03 09:00:00,96092.3,96688.0,96067.8,96518.1,2361.041,227737577.8788
2025-01-03 10:00:00,96518.1,96619.7,96372.1,96453.5,1285.598,124033386.7988
2025-01-03 11:00:00,96453.5,96810.7,96444.1,96715.4,1663.778,160833056.5423
2025-01-03 12:00:00,96715.4,96912.3,96630.0,96630.0,1907.867,184617285.1394
2025-01-03 13:00:00,96630.0,96818.8,96432.0,96470.7,1902.078,183710010.4093
2025-01-03 14:00:00,96470.7,97317.1,96470.7,96977.7,6079.019,589274118.7831
2025-01-03 15:00:00,96977.7,97631.5,96705.5,97491.8,6084.899,591865907.3149
2025-01-03 16:00:00,97491.8,98400.0,97360.2,97828.8,7957.242,779683811.6975
2025-01-03 17:00:00,97828.8,98265.2,97788.9,97983.6,2400.119,235293369.3561
2025-01-03 18:00:00,97983.6,98664.3,97955.0,98495.5,3206.627,315492203.1091
2025-01-03 19:00:00,98495.5,98950.0,98456.9,98555.2,3850.534,380125135.675
2025-01-03 20:00:00,98555.2,98709.0,98234.8,98252.7,2895.827,285046181.6846
2025-01-03 21:00:00,98252.7,98380.1,98131.4,98208.7,1797.438,176562844.9875
2025-01-03 22:00:00,98208.7,98493.8,98183.4,98260.1,1198.751,117875899.4301
2025-01-03 23:00:00,98260.1,98345.2,98016.9,98140.0,1220.788,119809229.4044
2025-01-04 00:00:00,98140.0,98251.8,97850.6,97910.2,1471.944,144278236.5167
2025-01-04 01:00:00,97910.2,98073.2,97750.0,97986.3,1245.718,121983976.8605
2025-01-04 02:00:00,97986.3,98275.2,97807.3,98262.2,1147.582,112519998.6704
2025-01-04 03:00:00,98262.2,98262.2,97993.4,98144.1,778.069,76357823.6116
2025-01-04 04:00:00,98144.1,98151.1,97832.8,97968.8,1034.297,101290640.1744
2025-01-04 05:00:00,97968.8,98150.0,97948.2,98081.6,1003.506,98401556.665
2025-01-04 06:00:00,98081.6,98212.7,98001.0,98091.6,593.419,58193869.7079
2025-01-04 07:00:00,98091.6,98298.6,98060.0,98235.0,900.002,88375059.9465
2025-01-04 08:00:00,98235.0,98268.2,97870.1,97877.7,1160.326,113806327.1601
2025-01-04 09:00:00,97877.7,97964.2,97502.1,97661.3,2141.543,209350988.0941
2025-01-04 10:00:00,97661.3,97829.0,97561.2,97745.9,1082.801,105795098.4824
2025-01-04 11:00:00,97745.9,97890.0,97661.8,97848.4,731.627,71535726.8311
2025-01-04 12:00:00,97848.4,97982.3,97750.1,97842.7,1330.519,130207602.3665
2025-01-04 13:00:00,97842.7,98029.7,97704.1,97929.9,1514.654,148215196.4548
2025-01-04 14:00:00,97929.9,98039.8,97784.0,97995.0,978.383,95812915.0674
2025-01-04 15:00:00,97995.0,98122.7,97442.8,97617.4,2741.601,267873437.4037
2025-01-04 16:00:00,97617.4,97821.4,97527.7,97676.7,1472.865,143851101.2308
2025-01-04 17:00:00,97676.7,98011.0,97640.7,97973.2,1040.566,101797581.893
2025-01-04 18:00:00,97973.2,98117.9,97854.6,97925.1,1035.92,101515384.3496
2025-01-04 19:00:00,97925.1,98380.7,97888.0,98129.3,1881.375,184702175.1423
2025-01-04 20:00:00,98129.3,98650.0,98129.2,98571.9,2165.245,213119889.1092
2025-01-04 21:00:00,98571.9,98759.6,98291.2,98336.3,1967.229,193787221.8188
2025-01-04 22:00:00,98336.3,98466.1,98229.8,98367.5,805.712,79232789.7745
2025-01-04 23:00:00,98367.5,98395.6,98105.0,98177.2,806.374,79201429.6401
2025-01-05 00:00:00,98177.2,98370.0,98106.2,98175.9,818.687,80415241.1403
2025-01-05 01:00:00,98175.9,98287.0,98011.0,98098.5,773.978,75938238.3976
2025-01-05 02:00:00,98098.5,98215.2,98060.4,98209.4,478.191,46926896.2384
2025-01-05 03:00:00,98209.4,98209.4,98033.0,98161.7,434.565,42637875.8696
2025-01-05 04:00:00,98161.7,98516.0,98161.7,98332.4,1411.838,138857130.9034
2025-01-05 05:00:00,98332.4,98475.0,98235.0,98311.4,581.239,57149152.4971
2025-01-05 06:00:00,98311.4,98467.0,98256.9,98419.4,547.01,53805979.5184
2025-01-05 07:00:00,98419.4,98446.4,98227.3,98227.4,577.667,56789989.6841
2025-01-05 08:00:00,98227.4,98227.4,97727.7,97814.5,3307.693,323797668.4384
2025-01-05 09:00:00,97814.5,97902.3,97573.9,97616.4,2087.895,204084592.1875
2025-01-05 10:00:00,97616.4,97735.3,97543.0,97690.0,1618.759,158060792.6589
2025-01-05 11:00:00,97690.0,97801.0,97574.3,97607.6,1089.602,106413540.9491
2025-01-05 12:00:00,97607.6,97918.0,97513.8,97720.0,1844.32,180225690.7861
2025-01-05 13:00:00,97720.0,97980.0,97606.8,97662.9,1460.956,142897727.7113
2025-01-05 14:00:00,97662.9,97947.3,97216.0,97810.0,5490.26,535397206.1758
2025-01-05 15:00:00,97810.0,98245.7,97673.2,97990.1,3278.752,321282797.7003
2025-01-05 16:00:00,97990.1,98308.6,97887.1,97996.3,1633.796,160238595.7829
2025-01-05 17:00:00,97996.3,98049.8,97600.1,97700.0,1698.399,166171854.6302
2025-01-05 18:00:00,97700.0,97898.5,97536.7,97872.0,1359.549,132816987.0402
2025-01-05 19:00:00,97872.0,98100.0,97808.4,98049.2,1117.702,109517244.9428
2025-01-05 20:00:00,98049.2,98651.9,97977.5,98237.4,3381.415,332691816.7843
2025-01-05 21:00:00,98237.4,98499.9,98180.4,98472.0,956.782,94105470.0619
2025-01-05 22:00:00,98472.0,98798.0,98303.6,98656.2,1508.183,148648012.6473
2025-01-05 23:00:00,98656.2,98828.5,98271.2,98340.5,1987.893,195839406.975
2025-01-06 00:00:00,98340.5,98755.6,98146.5,98183.9,2413.3,237501048.6164
2025-01-06 01:00:00,98183.9,98790.6,97861.0,98716.6,3172.766,311793885.7422
2025-01-06 02:00:00,98716.6,99282.2,98606.8,98780.0,6631.723,656087021.7218
2025-01-06 03:00:00,98780.0,99222.7,98710.0,99001.7,2125.208,210484256.5412
2025-01-06 04:00:00,99001.7,99473.5,99001.7,99429.5,2886.557,286598663.4759
2025-01-06 05:00:00,99429.5,99877.7,99364.9,99580.0,4806.417,478940641.4333
2025-01-06 06:00:00,99580.0,99771.0,99400.0,99468.2,2877.561,286453488.804
2025-01-06 07:00:00,99468.2,99508.2,99115.0,99275.0,2488.339,247071458.042
2025-01-06 08:00:00,99275.0,99608.1,98949.1,99017.4,3018.525,299519541.7072
2025-01-06 09:00:00,99017.4,99225.1,98920.5,98979.1,1287.847,127580752.873
2025-01-06 10:00:00,98979.1,99049.9,98679.2,98742.6,2820.612,278735560.1467
2025-01-06 11:00:00,98742.6,99400.0,98683.4,99238.8,3264.082,323539434.0359
2025-01-06 12:00:00,99238.8,99700.0,99100.1,99120.0,3009.585,299160756.1287
2025-01-06 13:00:00,99120.0,99538.5,98862.1,99460.3,3721.421,369106473.5262
2025-01-06 14:00:00,99460.3,101281.0,98612.2,100692.4,18631.53,1863590202.0229
2025-01-06 15:00:00,100692.4,102471.7,100428.1,102117.4,17532.823,1780721993.3433
2025-01-06 16:00:00,102117.4,102459.4,101697.3,102132.7,8932.625,912454757.6455
2025-01-06 17:00:00,102132.7,102141.7,101210.0,101788.0,5846.338,594288229.4413
2025-01-06 18:00:00,101788.0,102020.0,101523.4,101702.4,2307.703,234987720.1891
2025-01-06 19:00:00,101702.4,101996.0,101585.8,101761.6,1550.336,157836681.5481
2025-01-06 20:00:00,101761.6,102291.7,101736.8,102056.1,3331.621,339910275.3646
2025-01-06 21:00:00,102056.1,102276.5,101515.0,101545.7,2030.827,206912600.6064
2025-01-06 22:00:00,101545.7,102041.8,101535.4,101956.4,1362.863,138705743.983
2025-01-06 23:00:00,101956.4,102198.9,101850.0,102185.9,1185.079,120941348.3413
2025-01-07 00:00:00,102185.9,102702.1,101891.2,101996.9,4168.316,426325019.4161
2025-01-07 01:00:00,101996.9,102027.1,101649.6,101869.3,1874.591,190900199.7341
2025-01-07 02:00:00,101869.3,101979.4,101590.9,101623.3,1173.704,119466414.4573
2025-01-07 03:00:00,101623.3,101780.1,101454.1,101650.9,1908.844,194009033.9882
2025-01-07 04:00:00,101650.9,101883.8,101615.0,101615.1,944.344,96101178.1368
2025-01-07 05:00:00,101615.1,101733.4,101524.7,101686.9,1037.101,105398944.9303
2025-01-07 06:00:00,101686.9,101850.0,101580.1,101760.0,956.959,97353382.6679
2025-01-07 07:00:00,101760.0,101975.0,101604.1,101646.2,1300.764,132398885.6087
2025-01-07 08:00:00,101646.2,101966.0,101578.6,101872.0,1349.815,137382090.3885
2025-01-07 09:00:00,101872.0,101895.4,101596.5,101667.1,1200.567,122111573.6753
2025-01-07 10:00:00,101667.1,101667.1,101333.3,101358.6,2512.91,254970795.2688
2025-01-07 11:00:00,101358.6,101426.3,100441.0,100796.4,7231.904,729438458.6951
2025-01-07 12:00:00,100796.4,100923.9,100567.6,100719.5,2663.674,268420599.4345
2025-01-07 13:00:00,100719.5,100955.5,100575.9,100606.0,2902.668,292416252.5462
2025-01-07 14:00:00,100606.0,100827.2,99709.0,99938.6,13846.453,1389301056.5045
2025-01-07 15:00:00,99938.6,100165.2,97088.0,97905.1,41252.163,4060688338.3213
2025-01-07 16:00:00,97905.1,98329.8,97558.2,97695.3,9886.393,968011836.9451
2025-01-07 17:00:00,97695.3,97772.4,96500.0,97242.4,13671.76,1328133010.8693
2025-01-07 18:00:00,97242.4,97514.2,96568.3,96720.5,6048.358,586869095.1197
2025-01-07 19:00:00,96720.5,97157.5,96159.2,96415.7,7229.891,698696644.8527
2025-01-07 20:00:00,96415.7,96850.0,96113.4,96494.5,8008.508,772212459.9092
2025-01-07 21:00:00,96494.5,97051.7,96350.0,96461.3,4842.182,468281369.7731
2025-01-07 22:00:00,96461.3,97188.8,96355.8,97127.4,2534.229,245589890.5398
2025-01-07 23:00:00,97127.4,97155.0,96750.0,96908.1,2114.728,204997765.6967
2025-01-08 00:00:00,96908.1,97224.3,96623.7,97208.7,2713.961,263069847.2981
2025-01-08 01:00:00,97208.7,97209.6,96559.8,96853.1,2454.519,237677120.9649
2025-01-08 02:00:00,96853.1,97133.6,96719.8,96808.8,2126.223,206162507.3808
2025-01-08 03:00:00,96808.8,96809.7,96165.4,96487.5,5342.281,515341797.1206
2025-01-08 04:00:00,96487.5,96599.4,95830.1,96231.3,5876.29,565584881.7731
2025-01-08 05:00:00,96231.3,96623.5,96016.3,96445.9,2916.59,281066676.9249
2025-01-08 06:00:00,96445.9,96599.4,95209.0,95239.2,8022.009,767541229.9454
2025-01-08 07:00:00,95239.2,95794.0,95202.3,95608.9,4691.751,447997389.4738
2025-01-08 08:00:00,95608.9,96095.9,95475.5,95894.5,3562.61,341394613.0056
2025-01-08 09:00:00,95894.5,96061.0,95363.6,95383.5,3477.916,332984354.9761
2025-01-08 10:00:00,95383.5,95968.9,95383.4,95911.2,3271.509,312936563.1374
2025-01-08 11:00:00,95911.2,96012.8,94458.0,95101.8,11521.298,1094957508.7327
2025-01-08 12:00:00,95101.8,95332.5,94800.0,94842.1,5462.581,519314660.4921
2025-01-08 13:00:00,94842.1,95642.3,94842.1,95348.0,5983.553,570437321.7123
2025-01-08 14:00:00,95348.0,95837.8,94820.4,95251.0,9490.574,904146465.3244
2025-01-08 15:00:00,95251.0,96037.9,94571.0,95455.3,13831.404,1316818340.6978
2025-01-08 16:00:00,95455.3,95457.8,94503.7,94754.7,5768.086,547485354.4094
2025-01-08 17:00:00,94754.7,94819.0,92378.5,93957.6,28516.724,2667771064.7839
2025-01-08 18:00:00,93957.6,95082.1,93705.0,94195.7,10487.455,989615565.0458
2025-01-08 19:00:00,94195.7,94817.3,94008.8,94211.6,6798.048,641665166.7701
2025-01-08 20:00:00,94211.6,94384.9,93703.1,93947.4,4557.249,428381387.7404
2025-01-08 21:00:00,93947.4,94550.0,93530.5,94408.4,3952.488,371939727.5486
2025-01-08 22:00:00,94408.4,95254.5,94401.2,95247.5,3973.451,376851852.8854
2025-01-08 23:00:00,95247.5,95251.9,94850.0,95022.2,1536.526,145990517.993
2025-01-09 00:00:00,95022.2,95140.2,94760.0,95110.9,1778.001,168808007.3816
2025-01-09 01:00:00,95110.9,95356.6,94931.1,94946.9,1935.142,184086615.0713
2025-01-09 02:00:00,94946.9,94999.3,93374.9,94732.5,14580.863,1372899616.1159
2025-01-09 03:00:00,94732.5,94758.2,93955.6,93966.1,3530.596,332741862.7636
2025-01-09 04:00:00,93966.1,94450.0,93736.0,94370.2,3040.266,286005525.9676
2025-01-09 05:00:00,94370.2,94540.3,94225.0,94438.7,1660.184,156697376.8531
2025-01-09 06:00:00,94438.7,94588.6,94001.0,94052.3,1813.133,170971263.085
2025-01-09 07:00:00,94052.3,94264.7,93089.4,93175.6,5075.48,474934650.8119
2025-01-09 08:00:00,93175.6,93360.0,92705.0,92979.5,7271.242,676275395.19
2025-01-09 09:00:00,92979.5,93694.1,92916.0,93464.6,2829.436,264244859.7368
2025-01-09 10:00:00,93464.6,93623.1,92980.1,93416.0,2673.379,249351147.6681
2025-01-09 11:00:00,93416.0,93827.2,93150.0,93410.1,3226.832,301713153.185
2025-01-09 12:00:00,93410.1,93648.3,93103.0,93369.0,2985.39,278849408.995
2025-01-09 13:00:00,93369.0,93450.7,91825.0,91933.7,11600.575,1072225542.4656
2025-01-09 14:00:00,91933.7,92868.0,91738.0,92815.1,9734.024,898277256.7601
2025-01-09 15:00:00,92815.1,94555.0,92637.2,94210.8,11830.334,1107560001.7322
2025-01-09 16:00:00,94210.8,94666.0,93806.6,94219.0,6302.303,593702028.0622
2025-01-09 17:00:00,94219.0,94259.7,92262.6,92635.6,8838.853,822718761.6598
2025-01-09 18:00:00,92635.6,93198.5,92334.3,92976.1,5189.437,481458457.7608
2025-01-09 19:00:00,92976.1,93246.0,91850.0,91859.5,5880.459,543864080.4004
2025-01-09 20:00:00,91859.5,92329.0,91151.0,91866.4,13085.16,1199165299.2881
2025-01-09 21:00:00,91866.4,92484.4,91754.0,92062.3,4764.129,438903094.7989
2025-01-09 22:00:00,92062.3,92699.2,91591.0,92419.2,3793.553,349816150.9955
2025-01-09 23:00:00,92419.2,92679.5,92000.2,92507.7,3290.995,304017579.0434
2025-01-10 00:00:00,92507.7,92814.8,92406.6,92724.7,3092.272,286362040.0453
2025-01-10 01:00:00,92724.7,93122.0,92536.8,93067.9,2246.545,208638669.2498
2025-01-10 02:00:00,93067.9,93654.6,92982.0,93324.7,3116.784,290879622.8535
2025-01-10 03:00:00,93324.7,93687.8,93270.6,93655.9,1527.503,142820218.8569
2025-01-10 04:00:00,93655.9,93870.0,93457.9,93800.0,2737.193,256366931.7489
2025-01-10 05:00:00,93800.0,94206.9,93599.8,93920.7,3382.395,317566134.7753
2025-01-10 06:00:00,93920.7,94282.2,93684.3,94197.8,3030.796,284844006.591
2025-01-10 07:00:00,94197.8,94948.4,94027.1,94457.1,4817.084,455422618.7632
2025-01-10 08:00:00,94457.1,94728.4,94342.1,94623.5,2694.877,254835410.7569
2025-01-10 09:00:00,94623.5,94937.4,94524.0,94738.5,2648.55,251062841.7341
2025-01-10 10:00:00,94738.5,95233.0,94699.6,95158.1,2924.639,277654168.5773
2025-01-10 11:00:00,95158.1,95204.0,94566.8,95019.8,3803.069,360714738.7609
2025-01-10 12:00:00,95019.8,95079.9,94666.0,94989.5,2894.808,274610646.9423
2025-01-10 13:00:00,94989.5,94989.5,92700.0,93513.6,23584.13,2207264349.8636
2025-01-10 14:00:00,93513.6,94697.9,93370.5,94083.5,16157.782,1519800673.2328
2025-01-10 15:00:00,94083.5,94508.9,92161.2,93695.9,21464.255,2002903458.7294
2025-01-10 16:00:00,93695.9,94009.0,93153.9,93620.6,8693.856,813743257.8802
2025-01-10 17:00:00,93620.6,95873.6,93290.1,95767.1,10031.584,950585302.9518
2025-01-10 18:00:00,95767.1,95767.1,94527.9,94808.4,8887.735,845867079.7384
2025-01-10 19:00:00,94808.4,95356.8,94355.2,95275.4,3885.396,368698368.4399
2025-01-10 20:00:00,95275.4,95416.6,94534.1,94620.7,4396.183,416990727.3733
2025-01-10 21:00:00,94620.7,94901.9,94544.4,94571.3,1655.948,156838419.8147
2025-01-10 22:00:00,94571.3,94955.0,94540.1,94728.8,1411.468,133646497.1038
2025-01-10 23:00:00,94728.8,94867.9,94606.0,94684.2,964.913,91419117.4119
2025-01-11 00:00:00,94684.2,94709.7,94267.6,94560.8,2476.533,233944773.0143
2025-01-11 01:00:00,94560.8,94667.2,94176.9,94389.9,1254.326,118423550.08
2025-01-11 02:00:00,94389.9,94464.0,94131.9,94372.5,1172.408,110514717.9431
2025-01-11 03:00:00,94372.5,94397.9,94054.9,94163.1,1133.161,106717440.2297
2025-01-11 04:00:00,94163.1,94266.7,93800.0,94024.2,1920.428,180482300.411
2025-01-11 05:00:00,94024.2,94350.0,93970.1,94323.5,1437.213,135390493.4643
2025-01-11 06:00:00,94323.5,94409.5,94163.0,94167.6,1081.293,101980999.4871
2025-01-11 07:00:00,94167.6,94299.7,94104.8,94204.3,725.648,68344414.1329
2025-01-11 08:00:00,94204.3,94379.5,93981.0,94035.5,1274.438,120032963.2998
2025-01-11 09:00:00,94035.5,94295.3,94000.6,94293.3,845.234,79576263.3645
2025-01-11 10:00:00,94293.3,94490.3,94265.8,94449.3,1353.161,127704708.4512
2025-01-11 11:00:00,94449.3,94750.0,94416.9,94574.6,1756.577,166150466.0298
2025-01-11 12:00:00,94574.6,94611.2,94488.3,94509.4,1041.333,98438005.8455
2025-01-11 13:00:00,94509.4,94570.9,94300.0,94349.2,1384.333,130685000.7506
2025-01-11 14:00:00,94349.2,94608.0,94258.7,94571.0,1137.115,107375252.404
2025-01-11 15:00:00,94571.0,94608.8,94326.5,94371.5,915.972,86508647.4131
2025-01-11 16:00:00,94371.5,94696.5,94264.9,94418.0,1813.653,171306189.5125
2025-01-11 17:00:00,94418.0,94418.0,93888.3,94125.7,2448.819,230519810.8524
2025-01-11 18:00:00,94125.7,94284.8,94067.0,94232.3,974.813,91815438.6764
2025-01-11 19:00:00,94232.3,94310.3,94035.5,94201.1,670.619,63133063.2777
2025-01-11 20:00:00,94201.1,94649.9,94142.1,94572.0,1687.305,159337815.5489
2025-01-11 21:00:00,94572.0,94991.9,94533.1,94896.0,2157.698,204428144.7092
2025-01-11 22:00:00,94896.0,94945.1,94521.5,94554.8,1281.711,121411984.1308
2025-01-11 23:00:00,94554.8,94728.2,94501.0,94569.4,868.893,82188166.8675
2025-01-12 00:00:00,94569.4,94626.9,94383.6,94411.3,925.476,87457747.8107
2025-01-12 01:00:00,94411.3,94559.5,94255.0,94538.4,853.103,80516567.9372
2025-01-12 02:00:00,94538.4,94637.2,94434.6,94585.6,520.999,49249459.4781
2025-01-12 03:00:00,94585.6,94663.9,94361.8,94587.3,533.113,50379002.6071
2025-01-12 04:00:00,94587.3,94610.2,94454.2,94540.3,341.227,32258719.3933
2025-01-12 05:00:00,94540.3,94595.3,94452.3,94520.1,278.229,26300843.8742
2025-01-12 06:00:00,94520.1,94577.3,94324.0,94328.7,599.131,56585150.3059
2025-01-12 07:00:00,94328.7,94413.8,94210.3,94295.1,794.441,74926561.6484
2025-01-12 08:00:00,94295.1,94358.6,94069.0,94140.0,1192.324,112302421.5845
2025-01-12 09:00:00,94140.0,94202.4,93660.0,93862.8,2540.608,238543884.6279
2025-01-12 10:00:00,93862.8,94026.2,93782.4,93973.9,1488.826,139799815.8658
2025-01-12 11:00:00,93973.9,94320.0,93970.1,94211.2,1719.055,161899402.4356
2025-01-12 12:00:00,94211.2,94592.4,94120.6,94299.7,2180.205,205755473.0003
2025-01-12 13:00:00,94299.7,94730.2,94257.0,94623.8,2111.312,199647923.8373
2025-01-12 14:00:00,94623.8,94963.9,94623.8,94780.0,2191.065,207766306.2669
2025-01-12 15:00:00,94780.0,95439.9,94640.0,95043.8,5341.668,507930262.3637
2025-01-12 16:00:00,95043.8,95109.2,94769.4,95022.3,1928.994,183114234.0031
2025-01-12 17:00:00,95022.3,95240.9,94936.8,95096.8,1125.857,107088505.0913
2025-01-12 18:00:00,95096.8,95283.7,94866.7,94961.7,1188.28,112952372.7597
2025-01-12 19:00:00,94961.7,95037.1,94540.2,94632.4,1809.217,171418809.1087
2025-01-12 20:00:00,94632.4,94782.7,94558.3,94658.0,781.805,74026010.1077
2025-01-12 21:00:00,94658.0,94692.3,94256.6,94303.8,1606.678,151751150.136
2025-01-12 22:00:00,94303.8,94330.2,93740.0,93929.8,3231.153,303659931.5911
2025-01-12 23:00:00,93929.8,94546.8,93910.6,94510.0,2532.941,238710452.1505
2025-01-13 00:00:00,94510.0,95954.8,94406.0,95285.4,7887.206,751912100.601
2025-01-13 01:00:00,95285.4,95373.0,94056.3,94177.9,6807.35,644773867.1109
2025-01-13 02:00:00,94177.9,94475.0,93868.4,94170.0,3855.937,363064697.7025
2025-01-13 03:00:00,94170.0,94387.9,93926.2,94217.1,2169.932,204356517.9761
2025-01-13 04:00:00,94217.1,94888.2,94144.1,94463.6,3513.085,332184028.3738
2025-01-13 05:00:00,94463.6,94514.4,94010.0,94135.7,2211.919,208467577.3185
2025-01-13 06:00:00,94135.7,94311.5,93151.0,93600.1,7428.097,695234692.4334
2025-01-13 07:00:00,93600.1,93993.0,93422.5,93557.9,4318.551,404558234.3821
2025-01-13 08:00:00,93557.9,93621.2,92850.0,93000.0,4836.825,450603216.3948
2025-01-13 09:00:00,93000.0,93151.9,92566.8,92805.0,5423.068,503756154.932
2025-01-13 10:00:00,92805.0,92853.8,91321.0,91594.1,11696.248,1075076203.5058
2025-01-13 11:00:00,91594.1,91752.6,90769.0,90811.9,11022.671,1005484820.7917
2025-01-13 12:00:00,90811.9,91500.0,90250.0,90696.5,14849.645,1348182356.4031
2025-01-13 13:00:00,90696.5,91756.0,90544.8,91080.9,10461.258,955050227.5771
2025-01-13 14:00:00,91080.9,92249.8,89100.0,91784.8,28077.046,2546731680.8014
2025-01-13 15:00:00,91784.8,93050.9,91512.1,92081.1,13535.328,1250103387.4288
2025-01-13 16:00:00,92081.1,92241.4,91200.9,91302.1,9768.011,896250204.5623
2025-01-13 17:00:00,91302.1,92263.7,91200.0,91944.0,6499.829,596369298.9764
2025-01-13 18:00:00,91944.0,92388.0,91564.1,92037.6,6512.493,598967430.44
2025-01-13 19:00:00,92037.6,92500.0,91548.0,92260.7,7450.425,686088469.5675
2025-01-13 20:00:00,92260.7,93800.0,91839.2,93545.1,9132.764,848530444.5337
2025-01-13 21:00:00,93545.1,94442.8,93349.6,94172.8,7947.464,746414012.1216
2025-01-13 22:00:00,94172.8,94700.0,94118.3,94370.4,4165.619,393316347.4574
2025-01-13 23:00:00,94370.4,94601.5,94152.5,94508.2,2724.035,257077509.8729
2025-01-14 00:00:00,94508.2,94857.0,94330.3,94462.5,3946.468,373132766.4862
2025-01-14 01:00:00,94462.5,95050.0,94448.2,94814.4,3655.397,346551714.7263
2025-01-14 02:00:00,94814.4,95285.1,94706.6,94877.7,3137.823,298248652.2117
2025-01-14 03:00:00,94877.7,95101.3,94765.8,94849.3,1675.552,159020699.209
2025-01-14 04:00:00,94849.3,95137.4,94800.0,95104.5,1701.479,161574806.0493
2025-01-14 05:00:00,95104.5,95484.3,94850.0,94911.3,2740.497,260894075.3732
2025-01-14 06:00:00,94911.3,95014.2,94714.4,95014.1,1889.726,179238992.6148
2025-01-14 07:00:00,95014.1,95149.9,94817.7,94838.4,1712.564,162667534.4759
2025-01-14 08:00:00,94838.4,95811.0,94838.4,95471.5,5244.988,500655330.6456
2025-01-14 09:00:00,95471.5,97395.5,95436.3,97150.0,12964.889,1252544549.8846
2025-01-14 10:00:00,97150.0,97181.8,96552.3,96655.5,6198.611,599951749.052
2025-01-14 11:00:00,96655.5,96694.0,96311.0,96526.2,3796.259,366360204.8098
2025-01-14 12:00:00,96526.2,96696.6,95970.0,95970.0,3897.421,375015595.4558
2025-01-14 13:00:00,95970.0,97247.9,95712.1,96303.9,12172.958,1175148634.6498
2025-01-14 14:00:00,96303.9,97220.0,95960.5,96257.8,9193.234,888146372.9845
2025-01-14 15:00:00,96257.8,96950.9,96150.1,96415.4,5344.88,516214586.1068
2025-01-14 16:00:00,96415.4,96415.5,95308.8,95709.1,8929.938,855631177.5384
2025-01-14 17:00:00,95709.1,96571.9,95537.8,96492.5,5077.999,487715533.7904
2025-01-14 18:00:00,96492.5,96942.5,96240.9,96733.2,3340.236,322780219.5607
2025-01-14 19:00:00,96733.2,97064.0,96440.1,96518.1,2977.237,288165687.186
2025-01-14 20:00:00,96518.1,96899.5,96100.0,96461.9,4055.038,391230023.1998
2025-01-14 21:00:00,96461.9,96642.8,96269.9,96439.1,1690.615,163054316.0129
2025-01-14 22:00:00,96439.1,96700.0,96396.4,96640.2,767.049,74064398.2705
2025-01-14 23:00:00,96640.2,96747.1,96450.0,96523.3,850.228,82120473.2047
2025-01-15 00:00:00,96523.3,97336.9,96450.0,96851.8,3594.355,348466482.26
2025-01-15 01:00:00,96851.8,97548.7,96753.9,97293.1,3426.596,333116457.3377
2025-01-15 02:00:00,97293.1,97412.0,96671.1,96773.8,2581.01,250269992.8929
2025-01-15 03:00:00,96773.8,97297.9,96701.8,97281.3,1355.043,131446337.5183
2025-01-15 04:00:00,97281.3,97691.7,97000.0,97150.0,3345.472,325693771.5083
2025-01-15 05:00:00,97150.0,97205.0,96707.2,96989.9,2109.28,204359330.0307
2025-01-15 06:00:00,96989.9,97123.9,96819.6,97065.7,1102.996,106936686.2501
2025-01-15 07:00:00,97065.7,97567.0,97065.6,97255.8,2330.28,226793689.3784
2025-01-15 08:00:00,97255.8,97499.0,97111.4,97158.5,2153.736,209565496.9293
2025-01-15 09:00:00,97158.5,97324.4,96730.0,96782.4,2589.746,251094491.7926
2025-01-15 10:00:00,96782.4,97099.9,96671.4,96899.9,1578.999,153008658.0121
2025-01-15 11:00:00,96899.9,96905.9,96469.6,96722.3,2202.783,212895121.3576
2025-01-15 12:00:00,96722.3,97159.8,96500.0,96901.4,3112.49,301388288.426
2025-01-15 13:00:00,96901.4,99000.0,96804.7,98927.7,20444.076,2007782764.1045
2025-01-15 14:00:00,98927.7,99489.0,98566.9,99400.7,12741.642,1261632583.1437
2025-01-15 15:00:00,99400.7,99765.0,98934.2,98955.1,8091.568,804352244.6643
2025-01-15 16:00:00,98955.1,99472.2,98855.0,98970.0,3951.034,391725556.2105
2025-01-15 17:00:00,98970.0,99300.0,98555.9,98600.0,3125.482,309323893.4974
2025-01-15 18:00:00,98600.0,99423.0,98599.9,99420.0,2798.484,277174377.8798
2025-01-15 19:00:00,99420.0,99942.5,99249.4,99807.5,4196.393,417871157.9868
2025-01-15 20:00:00,99807.5,100700.0,99400.1,99504.4,11251.485,1125247587.4741
2025-01-15 21:00:00,99504.4,99820.1,99423.0,99630.0,2153.358,214575144.0611
2025-01-15 22:00:00,99630.0,99799.9,99495.9,99681.0,1451.765,144627239.2997
2025-01-15 23:00:00,99681.0,100500.0,99574.0,100465.0,3545.2,354670931.6732
2025-01-16 00:00:00,100465.0,100866.1,99627.0,99839.7,6788.916,680531488.6099
2025-01-16 01:00:00,99839.7,100177.6,99784.1,100044.8,2140.957,214081334.0502
2025-01-16 02:00:00,100044.8,100097.7,99429.2,99599.9,2199.913,219333513.8942
2025-01-16 03:00:00,99599.9,99809.0,99129.8,99437.5,2652.487,263815940.438
2025-01-16 04:00:00,99437.5,99664.9,99437.4,99586.9,812.536,80907088.7824
2025-01-16 05:00:00,99586.9,99596.0,99314.2,99360.7,1201.757,119518785.2002
2025-01-16 06:00:00,99360.7,99891.8,99293.1,99761.6,1917.305,191048843.8238
2025-01-16 07:00:00,99761.6,99835.0,99606.3,99783.6,1063.726,106055257.9088
2025-01-16 08:00:00,99783.6,99799.0,98599.9,98923.1,5026.15,497860492.426
2025-01-16 09:00:00,98923.1,99287.0,98600.9,99125.2,3541.744,350344445.9481
2025-01-16 10:00:00,99125.2,99380.0,99082.8,99169.7,1733.905,172064924.6243
2025-01-16 11:00:00,99169.7,99300.0,98688.0,99125.7,3448.606,341485246.4735
2025-01-16 12:00:00,99125.7,99498.2,98853.2,99354.1,3516.098,349076803.4593
2025-01-16 13:00:00,99354.1,99455.0,98747.0,99050.0,5080.85,503283979.0895
2025-01-16 14:00:00,99050.0,99369.2,97452.7,97579.0,12631.918,1240105782.8535
2025-01-16 15:00:00,97579.0,99271.5,97291.0,99255.6,11172.911,1096215396.3274
2025-01-16 16:00:00,99255.6,99855.9,99029.5,99309.0,8789.028,874107177.607
2025-01-16 17:00:00,99309.0,100331.8,99134.2,99798.9,5456.431,544746612.2185
2025-01-16 18:00:00,99798.9,100043.8,99210.6,99533.0,3051.469,303728793.0299
2025-01-16 19:00:00,99533.0,100400.0,99356.4,100373.3,3877.011,387506115.5553
2025-01-16 20:00:00,100373.3,100620.0,100221.0,100299.0,4058.872,407650114.5671
2025-01-16 21:00:00,100299.0,100333.4,99657.6,100105.9,3456.367,345660506.5618
2025-01-16 22:00:00,100105.9,100106.1,99331.0,99775.7,2454.652,244572961.9273
2025-01-16 23:00:00,99775.7,100072.0,99684.9,99945.8,2464.937,246247189.7836
2025-01-17 00:00:00,99945.8,100411.5,99906.1,100099.9,2712.989,271723334.3542
2025-01-17 01:00:00,100099.9,101817.6,99969.9,101644.6,8303.289,838917148.6785
2025-01-17 02:00:00,101644.6,102150.0,100758.4,101068.3,6078.729,617397433.3856
2025-01-17 03:00:00,101068.3,101241.2,100902.2,101016.1,1949.731,197031942.0603
2025-01-17 04:00:00,101016.1,101455.0,100907.6,101439.0,1677.292,169676146.8842
2025-01-17 05:00:00,101439.0,101746.8,101274.8,101318.6,2377.152,241351057.8251
2025-01-17 06:00:00,101318.6,101576.5,101283.1,101383.9,913.521,92657216.3243
2025-01-17 07:00:00,101383.9,101911.9,101366.7,101410.4,2315.845,235257771.6358
2025-01-17 08:00:00,101410.4,102199.9,101410.4,102100.0,4073.994,415096321.2052
2025-01-17 09:00:00,102100.0,102269.3,101720.0,101833.4,2645.668,269881082.1533
2025-01-17 10:00:00,101833.4,102579.3,101767.2,102315.8,3266.8,334006088.3772
2025-01-17 11:00:00,102315.8,102436.9,102054.1,102205.4,1986.219,203070802.9025
2025-01-17 12:00:00,102205.4,102957.2,102164.4,102727.8,5041.294,517505327.0502
2025-01-17 13:00:00,102727.8,102968.4,102401.3,102443.3,4093.087,420113469.5517
2025-01-17 14:00:00,102443.3,103358.0,102228.4,103357.9,10587.281,1088514277.9244
2025-01-17 15:00:00,103357.9,104219.8,103270.0,103988.4,14110.726,1465197490.9065
2025-01-17 16:00:00,103988.4,104999.5,103802.0,104950.3,9558.728,999401657.3763
2025-01-17 17:00:00,104950.3,105278.0,103980.0,104106.7,8840.796,925328220.0248
2025-01-17 18:00:00,104106.7,104895.0,104007.0,104800.4,4228.614,442141858.1481
2025-01-17 19:00:00,104800.4,105815.8,104637.1,105788.5,9097.618,958843245.9718
2025-01-17 20:00:00,105788.5,105806.4,104444.0,104642.8,7050.271,741098530.2539
2025-01-17 21:00:00,104642.8,104988.2,104391.4,104559.4,3585.314,375408092.3393
2025-01-17 22:00:00,104559.4,104651.7,104140.4,104366.0,1954.062,204006788.3192
2025-01-17 23:00:00,104366.0,104498.2,104026.0,104048.8,1680.331,175220172.6595
2025-01-18 00:00:00,104048.8,104617.0,104034.1,104610.7,2249.408,234681829.8918
2025-01-18 01:00:00,104610.7,104610.8,104056.0,104223.1,1966.749,205159847.6803
2025-01-18 02:00:00,104223.1,104468.8,104192.4,104285.1,809.127,84425375.2913
2025-01-18 03:00:00,104285.1,104421.3,103008.0,103530.0,5341.605,553565191.485
2025-01-18 04:00:00,103530.0,103683.0,102630.0,103563.2,5556.396,573270631.9814
2025-01-18 05:00:00,103563.2,103750.2,102778.3,102788.0,3979.355,411431202.3581
2025-01-18 06:00:00,102788.0,103632.1,102780.1,103408.9,3147.259,325038482.2175
2025-01-18 07:00:00,103408.9,103475.0,102545.5,102773.7,3013.266,310175771.7768
2025-01-18 08:00:00,102773.7,103299.9,102244.0,103228.4,4802.47,493313207.5097
2025-01-18 09:00:00,103228.4,103429.9,103005.9,103127.8,2662.745,274830694.5011
2025-01-18 10:00:00,103127.8,103262.5,102800.1,103144.7,2470.537,254600238.5751
2025-01-18 11:00:00,103144.7,103851.9,102900.0,103538.9,2775.529,287047366.3705
2025-01-18 12:00:00,103538.9,103999.9,103337.6,103412.2,2251.796,233321870.3058
2025-01-18 13:00:00,103412.2,104377.3,103076.7,104314.3,3229.287,335033964.9043
2025-01-18 14:00:00,104314.3,104525.0,103666.0,103932.4,3941.751,410262841.6671
2025-01-18 15:00:00,103932.4,104963.0,103709.3,104521.4,3848.269,402032970.1273
2025-01-18 16:00:00,104521.4,104692.3,103107.3,103198.0,5698.581,591753382.1685
2025-01-18 17:00:00,103198.0,104184.5,103197.9,103769.2,3146.238,326586802.1863
2025-01-18 18:00:00,103769.2,104373.1,103759.6,104052.0,2917.859,303624363.7314
2025-01-18 19:00:00,104052.0,104483.6,104029.8,104366.0,2121.949,221240779.5848
2025-01-18 20:00:00,104366.0,104486.8,103734.2,103995.7,2426.406,252376947.0651
2025-01-18 21:00:00,103995.7,104238.5,103826.1,103847.9,1911.419,198830658.0818
2025-01-18 22:00:00,103847.9,104290.1,103826.0,104262.2,738.865,76909564.8685
2025-01-18 23:00:00,104262.2,104738.6,104262.2,104520.0,2013.775,210440979.0486
2025-01-19 00:00:00,104520.0,104520.0,104074.1,104079.9,1528.37,159398525.2606
2025-01-19 01:00:00,104079.9,104655.4,103970.9,104452.6,1599.001,166888853.593
2025-01-19 02:00:00,104452.6,105431.1,104451.9,104835.0,3373.533,354260101.0307
2025-01-19 03:00:00,104835.0,105154.0,104503.4,104955.1,2283.22,239299943.4564
2025-01-19 04:00:00,104955.1,105221.4,104630.1,105004.0,2208.677,231818068.4185
2025-01-19 05:00:00,105004.0,105115.8,104227.7,105099.8,2868.475,300280780.8546
2025-01-19 06:00:00,105099.8,105618.8,104984.5,105539.1,2167.327,228165158.9007
2025-01-19 07:00:00,105539.1,105580.6,104932.4,105158.7,2002.954,210755285.3327
2025-01-19 08:00:00,105158.7,105158.7,104290.6,104400.8,3521.741,368509213.2384
2025-01-19 09:00:00,104400.8,105442.4,103427.9,105273.8,7521.865,784562857.768
2025-01-19 10:00:00,105273.8,105285.1,104382.1,104807.6,2957.432,310066206.4012
2025-01-19 11:00:00,104807.6,105345.4,104186.0,104344.9,3497.906,366505724.2755
2025-01-19 12:00:00,104344.9,105029.3,104281.3,104908.2,3525.695,368849511.8926
2025-01-19 13:00:00,104908.2,105295.2,104834.3,104953.8,2603.135,273522310.8563
2025-01-19 14:00:00,104953.8,105700.0,104765.6,105128.9,4532.326,476633133.9813
2025-01-19 15:00:00,105128.9,105213.6,104486.0,104904.0,3356.014,351803503.2143
2025-01-19 16:00:00,104904.0,105202.2,104675.9,104909.2,2028.499,212763989.4126
2025-01-19 17:00:00,104909.2,105125.0,104471.3,105100.0,3912.898,409681249.4581
2025-01-19 18:00:00,105100.0,105251.7,104878.4,105024.6,2037.497,214126382.0632
2025-01-19 19:00:00,105024.6,106250.0,104960.4,106231.4,4667.721,493016934.9108
2025-01-19 20:00:00,106231.4,106476.5,105500.0,106294.3,5725.34,607536981.0337
2025-01-19 21:00:00,106294.3,106394.8,103654.7,103680.0,11623.292,1217221014.0896
2025-01-19 22:00:00,103680.0,104488.0,101038.2,103400.0,17325.082,1785340417.8619
2025-01-19 23:00:00,103400.0,103400.0,99600.0,101310.7,26545.669,2682274534.3208
2025-01-20 00:00:00,101310.7,101678.6,99500.1,99757.6,13847.394,1392518348.4191
2025-01-20 01:00:00,99757.6,100956.8,99600.0,100671.6,9937.141,995438756.7494
2025-01-20 02:00:00,100671.6,102305.5,100563.5,101911.0,7428.169,754115690.5538
2025-01-20 03:00:00,101911.0,102199.1,101400.0,101880.0,4107.233,417800496.5785
2025-01-20 04:00:00,101880.0,102796.0,101523.9,102200.1,3938.289,402033509.4109
2025-01-20 05:00:00,102200.1,102827.7,102080.4,102333.3,3231.004,331187952.9948
2025-01-20 06:00:00,102333.3,109951.7,102205.4,107542.7,29762.748,3179217496.3379
2025-01-20 07:00:00,107542.7,109614.0,106963.4,107172.9,28506.602,3092926266.2956
2025-01-20 08:00:00,107172.9,108426.0,107153.9,108348.4,6467.162,698087448.9756
2025-01-20 09:00:00,108348.4,109237.2,107583.0,108178.5,7920.762,858630031.1823
2025-01-20 10:00:00,108178.5,108784.1,107800.0,108000.1,4968.389,538268894.6051
2025-01-20 11:00:00,108000.1,108599.8,107827.3,108271.9,2948.275,319125615.0026
2025-01-20 12:00:00,108271.9,108767.6,105517.8,106947.6,20177.233,2153792285.2646
2025-01-20 13:00:00,106947.6,108166.0,106668.1,108005.9,7570.199,813929664.0867
2025-01-20 14:00:00,108005.9,108180.0,107319.9,107926.0,4889.386,526945725.9656
2025-01-20 15:00:00,107926.0,108057.1,104500.0,105000.0,16287.114,1729460253.4155
2025-01-20 16:00:00,105000.0,107089.2,103723.6,106703.9,18068.453,1905568178.5705
2025-01-20 17:00:00,106703.9,106805.6,100519.0,102978.4,75416.179,7794966155.7246
2025-01-20 18:00:00,102978.4,104500.0,102727.0,103928.8,10839.57,1124550603.3602
2025-01-20 19:00:00,103928.8,104000.0,102714.5,103693.3,7178.3,742346706.9778
2025-01-20 20:00:00,103693.3,104343.2,103351.3,103649.6,4814.673,500015620.1096
2025-01-20 21:00:00,103649.6,104079.0,102567.5,102599.9,3738.725,386460115.6338
2025-01-20 22:00:00,102599.9,103816.0,101832.9,103589.5,6461.927,664674049.0488
2025-01-20 23:00:00,103589.5,103688.5,101700.0,102258.7,9086.608,932635337.2999
2025-01-21 00:00:00,102258.7,102678.9,101050.0,101180.9,9065.93,924483129.2355
2025-01-21 01:00:00,101180.9,102219.6,100000.0,101485.3,13472.273,1362090870.2799
2025-01-21 02:00:00,101485.3,102781.8,101041.1,102522.1,5766.783,588999169.0793
2025-01-21 03:00:00,102522.1,103250.0,102285.8,102915.8,4104.231,422175009.5412
2025-01-21 04:00:00,102915.8,102949.9,101871.2,102324.9,4739.659,485351850.4538
2025-01-21 05:00:00,102324.9,102514.3,101329.3,101358.1,3566.463,362817898.1228
2025-01-21 06:00:00,101358.1,102171.7,101073.9,102161.9,4448.989,452484901.8077
2025-01-21 07:00:00,102161.9,102464.0,101729.2,101962.7,3344.554,341770632.5046
2025-01-21 08:00:00,101962.7,102488.0,101707.6,102432.7,2736.94,279716124.3938
2025-01-21 09:00:00,102432.7,102875.0,102039.4,102680.1,3224.423,330605615.5924
2025-01-21 10:00:00,102680.1,103386.7,102538.0,103145.9,4487.764,462110869.3116
2025-01-21 11:00:00,103145.9,103978.9,103067.5,103745.9,4027.39,417436215.5275
2025-01-21 12:00:00,103745.9,104777.0,103605.0,104504.7,6477.354,676067028.2398
2025-01-21 13:00:00,104504.7,104983.7,104125.8,104455.7,4964.362,519370992.8392
2025-01-21 14:00:00,104455.7,105340.4,103000.0,103271.2,13638.898,1417883047.9559
2025-01-21 15:00:00,103271.2,104097.5,102777.1,103931.7,8587.033,888053027.775
2025-01-21 16:00:00,103931.7,106579.7,103800.0,104965.9,17356.687,1830664205.9107
2025-01-21 17:00:00,104965.9,106418.4,104878.2,106169.9,7257.892,767867221.9261
2025-01-21 18:00:00,106169.9,107265.6,105874.4,106848.1,7476.784,797361854.3271
2025-01-21 19:00:00,106848.1,107229.5,106257.0,107008.2,4853.148,517783901.7685
2025-01-21 20:00:00,107008.2,107211.0,105900.0,106100.0,5917.548,630194651.9298
2025-01-21 21:00:00,106100.0,106826.8,105701.7,106768.8,4381.74,465605298.3085
2025-01-21 22:00:00,106768.8,106771.8,105939.5,105972.1,3009.14,320169939.3613
2025-01-21 23:00:00,105972.1,106297.9,105330.3,106133.3,5761.196,609521767.5893
2025-01-22 00:00:00,106133.3,106332.6,105764.3,105926.2,3615.743,383299059.6091
2025-01-22 01:00:00,105926.2,106387.4,105423.6,105785.5,3051.034,322811320.3615
2025-01-22 02:00:00,105785.5,106197.9,105554.2,105579.4,1559.236,165112855.8845
2025-01-22 03:00:00,105579.4,105908.6,105554.3,105588.9,1294.693,136879309.8458
2025-01-22 04:00:00,105588.9,105808.8,105251.7,105571.8,1453.756,153442598.1268
2025-01-22 05:00:00,105571.8,105857.1,105481.5,105687.3,1306.307,138032749.6649
2025-01-22 06:00:00,105687.3,106020.0,105163.8,105370.4,3149.415,332516777.9168
2025-01-22 07:00:00,105370.4,105671.4,105029.4,105063.5,2171.509,228637589.2572
2025-01-22 08:00:00,105063.5,105376.5,104700.0,105264.4,4445.698,466997516.8308
2025-01-22 09:00:00,105264.4,105264.4,104898.1,104987.7,2003.937,210480518.2311
2025-01-22 10:00:00,104987.7,105148.4,104606.8,105117.6,2191.111,229809276.5737
2025-01-22 11:00:00,105117.6,105463.2,104751.3,105112.6,3168.95,333064577.3731
2025-01-22 12:00:00,105112.6,105568.0,105055.6,105265.1,2247.904,236833988.1538
2025-01-22 13:00:00,105265.1,105355.4,103800.1,104065.7,6988.028,730132699.4678
2025-01-22 14:00:00,104065.7,104979.4,103625.7,104391.7,11213.963,1168758993.5914
2025-01-22 15:00:00,104391.7,105150.6,103934.3,104152.5,6318.205,660104203.5373
2025-01-22 16:00:00,104152.5,104206.7,103310.0,103688.6,7013.127,727640145.0677
2025-01-22 17:00:00,103688.6,104593.5,103655.1,104327.7,4234.774,441322125.8158
2025-01-22 18:00:00,104327.7,104690.3,103730.5,103880.1,2891.954,301634694.1375
2025-01-22 19:00:00,103880.1,104742.0,103833.1,104613.8,2508.788,262063763.2754
2025-01-22 20:00:00,104613.8,104830.0,103988.6,104275.3,3315.239,346050205.7121
2025-01-22 21:00:00,104275.3,104342.0,103572.7,104060.9,2299.983,238995247.7372
2025-01-22 22:00:00,104060.9,104487.3,103733.7,103834.1,2276.193,236985470.8223
2025-01-22 23:00:00,103834.1,104105.9,103610.0,103670.4,2051.121,212914329.0491
2025-01-23 00:00:00,103670.4,103780.0,103008.8,103268.1,3595.38,371593421.0226
2025-01-23 01:00:00,103268.1,103641.3,102497.8,102910.7,5481.215,564288329.6854
2025-01-23 02:00:00,102910.7,102965.3,102071.4,102616.6,5584.357,571889642.3109
2025-01-23 03:00:00,102616.6,102979.8,102150.0,102411.6,2707.595,278002071.8354
2025-01-23 04:00:00,102411.6,102455.6,101527.8,102011.0,5506.605,561201394.9992
2025-01-23 05:00:00,102011.0,102593.4,101937.9,102490.6,2525.555,258156577.1525
2025-01-23 06:00:00,102490.6,102933.4,102150.4,102228.0,2552.342,261885717.4725
2025-01-23 07:00:00,102228.0,102735.8,102047.6,102659.0,2018.292,206605087.1391
2025-01-23 08:00:00,102659.0,102669.6,102000.2,102173.4,2032.892,207995547.6219
2025-01-23 09:00:00,102173.4,102438.0,101587.9,101627.7,3001.33,305948502.8291
2025-01-23 10:00:00,101627.7,102040.7,101205.1,101651.7,4434.614,450385704.7855
2025-01-23 11:00:00,101651.7,102165.8,101648.6,101921.5,2577.324,262680798.113
2025-01-23 12:00:00,101921.5,102117.3,101372.1,101601.5,3563.661,362303809.3843
2025-01-23 13:00:00,101601.5,102696.6,101277.8,102475.0,5326.983,543449736.9141
2025-01-23 14:00:00,102475.0,106053.4,101959.2,105199.7,25998.161,2715643015.8832
2025-01-23 15:00:00,105199.7,105785.8,102600.0,105235.5,41319.15,4299052614.7592
2025-01-23 16:00:00,105235.5,106875.0,104902.8,105104.1,26184.039,2770717856.7643
2025-01-23 17:00:00,105104.1,106231.9,104143.0,105911.3,10334.501,1086761607.7682
2025-01-23 18:00:00,105911.3,106147.2,105061.1,105395.5,5107.592,539094461.5147
2025-01-23 19:00:00,105395.5,105479.9,103350.0,103736.6,9140.83,954244000.7199
2025-01-23 20:00:00,103736.6,106400.0,102526.1,103235.6,54860.416,5749888364.4094
2025-01-23 21:00:00,103235.6,103363.5,102147.3,103006.9,10211.401,1049824811.2337
2025-01-23 22:00:00,103006.9,104686.7,102913.4,103937.8,7116.272,739036001.2409
2025-01-23 23:00:00,103937.8,104481.0,103713.8,103862.4,2490.992,259412372.5971
2025-01-24 00:00:00,103862.4,104114.3,103374.3,103413.0,2338.695,242523194.0257
2025-01-24 01:00:00,103413.0,103873.0,103017.7,103183.3,2373.94,245539292.5047
2025-01-24 02:00:00,103183.3,103492.8,102910.0,102973.6,1731.268,178637978.4837
2025-01-24 03:00:00,102973.6,104240.0,102691.8,103831.5,4545.331,470918141.5207
2025-01-24 04:00:00,103831.5,104900.0,103747.6,104577.8,3184.682,332056801.4682
2025-01-24 05:00:00,104577.8,105258.7,104474.7,105178.3,2840.01,297839261.7267
2025-01-24 06:00:00,105178.3,105316.0,104582.0,104948.9,2072.591,217407030.2131
2025-01-24 07:00:00,104948.9,105150.0,104630.0,105008.8,2014.25,211238624.6992
2025-01-24 08:00:00,105008.8,105620.6,104891.5,105473.3,2683.219,282538140.3647
2025-01-24 09:00:00,105473.3,105733.4,104978.1,105112.4,3109.271,327580381.2647
2025-01-24 10:00:00,105112.4,105406.2,105003.5,105382.2,1941.556,204292187.6252
2025-01-24 11:00:00,105382.2,105499.3,105192.4,105384.1,1370.519,144372423.445
2025-01-24 12:00:00,105384.1,105572.1,105140.0,105505.0,1649.879,173825440.3061
2025-01-24 13:00:00,105505.0,105775.7,104859.0,105077.8,3291.8,346311893.7368
2025-01-24 14:00:00,105077.8,106319.3,104622.3,105728.7,8464.159,893602642.4384
2025-01-24 15:00:00,105728.7,105977.0,105215.2,105827.8,5035.61,532136985.546
2025-01-24 16:00:00,105827.8,106176.3,105532.2,105611.9,4785.952,507070573.0234
2025-01-24 17:00:00,105611.9,106681.7,105569.9,106432.4,4939.793,524761076.9916
2025-01-24 18:00:00,106432.4,107118.6,106048.0,106304.3,7365.638,785973696.4098
2025-01-24 19:00:00,106304.3,106596.0,105642.9,105734.3,3968.991,420756016.0019
2025-01-24 20:00:00,105734.3,105755.3,104681.1,104814.5,5540.04,582725202.1297
2025-01-24 21:00:00,104814.5,105355.0,104814.5,105069.0,2479.604,260641964.1372
2025-01-24 22:00:00,105069.0,105420.1,104641.3,104720.7,2232.023,234504006.2528
2025-01-24 23:00:00,104720.7,104877.5,104386.7,104800.1,3063.589,320395682.5393
2025-01-25 00:00:00,104800.1,104802.8,104308.6,104372.4,1688.388,176543766.9081
2025-01-25 01:00:00,104372.4,104771.7,104340.0,104677.3,1135.214,118754002.748
2025-01-25 02:00:00,104677.3,104797.0,104416.4,104514.3,921.041,96328218.8856
2025-01-25 03:00:00,104514.3,105227.3,104411.4,105146.5,1947.782,204295300.0572
2025-01-25 04:00:00,105146.5,105165.5,104564.6,104614.6,752.098,78832522.425
2025-01-25 05:00:00,104614.6,104657.0,104205.8,104326.4,1575.392,164538639.7055
2025-01-25 06:00:00,104326.4,104437.8,104175.0,104267.0,1299.056,135457200.8941
2025-01-25 07:00:00,104267.0,104477.0,104230.0,104349.9,697.841,72838141.1888
2025-01-25 08:00:00,104349.9,104450.0,104051.5,104300.0,1060.262,110524493.6184
2025-01-25 09:00:00,104300.0,104400.0,104225.0,104308.7,702.307,73264127.9793
2025-01-25 10:00:00,104308.7,104640.0,104036.9,104479.9,1613.307,168338023.5806
2025-01-25 11:00:00,104479.9,104631.0,104337.3,104619.1,941.321,98366910.3453
2025-01-25 12:00:00,104619.1,104741.1,104405.7,104688.7,945.745,98900125.5067
2025-01-25 13:00:00,104688.7,104800.0,104576.6,104662.4,1153.345,120767527.7035
2025-01-25 14:00:00,104662.4,104681.2,104422.3,104538.9,735.758,76912894.4315
2025-01-25 15:00:00,104538.9,105072.0,104538.9,104846.5,2192.113,229843273.1429
2025-01-25 16:00:00,104846.5,104962.8,104530.1,104620.0,1197.771,125411172.2325
2025-01-25 17:00:00,104620.0,104894.7,104380.2,104848.9,1647.125,172332907.055
2025-01-25 18:00:00,104848.9,105276.1,104790.0,104949.2,1936.378,203358162.7129
2025-01-25 19:00:00,104949.2,105138.0,104857.2,104997.8,1023.039,107431573.3571
2025-01-25 20:00:00,104997.8,105151.4,104919.0,104920.6,659.873,69320450.6358
2025-01-25 21:00:00,104920.6,105079.0,104809.4,105065.6,782.563,82113719.0466
2025-01-25 22:00:00,105065.6,105237.4,104973.1,105044.5,681.849,71667194.6749
2025-01-25 23:00:00,105044.5,105100.0,104638.9,104709.4,1247.245,130765005.0393
2025-01-26 00:00:00,104709.4,104825.0,104466.9,104580.7,971.404,101682983.1735
2025-01-26 01:00:00,104580.7,104746.8,104495.8,104586.4,485.124,50748282.0889
2025-01-26 02:00:00,104586.4,104693.6,104491.0,104666.0,364.817,38154028.9668
2025-01-26 03:00:00,104666.0,105217.5,104665.9,105024.5,1580.082,165864438.0979
2025-01-26 04:00:00,105024.5,105591.5,104936.5,105142.8,1761.889,185419635.3011
2025-01-26 05:00:00,105142.8,105175.6,104985.0,105065.8,512.57,53857177.7115
2025-01-26 06:00:00,105065.8,105082.7,104930.1,104969.4,296.627,31147232.4249
2025-01-26 07:00:00,104969.4,105066.7,104903.9,104966.0,385.687,40487759.6438
2025-01-26 08:00:00,104966.0,105200.0,104830.0,104994.5,971.213,101976769.4831
2025-01-26 09:00:00,104994.5,104994.5,104400.0,104597.6,2521.534,263803209.3835
2025-01-26 10:00:00,104597.6,104685.8,104424.1,104670.2,974.045,101841549.4153
2025-01-26 11:00:00,104670.2,104818.6,104620.1,104773.6,813.454,85198759.4005
2025-01-26 12:00:00,104773.6,104864.9,104654.6,104864.9,524.43,54928370.7933
2025-01-26 13:00:00,104864.9,105028.0,104794.8,104924.5,1258.491,132017548.655
2025-01-26 14:00:00,104924.5,104975.3,104770.0,104910.2,514.957,54011469.7965
2025-01-26 15:00:00,104910.2,105053.7,104850.0,104934.4,712.873,74836383.433
2025-01-26 16:00:00,104934.4,105000.0,104861.5,104895.4,533.074,55937680.8655
2025-01-26 17:00:00,104895.4,105017.2,104880.1,104911.0,403.283,42324782.2642
2025-01-26 18:00:00,104911.0,105243.6,104872.6,105157.0,1295.703,136199091.9128
2025-01-26 19:00:00,105157.0,105225.7,105009.6,105056.7,502.527,52811459.2445
2025-01-26 20:00:00,105056.7,105188.4,104902.0,104935.9,631.303,66299619.3535
2025-01-26 21:00:00,104935.9,104976.6,104511.1,104527.0,1947.674,203982267.447
2025-01-26 22:00:00,104527.0,104697.0,104263.5,104283.6,2451.176,256068614.9847
2025-01-26 23:00:00,104283.6,104283.7,102457.1,102553.7,11016.685,1135802661.833
2025-01-27 00:00:00,102553.7,103217.8,101536.9,101680.4,8316.64,851190839.8514
2025-01-27 01:00:00,101680.4,102027.8,101087.4,101235.3,6817.98,692487567.176
2025-01-27 02:00:00,101235.3,101636.1,100775.0,100942.0,5885.444,595137310.2337
2025-01-27 03:00:00,100942.0,101799.4,100667.7,101345.0,3900.092,395050732.1129
2025-01-27 04:00:00,101345.0,101347.1,100213.7,100360.5,5673.183,571267779.6362
2025-01-27 05:00:00,100360.5,100677.0,99670.1,100319.3,5577.598,558559083.1804
2025-01-27 06:00:00,100319.3,100448.3,98630.0,98898.1,9854.285,979468628.7594
2025-01-27 07:00:00,98898.1,99355.8,97694.2,98986.3,13384.262,1318702674.8284
2025-01-27 08:00:00,98986.3,99309.6,98630.3,98979.9,4634.953,458554620.7026
2025-01-27 09:00:00,98979.9,99478.6,98741.5,99366.9,3862.031,382899136.6406
2025-01-27 10:00:00,99366.9,99416.6,98208.0,98343.0,5049.287,498609741.3209
2025-01-27 11:00:00,98343.0,99335.6,98280.2,98700.0,3957.648,391233919.5418
2025-01-27 12:00:00,98700.0,100845.4,98655.6,100565.0,8281.402,826136668.8665
2025-01-27 13:00:00,100565.0,101605.0,99951.6,100445.4,11907.622,1201301867.987
2025-01-27 14:00:00,100445.4,102270.4,100011.4,101857.3,11509.918,1164988709.0701
2025-01-27 15:00:00,101857.3,102068.1,100791.1,101055.2,8278.283,840168677.0841
2025-01-27 16:00:00,101055.2,101195.5,99519.1,99694.7,8970.161,898579140.5513
2025-01-27 17:00:00,99694.7,100010.4,98980.0,99100.8,7834.597,779592811.2767
2025-01-27 18:00:00,99100.8,99713.4,98793.3,99140.4,4598.72,456330976.8155
2025-01-27 19:00:00,99140.4,99910.7,99118.1,99649.9,4105.281,408420262.7646
2025-01-27 20:00:00,99649.9,101719.7,99549.6,101336.1,6343.727,638605776.7027
2025-01-27 21:00:00,101336.1,102376.8,100885.8,101298.0,7072.074,719622766.328
2025-01-27 22:00:00,101298.0,101893.3,101217.9,101581.7,1977.53,200871669.88
2025-01-27 23:00:00,101581.7,102135.9,101581.7,102024.2,2272.341,231461159.4075
2025-01-28 00:00:00,102024.2,102910.4,101731.8,101815.2,4542.672,464823194.9777
2025-01-28 01:00:00,101815.2,101955.9,101335.0,101335.0,2312.812,235042913.0506
2025-01-28 02:00:00,101335.0,102397.7,101280.0,102350.3,2245.651,228844472.0833
2025-01-28 03:00:00,102350.3,102840.0,101975.0,102594.9,2607.144,267090845.985
2025-01-28 04:00:00,102594.9,103329.9,102544.9,102867.2,3651.924,376145464.7016
2025-01-28 05:00:00,102867.2,103300.0,102774.7,102966.0,1714.325,176664266.1369
2025-01-28 06:00:00,102966.0,103160.8,102558.5,102698.2,2092.254,215079724.3164
2025-01-28 07:00:00,102698.2,103280.0,102458.4,102745.3,3143.435,323381758.4978
2025-01-28 08:00:00,102745.3,102974.8,102542.4,102790.8,1856.688,190795484.6414
2025-01-28 09:00:00,102790.8,102920.9,102322.7,102910.8,2803.404,287663224.8625
2025-01-28 10:00:00,102910.8,103178.1,102537.1,102691.5,2246.621,231097536.3694
2025-01-28 11:00:00,102691.5,102888.0,102507.6,102703.8,1340.075,137609708.6192
2025-01-28 12:00:00,102703.8,102940.0,102417.7,102549.7,1969.331,202138961.9599
2025-01-28 13:00:00,102549.7,102893.7,102407.2,102549.3,1633.362,167641576.3265
2025-01-28 14:00:00,102549.3,102859.8,101767.0,102590.3,10613.097,1085808409.0427
2025-01-28 15:00:00,102590.3,103800.0,102404.3,102718.8,12166.483,1254235953.3987
2025-01-28 16:00:00,102718.8,102863.0,101865.2,102200.0,6027.259,616424063.4534
2025-01-28 17:00:00,102200.0,103050.0,102151.9,102513.6,4618.181,474189425.9518
2025-01-28 18:00:00,102513.6,103077.6,102100.0,102143.6,3985.411,408968469.9887
2025-01-28 19:00:00,102143.6,102615.0,101739.8,102375.4,4343.291,443447094.2296
2025-01-28 20:00:00,102375.4,102490.0,101161.6,101216.3,4020.619,409093045.726
2025-01-28 21:00:00,101216.3,101490.8,100207.0,100268.1,5858.164,591038310.4448
2025-01-28 22:00:00,100268.1,101342.8,100205.7,101218.7,4174.402,420515419.4866
2025-01-28 23:00:00,101218.7,101396.4,100675.6,101278.0,2497.023,252441449.3433
2025-01-29 00:00:00,101278.0,101769.9,101265.3,101642.2,2295.437,232990788.0363
2025-01-29 01:00:00,101642.2,101938.4,101400.0,101781.0,1698.908,172795710.7431
2025-01-29 02:00:00,101781.0,102266.0,101650.0,101740.1,2033.038,207271709.5801
2025-01-29 03:00:00,101740.1,102106.3,101719.6,101970.4,1680.18,171284864.604
2025-01-29 04:00:00,101970.4,102139.0,101899.9,101953.4,887.254,90516950.6532
2025-01-29 05:00:00,101953.4,102338.2,101927.3,102214.7,1152.812,117794766.6037
2025-01-29 06:00:00,102214.7,102847.4,102183.5,102762.4,2719.142,278847586.9579
2025-01-29 07:00:00,102762.4,102768.4,102403.1,102700.1,1932.278,198149524.0772
2025-01-29 08:00:00,102700.1,102974.0,102629.1,102699.8,2232.939,229516027.2648
2025-01-29 09:00:00,102699.8,102748.2,102259.2,102290.0,2073.53,212505844.637
2025-01-29 10:00:00,102290.0,102694.3,102150.0,102499.7,1773.042,181650401.325
2025-01-29 11:00:00,102499.7,102763.9,102365.1,102591.5,1379.587,141487458.0398
2025-01-29 12:00:00,102591.5,102781.2,102168.8,102202.4,1966.065,201359780.2719
2025-01-29 13:00:00,102202.4,102306.8,101651.0,101801.1,4796.328,488835934.2932
2025-01-29 14:00:00,101801.1,102340.0,101516.2,101995.8,5178.665,527934631.9679
2025-01-29 15:00:00,101995.8,102504.1,101736.1,101919.3,3857.235,393825076.6081
2025-01-29 16:00:00,101919.3,102108.9,101618.7,102043.5,2289.877,233351009.4273
2025-01-29 17:00:00,102043.5,102737.0,101956.5,102367.6,2938.353,300891258.0524
2025-01-29 18:00:00,102367.6,102973.3,101950.0,102803.8,3593.722,368493106.2684
2025-01-29 19:00:00,102803.8,103985.2,101335.9,103536.1,22849.275,2347391436.411
2025-01-29 20:00:00,103536.1,104777.0,102800.0,104158.1,11568.078,1201873365.706
2025-01-29 21:00:00,104158.1,104366.6,103666.6,103679.0,4681.385,486890902.2132
2025-01-29 22:00:00,103679.0,104000.0,103333.4,103444.1,3046.635,315650615.9976
2025-01-29 23:00:00,103444.1,104329.5,103409.0,103700.0,2675.386,278040998.7137
2025-01-30 00:00:00,103700.0,104113.2,103235.0,103986.9,3494.318,362117909.4028
2025-01-30 01:00:00,103986.9,104543.3,103892.4,104237.0,2693.863,280833683.7628
2025-01-30 02:00:00,104237.0,104661.0,103903.5,104646.2,3244.828,338552681.0259
2025-01-30 03:00:00,104646.2,105293.9,104462.3,105166.3,4821.613,505806855.4637
2025-01-30 04:00:00,105166.3,105582.2,104824.4,105451.2,2947.042,309857772.729
2025-01-30 05:00:00,105451.2,105502.1,105001.0,105357.4,2048.573,215685364.8076
2025-01-30 06:00:00,105357.4,105540.0,105130.0,105159.7,1705.094,179576549.2905
2025-01-30 07:00:00,105159.7,105329.7,104777.0,105100.0,2067.184,216942794.233
2025-01-30 08:00:00,105100.0,105309.0,104901.0,105026.5,1809.574,190272804.604
2025-01-30 09:00:00,105026.5,105534.0,104990.7,105397.0,1703.612,179455980.8157
2025-01-30 10:00:00,105397.0,105397.1,105076.6,105314.9,1307.205,137545162.7947
2025-01-30 11:00:00,105314.9,105383.3,105045.0,105281.5,1464.24,154085479.287
2025-01-30 12:00:00,105281.5,105295.2,104840.0,104986.4,1918.061,201428728.2392
2025-01-30 13:00:00,104986.4,105328.7,104803.5,104840.9,2934.37,308365277.7814
2025-01-30 14:00:00,104840.9,106221.5,104628.0,105883.0,8821.477,930028484.073
2025-01-30 15:00:00,105883.0,106421.1,105342.9,105516.5,8687.751,919758016.6849
2025-01-30 16:00:00,105516.5,105970.0,105410.9,105653.7,2774.406,293311271.4856
2025-01-30 17:00:00,105653.7,105654.1,104851.2,105242.9,4171.254,438719651.8239
2025-01-30 18:00:00,105242.9,105530.0,104711.0,105529.9,3354.771,352883911.111
2025-01-30 19:00:00,105529.9,105742.0,105183.5,105676.0,1816.016,191495413.0918
2025-01-30 20:00:00,105676.0,105789.0,104769.7,104850.2,3881.803,408627899.4593
2025-01-30 21:00:00,104850.2,105157.5,104733.3,104984.6,1597.113,167643373.6297
2025-01-30 22:00:00,104984.6,105294.1,104918.4,105040.5,675.73,71020531.2838
2025-01-30 23:00:00,105040.5,105205.0,104633.0,104684.6,1306.122,137036186.178
2025-01-31 00:00:00,104684.6,104976.2,104310.1,104852.4,3286.772,343850612.7542
2025-01-31 01:00:00,104852.4,104862.4,104355.7,104679.6,1397.555,146184825.0949
2025-01-31 02:00:00,104679.6,104802.9,104200.0,104285.8,2054.169,214473967.5709
2025-01-31 03:00:00,104285.8,104322.0,103875.0,104273.2,3256.191,338895477.4182
2025-01-31 04:00:00,104273.2,104490.0,103911.0,103960.1,1626.843,169564840.63
2025-01-31 05:00:00,103960.1,104437.5,103952.8,104266.2,1320.281,137671417.0809
2025-01-31 06:00:00,104266.2,104695.6,104246.0,104467.7,1338.808,139909483.092
2025-01-31 07:00:00,104467.7,104761.1,103975.0,104146.1,2970.034,309946437.4816
2025-01-31 08:00:00,104146.1,104280.0,103958.4,103965.0,2095.337,218112054.5866
2025-01-31 09:00:00,103965.0,104264.0,103863.0,104205.4,1929.325,200759865.2986
2025-01-31 10:00:00,104205.4,104398.3,104033.0,104238.4,980.132,102136317.1025
2025-01-31 11:00:00,104238.4,104796.0,104238.4,104675.0,2347.945,245610470.3307
2025-01-31 12:00:00,104675.0,104884.4,104501.9,104663.4,1762.105,184435884.0529
2025-01-31 13:00:00,104663.4,104995.8,104500.3,104610.0,2244.376,235104744.3887
2025-01-31 14:00:00,104610.0,104821.7,104050.1,104403.5,4224.096,440852079.5642
2025-01-31 15:00:00,104403.5,105998.0,104403.5,105404.7,8276.605,871217755.2184
2025-01-31 16:00:00,105404.7,105535.7,104650.0,105025.2,4369.373,459045106.556
2025-01-31 17:00:00,105025.2,105025.2,104487.2,104523.0,2354.629,246579216.1575
2025-01-31 18:00:00,104523.0,104774.0,102530.0,102569.9,12540.897,1296700682.4251
2025-01-31 19:00:00,102569.9,102975.1,102058.5,102232.0,8897.109,911527318.1899
2025-01-31 20:00:00,102232.0,102274.6,101540.6,101614.5,9276.44,945212787.1427
2025-01-31 21:00:00,101614.5,102087.4,101468.4,102074.4,5620.333,571870891.5758
2025-01-31 22:00:00,102074.4,102419.9,101829.5,102200.1,2787.054,284628799.9962
2025-01-31 23:00:00,102200.1,102377.7,101873.4,102377.6,1303.418,133114443.9333
2025-02-01 00:00:00,102377.6,102502.4,102117.5,102429.3,1792.344,183465137.0101
2025-02-01 01:00:00,102429.3,102699.0,102400.0,102504.1,1194.267,122484939.3339
2025-02-01 02:00:00,102504.1,102735.0,102333.3,102396.1,1189.569,121992773.6518
2025-02-01 03:00:00,102396.1,102460.5,102124.9,102173.1,1513.881,154800160.9876
2025-02-01 04:00:00,102173.1,102413.9,102033.0,102244.1,2103.271,214975463.7519
2025-02-01 05:00:00,102244.1,102517.3,102168.3,102427.7,683.22,69943270.7557
2025-02-01 06:00:00,102427.7,102500.0,102100.9,102343.2,924.568,94563531.9853
2025-02-01 07:00:00,102343.2,102422.7,102112.0,102112.1,1018.544,104101025.7926
2025-02-01 08:00:00,102112.1,102222.9,101782.4,101961.8,2132.263,217430477.2313
2025-02-01 09:00:00,101961.8,101961.9,101350.1,101621.8,3096.185,314587152.942
2025-02-01 10:00:00,101621.8,101924.5,101559.8,101588.5,1644.265,167289695.1291
2025-02-01 11:00:00,101588.5,101992.6,101588.5,101966.9,1159.163,118068197.6363
2025-02-01 12:00:00,101966.9,102233.0,101939.0,102197.0,1893.639,193391420.9834
2025-02-01 13:00:00,102197.0,102197.0,101763.0,101821.7,1801.291,183822333.48
2025-02-01 14:00:00,101821.7,102111.0,101764.0,101798.0,1652.233,168346671.933
2025-02-01 15:00:00,101798.0,102141.6,101670.3,102023.4,2322.068,236777191.1929
2025-02-01 16:00:00,102023.4,102165.6,101818.2,101846.3,970.474,98982094.8146
2025-02-01 17:00:00,101846.3,102220.0,101846.3,102197.3,996.119,101704946.3054
2025-02-01 18:00:00,102197.3,102215.5,101906.6,101948.7,854.2,87196318.8311
2025-02-01 19:00:00,101948.7,101974.3,101404.0,101622.6,2953.191,300284944.8076
2025-02-01 20:00:00,101622.6,101622.6,100918.1,101284.1,4758.373,481695046.6311
2025-02-01 21:00:00,101284.1,101525.0,100925.0,101136.2,2498.37,253080836.6424
2025-02-01 22:00:00,101136.2,101370.1,100450.0,100600.6,4775.742,481231470.4466
2025-02-01 23:00:00,100600.6,100806.9,100215.1,100576.5,3950.998,397041882.7416
2025-02-02 00:00:00,100576.5,101238.0,100430.4,101188.0,2237.698,225824204.2566
2025-02-02 01:00:00,101188.0,101410.0,101101.9,101196.5,1113.008,112707783.9189
2025-02-02 02:00:00,101196.5,101217.5,100352.1,100390.0,2290.84,230835065.9517
2025-02-02 03:00:00,100390.0,100703.3,99100.3,99157.1,9086.749,906281853.3404
2025-02-02 04:00:00,99157.1,99812.2,98958.0,99492.6,4022.943,399729839.1861
2025-02-02 05:00:00,99492.6,100301.4,99441.0,100201.8,2766.914,276496588.9305
2025-02-02 06:00:00,100201.8,100434.1,100049.0,100218.1,3007.139,301496000.7337
2025-02-02 07:00:00,100218.1,100229.4,99550.0,99569.9,2931.676,292755270.5253
2025-02-02 08:00:00,99569.9,100057.8,99263.8,99775.7,3629.575,361662349.0991
2025-02-02 09:00:00,99775.7,99801.0,99297.8,99619.9,1954.079,194530433.3469
2025-02-02 10:00:00,99619.9,99622.0,99175.4,99373.8,3236.578,321556191.8385
2025-02-02 11:00:00,99373.8,99550.0,98580.0,98824.4,5251.687,519883323.7125
2025-02-02 12:00:00,98824.4,99140.0,98100.0,98135.3,6545.602,645225415.6289
2025-02-02 13:00:00,98135.3,98800.0,98115.0,98757.5,3960.335,390211842.5222
2025-02-02 14:00:00,98757.5,99364.6,98655.0,99150.5,3824.526,379132361.1266
2025-02-02 15:00:00,99150.5,99360.0,98671.3,99292.7,2816.152,278996754.1455
2025-02-02 16:00:00,99292.7,99308.6,98000.0,98220.9,5434.625,535717380.4802
2025-02-02 17:00:00,98220.9,98530.0,96969.1,97201.6,12979.422,1268366003.5533
2025-02-02 18:00:00,97201.6,97897.5,96625.0,97048.2,10670.948,1037266117.5901
2025-02-02 19:00:00,97048.2,98645.7,96785.0,98223.3,6927.746,677382058.5656
2025-02-02 20:00:00,98223.3,98575.0,97610.0,97747.9,2876.433,282229642.3042
2025-02-02 21:00:00,97747.9,97920.2,96468.7,96985.2,6253.699,606625776.621
2025-02-02 22:00:00,96985.2,97985.9,95994.3,97965.4,9056.221,878156492.4363
2025-02-02 23:00:00,97965.4,97965.5,96500.1,97645.7,8336.054,810751079.8273
2025-02-03 00:00:00,97645.7,97737.5,95386.9,96448.0,21082.729,2033802902.5802
2025-02-03 01:00:00,96448.0,96876.0,91807.7,93387.6,42843.467,4026177613.564
2025-02-03 02:00:00,93387.6,94883.0,91166.6,93510.5,32836.747,3064690255.0727
2025-02-03 03:00:00,93510.5,94615.7,93383.0,93998.2,8088.186,761367649.8822
2025-02-03 04:00:00,93998.2,94433.4,92609.9,92756.0,7495.474,699800307.3802
2025-02-03 05:00:00,92756.0,94225.0,92700.1,94165.9,6045.828,564032191.8314
2025-02-03 06:00:00,94165.9,94550.0,93600.0,93855.8,4230.729,397861511.3482
2025-02-03 07:00:00,93855.8,95336.0,93785.6,95247.1,4780.281,452475664.6484
2025-02-03 08:00:00,95247.1,95549.0,94770.1,95278.3,5140.998,489186663.5515
2025-02-03 09:00:00,95278.3,95885.5,95162.7,95221.9,5314.246,507890937.0653
2025-02-03 10:00:00,95221.9,95668.7,94703.0,95655.0,4576.03,435139060.5504
2025-02-03 11:00:00,95655.0,95655.8,94870.1,95052.3,3473.079,330641673.3584
2025-02-03 12:00:00,95052.3,95549.6,94703.0,94706.7,4519.019,429807240.923
2025-02-03 13:00:00,94706.7,95347.8,94319.8,94591.6,6632.342,628594585.1209
2025-02-03 14:00:00,94591.6,96658.0,94091.0,96542.5,20062.02,1916583199.2922
2025-02-03 15:00:00,96542.5,99468.8,96110.0,98804.0,22269.323,2180191775.1234
2025-02-03 16:00:00,98804.0,99008.6,98098.3,98491.1,7684.711,757538543.6641
2025-02-03 17:00:00,98491.1,99288.9,97979.5,99150.3,8023.508,790714883.1935
2025-02-03 18:00:00,99150.3,99899.9,98895.9,99765.6,6756.57,671681467.8229
2025-02-03 19:00:00,99765.6,101840.0,99524.9,101831.8,11210.127,1129979586.1182
2025-02-03 20:00:00,101831.8,101899.7,100950.2,101030.0,8754.772,888055139.171
2025-02-03 21:00:00,101030.0,101900.0,100867.2,101732.5,5757.297,583665856.6293
2025-02-03 22:00:00,101732.5,102457.8,101428.8,101653.1,5933.907,604628880.7315
2025-02-03 23:00:00,101653.1,101787.7,101200.0,101294.8,2217.799,225024305.7481
2025-02-04 00:00:00,101294.8,101616.3,101005.0,101024.0,2008.311,203498013.1729
2025-02-04 01:00:00,101024.0,101684.7,100700.1,101338.1,2721.498,275322359.557
2025-02-04 02:00:00,101338.1,101393.3,100750.1,100796.4,1442.511,145791365.1795
2025-02-04 03:00:00,100796.4,100997.0,100500.0,100580.5,1893.689,190661382.8422
2025-02-04 04:00:00,100580.5,100727.0,99986.9,100028.7,2826.922,283358005.2487
2025-02-04 05:00:00,100028.7,100072.2,98170.6,98807.4,14043.46,1389375898.7264
2025-02-04 06:00:00,98807.4,99650.0,98773.5,99328.4,5492.264,545106984.122
2025-02-04 07:00:00,99328.4,99440.0,98280.0,98409.6,4220.056,417055442.7772
2025-02-04 08:00:00,98409.6,98704.2,97800.0,98256.1,6079.208,597013113.3207
2025-02-04 09:00:00,98256.1,98766.0,98220.4,98312.3,2658.571,261960010.1356
2025-02-04 10:00:00,98312.3,98940.1,98302.7,98741.5,2450.933,241861371.5525
2025-02-04 11:00:00,98741.5,99445.5,98711.0,98923.4,3705.556,367444025.2425
2025-02-04 12:00:00,98923.4,99758.1,98923.4,99325.8,3896.909,387289860.8166
2025-02-04 13:00:00,99325.8,99518.9,98900.0,98984.2,3607.744,358151022.6377
2025-02-04 14:00:00,98984.2,100381.1,98508.5,99940.0,12851.37,1280088813.8439
2025-02-04 15:00:00,99940.0,100205.9,98248.5,99310.1,12350.751,1224335771.3801
2025-02-04 16:00:00,99310.1,99913.2,98999.1,99018.9,4414.003,438951322.8256
2025-02-04 17:00:00,99018.9,99598.8,98788.0,99128.9,3711.995,368054944.9811
2025-02-04 18:00:00,99128.9,99558.1,98734.0,99375.1,2230.357,221325501.0667
2025-02-04 19:00:00,99375.1,100765.5,98755.6,98828.6,13260.371,1323852297.4489
2025-02-04 20:00:00,98828.6,99464.7,97921.1,98588.6,14669.817,1446615541.456
2025-02-04 21:00:00,98588.6,98605.8,96354.5,96463.0,11614.053,1130890987.0253
2025-02-04 22:00:00,96463.0,97961.1,96086.1,97641.6,8419.064,815870592.437
2025-02-04 23:00:00,97641.6,98173.6,97395.3,97706.0,3800.133,371360973.5186
2025-02-05 00:00:00,97706.0,98364.2,97651.8,98217.3,2574.222,252352404.5783
2025-02-05 01:00:00,98217.3,98900.0,97587.3,97805.3,5245.064,515408770.6629
2025-02-05 02:00:00,97805.3,98166.8,97094.2,97945.9,5209.151,508400984.0968
2025-02-05 03:00:00,97945.9,98289.9,97738.4,98000.3,1920.301,188171358.1374
2025-02-05 04:00:00,98000.3,98309.6,97795.5,98008.1,1841.282,180557957.3131
2025-02-05 05:00:00,98008.1,98280.0,97655.6,98100.0,1833.319,179587226.5007
2025-02-05 06:00:00,98100.0,98187.0,97500.0,97618.3,2551.166,249523263.2112
2025-02-05 07:00:00,97618.3,97956.8,97313.9,97814.3,2539.483,247823611.8241
2025-02-05 08:00:00,97814.3,98014.7,97525.4,97582.1,1564.178,152889418.6041
2025-02-05 09:00:00,97582.1,97923.8,97209.6,97361.9,2351.27,229310849.3839
2025-02-05 10:00:00,97361.9,98000.0,97325.0,97708.0,2628.881,257051121.7366
2025-02-05 11:00:00,97708.0,98198.4,97599.7,98186.2,4026.527,394494977.4784
2025-02-05 12:00:00,98186.2,98706.3,97975.9,98034.0,4777.28,470034824.5538
2025-02-05 13:00:00,98034.0,98656.9,97930.5,98548.8,2619.277,257526161.4563
2025-02-05 14:00:00,98548.8,99170.0,98082.2,98253.6,5332.716,526005584.8669
2025-02-05 15:00:00,98253.6,98525.0,97700.1,98064.2,6007.367,589298060.3574
2025-02-05 16:00:00,98064.2,98265.9,97260.4,97945.9,5557.095,543017031.6367
2025-02-05 17:00:00,97945.9,98234.1,97295.4,97503.5,3492.511,340843666.9077
2025-02-05 18:00:00,97503.5,97654.9,96455.0,96672.2,6246.867,605475425.4593
2025-02-05 19:00:00,96672.2,97485.4,96450.0,97331.8,3913.953,379834119.5796
2025-02-05 20:00:00,97331.8,97671.8,96851.5,97275.9,2892.632,281587817.3959
2025-02-05 21:00:00,97275.9,97515.3,96737.9,96880.0,1729.078,168008647.9481
2025-02-05 22:00:00,96880.0,97018.0,96227.8,96413.4,2505.309,241958711.5847
2025-02-05 23:00:00,96413.4,96811.4,96100.1,96568.5,2756.191,265820834.7739
2025-02-06 00:00:00,96568.5,96942.3,96363.1,96780.0,2229.974,215607400.5568
2025-02-06 01:00:00,96780.0,97176.5,96590.5,97118.3,2381.152,230959730.8098
2025-02-06 02:00:00,97118.3,97410.2,97057.2,97317.1,1205.76,117232918.7103
2025-02-06 03:00:00,97317.1,97480.4,97027.6,97308.9,1084.293,105464621.0244
2025-02-06 04:00:00,97308.9,97809.9,97230.0,97580.0,1584.998,154632083.3843
2025-02-06 05:00:00,97580.0,97845.4,97563.6,97789.5,877.859,85767402.9374
2025-02-06 06:00:00,97789.5,98400.0,97657.8,98342.0,2794.788,274112295.3395
2025-02-06 07:00:00,98342.0,98342.0,97933.2,98164.9,1805.638,177184307.223
2025-02-06 08:00:00,98164.9,98299.9,97816.5,98093.1,1776.548,174212411.0032
2025-02-06 09:00:00,98093.1,98690.0,98069.0,98557.5,3026.017,298039249.6231
2025-02-06 10:00:00,98557.5,99035.7,98557.4,98983.1,3030.928,299445083.4364
2025-02-06 11:00:00,98983.1,99099.0,98362.7,98829.0,3744.338,369662108.3751
2025-02-06 12:00:00,98829.0,99000.0,98244.7,98316.8,2910.07,286760875.7652
2025-02-06 13:00:00,98316.8,98750.0,98121.5,98573.4,4303.262,423593422.8136
2025-02-06 14:00:00,98573.4,98881.3,97726.8,97784.9,7747.902,761358888.317
2025-02-06 15:00:00,97784.9,98000.0,96880.0,97292.6,8978.229,874578748.7089
2025-02-06 16:00:00,97292.6,97499.0,96343.0,96539.1,6286.588,609131986.4777
2025-02-06 17:00:00,96539.1,97189.9,96335.6,96670.1,4421.896,427634958.7575
2025-02-06 18:00:00,96670.1,96796.7,95822.0,96278.0,5905.604,568409561.0714
2025-02-06 19:00:00,96278.0,96897.6,95631.8,95953.5,5195.479,499484363.215
2025-02-06 20:00:00,95953.5,97050.0,95750.0,96895.0,3568.795,344511018.0897
2025-02-06 21:00:00,96895.0,96914.5,96071.8,96770.0,2419.436,233611695.9758
2025-02-06 22:00:00,96770.0,96922.3,96099.8,96921.9,2394.856,230899326.4387
2025-02-06 23:00:00,96921.9,96924.6,96155.5,96500.0,1896.225,183060329.6062
2025-02-07 00:00:00,96500.0,96893.1,96365.7,96458.3,1612.522,155822308.3023
2025-02-07 01:00:00,96458.3,97791.7,96458.3,97341.7,3305.962,321441913.8529
2025-02-07 02:00:00,97341.7,97595.8,97024.8,97527.1,2881.273,280443405.3465
2025-02-07 03:00:00,97527.1,97729.9,97190.3,97407.6,1557.037,151695966.9406
2025-02-07 04:00:00,97407.6,97833.3,97331.0,97382.5,1400.918,136743170.7026
2025-02-07 05:00:00,97382.5,97494.5,97100.0,97309.9,1363.324,132591988.5606
2025-02-07 06:00:00,97309.9,97320.0,96532.6,96715.9,3569.731,345702584.5812
2025-02-07 07:00:00,96715.9,97175.0,96563.6,96694.9,2424.891,234854120.1749
2025-02-07 08:00:00,96694.9,97208.0,96560.9,96978.3,1765.51,171092829.1601
2025-02-07 09:00:00,96978.3,97346.1,96978.3,97235.1,1221.362,118736519.4396
2025-02-07 10:00:00,97235.1,97440.0,97195.8,97221.6,1111.971,108218878.4718
2025-02-07 11:00:00,97221.6,97718.4,97221.6,97706.0,2298.635,224289620.9559
2025-02-07 12:00:00,97706.0,97999.9,97416.1,97920.8,3220.464,314828288.8213
2025-02-07 13:00:00,97920.8,98812.7,97139.1,98778.1,12371.499,1211908366.9523
2025-02-07 14:00:00,98778.1,100120.0,98627.6,99681.7,16349.303,1627830711.3254
2025-02-07 15:00:00,99681.7,99681.7,97500.0,98245.5,19246.705,1895418435.3026
2025-02-07 16:00:00,98245.5,98550.0,97621.5,97785.8,10527.388,1031566614.666
2025-02-07 17:00:00,97785.8,98117.8,97000.0,97373.1,9667.813,942728544.0188
2025-02-07 18:00:00,97373.1,98306.3,97255.0,97701.4,3861.104,377894341.71
2025-02-07 19:00:00,97701.4,97784.8,96823.1,96852.7,4050.856,393837176.1675
2025-02-07 20:00:00,96852.7,96890.9,95556.5,95711.5,8883.121,854101072.9082
2025-02-07 21:00:00,95711.5,96099.1,95640.4,95950.0,3655.345,350332366.7659
2025-02-07 22:00:00,95950.0,96043.3,95583.8,96000.0,2598.937,248854606.4916
2025-02-07 23:00:00,96000.0,96458.3,95804.9,96440.6,2295.876,220774083.4632
2025-02-08 00:00:00,96440.6,96791.4,96273.0,96604.2,1975.793,190776553.0641
2025-02-08 01:00:00,96604.2,96739.3,96324.3,96471.6,1117.336,107900593.7828
2025-02-08 02:00:00,96471.6,96780.0,96351.7,96718.3,939.474,90728666.3837
2025-02-08 03:00:00,96718.3,96840.0,96501.0,96646.8,936.766,90563344.1484
2025-02-08 04:00:00,96646.8,96646.8,96177.0,96266.0,942.832,90865015.1185
2025-02-08 05:00:00,96266.0,96328.0,96025.0,96159.8,1224.196,117728070.4192
2025-02-08 06:00:00,96159.8,96177.5,95850.2,95951.6,1476.275,141784008.1685
2025-02-08 07:00:00,95951.6,96247.0,95723.8,96160.0,2408.623,231145564.8494
2025-02-08 08:00:00,96160.0,96247.0,95842.6,95856.8,1242.893,119330781.2872
2025-02-08 09:00:00,95856.8,96153.4,95856.8,96119.9,569.083,54658280.5779
2025-02-08 10:00:00,96119.9,96250.0,95965.0,95997.1,886.236,85182409.3681
2025-02-08 11:00:00,95997.1,96093.5,95819.4,96080.0,1004.784,96398104.4997
2025-02-08 12:00:00,96080.0,96210.0,95865.0,96010.9,1095.736,105229200.6775
2025-02-08 13:00:00,96010.9,96444.0,95965.1,96191.2,1866.945,179629172.1699
2025-02-08 14:00:00,96191.2,96320.0,95904.9,96057.4,1223.597,117524189.044
2025-02-08 15:00:00,96057.4,96158.3,95635.8,95802.9,2161.901,207129048.7815
2025-02-08 16:00:00,95802.9,96089.6,95703.0,96086.0,1369.511,131358398.0536
2025-02-08 17:00:00,96086.0,96345.0,96071.7,96309.0,1392.889,134014412.7623
2025-02-08 18:00:00,96309.0,96480.0,96182.9,96468.2,871.379,83962801.2321
2025-02-08 19:00:00,96468.2,96700.0,96350.0,96541.4,1316.836,127138132.6218
2025-02-08 20:00:00,96541.4,96582.9,96315.3,96418.0,575.297,55456586.9852
2025-02-08 21:00:00,96418.0,96564.2,96302.0,96494.9,484.813,46750945.4118
2025-02-08 22:00:00,96494.9,96664.8,96327.5,96429.8,756.748,73010072.8404
2025-02-08 23:00:00,96429.8,96655.4,96384.9,96406.8,846.342,81696672.13
2025-02-09 00:00:00,96406.8,96560.8,96314.4,96519.8,599.918,57845735.6138
2025-02-09 01:00:00,96519.8,96970.8,96450.0,96929.4,1850.075,179007409.9767
2025-02-09 02:00:00,96929.4,97020.6,96634.0,96673.5,1419.054,137420061.9428
2025-02-09 03:00:00,96673.5,97266.8,96645.0,97266.8,1603.777,155570375.0238
2025-02-09 04:00:00,97266.8,97275.0,96913.4,97169.0,955.35,92748654.4722
2025-02-09 05:00:00,97169.0,97180.0,96943.3,96978.9,920.802,89344840.8079
2025-02-09 06:00:00,96978.9,97027.1,96727.0,96950.3,1755.016,170007846.8621
2025-02-09 07:00:00,96950.3,97083.6,96875.0,97013.9,701.588,68053664.6661
2025-02-09 08:00:00,97013.9,97250.0,97000.3,97030.0,972.716,94476311.334
2025-02-09 09:00:00,97030.0,97039.0,96844.3,96880.4,925.575,89702831.7008
2025-02-09 10:00:00,96880.4,96880.5,96600.4,96728.0,1711.478,165558596.4494
2025-02-09 11:00:00,96728.0,96999.4,96503.1,96513.4,1418.499,137166023.0348
2025-02-09 12:00:00,96513.4,96657.1,96322.9,96487.9,1520.821,146727842.0318
2025-02-09 13:00:00,96487.9,96512.6,95782.3,95849.9,4027.437,386960160.5916
2025-02-09 14:00:00,95849.9,96259.9,95681.0,96070.6,2962.707,284426739.1105
2025-02-09 15:00:00,96070.6,96625.4,96062.6,96447.5,3195.009,307748680.8892
2025-02-09 16:00:00,96447.5,96510.0,96268.1,96401.8,821.12,79161218.6476
2025-02-09 17:00:00,96401.8,96546.1,95900.0,96128.7,1595.561,153443484.4228
2025-02-09 18:00:00,96128.7,96249.8,95951.4,96173.8,979.806,94119302.3717
2025-02-09 19:00:00,96173.8,96236.3,95805.2,96016.6,1265.902,121517211.739
2025-02-09 20:00:00,96016.6,96740.9,96000.1,96276.9,2003.765,193136317.6527
2025-02-09 21:00:00,96276.9,96310.3,94651.2,95120.0,8472.268,807038362.7574
2025-02-09 22:00:00,95120.0,96400.0,94696.1,95775.6,6072.52,580306977.2018
2025-02-09 23:00:00,95775.6,96548.0,95668.1,96428.6,2720.546,261539986.2671
2025-02-10 00:00:00,96428.6,97100.0,96421.0,96683.8,3974.331,384757319.9377
2025-02-10 01:00:00,96683.8,96798.0,95202.8,95543.4,5131.632,491988923.809
2025-02-10 02:00:00,95543.4,96032.8,95368.9,95766.1,2927.963,280078122.8108
2025-02-10 03:00:00,95766.1,97049.9,95725.1,96764.3,5040.894,487155307.6667
2025-02-10 04:00:00,96764.3,97130.8,96570.2,96896.0,3019.62,292544938.204
2025-02-10 05:00:00,96896.0,97631.8,96731.0,96983.1,4774.798,463897373.1822
2025-02-10 06:00:00,96983.1,97172.3,96755.0,97115.3,2239.354,217161187.5265
2025-02-10 07:00:00,97115.3,97464.8,97073.7,97405.1,2899.895,282071040.7489
2025-02-10 08:00:00,97405.1,97874.8,97318.8,97644.8,3313.638,323696339.4224
2025-02-10 09:00:00,97644.8,97812.0,97425.7,97639.9,2503.874,244485332.7422
2025-02-10 10:00:00,97639.9,97937.3,97553.6,97698.9,2272.42,222187094.102
2025-02-10 11:00:00,97698.9,97865.0,97580.0,97629.9,1172.453,114593794.0653
2025-02-10 12:00:00,97629.9,97758.4,97135.4,97322.0,2483.666,241910887.1249
2025-02-10 13:00:00,97322.0,98343.4,97305.9,98185.4,4828.146,472406265.0912
2025-02-10 14:00:00,98185.4,98283.0,97003.7,97245.2,7008.431,683598028.8627
2025-02-10 15:00:00,97245.2,97542.6,96812.1,97188.9,4267.565,414485993.4186
2025-02-10 16:00:00,97188.9,97397.1,96842.1,97269.6,2921.338,283624453.2917
2025-02-10 17:00:00,97269.6,97483.8,96826.4,97459.7,2175.515,211361146.5174
2025-02-10 18:00:00,97459.7,97530.6,97114.3,97527.8,1290.9,125660922.8205
2025-02-10 19:00:00,97527.8,97611.0,97199.9,97338.5,1716.558,167230922.0578
2025-02-10 20:00:00,97338.5,97450.0,97185.0,97300.6,895.786,87175077.8614
2025-02-10 21:00:00,97300.6,97359.5,97085.0,97354.3,789.678,76773879.9155
2025-02-10 22:00:00,97354.3,97476.7,97241.0,97341.9,861.976,83909469.4432
2025-02-10 23:00:00,97341.9,97418.5,97200.0,97384.2,659.726,64188133.2925
2025-02-11 00:00:00,97384.2,98150.0,97379.2,97749.1,2980.992,291432214.5611
2025-02-11 01:00:00,97749.1,98074.7,97740.0,97963.5,1584.331,155195296.4894
2025-02-11 02:00:00,97963.5,98084.8,97410.1,97740.4,2454.439,239751469.8881
2025-02-11 03:00:00,97740.4,97740.5,97450.0,97571.8,821.729,80156043.9653
2025-02-11 04:00:00,97571.8,98111.0,97505.2,98019.4,2231.815,218505356.733
2025-02-11 05:00:00,98019.4,98459.0,97960.4,98380.0,2751.063,270203115.4686
2025-02-11 06:00:00,98380.0,98446.4,98087.7,98387.9,1309.29,128656373.8141
2025-02-11 07:00:00,98387.9,98430.0,98222.9,98230.0,1070.569,105280819.6408
2025-02-11 08:00:00,98230.0,98298.7,98066.6,98190.4,1159.249,113800513.1894
2025-02-11 09:00:00,98190.4,98269.9,97857.9,97956.2,1350.204,132370984.4647
2025-02-11 10:00:00,97956.2,98090.0,97838.0,97908.0,1331.798,130467153.1704
2025-02-11 11:00:00,97908.0,98186.8,97826.2,98092.4,1020.155,99984350.2748
2025-02-11 12:00:00,98092.4,98102.8,97604.3,97711.8,2743.855,268359756.4578
2025-02-11 13:00:00,97711.8,97800.0,96600.0,96750.6,7478.533,726310212.7055
2025-02-11 14:00:00,96750.6,97274.3,96551.3,96922.5,6531.896,632850298.0641
2025-02-11 15:00:00,96922.5,97219.1,96574.7,96982.0,3383.581,327884761.8335
2025-02-11 16:00:00,96982.0,97009.3,96263.2,96324.4,4571.598,441317404.2273
2025-02-11 17:00:00,96324.4,96343.5,95914.4,96115.5,4762.679,457839461.982
2025-02-11 18:00:00,96115.5,96134.3,95354.4,95427.4,6508.037,622780164.0338
2025-02-11 19:00:00,95427.4,95612.8,94821.9,94985.9,8340.895,793271313.3319
2025-02-11 20:00:00,94985.9,95390.5,94871.0,95264.2,4613.988,438964585.3943
2025-02-11 21:00:00,95264.2,96400.0,95219.2,96337.3,5285.933,506586513.7196
2025-02-11 22:00:00,96337.3,96450.0,95292.0,95549.6,4146.664,397874170.0452
2025-02-11 23:00:00,95549.6,95935.0,95461.2,95748.6,2023.946,193725831.1702
2025-02-12 00:00:00,95748.6,96085.2,95622.9,96020.6,1765.353,169205661.4096
2025-02-12 01:00:00,96020.6,96234.5,95769.3,96177.5,1108.647,106438369.9936
2025-02-12 02:00:00,96177.5,96190.4,95266.6,95531.7,2230.238,213384555.2796
2025-02-12 03:00:00,95531.7,95720.0,95050.0,95256.0,3398.033,324234501.8908
2025-02-12 04:00:00,95256.0,95578.2,95219.8,95512.9,1940.62,185149654.0761
2025-02-12 05:00:00,95512.9,95886.0,95460.1,95848.9,1753.672,167898139.1888
2025-02-12 06:00:00,95848.9,95920.0,95650.0,95792.1,1278.09,122446006.9093
2025-02-12 07:00:00,95792.1,96130.0,95770.0,96025.7,1672.168,160500623.4458
2025-02-12 08:00:00,96025.7,96429.9,96006.5,96317.1,1776.435,170925546.861
2025-02-12 09:00:00,96317.1,96338.7,95988.5,96092.7,2025.627,194726869.9693
2025-02-12 10:00:00,96092.7,96158.9,95865.0,95933.3,1246.0,119637130.4749
2025-02-12 11:00:00,95933.3,96344.0,95933.3,96045.3,1407.738,135364548.6271
2025-02-12 12:00:00,96045.3,96300.0,95875.3,95932.4,1888.151,181487430.5203
2025-02-12 13:00:00,95932.4,96600.0,94001.2,94912.2,26888.263,2556246840.8067
2025-02-12 14:00:00,94912.2,95650.0,94446.0,95589.9,10170.498,967154391.4964
2025-02-12 15:00:00,95589.9,95973.9,94675.0,95767.2,10934.418,1042955018.9493
2025-02-12 16:00:00,95767.2,97095.0,95060.0,96954.7,10363.723,995679875.1268
2025-02-12 17:00:00,96954.7,97675.0,96732.3,97321.3,10756.348,1045396543.0646
2025-02-12 18:00:00,97321.3,97418.7,96564.3,96872.4,3486.346,337817633.9207
2025-02-12 19:00:00,96872.4,97250.0,96301.0,97170.3,3143.726,304165227.8887
2025-02-12 20:00:00,97170.3,97600.0,96881.3,96994.6,2749.506,267350145.053
2025-02-12 21:00:00,96994.6,97878.0,96805.3,97606.9,3715.913,362045117.3558
2025-02-12 22:00:00,97606.9,98089.1,97369.2,97772.3,3786.288,370291883.5415
2025-02-12 23:00:00,97772.3,97981.2,97555.0,97828.1,2101.352,205455682.9943
2025-02-13 00:00:00,97828.1,97828.1,97500.0,97782.9,1551.596,151500468.0633
2025-02-13 01:00:00,97782.9,98047.0,97700.5,97939.8,1306.866,127905595.2102
2025-02-13 02:00:00,97939.8,97939.8,97328.3,97442.2,1401.417,136781952.7269
2025-02-13 03:00:00,97442.2,97595.6,97409.6,97462.7,649.32,63313312.7501
2025-02-13 04:00:00,97462.7,97524.3,96720.9,96904.1,2489.556,241711491.5123
2025-02-13 05:00:00,96904.1,96907.5,96453.3,96622.4,2710.764,262033051.7834
2025-02-13 06:00:00,96622.4,96725.3,95788.0,96006.2,5870.083,564432467.1644
2025-02-13 07:00:00,96006.2,96197.9,95875.0,96023.0,2868.458,275440773.1134
2025-02-13 08:00:00,96023.0,96135.3,95610.0,95904.1,2897.75,277860817.0161
2025-02-13 09:00:00,95904.1,96257.0,95719.3,96213.6,2905.667,279289884.9222
2025-02-13 10:00:00,96213.6,96307.4,96100.0,96132.0,1438.841,138369330.0557
2025-02-13 11:00:00,96132.0,96250.0,95310.1,95890.0,5427.164,520138801.0382
2025-02-13 12:00:00,95890.0,96036.7,95659.1,95779.7,2120.475,203275168.5466
2025-02-13 13:00:00,95779.7,96260.3,95587.1,96029.9,5592.04,536707393.7846
2025-02-13 14:00:00,96029.9,96064.6,95250.0,95812.4,7186.48,687803546.5871
2025-02-13 15:00:00,95812.4,96439.5,95500.1,95941.2,7791.034,747796528.3147
2025-02-13 16:00:00,95941.2,95955.5,95156.1,95302.4,6143.586,586656990.1538
2025-02-13 17:00:00,95302.4,95977.3,95247.5,95645.0,3585.27,343093180.3922
2025-02-13 18:00:00,95645.0,95949.9,95289.6,95935.2,2811.517,268796496.1848
2025-02-13 19:00:00,95935.2,96347.9,95531.3,95594.3,4248.102,407683249.6208
2025-02-13 20:00:00,95594.3,96265.4,95553.2,96228.0,3478.465,334146703.1432
2025-02-13 21:00:00,96228.0,96808.5,96216.1,96444.4,3720.328,359035559.962
2025-02-13 22:00:00,96444.4,96568.7,96228.1,96376.9,1353.393,130490411.0078
2025-02-13 23:00:00,96376.9,96596.9,96283.7,96570.7,1242.416,119819003.1044
2025-02-14 00:00:00,96570.7,96995.8,96500.0,96723.2,1936.779,187306200.6681
2025-02-14 01:00:00,96723.2,96869.3,96330.7,96505.4,1733.576,167427942.8913
2025-02-14 02:00:00,96505.4,96800.0,96412.1,96499.5,1437.587,138963007.8838
2025-02-14 03:00:00,96499.5,97173.8,96491.3,97109.0,2518.529,243936430.3395
2025-02-14 04:00:00,97109.0,97216.8,96723.2,96730.0,1700.218,164824041.3956
2025-02-14 05:00:00,96730.0,96874.1,96512.6,96650.0,981.83,94934109.7978
2025-02-14 06:00:00,96650.0,96832.9,96567.1,96799.8,1277.035,123501877.3657
2025-02-14 07:00:00,96799.8,97045.9,96785.7,96907.8,1926.032,186707932.4701
2025-02-14 08:00:00,96907.8,96991.2,96757.8,96849.9,1453.217,140767541.1806
2025-02-14 09:00:00,96849.9,97123.7,96798.7,97075.4,1615.111,156689998.4018
2025-02-14 10:00:00,97075.4,97171.7,96927.1,96973.3,1158.249,112414448.5437
2025-02-14 11:00:00,96973.3,97090.0,96760.1,96843.9,1701.704,164899860.0499
2025-02-14 12:00:00,96843.9,96844.0,96440.7,96615.0,2400.866,232036375.8727
2025-02-14 13:00:00,96615.0,96950.0,96405.3,96754.8,3011.53,291189825.439
2025-02-14 14:00:00,96754.8,97569.9,96540.0,97260.0,5776.906,561113314.3068
2025-02-14 15:00:00,97260.0,97377.6,96200.0,96886.3,8121.861,785366662.1475
2025-02-14 16:00:00,96886.3,97688.1,96436.8,97626.0,5835.501,565930351.5102
2025-02-14 17:00:00,97626.0,98821.0,97100.1,98506.2,9480.939,928463426.3593
2025-02-14 18:00:00,98506.2,98720.0,98125.0,98171.0,5360.499,527522921.4354
2025-02-14 19:00:00,98171.0,98417.3,97640.2,97911.2,3999.656,392215040.4559
2025-02-14 20:00:00,97911.2,98262.8,96926.8,97136.0,5046.722,492485545.8825
2025-02-14 21:00:00,97136.0,97464.4,96639.0,97407.7,4996.74,484812481.0276
2025-02-14 22:00:00,97407.7,97491.1,96885.2,97083.4,1930.049,187582293.2775
2025-02-14 23:00:00,97083.4,97471.4,96943.0,97450.1,1480.751,144036401.5446
2025-02-15 00:00:00,97450.1,97482.9,97175.8,97422.8,1648.421,160459216.4179
2025-02-15 01:00:00,97422.8,97788.3,97400.0,97746.7,2059.851,201094941.3871
2025-02-15 02:00:00,97746.7,97870.9,97580.2,97808.0,1490.52,145646055.3064
2025-02-15 03:00:00,97808.0,97933.0,97596.0,97625.6,986.721,96439219.7183
2025-02-15 04:00:00,97625.6,97746.8,97427.8,97480.2,1015.05,99033381.6312
2025-02-15 05:00:00,97480.2,97598.9,97387.6,97550.9,485.977,47386173.7383
2025-02-15 06:00:00,97550.9,97617.3,97363.2,97436.1,971.706,94731414.9906
2025-02-15 07:00:00,97436.1,97470.6,97303.1,97303.5,877.013,85398320.8274
2025-02-15 08:00:00,97303.5,97500.0,97258.1,97469.3,805.483,78448872.0161
2025-02-15 09:00:00,97469.3,97560.0,97381.5,97520.0,585.734,57106301.0112
2025-02-15 10:00:00,97520.0,97695.2,97400.0,97620.0,667.412,65106291.5653
2025-02-15 11:00:00,97620.0,97641.2,97444.0,97581.6,632.099,61653936.3023
2025-02-15 12:00:00,97581.6,97791.1,97490.1,97714.8,1406.786,137354463.2417
2025-02-15 13:00:00,97714.8,97898.8,97620.9,97666.0,1084.335,105991014.395
2025-02-15 14:00:00,97666.0,97714.9,97370.0,97560.3,1622.151,158210598.9851
2025-02-15 15:00:00,97560.3,97703.0,97507.0,97599.3,753.361,73536495.1887
2025-02-15 16:00:00,97599.3,97677.8,97425.3,97498.9,639.778,62400322.9942
2025-02-15 17:00:00,97498.9,97538.3,97268.9,97367.1,1390.821,135409404.4618
2025-02-15 18:00:00,97367.1,97540.2,97322.3,97491.8,1058.785,103165974.8764
2025-02-15 19:00:00,97491.8,97608.8,97475.0,97486.8,571.512,55751902.6657
2025-02-15 20:00:00,97486.8,97601.8,97349.9,97486.6,1328.902,129545110.3315
2025-02-15 21:00:00,97486.6,97652.3,97486.6,97647.6,1053.148,102770054.5077
2025-02-15 22:00:00,97647.6,97700.0,97367.5,97504.9,859.541,83810856.9841
2025-02-15 23:00:00,97504.9,97598.0,97369.6,97533.9,2631.418,256431671.9083
2025-02-16 00:00:00,97533.9,97678.7,97517.1,97546.0,611.532,59690515.9794
2025-02-16 01:00:00,97546.0,97620.0,97495.2,97603.0,329.704,32165859.9811
2025-02-16 02:00:00,97603.0,97609.3,97425.6,97480.4,910.814,88831930.3047
2025-02-16 03:00:00,97480.4,97490.8,97299.8,97490.7,1258.728,122626991.509
2025-02-16 04:00:00,97490.7,97530.0,97422.9,97480.7,619.182,60353975.7367
2025-02-16 05:00:00,97480.7,97620.2,97424.7,97547.0,661.826,64532989.8315
2025-02-16 06:00:00,97547.0,97565.0,97384.5,97429.7,399.689,38965144.2494
2025-02-16 07:00:00,97429.7,97429.8,97164.0,97200.9,1026.974,99916387.7211
2025-02-16 08:00:00,97200.9,97283.6,97080.0,97116.1,993.102,96509046.078
2025-02-16 09:00:00,97116.1,97320.1,97012.0,97314.7,1187.236,115336533.1271
2025-02-16 10:00:00,97314.7,97341.9,97120.0,97133.0,727.24,70711299.415
2025-02-16 11:00:00,97133.0,97290.7,97110.5,97288.2,388.554,37768441.1642
2025-02-16 12:00:00,97288.2,97288.3,97061.3,97087.1,620.702,60305320.2004
2025-02-16 13:00:00,97087.1,97206.3,96713.8,96809.6,2801.712,271631910.4285
2025-02-16 14:00:00,96809.6,96987.3,96636.0,96926.5,2591.088,250778764.965
2025-02-16 15:00:00,96926.5,97038.6,96850.1,96850.1,1259.785,122140832.3422
2025-02-16 16:00:00,96850.1,97070.6,96824.2,97005.0,698.778,67746327.9198
2025-02-16 17:00:00,97005.0,97119.4,96863.1,96921.2,717.99,69630274.6403
2025-02-16 18:00:00,96921.2,96936.8,96500.0,96818.2,2978.608,288222527.8777
2025-02-16 19:00:00,96818.2,97069.0,96715.8,97021.5,1558.037,150978271.884
2025-02-16 20:00:00,97021.5,97137.8,96807.0,96856.3,970.993,94171798.6097
2025-02-16 21:00:00,96856.3,97247.2,96796.3,97131.1,1403.63,136223635.8466
2025-02-16 22:00:00,97131.1,97147.7,96513.0,96827.9,2136.227,206787153.7905
2025-02-16 23:00:00,96827.9,96833.3,96000.0,96060.1,5490.764,528428899.4884
2025-02-17 00:00:00,96060.1,96400.0,95980.1,96257.1,2453.97,236102216.8324
2025-02-17 01:00:00,96257.1,96480.0,96026.7,96445.1,1723.713,165951773.0055
2025-02-17 02:00:00,96445.1,96580.0,96102.9,96169.1,1256.076,121003415.4252
2025-02-17 03:00:00,96169.1,96234.5,96003.5,96165.4,1156.989,111194996.3446
2025-02-17 04:00:00,96165.4,96208.3,95936.0,95971.9,1469.632,141162230.8669
2025-02-17 05:00:00,95971.9,96270.1,95730.3,96193.4,2633.515,252825147.4814
2025-02-17 06:00:00,96193.4,96420.0,96168.0,96347.0,1534.569,147813893.5811
2025-02-17 07:00:00,96347.0,96429.0,95859.9,96023.0,1970.728,189312993.2164
2025-02-17 08:00:00,96023.0,96268.0,95888.9,96112.2,2121.594,203830886.08
2025-02-17 09:00:00,96112.2,96271.0,96038.4,96120.3,1312.31,126202426.6448
2025-02-17 10:00:00,96120.3,96357.6,96007.9,96062.2,1943.123,186923219.3126
2025-02-17 11:00:00,96062.2,96255.9,95950.6,96019.8,1411.283,135581819.9892
2025-02-17 12:00:00,96019.8,96479.7,96015.1,96415.3,1835.291,176688813.0966
2025-02-17 13:00:00,96415.3,96447.6,96203.0,96364.9,1053.411,101464851.345
2025-02-17 14:00:00,96364.9,96988.3,96350.3,96752.8,4413.678,426806532.8127
2025-02-17 15:00:00,96752.8,96850.0,95514.7,95613.5,7857.887,754766880.9568
2025-02-17 16:00:00,95613.5,95895.0,95260.0,95286.4,5296.232,506017002.6309
2025-02-17 17:00:00,95286.4,95696.7,95234.2,95431.4,3203.057,305809750.212
2025-02-17 18:00:00,95431.4,95728.9,95208.9,95294.9,2285.498,218052840.9971
2025-02-17 19:00:00,95294.9,95553.0,95160.0,95500.1,2509.982,239341504.2758
2025-02-17 20:00:00,95500.1,96230.6,95448.5,95920.7,2908.271,278857595.1437
2025-02-17 21:00:00,95920.7,96370.0,95868.1,96362.9,2692.469,258724059.5656
2025-02-17 22:00:00,96362.9,96369.9,95810.0,95837.9,1417.924,136225377.512
2025-02-17 23:00:00,95837.9,95965.9,95654.6,95735.0,1274.355,122072106.0071
2025-02-18 00:00:00,95735.0,95996.0,95500.0,95593.1,1747.214,167232829.6457
2025-02-18 01:00:00,95593.1,96249.5,95557.5,96215.2,2172.013,208485091.4376
2025-02-18 02:00:00,96215.2,96274.0,95972.0,96018.1,1419.23,136422578.1899
2025-02-18 03:00:00,96018.1,96245.2,95955.0,96150.7,1070.767,102946024.1315
2025-02-18 04:00:00,96150.7,96251.5,95921.7,96026.0,941.782,90511212.2829
2025-02-18 05:00:00,96026.0,96063.5,95489.4,95553.9,2174.708,208189426.729
2025-02-18 06:00:00,95553.9,95592.8,95193.6,95340.1,4276.659,407815114.8783
2025-02-18 07:00:00,95340.1,95677.8,95262.4,95410.1,1918.412,183127769.9
2025-02-18 08:00:00,95410.1,95536.1,94988.0,95191.1,3443.153,327742021.1262
2025-02-18 09:00:00,95191.1,95749.2,95107.2,95741.8,2718.163,259630825.0755
2025-02-18 10:00:00,95741.8,95835.0,95587.2,95706.8,1136.313,108775576.8875
2025-02-18 11:00:00,95706.8,95743.0,95517.1,95594.4,823.274,78723365.7767
2025-02-18 12:00:00,95594.4,96249.4,95559.8,96147.2,2769.759,265963163.4812
2025-02-18 13:00:00,96147.2,96441.4,96064.4,96192.8,2870.108,276215024.4105
2025-02-18 14:00:00,96192.8,96730.9,95350.1,95501.8,7996.349,767858133.8464
2025-02-18 15:00:00,95501.8,95698.2,95153.0,95518.1,5187.294,495111909.9888
2025-02-18 16:00:00,95518.1,95613.1,94550.0,94599.9,8703.591,826117355.9431
2025-02-18 17:00:00,94599.9,94838.2,94024.4,94069.5,7027.803,663082633.7875
2025-02-18 18:00:00,94069.5,94310.1,93550.0,93882.5,9955.629,934608361.1151
2025-02-18 19:00:00,93882.5,94370.5,93318.1,94066.0,7501.601,703085321.9472
2025-02-18 20:00:00,94066.0,94444.5,93682.3,94164.9,3772.731,354898954.0339
2025-02-18 21:00:00,94164.9,95320.4,94083.9,95040.0,8752.842,830617824.6132
2025-02-18 22:00:00,95040.0,95507.6,94840.3,95264.4,2868.92,273275498.0385
2025-02-18 23:00:00,95264.4,95650.0,95223.3,95618.8,2025.709,193347689.4683
2025-02-19 00:00:00,95618.8,95800.0,95223.4,95303.9,2614.914,249806706.5751
2025-02-19 01:00:00,95303.9,95439.0,95008.6,95438.9,1975.546,188086432.8251
2025-02-19 02:00:00,95438.9,95923.4,95414.6,95793.7,1992.017,190538909.8549
2025-02-19 03:00:00,95793.7,95800.0,95544.5,95678.0,1155.609,110571317.6785
2025-02-19 04:00:00,95678.0,95736.9,95191.9,95192.0,1757.436,167735104.9625
2025-02-19 05:00:00,95192.0,95320.3,95018.5,95248.0,2570.982,244671419.2625
2025-02-19 06:00:00,95248.0,95649.1,95193.8,95584.4,1645.65,157055172.0904
2025-02-19 07:00:00,95584.4,95817.5,95546.9,95660.0,2261.846,216404571.8525
2025-02-19 08:00:00,95660.0,95861.8,95588.1,95596.2,1646.214,157585758.1761
2025-02-19 09:00:00,95596.2,96011.0,95595.6,95913.2,2150.578,206129206.5439
2025-02-19 10:00:00,95913.2,96457.7,95912.5,96305.6,5005.323,481851357.97
2025-02-19 11:00:00,96305.6,96419.6,96177.9,96407.9,1943.65,187161875.0746
2025-02-19 12:00:00,96407.9,96489.7,96155.0,96157.2,2658.629,256062681.7985
2025-02-19 13:00:00,96157.2,96459.6,96157.2,96265.3,1663.693,160197592.488
2025-02-19 14:00:00,96265.3,96676.5,95653.8,95732.0,7164.043,689110145.2305
2025-02-19 15:00:00,95732.0,96375.4,95500.0,95904.4,6512.496,624834282.843
2025-02-19 16:00:00,95904.4,96356.6,95903.6,96279.9,2469.75,237521530.6508
2025-02-19 17:00:00,96279.9,96461.0,96088.5,96359.3,1939.166,186785644.4729
2025-02-19 18:00:00,96359.3,96389.7,95592.6,95630.4,2994.147,287198703.1447
2025-02-19 19:00:00,95630.4,96190.6,95370.0,96168.6,4144.598,397066409.6797
2025-02-19 20:00:00,96168.6,96462.1,96066.1,96130.5,2560.66,246554760.2804
2025-02-19 21:00:00,96130.5,96447.8,96014.2,96281.4,1804.648,173761817.7212
2025-02-19 22:00:00,96281.4,96590.7,96272.8,96507.8,1277.998,123261751.0202
2025-02-19 23:00:00,96507.8,96897.1,96494.0,96616.4,2415.145,233498992.1064
2025-02-20 00:00:00,96616.4,96828.0,96386.5,96825.9,1347.857,130157080.9479
2025-02-20 01:00:00,96825.9,96974.4,96605.3,96752.5,1821.025,176183146.0005
2025-02-20 02:00:00,96752.5,97268.8,96710.8,97108.8,2905.004,281746974.9152
2025-02-20 03:00:00,97108.8,97419.9,96950.8,97027.3,3056.808,296953043.0396
2025-02-20 04:00:00,97027.3,97333.3,97015.6,97198.5,1823.624,177222134.4302
2025-02-20 05:00:00,97198.5,97200.8,96861.2,96879.6,1951.408,189348575.9836
2025-02-20 06:00:00,96879.6,96940.0,96750.0,96878.7,1462.564,141655998.1187
2025-02-20 07:00:00,96878.7,97074.3,96786.8,96838.5,1201.072,116422831.7852
2025-02-20 08:00:00,96838.5,97166.4,96788.0,97124.4,1263.125,122501201.1712
2025-02-20 09:00:00,97124.4,97250.0,97124.4,97155.0,1028.573,99958898.6565
2025-02-20 10:00:00,97155.0,97330.6,97079.0,97330.6,836.294,81288765.5735
2025-02-20 11:00:00,97330.6,97348.3,97108.2,97163.9,1089.325,105909129.3587
2025-02-20 12:00:00,97163.9,97520.0,97163.8,97388.0,2402.503,234035695.0476
2025-02-20 13:00:00,97388.0,97520.0,97218.1,97510.1,1804.707,175735196.6897
2025-02-20 14:00:00,97510.1,98000.0,96813.5,96928.2,10032.951,978314216.6437
2025-02-20 15:00:00,96928.2,97320.5,96758.0,96861.0,7093.217,688097359.4792
2025-02-20 16:00:00,96861.0,97939.3,96825.2,97507.2,5574.75,543692815.4037
2025-02-20 17:00:00,97507.2,97986.4,97500.3,97921.2,2465.133,241119898.8482
2025-02-20 18:00:00,97921.2,98400.0,97911.1,98241.3,5131.272,503761138.926
2025-02-20 19:00:00,98241.3,98489.6,98185.1,98368.7,2479.889,243892535.3944
2025-02-20 20:00:00,98368.7,98680.8,98262.8,98403.3,2994.255,294939714.003
2025-02-20 21:00:00,98403.3,98445.4,97954.0,98050.0,2032.298,199528577.1084
2025-02-20 22:00:00,98050.0,98380.4,98003.5,98064.8,1642.181,161191339.0876
2025-02-20 23:00:00,98064.8,98481.0,98052.0,98246.7,1470.604,144574386.2962
2025-02-21 00:00:00,98246.7,98457.0,98035.1,98185.9,995.914,97853320.2773
2025-02-21 01:00:00,98185.9,98299.4,98053.3,98258.2,835.398,82008734.1536
2025-02-21 02:00:00,98258.2,98332.8,98070.0,98070.2,952.069,93516114.2039
2025-02-21 03:00:00,98070.2,98261.2,98044.7,98113.5,1016.528,99753603.5302
2025-02-21 04:00:00,98113.5,98239.5,98080.5,98169.3,889.052,87282656.4262
2025-02-21 05:00:00,98169.3,98368.2,98130.0,98296.7,1024.54,100672531.7854
2025-02-21 06:00:00,98296.7,98397.1,98254.1,98374.1,801.987,78874013.7736
2025-02-21 07:00:00,98374.1,98568.0,98122.1,98134.9,1865.373,183487866.2713
2025-02-21 08:00:00,98134.9,98234.1,98083.8,98164.3,949.636,93209647.2006
2025-02-21 09:00:00,98164.3,98907.8,98061.7,98294.4,5076.869,500057933.2893
2025-02-21 10:00:00,98294.4,98628.0,98200.0,98573.4,1772.294,174429805.5885
2025-02-21 11:00:00,98573.4,98788.0,98448.8,98586.3,1344.219,132571912.4301
2025-02-21 12:00:00,98586.3,98935.3,98482.0,98852.2,3052.556,301496830.6003
2025-02-21 13:00:00,98852.2,99454.2,98741.3,99294.7,7916.722,785347079.2857
2025-02-21 14:00:00,99294.7,99338.6,98285.0,98736.2,9020.241,890676891.633
2025-02-21 15:00:00,98736.2,99293.6,97111.0,98074.8,22963.183,2250224149.2824
2025-02-21 16:00:00,98074.8,98699.9,97674.1,98165.2,8566.868,841566638.0825
2025-02-21 17:00:00,98165.2,98409.4,96800.0,96929.4,8114.507,790676687.2661
2025-02-21 18:00:00,96929.4,97216.7,96492.1,96510.1,7589.939,735210240.0622
2025-02-21 19:00:00,96510.1,96803.3,95191.1,95260.0,12342.05,1183706576.3763
2025-02-21 20:00:00,95260.0,95659.1,94832.2,95086.4,6336.713,603545497.9479
2025-02-21 21:00:00,95086.4,95531.9,95045.7,95422.9,3410.883,325015434.2916
2025-02-21 22:00:00,95422.9,95985.2,95256.7,95883.1,3644.154,348768150.7866
2025-02-21 23:00:00,95883.1,96244.3,95702.2,96198.4,2088.486,200564433.4751
2025-02-22 00:00:00,96198.4,96259.7,95814.8,96230.9,1536.225,147546295.2819
2025-02-22 01:00:00,96230.9,96494.0,96151.5,96280.2,1449.935,139686358.5625
2025-02-22 02:00:00,96280.2,96483.3,96117.5,96377.0,1210.508,116549088.0967
2025-02-22 03:00:00,96377.0,96386.3,96172.8,96310.0,693.252,66749193.3104
2025-02-22 04:00:00,96310.0,96500.0,96280.0,96416.8,1114.537,107439625.6421
2025-02-22 05:00:00,96416.8,96569.0,96344.9,96564.0,769.736,74273479.0339
2025-02-22 06:00:00,96564.0,96639.9,96356.5,96440.4,1104.005,106547381.6639
2025-02-22 07:00:00,96440.4,96560.5,96317.0,96331.1,769.955,74268209.217
2025-02-22 08:00:00,96331.1,96399.6,96152.7,96232.1,1481.236,142569543.6722
2025-02-22 09:00:00,96232.1,96546.1,96165.4,96528.2,1338.338,129036586.6977
2025-02-22 10:00:00,96528.2,96600.0,96448.8,96520.0,1156.965,111698629.3199
2025-02-22 11:00:00,96520.0,96623.4,96520.0,96594.7,585.66,56555857.7054
2025-02-22 12:00:00,96594.7,97056.0,96574.1,96838.2,2272.438,219999129.5715
2025-02-22 13:00:00,96838.2,96924.9,96537.8,96573.0,1329.577,128622182.6047
2025-02-22 14:00:00,96573.0,96725.8,96526.2,96542.2,804.832,77760118.6006
2025-02-22 15:00:00,96542.2,96729.6,96502.5,96613.2,650.24,62822928.5721
2025-02-22 16:00:00,96613.2,96837.6,96369.2,96503.4,1667.923,161238821.0381
2025-02-22 17:00:00,96503.4,96676.5,96465.3,96621.9,766.287,74002073.7509
2025-02-22 18:00:00,96621.9,96801.0,96400.0,96436.1,822.167,79406723.0985
2025-02-22 19:00:00,96436.1,96623.1,96344.2,96620.0,553.662,53412179.2485
2025-02-22 20:00:00,96620.0,96647.0,96498.4,96577.3,483.677,46711214.9444
2025-02-22 21:00:00,96577.3,96669.4,96512.5,96657.6,285.883,27608039.9604
2025-02-22 22:00:00,96657.6,96703.1,96595.8,96641.2,362.659,35052805.744
2025-02-22 23:00:00,96641.2,96665.8,96465.9,96554.4,452.638,43714005.7845
2025-02-23 00:00:00,96554.4,96637.0,96493.2,96626.9,350.898,33875573.5901
2025-02-23 01:00:00,96626.9,96626.9,96351.9,96440.6,531.886,51315277.8728
2025-02-23 02:00:00,96440.6,96495.1,96376.9,96394.1,290.265,27987071.5206
2025-02-23 03:00:00,96394.1,96553.2,96378.0,96420.7,437.312,42191324.0921
2025-02-23 04:00:00,96420.7,96541.4,96389.2,96410.7,263.771,25440795.327
2025-02-23 05:00:00,96410.7,96422.8,96210.0,96216.8,957.623,92235877.8508
2025-02-23 06:00:00,96216.8,96347.2,96121.5,96328.9,867.052,83434759.8947
2025-02-23 07:00:00,96328.9,96541.6,96278.1,96500.0,795.173,76687224.0088
2025-02-23 08:00:00,96500.0,96500.1,96286.5,96359.9,613.048,59075223.1439
2025-02-23 09:00:00,96359.9,96451.8,96237.0,96263.5,526.143,50676276.635
2025-02-23 10:00:00,96263.5,96290.4,96009.4,96192.3,1033.468,99366815.1673
2025-02-23 11:00:00,96192.3,96249.7,96080.0,96120.5,662.194,63679449.2957
2025-02-23 12:00:00,96120.5,96165.0,95639.5,95722.8,2824.165,270653296.7102
2025-02-23 13:00:00,95722.8,95962.1,95703.7,95945.0,2011.524,192818125.8986
2025-02-23 14:00:00,95945.0,96050.1,95525.0,95582.4,2294.669,219885572.7717
2025-02-23 15:00:00,95582.4,95722.6,95358.5,95446.1,1839.905,175827260.4442
2025-02-23 16:00:00,95446.1,95621.6,95432.7,95443.8,769.516,73518690.4927
2025-02-23 17:00:00,95443.8,95769.3,95254.0,95666.2,2127.569,203058753.393
2025-02-23 18:00:00,95666.2,95887.2,95615.4,95744.0,1040.206,99619331.1942
2025-02-23 19:00:00,95744.0,95856.3,95716.6,95770.8,593.484,56854660.9888
2025-02-23 20:00:00,95770.8,95829.4,95677.5,95799.9,390.048,37349448.1871
2025-02-23 21:00:00,95799.9,95800.0,95624.7,95777.7,529.42,50672465.0235
2025-02-23 22:00:00,95777.7,95949.8,95547.9,95799.2,904.462,86590033.6001
2025-02-23 23:00:00,95799.2,96340.4,95783.8,96262.6,2790.309,268090696.3014
2025-02-24 00:00:00,96262.6,96536.3,96160.9,96271.2,1872.66,180473592.1612
2025-02-24 01:00:00,96271.2,96361.7,95750.2,95981.9,1553.193,149149042.9482
2025-02-24 02:00:00,95981.9,96223.5,95768.1,95835.9,1297.108,124494966.0133
2025-02-24 03:00:00,95835.9,95835.9,95267.0,95446.6,2852.71,272512932.395
2025-02-24 04:00:00,95446.6,95591.4,95088.5,95313.2,3093.149,294796349.5978
2025-02-24 05:00:00,95313.2,95780.0,95260.2,95742.3,1320.859,126213900.5746
2025-02-24 06:00:00,95742.3,95909.8,95625.8,95871.0,805.87,77183898.8831
2025-02-24 07:00:00,95871.0,95964.4,95696.8,95860.1,997.841,95615453.5445
2025-02-24 08:00:00,95860.1,95919.0,95354.9,95496.1,1967.581,188005248.583
2025-02-24 09:00:00,95496.1,96189.3,95490.0,95760.1,2486.24,238400570.1701
2025-02-24 10:00:00,95760.1,95932.9,95360.1,95644.5,1887.652,180519678.3322
2025-02-24 11:00:00,95644.5,95877.4,95433.2,95837.1,1330.514,127261449.5592
2025-02-24 12:00:00,95837.1,95971.2,95691.0,95799.3,891.784,85462637.0834
2025-02-24 13:00:00,95799.3,96111.6,95333.4,95609.8,3546.918,339636359.0763
2025-02-24 14:00:00,95609.8,95800.0,94580.0,94688.1,7221.151,687145730.6829
2025-02-24 15:00:00,94688.1,95020.0,93816.4,94376.8,11597.747,1094505745.1712
2025-02-24 16:00:00,94376.8,95019.3,94202.2,94467.4,4890.392,462880772.5723
2025-02-24 17:00:00,94467.4,95262.0,94361.7,94683.3,3520.138,334160611.4599
2025-02-24 18:00:00,94683.3,94905.6,94162.9,94197.6,2043.167,193135449.6732
2025-02-24 19:00:00,94197.6,94595.1,93631.0,93984.9,3735.478,351325197.4432
2025-02-24 20:00:00,93984.9,94607.7,93857.2,94036.1,3035.637,286237008.4892
2025-02-24 21:00:00,94036.1,94362.9,93588.0,93987.9,3126.398,293626773.5197
2025-02-24 22:00:00,93987.9,94006.7,92230.0,92353.9,13975.434,1301283989.3907
2025-02-24 23:00:00,92353.9,92811.3,91258.7,91478.2,9983.859,918679735.3341
2025-02-25 00:00:00,91478.2,92119.3,90821.1,91811.1,8976.872,821860508.2079
2025-02-25 01:00:00,91811.1,92350.0,91096.2,91986.2,4904.412,450158237.0856
2025-02-25 02:00:00,91986.2,92490.0,91549.9,92339.7,3566.843,328474436.1683
2025-02-25 03:00:00,92339.7,92520.9,91905.0,92128.0,2141.49,197526316.6571
2025-02-25 04:00:00,92128.0,92300.0,91800.0,91887.3,2615.269,240708107.4628
2025-02-25 05:00:00,91887.3,92105.8,91700.0,92058.5,1396.058,128327851.0971
2025-02-25 06:00:00,92058.5,92129.2,91190.5,91259.8,2908.699,266227272.3403
2025-02-25 07:00:00,91259.8,91422.6,88093.2,89227.5,29675.59,2656506993.3959
2025-02-25 08:00:00,89227.5,89937.3,88926.0,89375.6,6866.203,615535548.3924
2025-02-25 09:00:00,89375.6,89564.8,88259.7,88294.4,8100.264,719601096.5515
2025-02-25 10:00:00,88294.4,88880.7,86833.0,88176.2,18234.959,1600927043.4007
2025-02-25 11:00:00,88176.2,89350.5,87617.0,89220.0,7931.199,700814050.5001
2025-02-25 12:00:00,89220.0,89499.9,88868.0,89357.2,5500.267,490433966.058
2025-02-25 13:00:00,89357.2,89519.7,88716.8,88815.2,3498.966,311657023.7007
2025-02-25 14:00:00,88815.2,89376.7,87053.3,87159.5,13482.598,1188623358.6894
2025-02-25 15:00:00,87159.5,87800.0,86055.5,87250.1,22625.008,1965530305.4886
2025-02-25 16:00:00,87250.1,87803.1,86177.0,87474.5,10578.692,920390155.7557
2025-02-25 17:00:00,87474.5,87846.4,86850.0,87297.4,6324.233,552284790.6875
2025-02-25 18:00:00,87297.4,87834.3,86922.9,87082.2,5280.37,461042565.0943
2025-02-25 19:00:00,87082.2,88092.0,86515.7,87959.5,6019.025,525067757.6086
2025-02-25 20:00:00,87959.5,89028.9,87618.8,88177.2,7968.885,704248530.0525
2025-02-25 21:00:00,88177.2,88823.6,87770.1,88823.5,3964.831,350288148.5747
2025-02-25 22:00:00,88823.5,89482.5,88487.7,88808.9,4732.571,421160059.9021
2025-02-25 23:00:00,88808.9,89143.2,88656.0,88665.3,2071.966,184213914.7487
2025-02-26 00:00:00,88665.3,88667.8,88131.6,88145.8,2144.157,189453981.7489
2025-02-26 01:00:00,88145.8,88833.0,88145.7,88685.7,1839.447,162706161.2934
2025-02-26 02:00:00,88685.7,89200.0,88420.0,88999.9,1940.771,172434227.0978
2025-02-26 03:00:00,88999.9,89389.9,88875.0,88882.4,2118.744,188873345.0041
2025-02-26 04:00:00,88882.4,89242.1,88678.3,88688.9,2000.734,177964206.972
2025-02-26 05:00:00,88688.9,88881.7,88356.6,88410.5,2074.539,183962751.0264
2025-02-26 06:00:00,88410.5,88916.9,88408.2,88914.1,1521.106,134901322.0288
2025-02-26 07:00:00,88914.1,89163.2,88404.8,88682.1,2771.095,246100000.1162
2025-02-26 08:00:00,88682.1,88770.0,88073.5,88446.4,2761.595,244058452.8685
2025-02-26 09:00:00,88446.4,89260.9,88435.8,89084.0,3594.826,319761191.2727
2025-02-26 10:00:00,89084.0,89287.0,88847.0,89216.9,1667.751,148502604.985
2025-02-26 11:00:00,89216.9,89241.3,88537.9,88589.3,2187.44,194274156.2734
2025-02-26 12:00:00,88589.3,88665.2,87608.4,87936.4,5628.551,496093105.7033
2025-02-26 13:00:00,87936.4,88087.0,86947.8,87194.9,6478.841,567410060.3863
2025-02-26 14:00:00,87194.9,87681.0,85350.0,87550.0,27886.035,2409468511.4255
2025-02-26 15:00:00,87550.0,88470.2,87319.1,87499.9,14381.337,1263591407.9828
2025-02-26 16:00:00,87499.9,87752.2,86226.0,86779.9,11863.622,1030495789.8294
2025-02-26 17:00:00,86779.9,87281.5,85630.0,86002.2,7670.201,663197894.5835
2025-02-26 18:00:00,86002.2,86450.0,83200.0,84112.7,31827.758,2693420470.2264
2025-02-26 19:00:00,84112.7,85019.2,83576.0,83768.7,14345.446,1208083433.19
2025-02-26 20:00:00,83768.7,84572.9,82055.6,84337.3,23375.965,1946632828.1771
2025-02-26 21:00:00,84337.3,85137.1,83378.3,84568.2,15766.71,1328866766.1654
2025-02-26 22:00:00,84568.2,85360.7,84109.9,84387.8,7152.128,606162566.7307
2025-02-26 23:00:00,84387.8,84742.3,83868.1,84208.6,2901.884,244217245.8709
2025-02-27 00:00:00,84208.6,84752.8,83988.1,84679.0,3628.874,306422313.0467
2025-02-27 01:00:00,84679.0,85391.8,84225.1,84683.8,4452.999,377637190.8022
2025-02-27 02:00:00,84683.8,85158.4,84162.1,84240.0,2809.246,237673120.9
2025-02-27 03:00:00,84240.0,85299.0,84217.9,85181.0,2662.317,225856006.1051
2025-02-27 04:00:00,85181.0,85325.1,84623.5,85095.2,2732.693,232090414.9251
2025-02-27 05:00:00,85095.2,85887.0,85000.9,85815.4,4395.251,375702896.86
2025-02-27 06:00:00,85815.4,86668.0,85630.4,86204.3,5342.168,460228908.3862
2025-02-27 07:00:00,86204.3,86563.1,86041.8,86220.0,3347.438,288918473.0987
2025-02-27 08:00:00,86220.0,86386.5,85836.6,86026.5,3764.925,323951580.0432
2025-02-27 09:00:00,86026.5,86314.3,85814.3,86132.0,2965.287,255332334.1844
2025-02-27 10:00:00,86132.0,87032.4,86001.8,86953.2,4227.451,365978417.4174
2025-02-27 11:00:00,86953.2,87043.6,86335.4,86650.7,4431.327,383967593.6677
2025-02-27 12:00:00,86650.7,86757.1,86204.8,86284.0,2556.696,220952291.6048
2025-02-27 13:00:00,86284.0,86739.8,85711.1,86079.9,6933.373,597955353.7413
2025-02-27 14:00:00,86079.9,86398.9,84920.2,84960.2,12451.842,1067745113.0839
2025-02-27 15:00:00,84960.2,86117.0,84614.3,85480.0,13138.375,1122365729.0562
2025-02-27 16:00:00,85480.0,85656.0,84315.6,84434.7,8762.035,745604037.5114
2025-02-27 17:00:00,84434.7,84988.3,84300.0,84556.3,5979.897,505599575.2486
2025-02-27 18:00:00,84556.3,84957.3,84473.0,84600.1,3344.593,283311475.5931
2025-02-27 19:00:00,84600.1,84608.6,83550.9,84070.2,6544.7,549572534.2532
2025-02-27 20:00:00,84070.2,84111.3,82670.0,83504.8,12085.921,1005963724.6069
2025-02-27 21:00:00,83504.8,84416.7,83208.0,84401.3,4551.675,382006294.3285
2025-02-27 22:00:00,84401.3,84752.7,83854.6,84692.2,3313.456,279245935.1282
2025-02-27 23:00:00,84692.2,84909.2,84384.4,84686.0,2457.942,208057292.4147
2025-02-28 00:00:00,84686.0,84875.6,84213.0,84240.6,2082.208,176017951.9553
2025-02-28 01:00:00,84240.6,84399.7,81000.1,81613.4,21523.46,1772219651.7786
2025-02-28 02:00:00,81613.4,82835.8,79400.9,80749.3,29382.305,2370600879.4005
2025-02-28 03:00:00,80749.3,81526.9,80189.0,80399.9,10217.809,826678831.0043
2025-02-28 04:00:00,80399.9,80921.9,79290.5,80354.6,15509.835,1241481395.5476
2025-02-28 05:00:00,80354.6,80500.0,79102.1,79953.8,13518.051,1077987719.6815
2025-02-28 06:00:00,79953.8,80392.8,78950.6,79315.2,10391.421,826814567.3734
2025-02-28 07:00:00,79315.2,80240.3,78814.8,79176.1,10452.459,829952307.6062
2025-02-28 08:00:00,79176.1,79423.0,78210.5,78943.3,12924.844,1017458179.6944
2025-02-28 09:00:00,78943.3,80713.4,78851.5,80292.1,10488.05,838727552.4729
2025-02-28 10:00:00,80292.1,80422.9,79476.2,79966.9,5675.533,453333499.2229
2025-02-28 11:00:00,79966.9,80808.4,79922.2,80461.9,5611.55,451290000.668
2025-02-28 12:00:00,80461.9,80800.0,80038.9,80750.0,4652.593,373883611.4795
2025-02-28 13:00:00,80750.0,81722.0,80566.1,81462.1,9989.47,811155895.8613
2025-02-28 14:00:00,81462.1,82469.4,81010.0,82020.0,15066.454,1233858139.1973
2025-02-28 15:00:00,82020.0,84360.0,81906.7,83952.8,14736.221,1230020893.3457
2025-02-28 16:00:00,83952.8,84924.0,83414.0,84322.7,13050.517,1097768182.3521
2025-02-28 17:00:00,84322.7,84365.2,83548.6,83566.2,5476.762,459684508.7846
2025-02-28 18:00:00,83566.2,85124.4,83168.4,84427.4,12701.494,1068658512.6215
2025-02-28 19:00:00,84427.4,84799.3,84200.1,84394.0,5101.212,430995098.6353
2025-02-28 20:00:00,84394.0,84750.0,83573.6,84154.1,4448.893,373764972.7138
2025-02-28 21:00:00,84154.1,84560.0,83963.1,84211.9,2286.0,192542168.3863
2025-02-28 22:00:00,84211.9,84452.6,83844.1,84116.2,2455.941,206592286.6021
2025-02-28 23:00:00,84116.2,84542.1,83973.2,84307.6,1612.288,135848357.079
2025-03-01 00:00:00,84307.6,84610.8,83760.9,83811.8,2138.398,179946394.7304
2025-03-01 01:00:00,83811.8,84852.6,83808.8,84621.0,2534.342,213669565.2331
2025-03-01 02:00:00,84621.0,85664.0,84305.0,85231.4,6921.291,589299142.5232
2025-03-01 03:00:00,85231.4,85499.8,84925.0,85317.8,2476.886,210947800.0055
2025-03-01 04:00:00,85317.8,86533.3,85293.5,86176.0,8074.679,695566840.5406
2025-03-01 05:00:00,86176.0,86273.1,85542.0,85558.2,4268.887,366576711.751
2025-03-01 06:00:00,85558.2,85631.8,84782.4,85019.3,5398.66,459824323.6716
2025-03-01 07:00:00,85019.3,85019.4,84665.9,84683.4,2879.941,244385605.2991
2025-03-01 08:00:00,84683.4,85296.1,84683.4,85263.5,2423.242,206168264.7965
2025-03-01 09:00:00,85263.5,85474.4,85078.5,85346.0,2127.474,181483958.721
2025-03-01 10:00:00,85346.0,85398.0,84740.0,84848.0,2512.986,213646541.9967
2025-03-01 11:00:00,84848.0,84924.9,84335.6,84589.2,3292.677,278455753.3858
2025-03-01 12:00:00,84589.2,84908.2,84425.0,84714.9,1945.422,164667723.2326
2025-03-01 13:00:00,84714.9,84904.2,84280.0,84487.1,2962.923,250277111.9855
2025-03-01 14:00:00,84487.1,84815.0,84375.0,84667.4,1589.758,134477204.6868
2025-03-01 15:00:00,84667.4,84887.2,84502.5,84747.7,1368.616,115914711.3396
2025-03-01 16:00:00,84747.7,85245.9,84646.7,85234.0,2279.778,193706071.0421
2025-03-01 17:00:00,85234.0,85328.8,84903.1,85163.9,1424.711,121245938.4455
2025-03-01 18:00:00,85163.9,85292.1,85020.1,85278.3,943.706,80370904.3755
2025-03-01 19:00:00,85278.3,85582.6,85160.8,85440.1,1786.137,152400943.1752
2025-03-01 20:00:00,85440.1,85555.2,85285.9,85499.6,706.78,60382950.4529
2025-03-01 21:00:00,85499.6,86121.3,85245.5,86033.4,2005.752,171924337.1517
2025-03-01 22:00:00,86033.4,86240.5,85633.4,86085.1,2442.123,209927392.675
2025-03-01 23:00:00,86085.1,86174.0,85637.0,86024.4,1554.531,133470910.1827
2025-03-02 00:00:00,86024.4,86317.2,85764.2,85993.7,2059.609,177271733.583
2025-03-02 01:00:00,85993.7,86327.4,85933.7,86311.3,1630.178,140450927.7313
2025-03-02 02:00:00,86311.3,86459.0,85573.0,85747.9,2621.242,225395742.476
2025-03-02 03:00:00,85747.9,86186.7,85722.7,85830.9,1450.984,124648840.5451
2025-03-02 04:00:00,85830.9,85851.0,85486.9,85712.1,1808.9,154973577.3934
2025-03-02 05:00:00,85712.1,86016.6,85634.5,85925.6,1226.624,105330767.721
2025-03-02 06:00:00,85925.6,86602.0,85887.7,86264.8,3144.402,271266907.7405
2025-03-02 07:00:00,86264.8,86341.0,86054.1,86213.7,1173.481,101178802.3835
2025-03-02 08:00:00,86213.7,86247.3,85661.6,85709.8,2633.549,226116954.3473
2025-03-02 09:00:00,85709.8,86062.3,85613.7,85842.4,2072.839,177990946.1917
2025-03-02 10:00:00,85842.4,85962.7,85731.0,85952.3,1013.064,86950944.636
2025-03-02 11:00:00,85952.3,86177.4,85906.4,86055.0,1129.731,97192012.6353
2025-03-02 12:00:00,86055.0,86064.4,85703.0,85941.7,1188.862,102056265.0276
2025-03-02 13:00:00,85941.7,85950.0,85414.5,85679.2,1778.565,152300703.6806
2025-03-02 14:00:00,85679.2,85873.8,85007.7,85083.1,5318.315,453686615.3623
2025-03-02 15:00:00,85083.1,88703.4,85048.0,87416.7,29108.2,2542918131.084
2025-03-02 16:00:00,87416.7,91979.4,87283.0,91199.2,34384.187,3097289279.2388
2025-03-02 17:00:00,91199.2,95058.7,90633.3,94103.9,31093.2,2894612556.8927
2025-03-02 18:00:00,94103.9,94430.5,92346.9,92805.8,15295.713,1426515823.5577
2025-03-02 19:00:00,92805.8,93576.0,92619.4,93517.4,3957.439,368824601.8908
2025-03-02 20:00:00,93517.4,94468.2,93507.0,94339.9,6226.659,584992276.7204
2025-03-02 21:00:00,94339.9,94428.6,93689.2,94304.1,3527.299,331678302.2898
2025-03-02 22:00:00,94304.1,94772.6,93911.0,94222.8,3099.025,292211945.7744
2025-03-02 23:00:00,94222.8,94851.9,93850.0,94259.7,5740.552,542136700.6045
2025-03-03 00:00:00,94259.7,94414.2,93300.0,93320.1,4668.471,437534048.9104
2025-03-03 01:00:00,93320.1,93427.4,92660.0,93066.5,4167.725,387546082.452
2025-03-03 02:00:00,93066.5,93446.3,92411.0,93281.1,4191.155,389515554.7885
2025-03-03 03:00:00,93281.1,93414.6,92450.1,92700.0,3576.699,331959207.1227
2025-03-03 04:00:00,92700.0,92932.0,92580.0,92849.5,1157.018,107311114.0328
2025-03-03 05:00:00,92849.5,93327.5,92814.5,93316.4,1864.418,173585335.9704
2025-03-03 06:00:00,93316.4,93316.4,91309.2,91623.9,8152.763,749862231.3518
2025-03-03 07:00:00,91623.9,92545.0,91150.3,92347.3,7353.352,675706152.1641
2025-03-03 08:00:00,92347.3,92379.9,91094.6,91457.0,5141.592,471921034.4048
2025-03-03 09:00:00,91457.0,92049.9,91174.0,91822.8,4357.993,399606750.5045
2025-03-03 10:00:00,91822.8,92591.9,91519.0,92520.9,3045.587,280520295.7092
2025-03-03 11:00:00,92520.9,92888.0,92375.3,92718.3,3009.706,278761618.3854
2025-03-03 12:00:00,92718.3,93228.9,92611.0,92984.0,5201.626,483539960.9245
2025-03-03 13:00:00,92984.0,93666.8,92838.7,93544.2,4468.964,416888719.4565
2025-03-03 14:00:00,93544.2,93697.0,89155.0,89270.3,25482.362,2326208955.8152
2025-03-03 15:00:00,89270.3,91300.0,89130.0,90048.6,19433.198,1754747082.8261
2025-03-03 16:00:00,90048.6,90789.5,89711.5,90156.1,8109.341,731474226.9273
2025-03-03 17:00:00,90156.1,91037.5,89911.0,90304.6,4504.311,407387623.6611
2025-03-03 18:00:00,90304.6,90457.2,86661.8,87120.2,30867.198,2718611979.2352
2025-03-03 19:00:00,87120.2,87700.0,85456.8,85532.1,20935.945,1812266234.9384
2025-03-03 20:00:00,85532.1,86380.8,85128.5,86033.2,15619.944,1339363753.1543
2025-03-03 21:00:00,86033.2,86536.7,85023.4,85309.3,7045.781,605439392.928
2025-03-03 22:00:00,85309.3,86983.4,85235.3,86583.0,5700.388,491667085.1263
2025-03-03 23:00:00,86583.0,86740.0,85937.9,86165.3,3754.87,324037970.6702
2025-03-04 00:00:00,86165.3,86761.1,85810.5,85992.8,4022.102,346788414.3355
2025-03-04 01:00:00,85992.8,86142.9,82512.9,83333.2,20655.094,1733947685.2381
2025-03-04 02:00:00,83333.2,84350.0,82378.7,83867.7,14005.163,1166119310.2082
2025-03-04 03:00:00,83867.7,84404.7,83563.8,83939.9,5452.058,458004852.4471
2025-03-04 04:00:00,83939.9,84014.0,83278.4,83379.6,3901.571,326465853.0974
2025-03-04 05:00:00,83379.6,84569.1,83309.3,84239.8,6339.267,532349283.2082
2025-03-04 06:00:00,84239.8,84369.8,83533.3,83820.1,2939.16,246663258.889
2025-03-04 07:00:00,83820.1,83967.7,83086.3,83138.6,3649.666,304582549.3294
2025-03-04 08:00:00,83138.6,83899.9,82968.0,83857.7,4472.322,373299591.2619
2025-03-04 09:00:00,83857.7,84150.0,83590.6,83706.7,2276.748,190979588.0534
2025-03-04 10:00:00,83706.7,84034.6,83450.0,83935.7,2334.697,195504236.2916
2025-03-04 11:00:00,83935.7,84350.0,83653.0,83900.0,2735.714,229726704.8362
2025-03-04 12:00:00,83900.0,83941.0,83214.2,83729.5,3570.988,298495831.854
2025-03-04 13:00:00,83729.5,83729.5,82267.1,82775.5,10219.118,847512517.9896
2025-03-04 14:00:00,82775.5,84975.9,82023.3,83162.7,26699.42,2235846508.6664
2025-03-04 15:00:00,83162.7,83342.0,81413.7,82950.0,20034.164,1652483727.4569
2025-03-04 16:00:00,82950.0,83781.0,81970.6,83508.4,10066.633,833352083.0771
2025-03-04 17:00:00,83508.4,85490.0,83365.5,85409.9,12362.164,1046264012.1767
2025-03-04 18:00:00,85409.9,86900.0,85152.0,86729.2,11640.468,999176301.1573
2025-03-04 19:00:00,86729.2,88515.6,86500.9,88183.9,14592.086,1280953443.5856
2025-03-04 20:00:00,88183.9,88830.5,86648.1,86841.8,10708.129,941032803.9238
2025-03-04 21:00:00,86841.8,88946.0,86561.1,87520.0,12097.759,1062328387.1732
2025-03-04 22:00:00,87520.0,87939.8,87396.6,87471.7,2632.805,230811609.3836
2025-03-04 23:00:00,87471.7,87733.0,87087.0,87260.1,1988.437,173737626.8643
2025-03-05 00:00:00,87260.1,87273.2,86350.8,86785.7,3541.393,307404937.3717
2025-03-05 01:00:00,86785.7,87789.0,86580.4,87609.5,3487.327,304221512.7465
2025-03-05 02:00:00,87609.5,87886.0,87023.9,87450.7,3171.773,277355977.7375
2025-03-05 03:00:00,87450.7,87874.9,86749.5,86829.0,2843.228,248516236.1879
2025-03-05 04:00:00,86829.0,87377.0,86706.1,86908.3,2565.538,223236238.172
2025-03-05 05:00:00,86908.3,87234.0,86832.0,87122.7,1113.274,96876861.5507
2025-03-05 06:00:00,87122.7,87549.8,86975.5,87450.4,1395.106,121760923.5671
2025-03-05 07:00:00,87450.4,87709.8,87323.0,87579.7,1505.897,131778682.5766
2025-03-05 08:00:00,87579.7,87899.9,87562.3,87724.8,1427.629,125241921.2482
2025-03-05 09:00:00,87724.8,88777.0,87640.0,88426.4,4326.137,382160299.05
2025-03-05 10:00:00,88426.4,90622.8,88330.0,89882.7,10319.695,925897893.8478
2025-03-05 11:00:00,89882.7,90100.0,89518.1,89776.5,4358.072,391364941.943
2025-03-05 12:00:00,89776.5,90930.0,89776.5,90320.5,8115.542,733851798.5227
2025-03-05 13:00:00,90320.5,90562.9,89111.0,89444.5,9069.698,813953475.4088
2025-03-05 14:00:00,89444.5,89840.8,88107.7,88508.8,13070.515,1163884173.1903
2025-03-05 15:00:00,88508.8,89574.1,87843.3,88306.1,11449.11,1014437872.8287
2025-03-05 16:00:00,88306.1,89257.2,87553.2,88888.0,8204.392,723384653.4007
2025-03-05 17:00:00,88888.0,90444.0,88743.6,89664.4,9186.316,823329329.6045
2025-03-05 18:00:00,89664.4,89924.1,88852.0,89674.3,6367.494,568691652.3102
2025-03-05 19:00:00,89674.3,90116.0,89430.0,89716.5,3297.52,296137385.7567
2025-03-05 20:00:00,89716.5,90528.8,89631.6,90450.0,3551.561,320016097.3753
2025-03-05 21:00:00,90450.0,90645.6,89873.3,90313.8,3079.772,277726435.3273
2025-03-05 22:00:00,90313.8,90510.8,89966.6,90400.2,1544.829,139354843.729
2025-03-05 23:00:00,90400.2,90975.0,90260.5,90567.8,2607.682,236343781.1517
2025-03-06 00:00:00,90567.8,90779.2,89961.3,90027.0,3093.7,279356050.7926
2025-03-06 01:00:00,90027.0,91890.0,90017.0,91004.1,6223.585,566725104.0166
2025-03-06 02:00:00,91004.1,91987.9,90949.1,91782.0,5472.361,500530400.3952
2025-03-06 03:00:00,91782.0,91999.9,91360.0,91573.8,2373.121,217398473.7812
2025-03-06 04:00:00,91573.8,92419.3,91482.2,92252.0,4047.393,372508640.3106
2025-03-06 05:00:00,92252.0,92781.6,92073.5,92690.9,3629.521,335637228.6563
2025-03-06 06:00:00,92690.9,92731.7,91760.0,91895.3,4376.098,403189404.5537
2025-03-06 07:00:00,91895.3,91980.1,91236.1,91324.6,2858.773,261777239.4782
2025-03-06 08:00:00,91324.6,91572.8,91072.6,91129.7,2892.461,264190452.9348
2025-03-06 09:00:00,91129.7,91159.3,90592.9,90720.2,3753.203,340956972.1665
2025-03-06 10:00:00,90720.2,91642.0,90570.4,91248.3,4464.159,407284352.1535
2025-03-06 11:00:00,91248.3,91557.7,90952.0,91298.6,2882.755,263039088.9923
2025-03-06 12:00:00,91298.6,91352.0,89748.0,90054.2,6785.313,613451854.8608
2025-03-06 13:00:00,90054.2,90433.1,89433.2,89522.1,6520.299,587135428.8879
2025-03-06 14:00:00,89522.1,90376.7,89065.3,89771.7,10424.21,934403062.3891
2025-03-06 15:00:00,89771.7,91427.2,89581.8,90779.9,10130.153,919502417.7979
2025-03-06 16:00:00,90779.9,91020.0,89176.1,89283.9,6859.655,618443328.3413
2025-03-06 17:00:00,89283.9,89309.8,87933.8,88592.0,10819.548,958499214.1853
2025-03-06 18:00:00,88592.0,88921.6,88100.0,88386.2,4416.72,391118655.585
2025-03-06 19:00:00,88386.2,89381.8,87800.1,88495.2,5706.251,505348938.0303
2025-03-06 20:00:00,88495.2,89337.8,88435.2,88999.6,4223.332,375620189.2684
2025-03-06 21:00:00,88999.6,89890.2,88903.7,89890.2,4275.214,382298681.5636
2025-03-06 22:00:00,89890.2,90756.2,89434.2,90251.2,10551.68,952143203.0804
2025-03-06 23:00:00,90251.2,90530.2,89864.0,89899.6,2887.632,260432705.4842
2025-03-07 00:00:00,89899.6,91279.5,84594.7,85485.4,36801.833,3215788549.1718
2025-03-07 01:00:00,85485.4,88888.0,85148.3,88212.6,18733.206,1633045306.7761
2025-03-07 02:00:00,88212.6,88428.0,87183.6,87203.8,6826.037,598961292.9094
2025-03-07 03:00:00,87203.8,87657.8,86740.6,86952.3,4324.92,377084198.1496
2025-03-07 04:00:00,86952.3,87843.9,86806.9,87591.8,3107.323,271662146.9022
2025-03-07 05:00:00,87591.8,88412.3,87542.2,88191.4,3337.769,294047381.7273
2025-03-07 06:00:00,88191.4,88325.7,87760.5,88185.9,2846.446,250671624.8372
2025-03-07 07:00:00,88185.9,88595.9,88070.3,88324.2,2989.902,264100372.23
2025-03-07 08:00:00,88324.2,88470.6,87957.4,88325.0,2160.229,190463191.9335
2025-03-07 09:00:00,88325.0,89678.3,88316.7,88899.9,5423.437,482748192.5905
2025-03-07 10:00:00,88899.9,89250.0,88708.7,89218.5,2205.028,196254469.4734
2025-03-07 11:00:00,89218.5,89417.0,88720.5,88946.6,2705.656,240952222.3482
2025-03-07 12:00:00,88946.6,89292.7,88272.7,89040.0,5545.47,492512081.4929
2025-03-07 13:00:00,89040.0,90350.7,88961.5,89138.9,15128.213,1356990285.8247
2025-03-07 14:00:00,89138.9,91119.0,88617.5,90445.4,16010.686,1440210311.1508
2025-03-07 15:00:00,90445.4,90795.7,87973.6,88439.9,19934.903,1774970980.9672
2025-03-07 16:00:00,88439.9,88963.0,86598.2,87232.2,14507.09,1271304922.5729
2025-03-07 17:00:00,87232.2,88621.0,86530.4,87673.6,12598.504,1102366103.7038
2025-03-07 18:00:00,87673.6,89043.7,87482.7,88573.0,8979.731,792213559.4933
2025-03-07 19:00:00,88573.0,88893.7,87284.7,87792.8,7305.119,643430087.3098
2025-03-07 20:00:00,87792.8,88500.0,86487.7,86965.2,12962.595,1134089368.871
2025-03-07 21:00:00,86965.2,87359.0,85453.4,86273.2,18261.353,1576588381.3144
2025-03-07 22:00:00,86273.2,86821.7,85575.0,86717.4,5777.136,497710006.3288
2025-03-07 23:00:00,86717.4,86800.3,85922.8,86758.5,3924.182,339030705.4769
2025-03-08 00:00:00,86758.5,86886.3,86501.0,86694.9,1811.305,157001299.5971
2025-03-08 01:00:00,86694.9,86756.9,85185.9,86068.7,5754.414,493496042.3013
2025-03-08 02:00:00,86068.7,86300.0,85908.1,86142.6,1936.258,166729967.5107
2025-03-08 03:00:00,86142.6,86147.5,85410.0,85869.9,1992.071,170915928.6432
2025-03-08 04:00:00,85869.9,86466.7,85617.7,86408.3,2084.788,179614739.6015
2025-03-08 05:00:00,86408.3,86420.4,85969.6,86237.4,1274.056,109779972.7993
2025-03-08 06:00:00,86237.4,86620.0,86230.0,86435.6,1952.496,168768098.7249
2025-03-08 07:00:00,86435.6,86499.6,86076.9,86165.6,1105.914,95444018.5485
2025-03-08 08:00:00,86165.6,86296.5,86002.3,86030.1,1271.992,109540592.7241
2025-03-08 09:00:00,86030.1,86427.2,85787.8,85911.8,1913.452,164801732.0894
2025-03-08 10:00:00,85911.8,86241.0,85911.7,86084.9,1138.544,98013398.531
2025-03-08 11:00:00,86084.9,86089.8,85719.0,85923.9,1670.187,143398443.8156
2025-03-08 12:00:00,85923.9,86379.0,85775.0,86163.8,1899.921,163609233.1013
2025-03-08 13:00:00,86163.8,86485.0,86077.0,86272.6,1562.537,134833617.2387
2025-03-08 14:00:00,86272.6,86602.7,86159.1,86324.9,1758.826,151905158.1391
2025-03-08 15:00:00,86324.9,86573.1,86170.1,86363.9,901.436,77858572.228
2025-03-08 16:00:00,86363.9,86421.6,85777.0,86105.7,2751.567,236716101.3975
2025-03-08 17:00:00,86105.7,86116.8,85615.3,85896.7,2298.258,197323937.6489
2025-03-08 18:00:00,85896.7,86040.7,85824.9,86004.4,606.251,52122757.7288
2025-03-08 19:00:00,86004.4,86491.0,85750.0,86189.9,1798.392,154988016.9045
2025-03-08 20:00:00,86189.9,86330.9,86132.8,86245.3,493.227,42540213.8605
2025-03-08 21:00:00,86245.3,86475.0,86157.0,86195.0,727.219,62774244.9974
2025-03-08 22:00:00,86195.0,86340.6,85813.3,86311.4,1662.022,142990247.0878
2025-03-08 23:00:00,86311.4,86368.3,86026.2,86187.2,1386.795,119555449.4317
2025-03-09 00:00:00,86187.2,86434.3,86080.6,86392.6,837.407,72275939.1995
2025-03-09 01:00:00,86392.6,86485.0,86053.0,86155.8,919.544,79345396.7325
2025-03-09 02:00:00,86155.8,86239.0,85955.9,85962.3,841.564,72463197.6959
2025-03-09 03:00:00,85962.3,86180.6,85910.0,86080.0,802.416,69046389.7006
2025-03-09 04:00:00,86080.0,86096.0,85891.2,86023.4,669.443,57565551.5412
2025-03-09 05:00:00,86023.4,86119.8,85936.0,85992.4,554.612,47709522.7665
2025-03-09 06:00:00,85992.4,86000.7,85760.0,85865.1,1310.646,112561196.5652
2025-03-09 07:00:00,85865.1,86142.5,85792.0,85971.6,1164.215,100105660.6285
2025-03-09 08:00:00,85971.6,86066.8,85725.0,85750.9,812.149,69751375.3179
2025-03-09 09:00:00,85750.9,85846.0,85338.9,85533.6,3149.763,269632828.5663
2025-03-09 10:00:00,85533.6,85589.4,84637.9,84810.9,7599.092,646607651.0874
2025-03-09 11:00:00,84810.9,85050.0,84584.3,84954.3,4410.91,374240028.2703
2025-03-09 12:00:00,84954.3,84997.7,84156.6,84558.6,6640.872,560981412.2503
2025-03-09 13:00:00,84558.6,84650.0,83415.0,83422.1,6464.096,543241743.7158
2025-03-09 14:00:00,83422.1,83772.9,82940.0,83558.3,8500.651,708766845.3793
2025-03-09 15:00:00,83558.3,83726.9,82700.0,83037.3,6274.501,522023117.5497
2025-03-09 16:00:00,83037.3,83723.7,82258.2,82436.6,9165.237,759654722.5111
2025-03-09 17:00:00,82436.6,82905.3,82151.4,82319.9,6549.37,539983869.1259
2025-03-09 18:00:00,82319.9,83290.0,82220.0,82608.1,6789.708,562120137.1233
2025-03-09 19:00:00,82608.1,82888.0,82245.9,82545.7,6117.946,504994009.1571
2025-03-09 20:00:00,82545.7,83461.2,82512.8,82975.0,4167.608,346159207.1426
2025-03-09 21:00:00,82975.0,82979.8,81444.9,81774.2,8287.756,680545717.9521
2025-03-09 22:00:00,81774.2,81989.1,80125.0,80314.9,10113.291,819525699.5164
2025-03-09 23:00:00,80314.9,80988.2,79913.4,80692.3,9310.065,749047561.1148
2025-03-10 00:00:00,80692.3,81434.0,79947.0,81214.9,10099.613,815160894.5179
2025-03-10 01:00:00,81214.9,81820.2,80731.2,81691.9,5672.95,461874366.0386
2025-03-10 02:00:00,81691.9,82675.0,81453.7,82150.0,6770.603,556402186.9896
2025-03-10 03:00:00,82150.0,82295.0,81750.0,81994.3,3522.24,288930448.5085
2025-03-10 04:00:00,81994.3,82600.0,81951.5,82576.4,2223.043,183076273.5064
2025-03-10 05:00:00,82576.4,82739.3,82077.7,82272.7,2124.853,175141199.4138
2025-03-10 06:00:00,82272.7,82377.5,81923.3,82291.8,1738.26,142791810.7987
2025-03-10 07:00:00,82291.8,82654.8,81998.2,82272.0,2503.85,205965388.1117
2025-03-10 08:00:00,82272.0,82344.7,81085.4,81301.6,6349.449,518159621.9128
2025-03-10 09:00:00,81301.6,84050.0,81280.1,82449.5,16836.432,1395471276.1368
2025-03-10 10:00:00,82449.5,82633.9,81560.0,82229.2,7331.826,601907140.4741
2025-03-10 11:00:00,82229.2,83777.7,82007.4,83541.9,8174.162,678184469.7245
2025-03-10 12:00:00,83541.9,83743.8,82593.0,83212.4,8978.367,746738508.2305
2025-03-10 13:00:00,83212.4,83280.0,81366.6,81488.0,11887.25,977806375.3946
2025-03-10 14:00:00,81488.0,81488.0,79120.0,79795.9,27509.673,2201845562.1131
2025-03-10 15:00:00,79795.9,81072.3,79513.6,80011.0,12436.519,998413118.4882
2025-03-10 16:00:00,80011.0,80212.0,78926.6,78958.1,8632.009,685953742.0216
2025-03-10 17:00:00,78958.1,79272.0,78105.0,78399.0,15282.903,1202135003.8521
2025-03-10 18:00:00,78399.0,79105.7,77444.0,77614.7,12334.172,965005300.5036
2025-03-10 19:00:00,77614.7,79480.1,77403.1,79019.5,12454.142,977865518.4301
2025-03-10 20:00:00,79019.5,79713.9,78358.1,79260.1,6921.403,547030151.9577
2025-03-10 21:00:00,79260.1,79860.6,78906.0,79530.9,5147.198,408839138.1583
2025-03-10 22:00:00,79530.9,79815.7,79152.0,79467.9,2832.974,224967348.8629
2025-03-10 23:00:00,79467.9,79677.7,78452.0,78563.2,3872.283,306124468.321
2025-03-11 00:00:00,78563.2,79209.4,76545.0,77612.9,14628.839,1132657526.52
2025-03-11 01:00:00,77612.9,79096.2,76750.0,79078.8,10189.121,794180444.0835
2025-03-11 02:00:00,79078.8,79599.9,78879.8,79312.1,5456.144,432333969.8577
2025-03-11 03:00:00,79312.1,79936.7,79230.2,79486.6,3081.257,245175833.5804
2025-03-11 04:00:00,79486.6,80212.4,79406.1,79708.0,4709.872,376244630.2261
2025-03-11 05:00:00,79708.0,80466.0,79664.8,80215.2,3781.258,302956449.3734
2025-03-11 06:00:00,80215.2,80496.0,80069.0,80070.3,2921.895,234631485.1316
2025-03-11 07:00:00,80070.3,80579.4,80053.7,80391.6,2880.067,231422556.2015
2025-03-11 08:00:00,80391.6,81497.0,80282.8,81069.8,7838.464,634835737.631
2025-03-11 09:00:00,81069.8,81850.0,81067.8,81413.1,4857.833,395873363.2733
2025-03-11 10:00:00,81413.1,81849.3,81230.9,81772.6,4281.891,349389599.6429
2025-03-11 11:00:00,81772.6,82081.9,81360.8,81685.3,4050.884,331183975.5184
2025-03-11 12:00:00,81685.3,81881.8,81023.8,81204.1,6054.213,492974384.4278
2025-03-11 13:00:00,81204.1,82257.4,80500.0,80848.0,17782.892,1444894790.2988
2025-03-11 14:00:00,80848.0,81353.8,79000.0,79743.8,27884.228,2235403145.8088
2025-03-11 15:00:00,79743.8,81636.9,79623.0,81180.4,14408.03,1166134178.8236
2025-03-11 16:00:00,81180.4,81863.0,80609.4,81360.1,8920.143,725129609.3573
2025-03-11 17:00:00,81360.1,81696.6,80732.9,81260.8,7187.85,583661970.9927
2025-03-11 18:00:00,81260.8,83449.4,81244.8,83251.8,12840.518,1060542462.0188
2025-03-11 19:00:00,83251.8,83622.9,82838.1,83082.7,7772.918,646690379.5182
2025-03-11 20:00:00,83082.7,83156.7,82572.4,82772.0,3758.047,311338731.7452
2025-03-11 21:00:00,82772.0,83230.5,82769.5,83072.8,2039.593,169419666.4382
2025-03-11 22:00:00,83072.8,83273.8,82935.8,83100.1,1430.013,118843910.5657
2025-03-11 23:00:00,83100.1,83156.6,82518.8,82889.2,2352.577,194658994.5281
2025-03-12 00:00:00,82889.2,83096.0,82564.8,82723.4,2057.976,170387200.1547
2025-03-12 01:00:00,82723.4,83738.0,82707.5,83270.6,3762.877,313382735.6269
2025-03-12 02:00:00,83270.6,83285.9,82206.1,82402.1,5713.579,472445835.2198
2025-03-12 03:00:00,82402.1,82557.6,82076.1,82098.2,2699.229,222191169.8625
2025-03-12 04:00:00,82098.2,82148.4,81597.8,81775.8,3504.43,286807810.128
2025-03-12 05:00:00,81775.8,81995.0,81574.0,81938.7,2344.251,191741898.3725
2025-03-12 06:00:00,81938.7,81938.8,81245.1,81382.2,2882.353,235057664.9591
2025-03-12 07:00:00,81382.2,82538.2,81286.0,82423.7,7844.023,642576526.8363
2025-03-12 08:00:00,82423.7,82855.0,82032.4,82671.0,7799.051,643415152.6968
2025-03-12 09:00:00,82671.0,82920.8,82225.0,82660.2,4093.113,337723971.4819
2025-03-12 10:00:00,82660.2,82755.7,82096.9,82480.0,3162.133,260423672.2841
2025-03-12 11:00:00,82480.0,83082.1,82419.3,82989.9,3450.009,285635506.4697
2025-03-12 12:00:00,82989.9,84489.8,82852.5,84026.6,19247.199,1612958753.5014
2025-03-12 13:00:00,84026.6,84177.0,82315.8,82662.7,13076.401,1088898095.1704
2025-03-12 14:00:00,82662.7,82891.3,81474.0,81475.0,13514.962,1109618123.3833
2025-03-12 15:00:00,81475.0,81931.7,80534.6,81646.6,17590.395,1428250970.4544
2025-03-12 16:00:00,81646.6,82225.0,81528.3,81904.8,8213.701,672672155.2491
2025-03-12 17:00:00,81904.8,82837.1,81732.2,81807.9,6807.713,560534708.8961
2025-03-12 18:00:00,81807.9,82769.0,81681.6,82593.6,5019.04,413393080.4381
2025-03-12 19:00:00,82593.6,83120.0,82445.2,82868.8,4840.758,400707942.8994
2025-03-12 20:00:00,82868.8,83150.9,82652.0,83084.2,1673.827,138843676.9142
2025-03-12 21:00:00,83084.2,83296.7,82815.3,83061.5,2034.703,169099733.8041
2025-03-12 22:00:00,83061.5,83660.0,83052.9,83610.4,2628.919,219321990.248
2025-03-12 23:00:00,83610.4,83862.1,83372.5,83649.9,2784.85,232821003.7924
2025-03-13 00:00:00,83649.9,83990.0,83414.3,83426.7,3282.674,274861607.6085
2025-03-13 01:00:00,83426.7,84232.4,83282.0,83889.9,3211.876,269095427.687
2025-03-13 02:00:00,83889.9,84343.2,83743.4,83768.1,2455.809,206294385.64
2025-03-13 03:00:00,83768.1,84172.0,83514.9,83550.0,2296.996,192406529.9354
2025-03-13 04:00:00,83550.0,83677.9,83183.2,83257.5,2783.098,232091501.9406
2025-03-13 05:00:00,83257.5,83500.0,83036.5,83125.6,2012.093,167475670.4111
2025-03-13 06:00:00,83125.6,83296.4,82811.1,83250.0,2260.569,187733516.9925
2025-03-13 07:00:00,83250.0,83530.0,83089.6,83128.2,2749.485,229099264.4799
2025-03-13 08:00:00,83128.2,83227.4,82357.7,82926.4,4894.524,404970113.3434
2025-03-13 09:00:00,82926.4,83485.5,82920.9,83388.3,3529.797,293825386.7779
2025-03-13 10:00:00,83388.3,83459.2,82949.5,83133.8,2558.397,212768008.4358
2025-03-13 11:00:00,83133.8,83180.3,82650.1,82924.3,2508.205,207843789.9549
2025-03-13 12:00:00,82924.3,83838.0,82233.5,82486.5,9794.573,812596462.096
2025-03-13 13:00:00,82486.5,83091.3,81562.5,81742.8,8766.836,722257821.8774
2025-03-13 14:00:00,81742.8,82453.7,81508.0,81965.4,8949.062,733773025.1599
2025-03-13 15:00:00,81965.4,82150.5,80905.2,80999.9,9494.431,772785869.5092
2025-03-13 16:00:00,80999.9,81200.0,80590.1,80821.9,7387.423,597614804.3036
2025-03-13 17:00:00,80821.9,80840.9,79888.0,80020.0,10022.91,804721902.647
2025-03-13 18:00:00,80020.0,80890.0,79950.0,80767.2,6490.275,523123669.664
2025-03-13 19:00:00,80767.2,80992.0,80090.7,80170.8,4825.745,388212033.0873
2025-03-13 20:00:00,80170.8,80678.1,80156.1,80326.1,3079.862,247732332.6353
2025-03-13 21:00:00,80326.1,80827.5,80235.4,80756.4,2385.05,192162640.3215
2025-03-13 22:00:00,80756.4,81338.2,80667.7,81330.1,2865.329,232098089.9378
2025-03-13 23:00:00,81330.1,81428.2,80986.0,81072.3,2241.354,181985841.3623
2025-03-14 00:00:00,81072.3,81628.2,80766.6,81435.5,3431.197,278635963.4217
2025-03-14 01:00:00,81435.5,81832.5,81150.3,81545.6,2700.329,220156622.2351
2025-03-14 02:00:00,81545.6,82218.4,81531.0,82177.2,3552.054,290886723.9156
2025-03-14 03:00:00,82177.2,82213.1,81700.1,81854.0,2434.838,199472303.8578
2025-03-14 04:00:00,81854.0,82001.5,81805.0,81910.4,1226.694,100481551.5064
2025-03-14 05:00:00,81910.4,82186.0,81787.5,82112.3,1264.446,103631927.9859
2025-03-14 06:00:00,82112.3,82150.0,81743.3,82002.0,2085.257,170815446.0055
2025-03-14 07:00:00,82002.0,82422.0,81859.7,82141.6,2562.738,210625623.8692
2025-03-14 08:00:00,82141.6,82600.0,82139.4,82553.6,2532.93,208731302.3388
2025-03-14 09:00:00,82553.6,82899.9,82527.2,82740.0,3135.168,259412165.4897
2025-03-14 10:00:00,82740.0,83251.1,82625.0,83011.0,3806.498,315851402.1554
2025-03-14 11:00:00,83011.0,83317.4,82925.6,83220.1,2818.174,234296487.423
2025-03-14 12:00:00,83220.1,83493.3,83009.0,83391.8,3664.658,305234348.239
2025-03-14 13:00:00,83391.8,83885.1,83001.8,83566.6,7775.54,649281541.0366
2025-03-14 14:00:00,83566.6,83572.1,82585.4,83499.9,12140.724,1008211327.2167
2025-03-14 15:00:00,83499.9,85299.9,83499.9,84714.7,17676.383,1495918666.2527
2025-03-14 16:00:00,84714.7,84943.1,83914.2,84770.0,9444.318,797901915.8502
2025-03-14 17:00:00,84770.0,84828.4,84163.0,84332.4,3940.248,332694303.1706
2025-03-14 18:00:00,84332.4,84699.4,84163.5,84530.6,3206.539,270778079.7055
2025-03-14 19:00:00,84530.6,84920.0,84430.1,84520.0,3498.106,296102625.1316
2025-03-14 20:00:00,84520.0,84527.4,83702.0,84110.8,4822.018,405495383.512
2025-03-14 21:00:00,84110.8,84285.0,83936.0,84178.3,1543.283,129832217.9497
2025-03-14 22:00:00,84178.3,84480.0,84071.3,84402.0,1993.541,168065290.389
2025-03-14 23:00:00,84402.0,84410.0,83920.0,83948.3,1556.159,130898080.8324
2025-03-15 00:00:00,83948.3,84310.0,83936.3,84259.4,1576.233,132632626.8936
2025-03-15 01:00:00,84259.4,84559.1,84081.4,84323.9,1675.83,141258269.2935
2025-03-15 02:00:00,84323.9,84611.8,84128.7,84509.3,1687.17,142321421.4989
2025-03-15 03:00:00,84509.3,84661.8,84388.4,84459.8,1685.82,142482739.1142
2025-03-15 04:00:00,84459.8,84545.0,84277.6,84435.8,1499.352,126531915.1702
2025-03-15 05:00:00,84435.8,84461.4,84233.3,84233.3,835.13,70431295.5515
2025-03-15 06:00:00,84233.3,84281.4,84144.4,84165.4,840.982,70809963.901
2025-03-15 07:00:00,84165.4,84180.9,83780.5,83811.9,2677.33,224820327.5603
2025-03-15 08:00:00,83811.9,84006.3,83591.8,83877.4,2339.033,196007002.7562
2025-03-15 09:00:00,83877.4,83942.8,83680.7,83935.6,1395.812,116988061.1109
2025-03-15 10:00:00,83935.6,83958.9,83625.0,83870.0,1444.806,121044175.2594
2025-03-15 11:00:00,83870.0,84144.2,83777.2,84055.1,1748.353,146863674.1016
2025-03-15 12:00:00,84055.1,84242.6,83972.3,84113.2,1908.943,160599614.5285
2025-03-15 13:00:00,84113.2,84429.8,84110.0,84404.7,1676.363,141338361.8315
2025-03-15 14:00:00,84404.7,84404.7,84068.3,84104.1,1384.969,116594820.4193
2025-03-15 15:00:00,84104.1,84362.4,84100.0,84299.5,890.252,75018465.6878
2025-03-15 16:00:00,84299.5,84457.2,84146.4,84318.3,919.402,77526809.7947
2025-03-15 17:00:00,84318.3,84456.6,84227.5,84393.4,945.047,79741644.8084
2025-03-15 18:00:00,84393.4,84446.3,84100.0,84189.2,1065.927,89795783.6993
2025-03-15 19:00:00,84189.2,84292.0,84061.1,84260.0,792.305,66688126.6115
2025-03-15 20:00:00,84260.0,84426.4,84259.9,84354.5,775.951,65466941.3441
2025-03-15 21:00:00,84354.5,84442.0,84200.9,84353.6,751.592,63385299.3606
2025-03-15 22:00:00,84353.6,84404.7,84278.2,84341.9,599.574,50572280.9566
2025-03-15 23:00:00,84341.9,84366.4,84234.9,84308.4,484.837,40869311.0487
2025-03-16 00:00:00,84308.4,84351.9,84183.5,84221.2,740.145,62357518.6065
2025-03-16 01:00:00,84221.2,84248.6,83806.0,83845.4,1971.231,165570807.8286
2025-03-16 02:00:00,83845.4,84107.3,83718.9,83928.7,1614.61,135467435.3675
2025-03-16 03:00:00,83928.7,84352.5,83854.0,84293.9,1495.702,125806085.0276
2025-03-16 04:00:00,84293.9,84380.0,84204.2,84360.1,979.901,82614618.8144
2025-03-16 05:00:00,84360.1,84370.8,84264.8,84353.5,448.04,37781925.0352
2025-03-16 06:00:00,84353.5,84360.0,84175.7,84180.0,574.783,48429942.2076
2025-03-16 07:00:00,84180.0,84328.2,83928.4,84235.8,1863.474,156795710.398
2025-03-16 08:00:00,84235.8,84295.5,84122.6,84216.5,784.772,66076364.3868
2025-03-16 09:00:00,84216.5,84228.2,83756.8,83859.6,2142.196,179794458.8202
2025-03-16 10:00:00,83859.6,84020.0,83614.2,83623.8,2559.022,214355211.3385
2025-03-16 11:00:00,83623.8,83667.2,82309.1,82346.6,11901.447,985414174.4142
2025-03-16 12:00:00,82346.6,82879.9,82338.0,82704.4,4885.559,403524130.6581
2025-03-16 13:00:00,82704.4,83081.0,82450.1,82550.1,4070.8,337013625.0828
2025-03-16 14:00:00,82550.1,83328.4,82529.1,83322.7,3399.875,281998437.4748
2025-03-16 15:00:00,83322.7,83466.4,82938.5,83273.5,2908.4,242002672.2154
2025-03-16 16:00:00,83273.5,85136.0,83245.6,83601.4,17187.674,1447492539.2626
2025-03-16 17:00:00,83601.4,84095.5,83444.0,83871.5,4170.918,349425221.65
2025-03-16 18:00:00,83871.5,84060.0,83591.3,83660.1,1971.454,165226032.8656
2025-03-16 19:00:00,83660.1,83700.0,82500.1,83066.1,6381.672,529911827.0778
2025-03-16 20:00:00,83066.1,83408.2,82851.9,83177.9,2410.606,200365675.4423
2025-03-16 21:00:00,83177.9,83183.5,82628.8,82728.2,1652.881,136910088.8403
2025-03-16 22:00:00,82728.2,82790.1,82029.9,82048.1,6212.921,511536457.0017
2025-03-16 23:00:00,82048.1,82592.0,81934.4,82528.5,3617.831,297732753.8074
2025-03-17 00:00:00,82528.5,83116.0,82470.4,83011.7,2933.124,242957749.6256
2025-03-17 01:00:00,83011.7,83375.0,82779.9,83197.7,2358.688,195925170.0011
2025-03-17 02:00:00,83197.7,83333.0,82930.4,83179.7,1479.516,123006777.1835
2025-03-17 03:00:00,83179.7,83696.8,83179.7,83630.2,2284.822,190757994.5491
2025-03-17 04:00:00,83630.2,83836.2,83480.3,83584.4,2339.218,195675520.5397
2025-03-17 05:00:00,83584.4,83584.4,83097.2,83097.2,2199.778,183206087.7711
2025-03-17 06:00:00,83097.2,83271.4,82642.9,83185.0,2991.002,248258897.3647
2025-03-17 07:00:00,83185.0,83600.0,83170.7,83519.1,2987.818,249106953.8209
2025-03-17 08:00:00,83519.1,83694.3,83159.1,83500.8,2411.422,201211441.0333
2025-03-17 09:00:00,83500.8,83749.3,83386.4,83619.7,2210.246,184735885.1094
2025-03-17 10:00:00,83619.7,83646.0,83214.1,83300.1,2163.188,180371606.7802
2025-03-17 11:00:00,83300.1,83662.9,83171.4,83473.9,2022.792,168847349.2185
2025-03-17 12:00:00,83473.9,83999.9,82924.6,83003.9,11120.773,927158142.7865
2025-03-17 13:00:00,83003.9,83698.0,82754.8,82971.2,7825.666,650584079.5006
2025-03-17 14:00:00,82971.2,83325.3,82400.7,82880.1,8885.046,735918164.139
2025-03-17 15:00:00,82880.1,83673.0,82666.6,83497.5,4655.528,387647586.2629
2025-03-17 16:00:00,83497.5,83841.5,83079.0,83408.7,4712.109,393356605.9535
2025-03-17 17:00:00,83408.7,84320.8,83315.9,84170.7,5064.276,425538096.3839
2025-03-17 18:00:00,84170.7,84569.4,83951.6,84468.2,4088.279,344527825.9493
2025-03-17 19:00:00,84468.2,84728.5,84266.7,84433.4,3243.776,274041304.7756
2025-03-17 20:00:00,84433.4,84462.7,83787.1,83919.9,3187.817,267929676.3605
2025-03-17 21:00:00,83919.9,84222.7,83829.7,84026.7,1743.529,146461213.1572
2025-03-17 22:00:00,84026.7,84205.0,83946.7,84009.8,911.003,76595776.1348
2025-03-17 23:00:00,84009.8,84091.8,83686.2,83955.1,1485.737,124665326.7316
2025-03-18 00:00:00,83955.1,83975.1,83653.3,83748.0,1395.861,116961434.2535
2025-03-18 01:00:00,83748.0,83866.1,82949.2,83119.7,4508.126,375258104.2796
2025-03-18 02:00:00,83119.7,83500.0,83027.1,83324.3,2133.902,177768076.6962
2025-03-18 03:00:00,83324.3,83324.4,82905.8,83100.5,1648.825,137002536.5278
2025-03-18 04:00:00,83100.5,83170.8,82801.6,82953.2,1334.651,110764395.8649
2025-03-18 05:00:00,82953.2,83095.8,82869.9,82987.8,1506.93,125068966.5527
2025-03-18 06:00:00,82987.8,82992.2,82200.1,82403.1,4169.599,344153493.0185
2025-03-18 07:00:00,82403.1,83278.3,82309.5,83117.7,7568.49,627712976.3171
2025-03-18 08:00:00,83117.7,83421.3,83000.0,83246.2,2557.686,212850388.9309
2025-03-18 09:00:00,83246.2,83317.1,82750.0,82811.3,1979.838,164411790.4041
2025-03-18 10:00:00,82811.3,82912.2,82564.2,82783.8,2480.871,205215601.7067
2025-03-18 11:00:00,82783.8,82831.5,82471.5,82546.1,1662.864,137385897.2644
2025-03-18 12:00:00,82546.1,82786.1,82283.2,82357.0,3150.437,259937099.3205
2025-03-18 13:00:00,82357.0,82437.7,81125.8,81319.9,12265.752,1002030983.7297
2025-03-18 14:00:00,81319.9,81923.0,81093.6,81804.5,7841.125,638835147.7412
2025-03-18 15:00:00,81804.5,82160.9,81485.0,81556.0,4609.796,376976951.1981
2025-03-18 16:00:00,81556.0,82122.4,81491.2,81813.9,3365.094,275143859.4435
2025-03-18 17:00:00,81813.9,81952.7,81286.9,81424.8,3904.83,318525151.4966
2025-03-18 18:00:00,81424.8,81900.0,81175.3,81844.0,3209.676,261688353.6377
2025-03-18 19:00:00,81844.0,82427.2,81708.1,82263.2,3571.74,293099115.9348
2025-03-18 20:00:00,82263.2,82321.2,81828.0,82004.8,1803.426,147975549.9738
2025-03-18 21:00:00,82004.8,82150.0,81878.8,82008.0,1003.47,82299494.5408
2025-03-18 22:00:00,82008.0,82517.6,81945.5,82342.2,2049.572,168624941.9938
2025-03-18 23:00:00,82342.2,82782.7,82342.2,82675.7,2427.739,200583206.1672
2025-03-19 00:00:00,82675.7,83211.9,82561.2,83071.1,3570.348,296173862.7099
2025-03-19 01:00:00,83071.1,83134.8,82535.2,82554.2,3121.312,258527588.5885
2025-03-19 02:00:00,82554.2,82856.2,82475.5,82830.5,2104.213,173942137.8305
2025-03-19 03:00:00,82830.5,83044.6,82708.2,82997.8,1613.932,133785608.9192
2025-03-19 04:00:00,82997.8,83039.9,82752.7,82922.0,1065.972,88381156.3935
2025-03-19 05:00:00,82922.0,83288.3,82885.0,83205.0,2362.008,196316077.2843
2025-03-19 06:00:00,83205.0,83298.0,83072.0,83157.9,1312.665,109178367.375
2025-03-19 07:00:00,83157.9,83335.9,82997.7,83161.3,1635.421,136030315.4288
2025-03-19 08:00:00,83161.3,83478.9,83149.5,83373.6,2053.504,171152922.0779
2025-03-19 09:00:00,83373.6,83580.3,83318.7,83495.1,1793.7,149720561.2173
2025-03-19 10:00:00,83495.1,83795.8,83424.8,83438.4,3271.227,273479214.5119
2025-03-19 11:00:00,83438.4,84050.0,83344.0,83836.8,5127.793,429572977.2733
2025-03-19 12:00:00,83836.8,83888.7,83483.9,83714.4,2827.704,236557160.29
2025-03-19 13:00:00,83714.4,84308.9,83588.9,84057.4,7518.77,631671777.4013
2025-03-19 14:00:00,84057.4,84369.0,83833.0,84273.8,3849.869,323975248.4025
2025-03-19 15:00:00,84273.8,84850.0,84067.0,84694.6,5886.419,497300155.395
2025-03-19 16:00:00,84694.6,84798.0,84400.0,84542.9,3755.103,317572050.2378
2025-03-19 17:00:00,84542.9,84688.2,83730.6,84205.3,6266.102,527642732.3401
2025-03-19 18:00:00,84205.3,85846.3,83505.9,85571.7,22908.712,1939782229.8371
2025-03-19 19:00:00,85571.7,85927.6,84891.9,85406.0,10769.261,919646769.0602
2025-03-19 20:00:00,85406.0,85811.1,85161.0,85307.6,4192.342,358626053.5739
2025-03-19 21:00:00,85307.6,85888.0,85286.2,85589.8,3694.927,316390838.3793
2025-03-19 22:00:00,85589.8,86469.1,85589.8,86111.8,5315.176,457780958.7705
2025-03-19 23:00:00,86111.8,86970.0,86111.8,86792.3,6028.424,522051920.339
2025-03-20 00:00:00,86792.3,87400.0,85909.6,85991.1,9652.671,837413732.6204
2025-03-20 01:00:00,85991.1,86324.9,85696.5,85841.4,3601.286,309638441.6048
2025-03-20 02:00:00,85841.4,86081.8,85584.0,86024.0,2427.177,208300414.574
2025-03-20 03:00:00,86024.0,86087.3,85790.9,85854.6,1177.934,101195055.8769
2025-03-20 04:00:00,85854.6,85904.9,85366.0,85637.3,2613.526,223735548.7857
2025-03-20 05:00:00,85637.3,85810.4,85433.8,85793.1,1602.84,137219010.9502
2025-03-20 06:00:00,85793.1,85963.6,85595.7,85722.1,1969.707,168982531.7078
2025-03-20 07:00:00,85722.1,85937.2,85663.8,85780.7,1335.438,114598148.1279
2025-03-20 08:00:00,85780.7,86291.7,85675.8,86200.1,3093.172,266132774.192
2025-03-20 09:00:00,86200.1,86250.2,85756.6,85840.1,1802.419,155006773.4458
2025-03-20 10:00:00,85840.1,85911.0,84746.4,85124.0,8703.444,741398233.1915
2025-03-20 11:00:00,85124.0,85493.0,85118.4,85450.2,2773.702,236667831.9444
2025-03-20 12:00:00,85450.2,85537.6,85138.2,85296.7,2560.677,218465939.678
2025-03-20 13:00:00,85296.7,85808.8,85028.7,85458.5,4622.68,394849536.6864
2025-03-20 14:00:00,85458.5,86488.0,85414.5,86139.9,10998.161,946846662.2402
2025-03-20 15:00:00,86139.9,86188.0,84510.4,84658.5,15172.319,1294001587.0386
2025-03-20 16:00:00,84658.5,84883.1,83605.8,83764.5,12553.452,1056689583.0502
2025-03-20 17:00:00,83764.5,84334.3,83688.0,84051.9,7964.964,669098307.836
2025-03-20 18:00:00,84051.9,84299.4,83900.0,84013.0,3361.485,282603251.4236
2025-03-20 19:00:00,84013.0,84387.0,83875.0,84129.2,2744.655,230975895.0351
2025-03-20 20:00:00,84129.2,84550.0,84094.9,84488.8,1689.7,142615602.6712
2025-03-20 21:00:00,84488.8,84550.0,84195.8,84325.5,2126.816,179472842.2317
2025-03-20 22:00:00,84325.5,84468.2,83939.1,84100.0,2394.279,201468396.2114
2025-03-20 23:00:00,84100.0,84307.7,83880.0,84168.9,2089.542,175711465.3503
2025-03-21 00:00:00,84168.9,84475.0,84118.2,84452.5,1801.174,151909469.4228
2025-03-21 01:00:00,84452.5,84749.9,84327.7,84735.6,2598.517,219714150.9117
2025-03-21 02:00:00,84735.6,84800.0,84469.9,84638.7,1828.942,154781617.9437
2025-03-21 03:00:00,84638.7,84686.0,84222.6,84402.9,1791.721,151170363.7691
2025-03-21 04:00:00,84402.9,84758.5,84402.8,84620.9,2197.745,186005580.7556
2025-03-21 05:00:00,84620.9,84627.0,84286.0,84420.3,1483.389,125229487.8553
2025-03-21 06:00:00,84420.3,84430.2,84000.0,84165.0,2541.953,213953111.5018
2025-03-21 07:00:00,84165.0,84228.1,83700.0,83897.9,2998.995,251620248.6605
2025-03-21 08:00:00,83897.9,84118.0,83684.6,83971.9,2931.983,245933543.9205
2025-03-21 09:00:00,83971.9,84313.5,83747.3,84099.9,3479.635,292630630.6118
2025-03-21 10:00:00,84099.9,84251.3,83841.7,84108.3,2092.016,175843617.7875
2025-03-21 11:00:00,84108.3,84124.9,83891.3,84001.3,1161.05,97535174.6446
2025-03-21 12:00:00,84001.3,84323.5,83333.0,83424.8,6088.032,510019052.0183
2025-03-21 13:00:00,83424.8,84065.2,83136.3,83898.8,9553.936,798630360.3241
2025-03-21 14:00:00,83898.8,84252.0,83453.0,84197.9,5331.014,447377426.2179
2025-03-21 15:00:00,84197.9,84240.0,83508.0,83524.7,3481.115,291630107.1096
2025-03-21 16:00:00,83524.7,84124.8,83311.3,84068.2,5295.688,443285291.1315
2025-03-21 17:00:00,84068.2,84112.3,83666.7,83981.0,2148.484,180320656.8819
2025-03-21 18:00:00,83981.0,84431.5,83865.1,84058.6,3158.225,265830470.1611
2025-03-21 19:00:00,84058.6,84165.6,83742.6,83921.0,2699.631,226595441.9057
2025-03-21 20:00:00,83921.0,84211.2,83771.8,84172.1,1288.238,108225334.8334
2025-03-21 21:00:00,84172.1,84567.3,84129.4,84358.2,2416.696,203887785.3178
2025-03-21 22:00:00,84358.2,84374.1,84062.9,84140.5,1149.144,96736851.2479
2025-03-21 23:00:00,84140.5,84189.8,84002.8,84054.6,802.91,67507262.6489
2025-03-22 00:00:00,84054.6,84215.1,84015.3,84147.3,1145.111,96310251.1414
2025-03-22 01:00:00,84147.3,84287.4,83950.8,84027.3,937.051,78802940.427
2025-03-22 02:00:00,84027.3,84200.0,83968.8,84142.5,646.956,54413954.3005
2025-03-22 03:00:00,84142.5,84260.0,84092.1,84214.1,520.155,43788629.0281
2025-03-22 04:00:00,84214.1,84350.0,84163.7,84321.4,691.177,58236526.686
2025-03-22 05:00:00,84321.4,84388.7,84209.2,84289.1,810.343,68314295.4918
2025-03-22 06:00:00,84289.1,84365.4,84120.9,84296.7,878.409,74001927.5664
2025-03-22 07:00:00,84296.7,84350.0,84180.7,84238.2,433.158,36502950.7799
2025-03-22 08:00:00,84238.2,84244.6,84078.8,84180.6,703.943,59251715.3781
2025-03-22 09:00:00,84180.6,84500.0,84180.6,84313.5,1500.804,126625407.2166
2025-03-22 10:00:00,84313.5,84398.5,84309.2,84367.0,531.89,44866471.5404
2025-03-22 11:00:00,84367.0,84375.5,84168.0,84193.9,990.424,83440482.8222
2025-03-22 12:00:00,84193.9,84259.0,84142.3,84184.7,603.821,50841500.802
2025-03-22 13:00:00,84184.7,84200.0,84000.0,84128.9,1016.511,85478610.0232
2025-03-22 14:00:00,84128.9,84171.7,83957.1,83966.7,937.757,78812616.0494
2025-03-22 15:00:00,83966.7,84090.0,83932.5,84067.1,1093.341,91838216.5009
2025-03-22 16:00:00,84067.1,84110.1,84017.6,84092.5,573.801,48238434.1259
2025-03-22 17:00:00,84092.5,84217.2,84073.6,84189.8,680.817,57289024.1389
2025-03-22 18:00:00,84189.8,84279.5,84151.0,84194.5,930.75,78382862.1965
2025-03-22 19:00:00,84194.5,84236.7,84119.2,84130.9,390.343,32855120.5837
2025-03-22 20:00:00,84130.9,84170.0,83904.0,83904.0,1120.587,94188328.422
2025-03-22 21:00:00,83904.0,84057.6,83801.1,83974.3,1347.361,113081629.3695
2025-03-22 22:00:00,83974.3,84023.9,83903.9,83910.1,693.243,58209526.054
2025-03-22 23:00:00,83910.1,83914.2,83616.0,83805.9,1726.64,144624188.8629
2025-03-23 00:00:00,83805.9,84000.0,83753.2,83958.1,1070.561,89830316.4408
2025-03-23 01:00:00,83958.1,84095.7,83931.3,84029.4,732.246,61532320.574
2025-03-23 02:00:00,84029.4,84257.5,83944.8,84196.5,980.068,82447466.3742
2025-03-23 03:00:00,84196.5,84203.9,84096.6,84198.6,542.945,45690381.7446
2025-03-23 04:00:00,84198.6,84198.6,84023.4,84070.0,561.3,47188822.216
2025-03-23 05:00:00,84070.0,84204.0,84054.2,84189.6,338.059,28438717.9929
2025-03-23 06:00:00,84189.6,84244.8,84146.1,84193.1,389.385,32786129.8436
2025-03-23 07:00:00,84193.1,84290.6,84159.5,84230.1,765.819,64514696.8487
2025-03-23 08:00:00,84230.1,84308.5,84218.4,84300.0,766.488,64595731.3178
2025-03-23 09:00:00,84300.0,84326.0,84272.5,84279.2,501.183,42249351.2119
2025-03-23 10:00:00,84279.2,84469.0,84265.6,84414.5,1039.388,87705464.3024
2025-03-23 11:00:00,84414.5,84990.0,84414.4,84632.8,5977.157,506506465.2095
2025-03-23 12:00:00,84632.8,84782.0,84526.4,84681.3,1306.699,110635108.1246
2025-03-23 13:00:00,84681.3,85076.2,84601.9,85030.0,2832.869,240472285.8613
2025-03-23 14:00:00,85030.0,85167.6,84801.7,84860.1,3158.152,268312022.7275
2025-03-23 15:00:00,84860.1,85230.5,84860.0,85141.5,2635.283,224213792.502
2025-03-23 16:00:00,85141.5,85400.0,84893.6,85211.0,3924.922,334333722.1379
2025-03-23 17:00:00,85211.0,85382.9,84838.7,84982.4,2614.753,222559435.6352
2025-03-23 18:00:00,84982.4,85008.1,84755.5,84939.9,1741.537,147822026.621
2025-03-23 19:00:00,84939.9,85052.1,84871.3,84971.5,675.539,57395474.8129
2025-03-23 20:00:00,84971.5,85235.3,84971.5,85053.4,1211.543,103135660.8485
2025-03-23 21:00:00,85053.4,85153.8,84880.0,85144.0,950.227,80753500.3609
2025-03-23 22:00:00,85144.0,85649.9,85123.0,85329.1,4468.376,381612510.8237
2025-03-23 23:00:00,85329.1,86088.0,85329.1,86037.8,3742.961,320867388.1479
2025-03-24 00:00:00,86037.8,86611.2,85818.1,85989.5,6805.845,586631105.717
2025-03-24 01:00:00,85989.5,86003.0,85492.5,85529.9,3474.13,297838416.8251
2025-03-24 02:00:00,85529.9,85907.5,85488.4,85830.5,2418.344,207322621.1261
2025-03-24 03:00:00,85830.5,86543.0,85823.2,86501.1,4503.967,388418150.3608
2025-03-24 04:00:00,86501.1,86917.6,86501.0,86806.3,5270.504,457047831.3795
2025-03-24 05:00:00,86806.3,87010.0,86779.5,86869.2,2808.772,244082331.1134
2025-03-24 06:00:00,86869.2,87269.0,86861.7,87090.7,4592.68,399773315.0922
2025-03-24 07:00:00,87090.7,87150.3,86718.1,86843.6,3059.489,265898382.8765
2025-03-24 08:00:00,86843.6,87487.9,86824.2,87369.4,4571.984,398976931.6232
2025-03-24 09:00:00,87369.4,87472.0,87083.1,87127.2,2840.554,247818306.4724
2025-03-24 10:00:00,87127.2,87888.0,87084.5,87740.0,5345.172,468029159.2586
2025-03-24 11:00:00,87740.0,87790.0,87481.3,87646.6,2555.733,223963017.0009
2025-03-24 12:00:00,87646.6,87671.5,87216.5,87299.9,5680.763,496551451.3206
2025-03-24 13:00:00,87299.9,87679.9,87109.2,87657.8,5071.935,443193833.1227
2025-03-24 14:00:00,87657.8,88740.0,87588.7,87933.0,16549.411,1459689121.5302
2025-03-24 15:00:00,87933.0,88326.5,87632.8,88283.9,4774.95,420126105.2118
2025-03-24 16:00:00,88283.9,88448.4,87636.3,88007.7,6608.544,581790786.6399
2025-03-24 17:00:00,88007.7,88426.8,87894.4,88414.6,3764.268,332122202.7384
2025-03-24 18:00:00,88414.6,88496.1,88072.8,88400.0,2815.973,248741391.4809
2025-03-24 19:00:00,88400.0,88448.8,87920.6,88165.2,3609.697,318331395.6615
2025-03-24 20:00:00,88165.2,88441.1,87759.1,87785.9,2957.554,260499642.8055
2025-03-24 21:00:00,87785.9,88230.4,87766.7,88067.2,1852.336,162990323.2343
2025-03-24 22:00:00,88067.2,88146.9,87283.7,87419.4,4126.465,361381137.6287
2025-03-24 23:00:00,87419.4,87489.7,86963.8,87459.9,3540.0,308850503.5873
2025-03-25 00:00:00,87459.9,87646.3,87209.0,87565.3,2516.882,220136885.0472
2025-03-25 01:00:00,87565.3,87565.3,86763.1,87053.9,4099.079,356950234.0819
2025-03-25 02:00:00,87053.9,87058.1,86776.8,86819.6,1390.246,120847279.014
2025-03-25 03:00:00,86819.6,86954.7,86288.0,86468.5,5020.05,434568895.3171
2025-03-25 04:00:00,86468.5,86619.6,86261.0,86497.8,2453.124,212054797.8369
2025-03-25 05:00:00,86497.8,86724.0,86342.0,86594.0,2287.217,198001121.1056
2025-03-25 06:00:00,86594.0,86832.3,86471.1,86502.0,2114.574,183194304.9654
2025-03-25 07:00:00,86502.0,86765.0,86302.0,86408.9,2687.684,232497894.1779
2025-03-25 08:00:00,86408.9,86720.0,86360.9,86662.2,1455.772,126015201.2689
2025-03-25 09:00:00,86662.2,87310.9,86592.2,87181.6,4710.714,409930407.8919
2025-03-25 10:00:00,87181.6,87244.0,86906.6,87084.8,2044.357,177990406.064
2025-03-25 11:00:00,87084.8,87479.5,87015.0,87333.4,3696.185,322758433.0037
2025-03-25 12:00:00,87333.4,87406.8,86872.8,87056.9,3041.322,264964653.05
2025-03-25 13:00:00,87056.9,87964.9,87011.0,87571.1,8895.934,778456293.1267
2025-03-25 14:00:00,87571.1,88178.8,87301.8,87951.3,7641.565,670703566.5737
2025-03-25 15:00:00,87951.3,88200.0,87666.0,87731.2,4912.261,431720745.6102
2025-03-25 16:00:00,87731.2,87950.5,87603.9,87765.1,2735.437,240048423.7343
2025-03-25 17:00:00,87765.1,88296.5,87765.1,87885.5,3817.12,336050273.2714
2025-03-25 18:00:00,87885.5,88007.2,87520.0,87752.7,2295.887,201370680.0046
2025-03-25 19:00:00,87752.7,88198.0,87752.7,88053.8,3124.679,274871589.8947
2025-03-25 20:00:00,88053.8,88500.0,87766.5,87815.1,6484.628,571748049.7977
2025-03-25 21:00:00,87815.1,88186.0,87671.9,87716.2,2527.117,222284817.9204
2025-03-25 22:00:00,87716.2,87756.4,87124.9,87404.7,4809.466,420709425.3755
2025-03-25 23:00:00,87404.7,87455.0,87074.2,87362.4,2380.036,207726398.4883
2025-03-26 00:00:00,87362.4,87781.9,87181.3,87606.1,2689.739,235453806.0038
2025-03-26 01:00:00,87606.1,87869.3,87525.0,87795.7,1555.336,136437760.8905
2025-03-26 02:00:00,87795.7,87800.0,87270.5,87294.1,1655.603,144826109.6156
2025-03-26 03:00:00,87294.1,87374.5,86980.2,87122.2,2075.015,180831809.3113
2025-03-26 04:00:00,87122.2,87411.8,86997.9,87285.1,2366.642,206452865.2704
2025-03-26 05:00:00,87285.1,87608.2,87183.3,87481.7,1991.057,174067435.0498
2025-03-26 06:00:00,87481.7,87896.9,87411.0,87863.0,2029.993,177969005.4012
2025-03-26 07:00:00,87863.0,88284.0,87727.5,88103.4,4675.437,411593690.1039
2025-03-26 08:00:00,88103.4,88166.4,87846.0,87926.9,2318.415,204010958.8578
2025-03-26 09:00:00,87926.9,88027.4,87790.0,87899.8,1199.845,105457005.2036
2025-03-26 10:00:00,87899.8,88234.0,87891.8,88176.5,2523.841,222416622.2614
2025-03-26 11:00:00,88176.5,88216.5,87895.8,87919.5,2261.899,199211509.7272
2025-03-26 12:00:00,87919.5,87980.0,87558.6,87774.1,3231.68,283551389.3384
2025-03-26 13:00:00,87774.1,87873.2,86650.0,86794.1,9579.806,836480309.5652
2025-03-26 14:00:00,86794.1,87242.6,86363.1,86705.1,10743.799,931897946.6868
2025-03-26 15:00:00,86705.1,86969.0,86492.6,86686.5,3776.306,327588135.4838
2025-03-26 16:00:00,86686.5,87038.8,86298.5,86443.3,3748.944,324831402.2324
2025-03-26 17:00:00,86443.3,86766.0,86408.1,86513.3,2731.015,236389588.568
2025-03-26 18:00:00,86513.3,86696.2,86082.1,86146.2,3871.635,334358105.6017
2025-03-26 19:00:00,86146.2,86757.6,85800.1,86518.6,6994.341,603377670.184
2025-03-26 20:00:00,86518.6,87358.8,86460.5,87241.0,7408.498,644834442.7517
2025-03-26 21:00:00,87241.0,87256.5,86690.0,87061.0,3386.559,294698289.6306
2025-03-26 22:00:00,87061.0,87116.3,86714.8,86787.7,2136.746,185642109.2665
2025-03-26 23:00:00,86787.7,86904.1,86518.6,86860.8,2444.633,211963281.213
2025-03-27 00:00:00,86860.8,87295.0,86747.6,87242.2,2875.101,250283383.9223
2025-03-27 01:00:00,87242.2,87510.9,87135.1,87340.7,3199.399,279340556.8433
2025-03-27 02:00:00,87340.7,87727.9,87296.7,87530.0,3067.911,268538273.2707
2025-03-27 03:00:00,87530.0,87646.0,87392.2,87626.7,1516.513,132736942.7773
2025-03-27 04:00:00,87626.7,87650.0,87375.0,87480.0,1423.773,124544933.9256
2025-03-27 05:00:00,87480.0,87480.0,87230.0,87284.5,1695.798,148139466.2489
2025-03-27 06:00:00,87284.5,87521.2,87244.8,87308.3,1908.782,166832727.3848
2025-03-27 07:00:00,87308.3,87388.8,87201.3,87349.9,1203.475,105051839.7757
2025-03-27 08:00:00,87349.9,87565.2,87203.8,87391.7,2112.382,184602255.0805
2025-03-27 09:00:00,87391.7,87515.8,87361.2,87377.8,1657.007,144878842.5944
2025-03-27 10:00:00,87377.8,87570.0,87070.0,87148.2,2844.27,248285132.1062
2025-03-27 11:00:00,87148.2,87279.7,86755.0,86900.1,3983.396,346380947.7435
2025-03-27 12:00:00,86900.1,87055.0,86656.5,86700.0,4264.844,370520170.4108
2025-03-27 13:00:00,86700.0,86813.9,85695.4,86339.9,14039.476,1210032773.165
2025-03-27 14:00:00,86339.9,87275.0,86142.0,87239.8,10292.405,892219087.0555
2025-03-27 15:00:00,87239.8,87529.1,86690.1,86914.3,7408.298,645431095.0889
2025-03-27 16:00:00,86914.3,87222.0,86740.0,86776.4,3246.844,282418842.7985
2025-03-27 17:00:00,86776.4,87110.0,86728.3,86845.4,2772.396,240904238.2093
2025-03-27 18:00:00,86845.4,87387.1,86812.2,87159.4,2857.6,249047562.9832
2025-03-27 19:00:00,87159.4,87385.1,86977.1,87019.9,2490.46,217201244.9738
2025-03-27 20:00:00,87019.9,87293.0,86884.8,87254.9,2007.744,174829593.1407
2025-03-27 21:00:00,87254.9,87699.9,87186.9,87530.6,3038.855,265882384.7882
2025-03-27 22:00:00,87530.6,87570.5,87275.1,87310.2,1218.309,106456653.1364
2025-03-27 23:00:00,87310.2,87331.2,87075.6,87181.7,1571.792,137035745.5051
2025-03-28 00:00:00,87181.7,87353.5,86867.3,87291.1,2704.771,235522515.8413
2025-03-28 01:00:00,87291.1,87479.4,87075.0,87191.9,2034.072,177522469.784
2025-03-28 02:00:00,87191.9,87288.9,86904.5,86946.4,1879.471,163696409.7178
2025-03-28 03:00:00,86946.4,86968.5,86702.6,86744.5,2336.298,202810176.5191
2025-03-28 04:00:00,86744.5,86788.0,85904.0,86243.6,6856.195,591496897.3683
2025-03-28 05:00:00,86243.6,86245.3,85780.0,86010.1,4857.424,417724804.9785
2025-03-28 06:00:00,86010.1,86210.0,85600.1,85680.1,4407.712,378510322.758
2025-03-28 07:00:00,85680.1,85841.7,85108.3,85158.0,8599.949,734328479.4385
2025-03-28 08:00:00,85158.0,85398.5,85008.8,85166.3,5205.494,443445841.4496
2025-03-28 09:00:00,85166.3,85375.0,84943.3,85107.9,3641.631,310049510.1714
2025-03-28 10:00:00,85107.9,85209.6,84850.0,84908.7,3321.547,282423791.8571
2025-03-28 11:00:00,84908.7,85208.0,84750.0,85200.9,5233.105,444728082.9687
2025-03-28 12:00:00,85200.9,85598.4,84832.1,84992.0,7216.919,614372037.9116
2025-03-28 13:00:00,84992.0,85526.6,84851.6,84953.2,6878.551,585974438.9078
2025-03-28 14:00:00,84953.2,85074.8,84118.0,84138.3,11932.092,1007417620.1498
2025-03-28 15:00:00,84138.3,84513.5,83927.2,84006.8,7912.064,666028152.6508
2025-03-28 16:00:00,84006.8,84184.9,83629.6,83751.7,7459.348,625488095.313
2025-03-28 17:00:00,83751.7,83975.0,83545.0,83974.2,4127.648,345719928.6
2025-03-28 18:00:00,83974.2,84131.3,83671.1,83840.0,2504.672,210227448.6674
2025-03-28 19:00:00,83840.0,83877.1,83608.0,83764.0,2479.866,207606760.8204
2025-03-28 20:00:00,83764.0,84141.3,83669.4,83768.0,2958.13,248156953.436
2025-03-28 21:00:00,83768.0,84074.3,83652.8,84017.7,1375.67,115392831.0218
2025-03-28 22:00:00,84017.7,84440.0,84017.6,84439.9,2181.057,183706744.1387
2025-03-28 23:00:00,84439.9,84488.0,84158.8,84375.0,1701.797,143529207.2983
2025-03-29 00:00:00,84375.0,84573.8,84294.7,84349.7,1334.563,112699921.2603
2025-03-29 01:00:00,84349.7,84455.2,84153.3,84224.8,1740.612,146722083.0755
2025-03-29 02:00:00,84224.8,84371.1,83731.8,83802.5,2264.94,190381538.0202
2025-03-29 03:00:00,83802.5,84212.8,83659.1,84120.0,2121.345,177994166.7608
2025-03-29 04:00:00,84120.0,84221.9,83918.2,84036.4,724.581,60893241.5209
2025-03-29 05:00:00,84036.4,84059.4,83800.5,83960.1,657.937,55210232.4341
2025-03-29 06:00:00,83960.1,83960.1,83625.2,83751.4,1536.726,128687402.4702
2025-03-29 07:00:00,83751.4,83854.9,83613.0,83689.5,1506.667,126130902.2545
2025-03-29 08:00:00,83689.5,83900.0,83624.7,83885.3,1085.386,90929884.4227
2025-03-29 09:00:00,83885.3,83908.5,83204.8,83505.6,4715.532,393476182.4334
2025-03-29 10:00:00,83505.6,83528.3,82767.1,82890.1,5861.744,487297434.6671
2025-03-29 11:00:00,82890.1,83070.7,81958.3,82245.0,12028.789,991602340.323
2025-03-29 12:00:00,82245.0,82488.6,82086.9,82413.6,3601.301,296385684.5707
2025-03-29 13:00:00,82413.6,82819.0,82400.0,82802.0,3327.076,274928040.6463
2025-03-29 14:00:00,82802.0,82839.9,82419.2,82467.0,2513.635,207596340.7447
2025-03-29 15:00:00,82467.0,82596.7,82335.1,82370.7,1722.012,141969578.8504
2025-03-29 16:00:00,82370.7,82642.4,82101.9,82147.9,3581.842,294791726.0362
2025-03-29 17:00:00,82147.9,82598.4,81602.9,82292.9,8875.569,728214323.8181
2025-03-29 18:00:00,82292.9,82640.0,82171.1,82309.9,2200.765,181378361.4351
2025-03-29 19:00:00,82309.9,82739.9,82168.0,82728.2,2226.698,183423303.1343
2025-03-29 20:00:00,82728.2,82799.1,82375.8,82469.1,2248.1,185604474.8344
2025-03-29 21:00:00,82469.1,82646.3,82312.0,82482.0,1312.514,108254852.1705
2025-03-29 22:00:00,82482.0,82482.1,82221.3,82360.2,1090.388,89799804.9572
2025-03-29 23:00:00,82360.2,82640.9,82298.3,82603.9,802.122,66146835.1703
2025-03-30 00:00:00,82603.9,82852.0,82457.5,82765.4,1730.994,143101765.4719
2025-03-30 01:00:00,82765.4,83037.3,82714.4,82890.7,2464.763,204364873.7488
2025-03-30 02:00:00,82890.7,83320.0,82880.0,83270.0,2438.297,202763970.2766
2025-03-30 03:00:00,83270.0,83450.0,83004.1,83042.1,2686.139,223665482.7546
2025-03-30 04:00:00,83042.1,83280.9,83020.0,83069.4,1281.739,106547740.7787
2025-03-30 05:00:00,83069.4,83182.5,82876.3,82921.3,1364.242,113264258.1529
2025-03-30 06:00:00,82921.3,83258.3,82813.0,83144.7,1866.033,154889857.8972
2025-03-30 07:00:00,83144.7,83277.9,83019.5,83032.9,1219.732,101424391.0596
2025-03-30 08:00:00,83032.9,83365.6,83032.9,83340.0,1179.307,98144225.3158
2025-03-30 09:00:00,83340.0,83474.3,83208.6,83454.0,1516.702,126464059.4649
2025-03-30 10:00:00,83454.0,83496.8,83012.9,83084.0,2643.431,219926162.9259
2025-03-30 11:00:00,83084.0,83320.2,82920.1,83073.1,2338.487,194311692.1883
2025-03-30 12:00:00,83073.1,83225.4,82933.9,83022.8,1637.948,136027780.882
2025-03-30 13:00:00,83022.8,83111.5,82513.5,82646.6,4139.241,342684554.9039
2025-03-30 14:00:00,82646.6,83012.0,82566.0,82764.0,2547.613,210854575.4236
2025-03-30 15:00:00,82764.0,83032.4,82661.6,82692.9,1523.075,126151309.0254
2025-03-30 16:00:00,82692.9,82775.1,82101.8,82242.0,4613.424,380164853.4457
2025-03-30 17:00:00,82242.0,82542.2,81985.8,82375.4,3566.032,293406486.9519
2025-03-30 18:00:00,82375.4,82760.0,82375.4,82699.8,1652.697,136516014.6629
2025-03-30 19:00:00,82699.8,82870.0,82510.0,82512.0,1568.476,129649809.3134
2025-03-30 20:00:00,82512.0,82628.1,82356.6,82522.5,1133.621,93522758.3858
2025-03-30 21:00:00,82522.5,82676.8,82022.0,82190.2,1794.179,147685592.7671
2025-03-30 22:00:00,82190.2,82724.1,81510.0,82396.7,6317.335,518520288.2519
2025-03-30 23:00:00,82396.7,82400.0,81892.5,82347.9,3178.251,261050836.5148
2025-03-31 00:00:00,82347.9,82405.4,81212.3,81598.6,6291.892,513902270.9337
2025-03-31 01:00:00,81598.6,82222.0,81485.4,81915.1,4347.141,356008284.2823
2025-03-31 02:00:00,81915.1,82122.7,81582.2,81885.8,2731.859,223524042.4119
2025-03-31 03:00:00,81885.8,81989.1,81405.2,81486.7,3012.641,245915861.4969
2025-03-31 04:00:00,81486.7,81825.0,81355.0,81805.3,2245.742,183185404.2812
2025-03-31 05:00:00,81805.3,82279.6,81793.9,82130.0,2457.935,201800323.6732
2025-03-31 06:00:00,82130.0,82240.0,81869.8,82016.2,2716.978,222847565.7572
2025-03-31 07:00:00,82016.2,82267.6,81701.0,81899.3,2619.423,214643956.892
2025-03-31 08:00:00,81899.3,82237.0,81850.0,81872.2,2162.414,177508189.1141
2025-03-31 09:00:00,81872.2,81936.8,81280.5,81410.8,4789.788,390507021.2552
2025-03-31 10:00:00,81410.8,82180.0,81232.4,82137.0,3990.799,326389133.6815
2025-03-31 11:00:00,82137.0,82234.1,81858.0,82169.3,3099.664,254352384.8055
2025-03-31 12:00:00,82169.3,83128.4,81874.4,82735.0,7234.678,597198863.0967
2025-03-31 13:00:00,82735.0,82830.0,81600.0,82465.3,11078.973,910476540.1511
2025-03-31 14:00:00,82465.3,83735.1,82461.1,83451.0,14717.944,1224672114.4579
2025-03-31 15:00:00,83451.0,83895.7,83339.9,83377.8,8538.513,713812005.1914
2025-03-31 16:00:00,83377.8,83640.5,83191.5,83246.7,4299.926,358553752.8747
2025-03-31 17:00:00,83246.7,83500.0,82526.0,82621.3,4852.263,402484939.7022
2025-03-31 18:00:00,82621.3,83525.0,82621.3,83238.8,4473.594,372098592.8507
2025-03-31 19:00:00,83238.8,83393.8,82342.0,82409.3,4582.778,379339727.4176
2025-03-31 20:00:00,82409.3,82781.2,82293.0,82369.8,4054.355,334579829.2035
2025-03-31 21:00:00,82369.8,82715.6,82351.2,82502.9,2300.482,189864849.496
2025-03-31 22:00:00,82502.9,82513.8,82213.1,82355.2,1982.438,163195263.0458
2025-03-31 23:00:00,82355.2,82828.8,82232.9,82504.4,2102.573,173434682.7636
2025-04-01 00:00:00,82504.4,82769.8,82375.6,82600.0,2166.571,178959478.0577
2025-04-01 01:00:00,82600.0,82691.2,82413.1,82659.9,1772.883,146389042.6226
2025-04-01 02:00:00,82659.9,83065.9,82595.5,83052.4,2809.481,232844545.1884
2025-04-01 03:00:00,83052.4,83200.0,82888.6,82928.3,1640.942,136309304.5479
2025-04-01 04:00:00,82928.3,83199.2,82851.3,83030.9,1475.377,122451931.7897
2025-04-01 05:00:00,83030.9,83293.0,82958.8,82975.0,1590.549,132249846.3241
2025-04-01 06:00:00,82975.0,83468.7,82851.0,83425.7,3146.673,261857241.852
2025-04-01 07:00:00,83425.7,83572.8,83334.2,83420.1,2351.018,196188933.0239
2025-04-01 08:00:00,83420.1,84174.6,83400.0,84066.6,6701.862,562264912.2664
2025-04-01 09:00:00,84066.6,84350.0,84056.7,84317.9,4777.861,402403943.1139
2025-04-01 10:00:00,84317.9,84471.2,84118.5,84152.3,4894.83,412632145.8204
2025-04-01 11:00:00,84152.3,84182.7,83791.0,83895.0,3456.392,290288823.0724
2025-04-01 12:00:00,83895.0,84125.3,83535.2,83577.7,3322.942,278547005.852
2025-04-01 13:00:00,83577.7,83849.5,83373.4,83591.9,7111.794,594723166.4532
2025-04-01 14:00:00,83591.9,84298.9,82509.7,84135.4,15814.295,1316920823.2427
2025-04-01 15:00:00,84135.4,85468.3,84121.9,85250.0,14976.673,1270952780.2707
2025-04-01 16:00:00,85250.0,85455.0,84750.1,85070.1,8078.12,687267413.5036
2025-04-01 17:00:00,85070.1,85297.0,84849.9,85077.1,3297.172,280440547.7464
2025-04-01 18:00:00,85077.1,85132.8,84671.4,85069.1,3397.018,288285196.6326
2025-04-01 19:00:00,85069.1,85131.9,84762.0,84908.8,2152.932,182908668.1703
2025-04-01 20:00:00,84908.8,85342.2,84723.2,85197.3,3534.871,300535479.5327
2025-04-01 21:00:00,85197.3,85442.8,85080.1,85191.2,1486.922,126776130.4148
2025-04-01 22:00:00,85191.2,85429.8,85043.2,85066.8,1683.054,143407251.3812
2025-04-01 23:00:00,85066.8,85555.0,84936.9,85130.5,2942.755,250817070.6666
2025-04-02 00:00:00,85130.5,85235.0,84888.6,84933.5,1954.068,166219089.3175
2025-04-02 01:00:00,84933.5,85184.4,84821.5,85111.1,2170.788,184475388.5683
2025-04-02 02:00:00,85111.1,85133.9,84585.6,84679.0,3871.144,328051256.9079
2025-04-02 03:00:00,84679.0,84870.0,84463.9,84504.0,1748.241,147985798.3146
2025-04-02 04:00:00,84504.0,84678.1,84424.6,84562.3,1862.359,157428561.0296
2025-04-02 05:00:00,84562.3,84562.3,84060.0,84060.0,2709.465,228253255.3266
2025-04-02 06:00:00,84060.0,84320.8,83867.2,84075.0,3747.184,315012619.7203
2025-04-02 07:00:00,84075.0,84420.4,83965.7,84382.4,2315.216,195005645.7838
2025-04-02 08:00:00,84382.4,84700.0,84215.0,84619.9,2745.318,232001911.6682
2025-04-02 09:00:00,84619.9,85429.6,84582.6,84989.8,5762.371,489938805.5292
2025-04-02 10:00:00,84989.8,85258.8,84789.4,84822.7,3370.607,286490706.513
2025-04-02 11:00:00,84822.7,84942.3,84485.6,84520.0,3188.598,270053930.592
2025-04-02 12:00:00,84520.0,85016.8,84403.5,84995.6,4451.619,377045749.4327
2025-04-02 13:00:00,84995.6,86066.2,84407.1,85169.7,14018.917,1196756929.0262
2025-04-02 14:00:00,85169.7,85940.1,85105.9,85833.1,8349.793,714632527.7955
2025-04-02 15:00:00,85833.1,87297.1,85771.2,86699.3,19869.981,1722592337.377
2025-04-02 16:00:00,86699.3,87186.3,86536.9,87013.4,6426.675,558184527.5226
2025-04-02 17:00:00,87013.4,87278.0,86307.3,86580.5,6427.969,557753648.9872
2025-04-02 18:00:00,86580.5,86688.1,86169.0,86252.7,3168.541,273815175.2813
2025-04-02 19:00:00,86252.7,86993.4,86124.6,86853.9,3959.887,342502778.501
2025-04-02 20:00:00,86853.9,88560.1,85165.8,85622.4,48277.072,4181909195.3695
2025-04-02 21:00:00,85622.4,85698.4,84168.0,84808.1,11101.698,940153794.6453
2025-04-02 22:00:00,84808.1,84808.1,82625.0,82777.1,13924.193,1161359958.8655
2025-04-02 23:00:00,82777.1,82813.0,82281.9,82468.1,7449.676,614874859.3591
2025-04-03 00:00:00,82468.1,83350.0,82107.1,83170.6,8708.296,721352916.7783
2025-04-03 01:00:00,83170.6,83888.0,83042.1,83714.7,5379.201,449109987.3601
2025-04-03 02:00:00,83714.7,83859.1,83227.4,83725.6,4717.013,394218871.4586
2025-04-03 03:00:00,83725.6,83735.0,83300.8,83442.4,2055.132,171575282.6503
2025-04-03 04:00:00,83442.4,83697.0,83230.0,83517.2,2282.587,190448313.2768
2025-04-03 05:00:00,83517.2,83684.9,83294.2,83305.3,1807.643,150913139.9844
2025-04-03 06:00:00,83305.3,83387.3,82955.0,83010.5,2683.112,223181248.9896
2025-04-03 07:00:00,83010.5,83466.9,82966.0,83422.0,2676.651,222727145.7487
2025-04-03 08:00:00,83422.0,83774.8,83408.7,83646.2,3167.645,264797088.1743
2025-04-03 09:00:00,83646.2,83735.3,83416.7,83442.1,1776.204,148502587.1542
2025-04-03 10:00:00,83442.1,83714.4,83116.7,83186.8,3204.093,267144479.8194
2025-04-03 11:00:00,83186.8,83320.3,83010.7,83061.8,2260.752,187927382.2658
2025-04-03 12:00:00,83061.8,83116.1,81831.4,81904.0,10821.525,892021714.1584
2025-04-03 13:00:00,81904.0,82750.0,81724.8,82338.5,12072.86,992561774.3443
2025-04-03 14:00:00,82338.5,82364.0,81266.6,81481.6,13753.925,1125744788.6888
2025-04-03 15:00:00,81481.6,82046.3,81146.0,81990.1,7293.109,595563478.9306
2025-04-03 16:00:00,81990.1,82409.6,81672.8,81792.4,5671.166,465415025.3331
2025-04-03 17:00:00,81792.4,82146.6,81588.3,81790.0,3178.356,260188056.4233
2025-04-03 18:00:00,81790.0,82298.2,81501.0,82079.4,4388.048,359438826.3156
2025-04-03 19:00:00,82079.4,82327.8,81786.4,81971.7,3549.02,291135292.8599
2025-04-03 20:00:00,81971.7,82397.0,81758.6,82334.1,2407.576,197629026.9247
2025-04-03 21:00:00,82334.1,82837.6,82301.3,82694.0,3379.47,278877707.5716
2025-04-03 22:00:00,82694.0,82854.2,82574.0,82707.8,2270.25,187807676.09
2025-04-03 23:00:00,82707.8,83288.3,82472.9,83175.2,3268.097,270954318.2438
2025-04-04 00:00:00,83175.2,83389.9,82966.7,83012.5,2876.498,239304690.6582
2025-04-04 01:00:00,83012.5,83330.4,82561.0,82676.5,2975.708,246773942.7833
2025-04-04 02:00:00,82676.5,83150.0,82674.2,82870.0,1996.06,165493104.1561
2025-04-04 03:00:00,82870.0,83029.6,82650.0,82786.5,1692.81,140191448.5045
2025-04-04 04:00:00,82786.5,82884.0,82585.0,82684.1,1454.358,120314379.6015
2025-04-04 05:00:00,82684.1,83178.9,82603.6,83163.7,1827.844,151703261.9639
2025-04-04 06:00:00,83163.7,83228.3,83000.8,83018.6,1729.563,143776904.4925
2025-04-04 07:00:00,83018.6,83999.2,83018.6,83973.7,7054.015,589883609.0527
2025-04-04 08:00:00,83973.7,84637.4,83973.6,84391.5,9107.481,768197830.3854
2025-04-04 09:00:00,84391.5,84736.0,84115.6,84553.0,4550.437,384149911.1198
2025-04-04 10:00:00,84553.0,84675.7,82378.5,82543.7,18361.231,1529139440.6616
2025-04-04 11:00:00,82543.7,82740.9,81605.0,82617.9,14554.955,1195784750.3846
2025-04-04 12:00:00,82617.9,83183.3,82181.0,82837.8,12670.34,1047106979.6271
2025-04-04 13:00:00,82837.8,83510.5,82103.3,83308.0,13861.082,1147423168.8769
2025-04-04 14:00:00,83308.0,83497.9,81800.0,82516.1,16547.135,1366825905.76
2025-04-04 15:00:00,82516.1,83682.0,82431.6,82813.1,17080.013,1419966656.1958
2025-04-04 16:00:00,82813.1,83539.8,82691.0,83359.3,10082.348,838184137.5488
2025-04-04 17:00:00,83359.3,84600.0,82910.0,84454.9,14062.261,1179846103.1474
2025-04-04 18:00:00,84454.9,84577.3,83697.0,83965.1,8447.942,710114908.0598
2025-04-04 19:00:00,83965.1,84450.0,83750.0,83989.0,5050.865,424792032.451
2025-04-04 20:00:00,83989.0,84260.8,83457.1,84132.8,5728.41,480304982.8335
2025-04-04 21:00:00,84132.8,84418.9,83887.2,84149.1,2359.444,198567328.31
2025-04-04 22:00:00,84149.1,84242.0,83978.3,84020.3,1097.987,92325530.2348
2025-04-04 23:00:00,84020.3,84079.9,83615.5,83862.1,1890.63,158439106.5664
2025-04-05 00:00:00,83862.1,83862.1,83374.6,83758.5,2112.415,176654127.3858
2025-04-05 01:00:00,83758.5,84244.0,83758.4,83958.6,2836.691,238381799.7449
2025-04-05 02:00:00,83958.6,84074.9,83762.0,83939.9,1437.645,120651152.979
2025-04-05 03:00:00,83939.9,83940.0,83598.3,83600.0,994.97,83320840.6719
2025-04-05 04:00:00,83600.0,83838.0,83580.0,83655.0,1010.851,84622500.5364
2025-04-05 05:00:00,83655.0,83827.8,83596.8,83654.2,675.42,56546071.4083
2025-04-05 06:00:00,83654.2,83703.4,83304.3,83436.8,1778.766,148507379.1875
2025-04-05 07:00:00,83436.8,83529.3,83328.4,83483.3,1222.275,101961837.1237
2025-04-05 08:00:00,83483.3,83623.4,83341.0,83489.7,1502.123,125420553.9902
2025-04-05 09:00:00,83489.7,83832.2,83486.8,83807.0,1247.759,104420292.5983
2025-04-05 10:00:00,83807.0,83872.8,83545.1,83608.0,1308.436,109514147.5964
2025-04-05 11:00:00,83608.0,83661.0,83410.1,83428.0,1114.906,93124049.7154
2025-04-05 12:00:00,83428.0,83526.6,83088.0,83245.6,2692.079,224214134.6026
2025-04-05 13:00:00,83245.6,83311.2,82478.0,82714.9,6106.379,505515104.5571
2025-04-05 14:00:00,82714.9,82991.2,82631.0,82871.6,2810.393,232755042.1635
2025-04-05 15:00:00,82871.6,82871.7,82343.0,82579.5,3536.023,292001848.9568
2025-04-05 16:00:00,82579.5,82797.0,82566.7,82718.9,1431.547,118351520.929
2025-04-05 17:00:00,82718.9,82919.9,82645.0,82840.1,1552.634,128580307.1325
2025-04-05 18:00:00,82840.1,83084.0,82820.0,83010.0,2171.484,180194359.3594
2025-04-05 19:00:00,83010.0,83125.5,82748.4,82827.7,1390.656,115335214.8172
2025-04-05 20:00:00,82827.7,83071.8,82783.1,83052.2,1455.995,120769286.8936
2025-04-05 21:00:00,83052.2,83237.9,82872.5,82892.6,1586.986,131841178.476
2025-04-05 22:00:00,82892.6,83194.0,82892.5,83154.1,1025.26,85140970.6858
2025-04-05 23:00:00,83154.1,83659.9,83088.2,83496.7,2494.105,207879696.6382
2025-04-06 00:00:00,83496.7,83574.8,83380.3,83488.5,1498.874,125109491.2569
2025-04-06 01:00:00,83488.5,83774.3,83377.8,83390.0,2034.446,169969694.6813
2025-04-06 02:00:00,83390.0,83454.6,83249.2,83266.0,1087.869,90680301.8932
2025-04-06 03:00:00,83266.0,83382.6,83131.9,83313.8,1172.807,97645981.612
2025-04-06 04:00:00,83313.8,83471.0,83202.2,83471.0,881.829,73516950.0152
2025-04-06 05:00:00,83471.0,83500.0,83292.9,83413.9,1006.145,83933512.4923
2025-04-06 06:00:00,83413.9,83442.9,83075.9,83077.2,1620.673,134887449.3531
2025-04-06 07:00:00,83077.2,83181.3,82984.0,82988.9,2000.79,166185476.2169
2025-04-06 08:00:00,82988.9,83013.8,82683.2,82986.0,2919.491,241927872.6209
2025-04-06 09:00:00,82986.0,83139.3,82887.1,83039.0,1257.267,104376494.0822
2025-04-06 10:00:00,83039.0,83039.0,82658.5,82826.6,1807.439,149646202.3392
2025-04-06 11:00:00,82826.6,82893.7,82617.5,82812.5,1868.358,154576105.7262
2025-04-06 12:00:00,82812.5,82940.0,82585.3,82659.5,2609.408,215973813.2345
2025-04-06 13:00:00,82659.5,82806.7,82159.7,82264.1,4889.396,403063112.094
2025-04-06 14:00:00,82264.1,82765.6,82177.8,82624.9,4130.208,340642195.3522
2025-04-06 15:00:00,82624.9,82779.6,82347.0,82507.1,2380.024,196438472.4061
2025-04-06 16:00:00,82507.1,82529.0,81867.5,81930.0,4970.657,408338468.842
2025-04-06 17:00:00,81930.0,81952.7,80512.3,80775.8,14114.864,1147411551.926
2025-04-06 18:00:00,80775.8,80775.8,78643.0,79071.8,22586.334,1800531324.5147
2025-04-06 19:00:00,79071.8,79813.9,78781.5,79579.5,10995.795,872980195.4436
2025-04-06 20:00:00,79579.5,79844.0,78437.6,78830.5,9407.549,744210434.7455
2025-04-06 21:00:00,78830.5,79641.8,78669.1,78908.9,5969.594,472509769.7956
2025-04-06 22:00:00,78908.9,79103.8,77715.6,78032.9,19800.242,1554263363.6782
2025-04-06 23:00:00,78032.9,78687.6,77083.5,78376.1,15436.21,1200857434.1227
2025-04-07 00:00:00,78376.1,78474.9,77355.0,78273.5,10137.112,789897117.0708
2025-04-07 01:00:00,78273.5,79315.8,78263.4,79101.2,9081.587,716082281.9072
2025-04-07 02:00:00,79101.2,79198.6,78350.0,78395.9,4507.383,354938593.0305
2025-04-07 03:00:00,78395.9,78469.1,77303.9,77650.0,6710.063,522211367.4514
2025-04-07 04:00:00,77650.0,77947.3,76572.4,76946.0,11332.482,873938618.0553
2025-04-07 05:00:00,76946.0,77469.5,76611.9,76917.3,6542.782,504252532.7713
2025-04-07 06:00:00,76917.3,77270.9,74520.0,74780.0,23203.958,1753282681.241
2025-04-07 07:00:00,74780.0,75441.8,74456.2,75077.5,10632.629,797467472.4198
2025-04-07 08:00:00,75077.5,76800.0,75040.9,76220.1,12020.756,914434446.9481
2025-04-07 09:00:00,76220.1,76773.5,75706.8,76248.7,7289.375,555826228.682
2025-04-07 10:00:00,76248.7,77550.0,76110.0,76951.4,11166.522,860512860.7889
2025-04-07 11:00:00,76951.4,77363.4,76389.2,76650.0,5588.165,429376280.9274
2025-04-07 12:00:00,76650.0,77639.6,76376.0,77298.8,11389.053,877879472.0543
2025-04-07 13:00:00,77298.8,78464.5,75739.6,78329.9,21486.87,1654069751.0897
2025-04-07 14:00:00,78329.9,81216.8,77815.4,78994.6,65853.458,5213770204.321
2025-04-07 15:00:00,78994.6,79332.9,77467.0,78427.5,20115.416,1575975607.8823
2025-04-07 16:00:00,78427.5,78554.9,77250.0,77386.0,9715.595,757801954.6785
2025-04-07 17:00:00,77386.0,79174.0,77384.0,79033.0,13530.969,1060826583.9048
2025-04-07 18:00:00,79033.0,79342.0,78237.0,78436.4,7854.29,619113729.4365
2025-04-07 19:00:00,78436.4,78924.7,77976.0,78091.6,7286.719,571136689.5194
2025-04-07 20:00:00,78091.6,79115.8,78057.1,78915.9,5439.5,427763043.0275
2025-04-07 21:00:00,78915.9,79576.5,78643.4,79209.6,3513.635,277938514.4775
2025-04-07 22:00:00,79209.6,80189.3,79132.6,79920.3,4532.931,361620261.059
2025-04-07 23:00:00,79920.3,80054.3,79052.9,79144.1,3805.903,302691162.2565
2025-04-08 00:00:00,79144.1,79574.2,78960.0,78991.6,3568.241,282877106.115
2025-04-08 01:00:00,78991.6,80765.9,78738.9,80556.2,7654.222,611594786.8711
2025-04-08 02:00:00,80556.2,80833.6,79869.6,79918.1,4223.116,339474288.4378
2025-04-08 03:00:00,79918.1,80180.0,79716.0,79867.0,3006.677,240306239.4804
2025-04-08 04:00:00,79867.0,80368.5,79822.1,80249.9,2322.311,186051299.2481
2025-04-08 05:00:00,80249.9,80268.8,79501.0,79822.6,3343.819,266615323.3862
2025-04-08 06:00:00,79822.6,79822.7,79242.6,79421.1,3119.643,247855659.5166
2025-04-08 07:00:00,79421.1,79685.3,79188.9,79464.7,3311.373,263031473.9241
2025-04-08 08:00:00,79464.7,79500.0,78915.8,79129.2,4114.861,325564873.1129
2025-04-08 09:00:00,79129.2,79216.2,78829.5,78871.7,2707.022,213856895.5471
2025-04-08 10:00:00,78871.7,79155.4,78777.2,78989.0,2448.29,193334779.2523
2025-04-08 11:00:00,78989.0,80044.0,78934.9,79955.8,7119.68,565956892.1919
2025-04-08 12:00:00,79955.8,80109.8,79545.1,79802.9,5448.984,435007682.4581
2025-04-08 13:00:00,79802.9,80350.0,79318.6,79858.5,12518.117,999949738.8864
2025-04-08 14:00:00,79858.5,80227.1,78427.0,78432.6,10868.005,862370227.439
2025-04-08 15:00:00,78432.6,78812.7,78128.0,78456.0,8905.935,698414115.7448
2025-04-08 16:00:00,78456.0,78486.3,77312.7,77385.3,11621.834,904262787.0675
2025-04-08 17:00:00,77385.3,77534.2,76503.6,77308.0,15701.53,1209162721.1236
2025-04-08 18:00:00,77308.0,77961.7,77032.3,77206.4,7756.888,600729050.0622
2025-04-08 19:00:00,77206.4,77316.4,76316.1,76827.6,10878.991,834678447.8241
2025-04-08 20:00:00,76827.6,77163.4,76558.3,77105.3,3438.607,264322605.3266
2025-04-08 21:00:00,77105.3,77251.4,76689.1,77063.7,2613.997,201222464.8469
2025-04-08 22:00:00,77063.7,77106.9,76200.9,76687.6,5080.398,389017105.7066
2025-04-08 23:00:00,76687.6,76755.7,76252.4,76286.9,3229.361,246824016.4365
2025-04-09 00:00:00,76286.9,76823.1,75877.6,76478.2,7004.435,535065143.7058
2025-04-09 01:00:00,76478.2,76549.3,74565.9,76026.1,18113.763,1365344901.7125
2025-04-09 02:00:00,76026.1,76419.2,75517.5,75622.0,6103.834,463862947.5909
2025-04-09 03:00:00,75622.0,75825.9,74968.0,75012.1,5717.541,430976962.9676
2025-04-09 04:00:00,75012.1,76890.3,74936.6,76383.9,14031.959,1065110037.7641
2025-04-09 05:00:00,76383.9,76795.7,76185.9,76700.0,4065.014,310965211.4289
2025-04-09 06:00:00,76700.0,77316.1,76670.0,76799.0,6303.799,485246955.0284
2025-04-09 07:00:00,76799.0,77910.1,76783.5,77653.9,13041.18,1010741602.1401
2025-04-09 08:00:00,77653.9,77847.7,77039.2,77264.3,5575.68,431083105.7973
2025-04-09 09:00:00,77264.3,77522.9,77112.4,77432.0,2874.133,222208307.4816
2025-04-09 10:00:00,77432.0,77545.2,76907.8,77154.1,4162.693,321332525.8195
2025-04-09 11:00:00,77154.1,77166.3,75742.3,76200.1,22361.359,1706699219.9046
2025-04-09 12:00:00,76200.1,77056.4,75982.2,76734.4,8508.817,650879872.715
2025-04-09 13:00:00,76734.4,77827.0,76665.0,77681.5,15832.92,1223334472.3011
2025-04-09 14:00:00,77681.5,78300.0,76767.6,76850.0,13360.848,1036623538.8223
2025-04-09 15:00:00,76850.0,77639.5,76829.7,77234.7,6907.237,533784640.4201
2025-04-09 16:00:00,77234.7,78349.1,77110.0,78248.2,6983.54,543241201.5539
2025-04-09 17:00:00,78248.2,82283.1,77625.8,82160.8,53185.295,4274153474.6303
2025-04-09 18:00:00,82160.8,82975.2,81669.2,81750.0,23189.448,1908172934.0909
2025-04-09 19:00:00,81750.0,82545.6,81731.0,82294.6,8681.387,713576687.1672
2025-04-09 20:00:00,82294.6,83226.2,81972.1,83154.5,8401.009,693615426.2624
2025-04-09 21:00:00,83154.5,83560.0,82815.5,83247.4,8814.147,733643287.9575
2025-04-09 22:00:00,83247.4,83456.6,82907.9,83027.8,3776.188,314272821.5345
2025-04-09 23:00:00,83027.8,83138.2,82510.5,82593.9,3114.95,257968542.5796
2025-04-10 00:00:00,82593.9,82719.2,82036.9,82319.2,4000.428,329403189.602
2025-04-10 01:00:00,82319.2,82576.7,82190.0,82220.2,2119.526,174635053.6367
2025-04-10 02:00:00,82220.2,82530.8,82155.1,82165.9,2049.276,168750395.7508
2025-04-10 03:00:00,82165.9,82194.8,81440.8,81755.8,5099.011,416797487.152
2025-04-10 04:00:00,81755.8,82079.6,81621.4,81994.9,2783.211,227744928.0386
2025-04-10 05:00:00,81994.9,82218.4,81888.5,82131.1,2772.364,227528404.7783
2025-04-10 06:00:00,82131.1,82312.4,81803.9,82110.1,2762.295,226597526.0119
2025-04-10 07:00:00,82110.1,82211.1,81255.5,81557.4,5307.089,433095158.9492
2025-04-10 08:00:00,81557.4,81823.0,81387.8,81513.9,2407.039,196443923.741
2025-04-10 09:00:00,81513.9,82046.1,81301.0,82001.5,4332.372,354034582.6305
2025-04-10 10:00:00,82001.5,82086.9,81535.1,81720.5,3153.992,257929774.8024
2025-04-10 11:00:00,81720.5,81905.9,81457.4,81836.0,3319.233,271172354.4236
2025-04-10 12:00:00,81836.0,82491.1,81400.3,81670.0,10958.25,897781279.1817
2025-04-10 13:00:00,81670.0,81926.1,80750.0,80840.0,10623.749,863470185.8254
2025-04-10 14:00:00,80840.0,81800.0,80600.1,81234.1,10082.725,819162446.683
2025-04-10 15:00:00,81234.1,81314.2,78565.8,78734.1,21896.958,1746386532.4874
2025-04-10 16:00:00,78734.1,79654.0,78422.0,79412.9,15426.453,1218297808.635
2025-04-10 17:00:00,79412.9,79650.0,78575.9,79285.9,10036.925,794114881.2934
2025-04-10 18:00:00,79285.9,79828.2,79170.9,79447.8,6039.892,480244415.7819
2025-04-10 19:00:00,79447.8,80027.5,79252.8,79600.7,5358.244,426305251.5012
2025-04-10 20:00:00,79600.7,79917.1,79523.3,79899.8,2617.143,208713225.9945
2025-04-10 21:00:00,79899.8,80000.0,79634.5,79666.0,1793.614,143128351.2818
2025-04-10 22:00:00,79666.0,79876.6,79489.8,79652.9,2161.393,172264340.6857
2025-04-10 23:00:00,79652.9,79707.2,79339.2,79557.5,2222.904,176789970.7299
2025-04-11 00:00:00,79557.5,79708.9,78928.2,79001.0,3906.577,310004204.6389
2025-04-11 01:00:00,79001.0,80407.2,78972.1,80400.0,5788.509,461768704.1409
2025-04-11 02:00:00,80400.0,80804.3,80118.0,80253.4,4339.271,349048675.5927
2025-04-11 03:00:00,80253.4,80886.1,80253.3,80806.2,3222.423,259841608.8776
2025-04-11 04:00:00,80806.2,81085.3,80681.0,80851.4,3532.298,285654340.5638
2025-04-11 05:00:00,80851.4,80878.0,80481.6,80784.3,2238.17,180489656.5853
2025-04-11 06:00:00,80784.3,81300.0,80784.3,81065.5,4026.431,326431672.6999
2025-04-11 07:00:00,81065.5,81404.0,80807.9,81222.0,4003.424,324843468.1272
2025-04-11 08:00:00,81222.0,81936.9,80750.0,81595.9,11724.444,954348200.1321
2025-04-11 09:00:00,81595.9,82400.0,81412.5,82400.0,5373.785,440783554.7332
2025-04-11 10:00:00,82400.0,82950.0,82269.8,82686.8,7015.678,579631110.6347
2025-04-11 11:00:00,82686.8,82875.0,82010.0,82114.7,6210.246,511564034.7555
2025-04-11 12:00:00,82114.7,82579.2,81806.1,82093.8,6852.227,563040782.7776
2025-04-11 13:00:00,82093.8,83333.0,81784.5,82908.4,11136.682,920785264.2026
2025-04-11 14:00:00,82908.4,82908.5,81315.7,81867.1,13426.788,1101826516.1728
2025-04-11 15:00:00,81867.1,82684.8,81675.0,82494.8,6219.226,511184431.1762
2025-04-11 16:00:00,82494.8,82995.0,81970.0,82755.0,6289.69,518967883.1734
2025-04-11 17:00:00,82755.0,84035.1,82660.9,83906.0,9435.833,787880317.7328
2025-04-11 18:00:00,83906.0,84191.9,83488.8,83573.7,5968.076,500468673.6997
2025-04-11 19:00:00,83573.7,83959.1,83527.5,83826.1,2590.914,217049796.2856
2025-04-11 20:00:00,83826.1,83980.0,83642.5,83791.7,2828.653,236994918.5511
2025-04-11 21:00:00,83791.7,84288.0,83581.0,83630.0,3737.866,313529584.8905
2025-04-11 22:00:00,83630.0,83677.7,83293.7,83382.3,2473.132,206424441.2245
2025-04-11 23:00:00,83382.3,83526.0,83126.3,83382.8,1737.531,144765347.1914
2025-04-12 00:00:00,83382.8,83544.8,83200.1,83328.6,1632.649,136105528.7964
2025-04-12 01:00:00,83328.6,83420.0,83111.0,83179.3,1231.863,102511069.8906
2025-04-12 02:00:00,83179.3,83279.2,82764.0,82770.4,2420.529,200957207.9125
2025-04-12 03:00:00,82770.4,83094.9,82753.3,82933.0,1498.4,124279117.9341
2025-04-12 04:00:00,82933.0,83410.0,82803.6,83167.1,3095.411,257157174.5103
2025-04-12 05:00:00,83167.1,83463.6,83148.0,83292.4,1584.043,132009723.9039
2025-04-12 06:00:00,83292.4,83750.0,83292.4,83524.5,2645.802,221051944.8908
2025-04-12 07:00:00,83524.5,83784.4,83455.1,83684.8,1985.275,166043398.6293
2025-04-12 08:00:00,83684.8,83998.8,83426.5,83564.6,3327.352,278403415.6528
2025-04-12 09:00:00,83564.6,83731.7,83374.1,83505.7,1587.658,132582482.1335
2025-04-12 10:00:00,83505.7,83526.0,83260.1,83385.4,1479.964,123398117.9291
2025-04-12 11:00:00,83385.4,83608.8,83380.4,83481.1,1270.628,106084850.4311
2025-04-12 12:00:00,83481.1,83885.1,83433.5,83785.4,2282.962,191063153.3299
2025-04-12 13:00:00,83785.4,84650.0,83524.3,84410.0,7931.36,667315166.2711
2025-04-12 14:00:00,84410.0,85247.0,84256.8,84781.3,8898.793,754375610.9755
2025-04-12 15:00:00,84781.3,85386.4,84573.5,84977.5,5965.491,507198135.2216
2025-04-12 16:00:00,84977.5,85179.6,84553.7,84622.3,3689.962,313119133.5468
2025-04-12 17:00:00,84622.3,84820.0,84400.0,84731.3,2937.316,248538809.4384
2025-04-12 18:00:00,84731.3,85153.0,84712.0,85130.1,1826.884,155202149.0896
2025-04-12 19:00:00,85130.1,85221.0,84777.1,84882.2,2643.481,224593589.0119
2025-04-12 20:00:00,84882.2,85888.0,84815.6,85486.5,6391.555,546057405.4126
2025-04-12 21:00:00,85486.5,85550.6,85225.0,85327.0,2689.49,229600679.7874
2025-04-12 22:00:00,85327.0,85669.2,85289.9,85300.0,1487.861,127147243.3613
2025-04-12 23:00:00,85300.0,85393.8,85125.0,85238.4,1337.197,113994993.2146
2025-04-13 00:00:00,85238.4,85532.0,84967.1,85455.0,1925.629,164153332.2445
2025-04-13 01:00:00,85455.0,86099.0,85085.0,85202.0,5631.583,481884629.0081
2025-04-13 02:00:00,85202.0,85400.0,84666.8,85232.0,4501.33,382669936.4435
2025-04-13 03:00:00,85232.0,85677.2,85190.9,85389.3,2532.631,216248032.7876
2025-04-13 04:00:00,85389.3,85396.8,84441.0,84577.2,5382.04,456393347.6327
2025-04-13 05:00:00,84577.2,84765.6,84358.4,84485.9,3061.273,258847161.3802
2025-04-13 06:00:00,84485.9,84816.4,84402.7,84566.0,1620.868,137204628.0877
2025-04-13 07:00:00,84566.0,84730.8,84370.7,84372.0,1405.982,118875400.136
2025-04-13 08:00:00,84372.0,84650.0,84242.7,84631.9,2255.909,190439428.7154
2025-04-13 09:00:00,84631.9,84894.8,84453.3,84858.5,2293.597,194303909.2409
2025-04-13 10:00:00,84858.5,84908.4,84466.0,84649.6,1873.279,158568652.8115
2025-04-13 11:00:00,84649.6,84727.4,84147.0,84478.5,3001.033,253202630.3006
2025-04-13 12:00:00,84478.5,84644.4,84189.8,84410.9,2507.697,211622677.7455
2025-04-13 13:00:00,84410.9,84550.0,83413.0,83568.8,6259.939,525198672.7582
2025-04-13 14:00:00,83568.8,84111.9,83457.6,84048.2,4315.295,361764848.0209
2025-04-13 15:00:00,84048.2,84048.2,83619.8,83801.8,2270.304,190194317.7441
2025-04-13 16:00:00,83801.8,84391.0,83796.9,84176.3,4883.936,410922351.8087
2025-04-13 17:00:00,84176.3,84982.7,84136.5,84710.0,6036.136,511264207.1981
2025-04-13 18:00:00,84710.0,84913.5,84460.5,84694.7,2656.595,224993488.6475
2025-04-13 19:00:00,84694.7,84694.7,82953.1,83943.6,8381.961,702087702.9211
2025-04-13 20:00:00,83943.6,84393.4,83091.6,83449.9,5702.798,477672268.325
2025-04-13 21:00:00,83449.9,83783.6,82977.9,83559.5,5780.005,481920350.478
2025-04-13 22:00:00,83559.5,83832.6,83120.0,83288.7,3595.336,299902084.6541
2025-04-13 23:00:00,83288.7,83801.0,83117.4,83716.8,2024.212,168967882.7539
2025-04-14 00:00:00,83716.8,85164.8,83637.5,84293.0,7949.187,672326372.6702
2025-04-14 01:00:00,84293.0,84650.0,84039.6,84191.7,3006.753,253671822.9803
2025-04-14 02:00:00,84191.7,85535.8,84001.2,85085.5,8367.253,711721693.2984
2025-04-14 03:00:00,85085.5,85133.9,84412.1,84530.1,4681.977,396916018.8097
2025-04-14 04:00:00,84530.1,85073.2,84373.0,84844.8,2603.891,220642083.8066
2025-04-14 05:00:00,84844.8,84967.0,84303.6,84541.2,2881.107,243587014.6196
2025-04-14 06:00:00,84541.2,84611.2,84250.0,84585.1,1713.114,144661199.5775
2025-04-14 07:00:00,84585.1,84746.4,84169.7,84552.8,2201.626,185992786.948
2025-04-14 08:00:00,84552.8,84931.0,84400.0,84729.2,2285.15,193457963.138
2025-04-14 09:00:00,84729.2,84879.5,84210.4,84405.5,2119.07,179122373.6441
2025-04-14 10:00:00,84405.5,84784.3,84266.9,84618.2,2966.392,250877762.6839
2025-04-14 11:00:00,84618.2,84927.7,84466.1,84890.0,2364.017,200388456.58
2025-04-14 12:00:00,84890.0,85207.0,84708.6,85090.0,3755.884,319185926.5759
2025-04-14 13:00:00,85090.0,85246.0,84021.3,84338.0,7422.426,627836245.7047
2025-04-14 14:00:00,84338.0,85771.1,84230.0,85380.0,9087.764,774064369.6269
2025-04-14 15:00:00,85380.0,85429.1,83639.4,84064.9,13491.362,1138630784.7301
2025-04-14 16:00:00,84064.9,84650.8,83812.7,84307.2,6257.25,527283658.3329
2025-04-14 17:00:00,84307.2,84862.0,84180.9,84832.3,3305.861,279377828.3497
2025-04-14 18:00:00,84832.3,85030.4,84632.8,84951.3,3242.374,275208216.2938
2025-04-14 19:00:00,84951.3,85174.0,84718.7,84870.4,3357.837,285280816.1414
2025-04-14 20:00:00,84870.4,84925.3,84485.3,84805.9,2164.488,183365390.9421
2025-04-14 21:00:00,84805.9,84937.3,84409.6,84666.8,1769.753,149820784.2913
2025-04-14 22:00:00,84666.8,84692.4,84381.7,84458.5,1229.726,103960731.0224
2025-04-14 23:00:00,84458.5,84733.6,84376.7,84547.4,1152.415,97409116.1349
2025-04-15 00:00:00,84547.4,84921.7,84300.9,84877.6,2377.111,201198929.1861
2025-04-15 01:00:00,84877.6,85100.0,84484.0,84935.5,2421.197,205488749.5863
2025-04-15 02:00:00,84935.5,85268.0,84657.9,85189.4,3845.499,326705515.7591
2025-04-15 03:00:00,85189.4,85397.3,85040.0,85367.3,3505.286,298742297.1686
2025-04-15 04:00:00,85367.3,85507.8,85126.0,85461.6,3310.068,282404517.1992
2025-04-15 05:00:00,85461.6,85873.3,85451.2,85508.8,4314.991,369600617.2757
2025-04-15 06:00:00,85508.8,85664.0,85326.0,85365.0,2898.23,247730997.6292
2025-04-15 07:00:00,85365.0,85774.4,85365.0,85710.5,2595.263,222264114.3369
2025-04-15 08:00:00,85710.5,85978.5,85650.0,85817.4,3777.672,324261107.3516
2025-04-15 09:00:00,85817.4,85966.9,85577.3,85965.1,2899.516,248798074.8394
2025-04-15 10:00:00,85965.1,85998.9,85419.8,85606.4,3443.989,295093950.5154
2025-04-15 11:00:00,85606.4,85644.6,85327.3,85549.9,2307.985,197302831.0845
2025-04-15 12:00:00,85549.9,85795.0,85405.4,85791.1,2472.648,211652657.5355
2025-04-15 13:00:00,85791.1,86444.0,85459.0,85542.8,12006.983,1031871693.6956
2025-04-15 14:00:00,85542.8,85940.0,84764.5,85104.5,14411.493,1228109700.5298
2025-04-15 15:00:00,85104.5,85340.0,84560.7,84863.3,6407.191,544260655.8216
2025-04-15 16:00:00,84863.3,85104.4,84723.8,84806.2,3432.787,291510536.9097
2025-04-15 17:00:00,84806.2,84965.8,84360.0,84415.6,3405.916,288307428.6927
2025-04-15 18:00:00,84415.6,84557.9,84088.0,84140.0,4093.185,345039347.3528
2025-04-15 19:00:00,84140.0,84176.9,83865.0,83943.7,4128.429,346861271.3867
2025-04-15 20:00:00,83943.7,84149.6,83747.1,83964.2,2738.294,229871671.9193
2025-04-15 21:00:00,83964.2,84181.7,83812.6,84120.1,2316.251,194590904.6481
2025-04-15 22:00:00,84120.1,84120.1,83650.9,83787.5,3011.505,252534134.3877
2025-04-15 23:00:00,83787.5,83821.3,83518.5,83603.7,2455.283,205366348.6219
2025-04-16 00:00:00,83603.7,83654.1,83079.2,83096.1,3896.915,324775523.4292
2025-04-16 01:00:00,83096.1,83610.3,83055.0,83583.6,2712.996,226201184.8067
2025-04-16 02:00:00,83583.6,83878.0,83537.1,83844.5,2694.05,225589234.2404
2025-04-16 03:00:00,83844.5,83910.5,83608.3,83634.6,1527.159,127877088.4646
2025-04-16 04:00:00,83634.6,83752.8,83342.6,83530.4,2202.063,183924352.805
2025-04-16 05:00:00,83530.4,83760.0,83150.0,83310.8,3558.755,296809418.1161
2025-04-16 06:00:00,83310.8,83712.6,83220.0,83599.5,2089.15,174450955.7999
2025-04-16 07:00:00,83599.5,83708.7,83264.0,83312.8,2073.194,172918047.6443
2025-04-16 08:00:00,83312.8,84093.0,83075.3,83695.2,7058.517,590067318.8405
2025-04-16 09:00:00,83695.2,83892.6,83550.5,83550.6,1763.648,147637258.26
2025-04-16 10:00:00,83550.6,83943.7,83521.1,83895.7,1969.169,165002152.3138
2025-04-16 11:00:00,83895.7,84092.0,83722.0,84004.8,2444.829,205185492.1794
2025-04-16 12:00:00,84004.8,84223.0,83671.9,83704.2,3254.867,273198376.8101
2025-04-16 13:00:00,83704.2,84150.0,83456.7,83680.1,5616.182,470394180.257
2025-04-16 14:00:00,83680.1,84810.9,83655.3,84563.0,7645.237,645016849.409
2025-04-16 15:00:00,84563.0,85225.4,84460.0,84799.9,8592.397,729572907.2991
2025-04-16 16:00:00,84799.9,85195.3,84650.0,85005.3,4571.195,388102234.4195
2025-04-16 17:00:00,85005.3,85522.7,83242.7,83250.0,13963.059,1179085671.2551
2025-04-16 18:00:00,83250.0,84425.5,83224.4,83979.9,11265.71,945465533.667
2025-04-16 19:00:00,83979.9,84450.0,83750.0,84294.1,3680.108,309600963.4258
2025-04-16 20:00:00,84294.1,84617.0,84193.2,84259.6,2069.336,174662671.8332
2025-04-16 21:00:00,84259.6,84636.3,84220.0,84508.6,1600.595,135214373.164
2025-04-16 22:00:00,84508.6,84549.4,84253.8,84411.8,1180.571,99620420.7214
2025-04-16 23:00:00,84411.8,84450.0,83985.3,83986.0,1684.096,141707107.0355
2025-04-17 00:00:00,83986.0,84175.0,83889.8,84174.9,2026.746,170254483.7204
2025-04-17 01:00:00,84174.9,84450.9,84078.2,84299.2,1446.786,121917242.4205
2025-04-17 02:00:00,84299.2,84299.3,83962.3,84218.3,1612.043,135563344.7775
2025-04-17 03:00:00,84218.3,84250.3,83762.0,83949.2,2026.622,170096153.4746
2025-04-17 04:00:00,83949.2,84149.5,83849.4,84115.5,1159.197,97338326.1223
2025-04-17 05:00:00,84115.5,84457.7,84050.0,84350.4,1578.405,133059018.1734
2025-04-17 06:00:00,84350.4,84833.7,84285.6,84740.5,2754.812,233081331.9428
2025-04-17 07:00:00,84740.5,85018.5,84566.0,84638.3,2769.812,234742795.0574
2025-04-17 08:00:00,84638.3,84736.4,84352.8,84404.9,1762.897,149026873.1544
2025-04-17 09:00:00,84404.9,84491.0,84304.1,84436.9,1779.097,150148041.3873
2025-04-17 10:00:00,84436.9,84474.7,84134.1,84330.0,1824.157,153723383.4849
2025-04-17 11:00:00,84330.0,84726.6,84231.5,84527.3,2276.87,192373668.0939
2025-04-17 12:00:00,84527.3,84831.3,84527.2,84747.7,2813.249,238347826.3059
2025-04-17 13:00:00,84747.7,84748.5,84268.9,84430.9,4177.907,353079213.8927
2025-04-17 14:00:00,84430.9,84430.9,83677.4,84050.3,6596.436,554212120.0846
2025-04-17 15:00:00,84050.3,84662.7,84050.2,84499.4,4453.012,376012589.1534
2025-04-17 16:00:00,84499.4,85140.8,84339.5,84889.0,7463.184,632672907.361
2025-04-17 17:00:00,84889.0,85182.9,84748.3,85075.4,4642.172,394582343.8238
2025-04-17 18:00:00,85075.4,85455.8,84866.4,84866.5,5643.26,480999778.3226
2025-04-17 19:00:00,84866.5,85099.5,84452.8,84799.4,4220.8,357652183.4312
2025-04-17 20:00:00,84799.4,85112.3,84799.0,85106.0,2182.332,185449607.2792
2025-04-17 21:00:00,85106.0,85106.1,84854.4,85015.2,1119.559,95134619.2293
2025-04-17 22:00:00,85015.2,85067.0,84685.0,84688.6,1430.871,121452052.3515
2025-04-17 23:00:00,84688.6,84979.9,84688.6,84906.5,831.977,70601190.7335
2025-04-18 00:00:00,84906.5,84974.6,84675.2,84775.5,1017.757,86341859.7399
2025-04-18 01:00:00,84775.5,85104.7,84775.5,84888.9,1050.347,89221707.7312
2025-04-18 02:00:00,84888.9,84947.0,84778.3,84865.9,656.02,55679106.8802
2025-04-18 03:00:00,84865.9,84871.8,84704.5,84796.7,1059.96,89850276.0584
2025-04-18 04:00:00,84796.7,84810.1,84550.0,84621.2,1503.93,127274783.587
2025-04-18 05:00:00,84621.2,84698.0,84468.9,84692.7,1462.634,123690037.6559
2025-04-18 06:00:00,84692.7,84738.9,84550.0,84675.9,780.433,66058559.2264
2025-04-18 07:00:00,84675.9,84690.0,84375.0,84615.1,1941.314,164061453.0358
2025-04-18 08:00:00,84615.1,84738.9,84569.9,84611.2,1163.888,98552768.2749
2025-04-18 09:00:00,84611.2,84617.9,84480.2,84505.4,929.96,78625366.0861
2025-04-18 10:00:00,84505.4,84611.0,84450.0,84488.8,839.186,70936457.8624
2025-04-18 11:00:00,84488.8,84635.4,84420.1,84627.3,903.779,76397819.2281
2025-04-18 12:00:00,84627.3,84725.3,84522.0,84591.5,1248.786,105688683.9188
2025-04-18 13:00:00,84591.5,84591.5,84419.0,84511.9,2392.909,202201968.795
2025-04-18 14:00:00,84511.9,84570.0,84323.4,84531.9,1507.81,127331212.4993
2025-04-18 15:00:00,84531.9,84562.5,84276.1,84329.4,1284.167,108351398.7329
2025-04-18 16:00:00,84329.4,84510.8,84250.0,84431.3,1267.741,107009210.6736
2025-04-18 17:00:00,84431.3,84569.5,84340.6,84524.5,1070.758,90449208.0199
2025-04-18 18:00:00,84524.5,84618.0,84466.8,84582.3,615.954,52086835.7725
2025-04-18 19:00:00,84582.3,84605.9,84474.5,84533.9,608.054,51409620.4517
2025-04-18 20:00:00,84533.9,84594.7,84425.1,84474.1,421.451,35608133.4613
2025-04-18 21:00:00,84474.1,84647.0,84451.5,84581.2,881.959,74557052.0721
2025-04-18 22:00:00,84581.2,84600.8,84377.4,84478.0,723.053,61075712.6516
2025-04-18 23:00:00,84478.0,84478.0,84290.0,84419.6,725.263,61188607.2277
2025-04-19 00:00:00,84419.6,84440.9,84324.1,84392.8,420.172,35454961.0139
2025-04-19 01:00:00,84392.8,84552.0,84376.3,84500.0,521.267,44042144.193
2025-04-19 02:00:00,84500.0,84777.0,84450.4,84739.8,1481.51,125404442.1096
2025-04-19 03:00:00,84739.8,84944.7,84732.1,84838.4,1564.401,132716214.4369
2025-04-19 04:00:00,84838.4,85230.0,84833.9,84984.7,2438.137,207360824.1166
2025-04-19 05:00:00,84984.7,85142.4,84950.1,85047.0,1023.582,87074356.2412
2025-04-19 06:00:00,85047.0,85071.2,84865.3,84897.0,1345.005,114273438.5591
2025-04-19 07:00:00,84897.0,85235.1,84897.0,85186.9,1557.885,132603800.6386
2025-04-19 08:00:00,85186.9,85374.0,85085.1,85289.9,1725.495,147085378.6888
2025-04-19 09:00:00,85289.9,85426.1,85200.0,85315.4,2219.0,189419615.5889
2025-04-19 10:00:00,85315.4,85329.8,85135.4,85230.9,1189.686,101385843.071
2025-04-19 11:00:00,85230.9,85268.0,85100.0,85194.0,857.686,73057429.2483
2025-04-19 12:00:00,85194.0,85300.0,85168.0,85266.6,522.634,44555649.2674
2025-04-19 13:00:00,85266.6,85472.2,85172.9,85456.0,2040.989,174214246.0059
2025-04-19 14:00:00,85456.0,85487.0,85331.5,85380.8,1911.414,163270446.8054
2025-04-19 15:00:00,85380.8,85644.6,85041.6,85150.0,3705.366,316380292.6752
2025-04-19 16:00:00,85150.0,85290.9,84659.4,84813.8,3345.976,284285127.702
2025-04-19 17:00:00,84813.8,85225.4,84797.4,85214.0,2232.974,189925150.3735
2025-04-19 18:00:00,85214.0,85295.1,85100.0,85106.0,1768.749,150692137.0192
2025-04-19 19:00:00,85106.0,85175.3,84997.8,85054.7,1257.752,106992395.5044
2025-04-19 20:00:00,85054.7,85236.5,84973.7,85148.1,812.284,69152967.1279
2025-04-19 21:00:00,85148.1,85350.0,85137.5,85303.6,811.51,69200185.4492
2025-04-19 22:00:00,85303.6,85371.3,85177.8,85227.2,1089.828,92933279.4205
2025-04-19 23:00:00,85227.2,85227.3,85016.8,85048.5,434.829,37011164.3151
2025-04-20 00:00:00,85048.5,85200.0,85006.6,85129.9,646.402,55012647.5917
2025-04-20 01:00:00,85129.9,85286.4,85102.0,85273.9,732.9,62462243.0332
2025-04-20 02:00:00,85273.9,85290.0,85157.4,85190.3,556.044,47387713.9789
2025-04-20 03:00:00,85190.3,85219.0,85068.7,85119.1,481.944,41029018.3802
2025-04-20 04:00:00,85119.1,85212.0,85059.0,85143.2,505.232,43013345.2759
2025-04-20 05:00:00,85143.2,85155.9,85050.0,85050.0,664.406,56535023.3347
2025-04-20 06:00:00,85050.0,85121.0,84800.1,84906.7,1507.186,128046271.9813
2025-04-20 07:00:00,84906.7,84906.7,84608.2,84730.1,2605.702,220781689.2615
2025-04-20 08:00:00,84730.1,84757.4,84560.0,84584.1,1930.448,163390590.3694
2025-04-20 09:00:00,84584.1,84584.1,84395.0,84485.7,2142.692,181040187.9807
2025-04-20 10:00:00,84485.7,84485.7,83921.8,84130.1,3960.729,333441140.1131
2025-04-20 11:00:00,84130.1,84210.0,83882.7,84080.1,2996.594,251822256.8749
2025-04-20 12:00:00,84080.1,84430.0,84054.3,84313.4,2335.384,196785624.9772
2025-04-20 13:00:00,84313.4,84410.0,84100.0,84269.4,1695.746,142856755.6833
2025-04-20 14:00:00,84269.4,84627.6,84210.6,84580.5,2320.631,196096465.8493
2025-04-20 15:00:00,84580.5,84581.9,84246.6,84296.0,1383.549,116766000.8713
2025-04-20 16:00:00,84296.0,84580.6,84222.7,84559.9,1271.19,107370985.8353
2025-04-20 17:00:00,84559.9,84585.7,84400.0,84538.6,894.147,75571455.349
2025-04-20 18:00:00,84538.6,84599.7,84421.3,84533.5,904.374,76436993.7718
2025-04-20 19:00:00,84533.5,84623.6,84478.7,84600.6,634.616,53652711.2466
2025-04-20 20:00:00,84600.6,85220.0,84571.3,85086.4,4416.481,375317154.5749
2025-04-20 21:00:00,85086.4,85199.9,84870.4,84973.5,1351.492,114898362.6301
2025-04-20 22:00:00,84973.5,84996.0,84621.3,84791.2,1426.327,120901086.5192
2025-04-20 23:00:00,84791.2,85281.8,84791.1,85145.5,2921.818,248581360.7662
2025-04-21 00:00:00,85145.5,86999.9,85106.1,86584.9,15105.128,1302424901.9843
2025-04-21 01:00:00,86584.9,87407.1,86584.9,87241.1,7953.604,692550799.2135
2025-04-21 02:00:00,87241.1,87626.4,87090.3,87321.6,4952.984,432519880.0857
2025-04-21 03:00:00,87321.6,87605.0,87144.9,87174.8,3663.085,320004833.7565
2025-04-21 04:00:00,87174.8,87367.6,87033.0,87338.2,3630.197,316595905.5427
2025-04-21 05:00:00,87338.2,87737.7,87311.0,87513.0,4650.884,406892516.4934
2025-04-21 06:00:00,87513.0,87661.6,87329.8,87478.0,1970.052,172331681.9576
2025-04-21 07:00:00,87478.0,87573.4,87294.5,87418.7,2142.032,187347306.3634
2025-04-21 08:00:00,87418.7,87699.2,87400.0,87550.0,2923.995,256053199.8594
2025-04-21 09:00:00,87550.0,87771.9,87274.4,87483.2,3264.171,285543788.3512
2025-04-21 10:00:00,87483.2,87553.2,87211.9,87300.0,2057.313,179641709.9503
2025-04-21 11:00:00,87300.0,87313.3,86615.2,86940.4,5075.542,441088850.7591
2025-04-21 12:00:00,86940.4,87524.6,86935.4,87005.5,5649.754,492820985.5619
2025-04-21 13:00:00,87005.5,87570.0,86755.5,87000.0,8370.76,729728059.8589
2025-04-21 14:00:00,87000.0,88442.9,86900.0,88172.1,16422.192,1443833924.6363
2025-04-21 15:00:00,88172.1,88300.0,87810.0,87992.1,5013.251,441625978.4761
2025-04-21 16:00:00,87992.1,88219.9,87016.0,87147.1,7006.154,613749728.5471
2025-04-21 17:00:00,87147.1,87260.0,86350.0,86817.7,12214.23,1060383918.2577
2025-04-21 18:00:00,86817.7,87027.8,86606.0,86760.3,3868.912,335975205.2346
2025-04-21 19:00:00,86760.3,87440.0,86675.6,87359.9,5047.685,439962463.2188
2025-04-21 20:00:00,87359.9,87389.0,87102.0,87338.8,1719.964,149998127.8269
2025-04-21 21:00:00,87338.8,87350.0,86786.8,87231.0,2221.891,193525769.3466
2025-04-21 22:00:00,87231.0,87248.6,86880.2,87122.1,1795.941,156309037.2246
2025-04-21 23:00:00,87122.1,87592.6,86985.3,87471.1,2684.407,234333081.0481
2025-04-22 00:00:00,87471.1,87701.7,87013.6,87650.0,4814.727,420831477.2438
2025-04-22 01:00:00,87650.0,88842.1,87466.8,88351.3,11206.774,989691954.6121
2025-04-22 02:00:00,88351.3,88650.0,87869.9,88141.7,4430.282,390798626.2639
2025-04-22 03:00:00,88141.7,88257.3,87800.0,88117.4,3088.057,271949644.145
2025-04-22 04:00:00,88117.4,88337.7,87986.5,88016.7,2635.829,232385232.0263
2025-04-22 05:00:00,88016.7,88374.8,87920.0,88348.2,2113.641,186382701.6914
2025-04-22 06:00:00,88348.2,88421.4,87941.8,88197.1,2392.961,210910101.7911
2025-04-22 07:00:00,88197.1,88449.8,88115.7,88439.4,1823.827,161089646.0859
2025-04-22 08:00:00,88439.4,88649.2,88280.0,88360.7,3158.889,279434221.6173
2025-04-22 09:00:00,88360.7,88575.3,88280.0,88539.0,1692.958,149722342.2124
2025-04-22 10:00:00,88539.0,88560.0,88200.1,88476.3,1910.938,168940180.7403
2025-04-22 11:00:00,88476.3,88681.9,88435.6,88581.0,1798.32,159269137.7401
2025-04-22 12:00:00,88581.0,89193.0,88440.0,88947.6,7446.265,661353587.599
2025-04-22 13:00:00,88947.6,90476.4,88896.9,90191.3,21285.797,1910649175.8333
2025-04-22 14:00:00,90191.3,90914.4,89981.4,90730.8,11855.199,1072497500.0872
2025-04-22 15:00:00,90730.8,91366.9,90340.0,90876.0,14827.217,1348093462.7533
2025-04-22 16:00:00,90876.0,90994.1,90566.6,90628.7,3684.131,334266323.5096
2025-04-22 17:00:00,90628.7,91440.1,90601.8,91336.5,6798.768,618802836.7093
2025-04-22 18:00:00,91336.5,91643.4,91073.3,91437.6,5114.892,467168492.5688
2025-04-22 19:00:00,91437.6,91671.2,90865.5,91355.9,4717.988,430894675.0024
2025-04-22 20:00:00,91355.9,91440.0,90988.7,91038.1,1755.75,160139119.6718
2025-04-22 21:00:00,91038.1,94000.0,90984.1,92997.6,20675.954,1911760721.8569
2025-04-22 22:00:00,92997.6,93297.5,92502.9,92759.9,6549.722,608119001.4034
2025-04-22 23:00:00,92759.9,93840.8,92759.9,93400.0,7594.902,709045118.4503
2025-04-23 00:00:00,93400.0,93873.4,92754.3,92868.1,5959.531,556235959.9752
2025-04-23 01:00:00,92868.1,93489.3,92561.0,92612.0,3766.565,350431743.6087
2025-04-23 02:00:00,92612.0,93222.0,92578.6,92832.6,2843.963,264089223.3764
2025-04-23 03:00:00,92832.6,93184.7,92651.4,93128.3,1773.399,164759195.2713
2025-04-23 04:00:00,93128.3,93634.5,92969.0,93608.6,2815.906,262604235.3657
2025-04-23 05:00:00,93608.6,93608.6,93240.5,93443.0,2627.421,245411769.8949
2025-04-23 06:00:00,93443.0,93820.0,93378.1,93587.7,2502.492,234306449.9008
2025-04-23 07:00:00,93587.7,94242.6,93450.0,94100.4,4333.179,406685994.3213
2025-04-23 08:00:00,94100.4,94507.0,93875.1,94245.8,5542.46,522006585.2391
2025-04-23 09:00:00,94245.8,94364.8,93860.0,93860.0,2851.763,268306578.7603
2025-04-23 10:00:00,93860.0,93860.1,93299.2,93682.3,5120.339,479126847.8927
2025-04-23 11:00:00,93682.3,93740.0,93268.4,93426.3,2250.98,210466173.0963
2025-04-23 12:00:00,93426.3,93800.0,93379.6,93684.8,3555.74,333063993.4484
2025-04-23 13:00:00,93684.8,94722.9,92825.0,92975.5,20895.074,1959485831.4251
2025-04-23 14:00:00,92975.5,93600.0,92620.8,92900.1,9131.036,849624354.1091
2025-04-23 15:00:00,92900.1,93180.0,91911.8,93133.0,11263.613,1041411950.3023
2025-04-23 16:00:00,93133.0,93729.5,92862.8,93582.9,6387.681,596054290.1007
2025-04-23 17:00:00,93582.9,93929.7,93393.2,93857.2,3550.726,332777489.6868
2025-04-23 18:00:00,93857.2,94189.1,93558.0,93562.7,3425.941,321636311.1995
2025-04-23 19:00:00,93562.7,93570.9,92909.0,93427.9,5302.576,494705985.5148
2025-04-23 20:00:00,93427.9,93839.8,93405.2,93591.8,2985.953,279700204.6403
2025-04-23 21:00:00,93591.8,93876.8,93222.0,93431.9,1921.98,179856640.2493
2025-04-23 22:00:00,93431.9,93741.8,93178.3,93741.7,1885.052,176174927.8646
2025-04-23 23:00:00,93741.7,93793.3,93470.0,93635.2,1279.549,119820899.2247
2025-04-24 00:00:00,93635.2,93724.8,93200.0,93320.4,2187.608,204413102.6514
2025-04-24 01:00:00,93320.4,93576.5,93012.5,93441.0,2144.933,200052471.7377
2025-04-24 02:00:00,93441.0,93594.2,92947.6,93053.3,2395.525,223427616.7154
2025-04-24 03:00:00,93053.3,93288.7,92579.2,92621.7,3652.825,339480387.2236
2025-04-24 04:00:00,92621.7,92780.3,92321.7,92706.0,4343.401,402180846.2608
2025-04-24 05:00:00,92706.0,92862.0,92479.1,92540.5,1489.909,138086243.7085
2025-04-24 06:00:00,92540.5,92620.0,92207.3,92348.3,2591.043,239472968.4449
2025-04-24 07:00:00,92348.3,92599.0,92060.8,92156.4,2571.227,237268099.1883
2025-04-24 08:00:00,92156.4,92322.2,91631.5,91984.2,5747.686,528357815.1197
2025-04-24 09:00:00,91984.2,92543.0,91937.2,92437.1,4017.646,370758953.3429
2025-04-24 10:00:00,92437.1,92620.0,92326.0,92512.7,2418.782,223697065.6443
2025-04-24 11:00:00,92512.7,92595.6,92235.3,92577.5,2784.022,257238468.3848
2025-04-24 12:00:00,92577.5,92772.4,92388.4,92732.5,2483.08,229939939.591
2025-04-24 13:00:00,92732.5,92929.2,92500.2,92770.0,4490.924,416383594.5635
2025-04-24 14:00:00,92770.0,93360.6,92566.5,93048.0,8687.425,807743864.4071
2025-04-24 15:00:00,93048.0,93420.3,92960.0,93160.0,3118.439,290696403.979
2025-04-24 16:00:00,93160.0,93554.8,93160.0,93304.7,3756.422,350912061.7803
2025-04-24 17:00:00,93304.7,93387.8,92613.3,92965.9,4504.011,418504670.6687
2025-04-24 18:00:00,92965.9,93430.4,92952.6,93341.9,2250.813,209827716.655
2025-04-24 19:00:00,93341.9,93624.1,93158.0,93519.4,3065.426,286520226.9724
2025-04-24 20:00:00,93519.4,93620.0,93269.0,93353.9,2330.107,217736143.6731
2025-04-24 21:00:00,93353.9,93532.3,92999.0,93321.1,2077.875,193781325.7882
2025-04-24 22:00:00,93321.1,93550.0,93244.5,93398.7,1352.673,126365356.5782
2025-04-24 23:00:00,93398.7,93985.8,93338.0,93945.5,4129.47,387192936.5797
2025-04-25 00:00:00,93945.5,93998.0,93500.0,93866.9,2568.118,240712244.1777
2025-04-25 01:00:00,93866.9,94400.0,93560.4,93626.0,5105.618,480003978.1693
2025-04-25 02:00:00,93626.0,93845.5,92828.6,92942.2,4980.049,464349101.2686
2025-04-25 03:00:00,92942.2,93332.7,92775.6,93259.9,2676.685,249132202.265
2025-04-25 04:00:00,93259.9,93439.8,92982.6,93000.0,2357.053,219712274.6487
2025-04-25 05:00:00,93000.0,93370.8,92951.1,93161.8,1411.185,131528613.6904
2025-04-25 06:00:00,93161.8,93578.0,93153.8,93498.1,1473.397,137623697.8243
2025-04-25 07:00:00,93498.1,93835.0,93454.5,93747.9,3341.207,312862404.2724
2025-04-25 08:00:00,93747.9,93860.7,93590.7,93647.8,1163.307,108992745.6377
2025-04-25 09:00:00,93647.8,93839.1,93505.3,93785.0,1258.282,117866513.8322
2025-04-25 10:00:00,93785.0,93930.8,93537.0,93597.5,2223.838,208356013.8011
2025-04-25 11:00:00,93597.5,94619.6,93597.5,94593.2,5124.271,482510964.5664
2025-04-25 12:00:00,94593.2,94979.4,94220.3,94371.4,10796.921,1022009205.406
2025-04-25 13:00:00,94371.4,94647.5,93888.8,94350.0,5529.757,521672266.8326
2025-04-25 14:00:00,94350.0,95724.5,94331.7,95335.3,17643.988,1677292132.6342
2025-04-25 15:00:00,95335.3,95639.7,94760.1,95012.8,6765.378,644181078.6831
2025-04-25 16:00:00,95012.8,95325.0,94670.6,95162.5,3927.09,373308204.2195
2025-04-25 17:00:00,95162.5,95515.3,94329.6,94483.9,6129.043,582081507.5653
2025-04-25 18:00:00,94483.9,95179.9,94483.9,94919.2,3212.278,304644212.4896
2025-04-25 19:00:00,94919.2,95263.0,94800.2,95230.6,2735.836,260021612.0262
2025-04-25 20:00:00,95230.6,95286.5,94710.0,94809.8,2026.903,192369931.4677
2025-04-25 21:00:00,94809.8,94962.8,94406.0,94557.2,1544.875,146248816.5542
2025-04-25 22:00:00,94557.2,94913.6,94537.5,94794.4,1107.399,104949713.7598
2025-04-25 23:00:00,94794.4,94928.9,94554.6,94596.2,1354.68,128245391.7297
2025-04-26 00:00:00,94596.2,94898.9,94510.0,94852.2,1743.193,165098408.2421
2025-04-26 01:00:00,94852.2,95150.0,94709.9,94977.6,1473.865,139975267.9294
2025-04-26 02:00:00,94977.6,95110.0,94658.2,94939.2,1162.63,110291565.7358
2025-04-26 03:00:00,94939.2,95016.7,94662.1,94689.7,836.385,79255589.333
2025-04-26 04:00:00,94689.7,94776.5,94475.0,94488.3,1108.253,104838218.5383
2025-04-26 05:00:00,94488.3,94660.0,94264.1,94577.9,1625.888,153631379.991
2025-04-26 06:00:00,94577.9,94709.0,94540.0,94600.6,899.385,85092815.376
2025-04-26 07:00:00,94600.6,94746.9,94498.2,94507.6,1051.788,99541196.5938
2025-04-26 08:00:00,94507.6,94680.0,94206.2,94268.0,1902.936,179666159.2763
2025-04-26 09:00:00,94268.0,94380.3,94067.1,94227.3,2044.503,192606240.1488
2025-04-26 10:00:00,94227.3,94357.7,94100.6,94168.0,985.8,92904016.9863
2025-04-26 11:00:00,94168.0,94215.1,93950.0,94101.0,1975.472,185821104.1318
2025-04-26 12:00:00,94101.0,94286.0,94065.9,94198.9,1558.067,146757414.6307
2025-04-26 13:00:00,94198.9,94262.2,93839.8,94108.9,1713.307,161074721.9875
2025-04-26 14:00:00,94108.9,94231.3,93877.3,94200.0,1568.604,147570463.1834
2025-04-26 15:00:00,94200.0,94363.4,94145.0,94333.6,1299.598,122522340.8919
2025-04-26 16:00:00,94333.6,94333.6,94000.2,94241.4,1139.37,107312868.2884
2025-04-26 17:00:00,94241.4,94328.5,94168.0,94276.8,439.077,41385978.9719
2025-04-26 18:00:00,94276.8,94327.4,94071.1,94096.6,657.833,61975729.1179
2025-04-26 19:00:00,94096.6,94275.4,94045.0,94251.1,501.502,47218832.9855
2025-04-26 20:00:00,94251.1,94328.5,94035.0,94035.1,743.979,70064147.1704
2025-04-26 21:00:00,94035.1,94312.4,94035.0,94312.4,811.926,76488166.608
2025-04-26 22:00:00,94312.4,94753.4,94312.4,94734.2,2479.467,234471830.4172
2025-04-26 23:00:00,94734.2,94870.0,94510.1,94578.3,1340.002,126882053.2922
2025-04-27 00:00:00,94578.3,94976.3,94527.6,94830.2,1921.321,182191813.9723
2025-04-27 01:00:00,94830.2,95279.4,93959.1,94075.6,6254.717,591710619.3124
2025-04-27 02:00:00,94075.6,94414.3,94000.2,94301.8,1559.355,146957761.0985
2025-04-27 03:00:00,94301.8,94417.7,94090.0,94120.0,886.712,83559605.0564
2025-04-27 04:00:00,94120.0,94250.0,93960.0,93974.3,1078.768,101521943.3158
2025-04-27 05:00:00,93974.3,94128.9,93592.8,93870.3,3455.163,324174050.7875
2025-04-27 06:00:00,93870.3,94044.0,93815.8,93969.0,795.366,74718426.2321
2025-04-27 07:00:00,93969.0,94100.0,93881.2,94022.1,984.314,92551802.697
2025-04-27 08:00:00,94022.1,94279.1,93971.3,94162.4,1327.367,124966045.6532
2025-04-27 09:00:00,94162.4,94189.7,94058.0,94114.4,932.116,87726628.9053
2025-04-27 10:00:00,94114.4,94143.6,93899.0,94011.1,977.318,91887615.0449
2025-04-27 11:00:00,94011.1,94043.8,93835.5,93866.0,820.894,77100941.8698
2025-04-27 12:00:00,93866.0,93920.4,93624.0,93689.5,2268.714,212739788.5891
2025-04-27 13:00:00,93689.5,94027.1,93538.4,94006.3,2801.226,262786540.1369
2025-04-27 14:00:00,94006.3,94130.0,93873.7,93939.1,1561.56,146792366.6596
2025-04-27 15:00:00,93939.1,93964.6,93734.7,93851.6,1172.048,109978620.6629
2025-04-27 16:00:00,93851.6,93878.9,93673.5,93829.1,937.826,87951303.3811
2025-04-27 17:00:00,93829.1,94120.8,93739.6,94001.9,1311.994,123304679.1241
2025-04-27 18:00:00,94001.9,94386.2,93956.2,94253.6,1631.501,153734348.3868
2025-04-27 19:00:00,94253.6,94405.3,94160.5,94396.1,869.978,82042796.5698
2025-04-27 20:00:00,94396.1,94401.3,94220.0,94220.0,741.347,69907796.0849
2025-04-27 21:00:00,94220.0,94516.8,94116.1,94289.3,981.388,92569677.4039
2025-04-27 22:00:00,94289.3,94296.7,93576.9,93887.4,3467.089,325528362.3265
2025-04-27 23:00:00,93887.4,93887.4,93605.0,93700.0,1268.697,118913844.3025
2025-04-28 00:00:00,93700.0,93745.0,93224.6,93371.5,4633.159,433004446.9542
2025-04-28 01:00:00,93371.5,93547.6,92750.0,92902.2,5127.788,477054437.8359
2025-04-28 02:00:00,92902.2,93577.0,92838.9,93570.6,4001.533,373232243.9117
2025-04-28 03:00:00,93570.6,93943.5,93420.0,93812.3,2679.296,251103161.2378
2025-04-28 04:00:00,93812.3,94140.5,93812.2,93993.6,2142.485,201363895.8371
2025-04-28 05:00:00,93993.6,94320.6,93918.8,94185.4,2246.605,211453309.1491
2025-04-28 06:00:00,94185.4,94641.0,94185.4,94540.0,3041.531,287130749.5175
2025-04-28 07:00:00,94540.0,94762.7,94444.2,94650.0,2387.439,225871381.8162
2025-04-28 08:00:00,94650.0,94799.9,94545.0,94661.5,2636.019,249544526.8595
2025-04-28 09:00:00,94661.5,94842.8,94617.7,94685.2,2377.43,225211547.1813
2025-04-28 10:00:00,94685.2,95169.6,94280.5,95008.5,6764.943,641540163.1946
2025-04-28 11:00:00,95008.5,95480.2,94958.2,95274.2,5434.552,517810486.1409
2025-04-28 12:00:00,95274.2,95564.8,95017.1,95296.2,3938.066,375222043.2797
2025-04-28 13:00:00,95296.2,95500.0,93856.0,93919.5,12147.092,1149880039.7211
2025-04-28 14:00:00,93919.5,94850.0,93796.0,94378.1,8835.506,834038230.4189
2025-04-28 15:00:00,94378.1,94479.9,93524.0,93782.2,6864.064,644015585.6131
2025-04-28 16:00:00,93782.2,93970.0,93381.9,93677.4,5179.754,485239057.3269
2025-04-28 17:00:00,93677.4,94065.8,93421.4,94047.1,2709.705,254006931.1699
2025-04-28 18:00:00,94047.1,94173.9,93739.5,94140.0,1977.742,185830378.7839
2025-04-28 19:00:00,94140.0,94874.3,94098.7,94733.5,4741.357,448648954.1152
2025-04-28 20:00:00,94733.5,94759.6,94305.5,94412.0,2127.951,201179664.1229
2025-04-28 21:00:00,94412.0,94503.2,94250.8,94494.9,906.016,85506004.3834
2025-04-28 22:00:00,94494.9,94833.4,94425.3,94764.0,1606.683,152036317.2171
2025-04-28 23:00:00,94764.0,95126.8,94737.2,94969.7,3414.686,324271910.1747
2025-04-29 00:00:00,94969.7,95193.1,94785.0,95018.7,2192.357,208248305.6488
2025-04-29 01:00:00,95018.7,95440.0,94672.0,94815.2,5056.27,480841384.8686
2025-04-29 02:00:00,94815.2,94915.0,94450.0,94581.3,2859.232,270756705.7683
2025-04-29 03:00:00,94581.3,94769.0,94375.7,94612.8,1509.288,142753351.9847
2025-04-29 04:00:00,94612.8,94837.6,94267.4,94315.1,2402.912,227123234.917
2025-04-29 05:00:00,94315.1,94371.8,94146.8,94235.0,1652.206,155711883.5299
2025-04-29 06:00:00,94235.0,94766.5,94210.3,94729.6,1852.528,175189730.6485
2025-04-29 07:00:00,94729.6,94930.4,94666.0,94879.9,1491.017,141341254.7379
2025-04-29 08:00:00,94879.9,95044.4,94761.9,94986.4,2831.452,268694308.0496
2025-04-29 09:00:00,94986.4,95060.0,94742.2,94943.2,1842.925,174919345.9636
2025-04-29 10:00:00,94943.2,95032.9,94692.0,94759.2,2089.306,198227463.6586
2025-04-29 11:00:00,94759.2,95250.0,94758.4,95084.4,3043.62,289401130.5401
2025-04-29 12:00:00,95084.4,95121.0,94750.0,94770.0,2561.308,243142236.9716
2025-04-29 13:00:00,94770.0,94988.8,94531.4,94751.6,5101.406,483279921.4906
2025-04-29 14:00:00,94751.6,95266.0,94466.8,95000.0,6144.134,582981246.5914
2025-04-29 15:00:00,95000.0,95097.3,94670.6,94792.7,2622.328,248719628.3417
2025-04-29 16:00:00,94792.7,95444.3,94751.5,94902.3,5874.006,559119390.0499
2025-04-29 17:00:00,94902.3,95322.4,94601.4,95203.2,6756.639,641804807.9964
2025-04-29 18:00:00,95203.2,95400.0,95018.9,95340.2,3330.986,317397415.9545
2025-04-29 19:00:00,95340.2,95390.9,95178.4,95264.1,2085.834,198761150.5316
2025-04-29 20:00:00,95264.1,95362.7,94755.1,94780.8,3371.008,320119321.5655
2025-04-29 21:00:00,94780.8,94915.9,94280.7,94692.2,6665.862,630234988.3618
2025-04-29 22:00:00,94692.2,94692.3,93913.6,94102.2,4385.192,413091502.8057
2025-04-29 23:00:00,94102.2,94261.8,93682.0,94200.0,4460.31,418946603.5515
2025-04-30 00:00:00,94200.0,94583.0,94076.0,94486.0,2707.313,255479371.4139
2025-04-30 01:00:00,94486.0,94578.8,94225.2,94479.9,2381.2,224882686.3837
2025-04-30 02:00:00,94479.9,94771.0,94398.2,94604.8,2080.053,196800107.2046
2025-04-30 03:00:00,94604.8,95076.8,94450.2,95000.0,3488.267,330764878.8712
2025-04-30 04:00:00,95000.0,95146.5,94835.0,95039.8,2796.758,265570072.938
2025-04-30 05:00:00,95039.8,95082.5,94833.6,94863.1,1672.254,158789206.5212
2025-04-30 06:00:00,94863.1,94929.2,94716.9,94720.4,1343.031,127356813.1472
2025-04-30 07:00:00,94720.4,94847.0,94453.2,94584.3,1967.677,186204606.1465
2025-04-30 08:00:00,94584.3,94772.2,94481.3,94671.1,1418.541,134211268.6442
2025-04-30 09:00:00,94671.1,94993.7,94620.1,94930.8,1969.301,186715919.5939
2025-04-30 10:00:00,94930.8,94980.0,94804.5,94904.9,1021.463,96927136.1333
2025-04-30 11:00:00,94904.9,95187.5,94890.1,95131.3,2123.747,201894370.9772
2025-04-30 12:00:00,95131.3,95174.3,94279.1,94490.2,6748.9,638819627.4994
2025-04-30 13:00:00,94490.2,94650.8,92974.0,92994.1,13197.859,1238063273.4663
2025-04-30 14:00:00,92994.1,94320.0,92852.4,93669.0,12113.491,1133946460.2266
2025-04-30 15:00:00,93669.0,94073.2,93601.2,93951.1,3324.982,312222052.6109
2025-04-30 16:00:00,93951.1,94148.0,93465.7,93883.4,4225.441,396192490.7901
2025-04-30 17:00:00,93883.4,94228.2,93692.0,94055.9,1949.195,183214723.7396
2025-04-30 18:00:00,94055.9,94499.9,93940.0,94034.7,3177.972,299435217.6295
2025-04-30 19:00:00,94034.7,94229.3,93700.4,94100.0,2198.856,206592582.0027
2025-04-30 20:00:00,94100.0,94696.9,94059.1,94519.0,3967.528,374905100.4524
2025-04-30 21:00:00,94519.0,94750.0,94334.0,94387.3,1775.398,167849872.3723
2025-04-30 22:00:00,94387.3,94676.8,94013.6,94071.5,2286.258,215584388.3421
2025-04-30 23:00:00,94071.5,94284.5,93923.2,94118.0,1777.259,167314100.5548
2025-05-01 00:00:00,94118.0,94350.0,94070.7,94350.0,1196.795,112769599.7162
2025-05-01 01:00:00,94350.0,94662.7,94339.8,94597.3,2294.705,216963665.6246
2025-05-01 02:00:00,94597.3,94940.0,94565.3,94796.0,2773.498,262924015.3554
2025-05-01 03:00:00,94796.0,94964.5,94638.7,94738.5,2009.53,190446676.7343
2025-05-01 04:00:00,94738.5,94873.6,94672.1,94823.0,938.622,88952299.4216
2025-05-01 05:00:00,94823.0,95149.7,94786.8,95114.3,2657.105,252453821.3857
2025-05-01 06:00:00,95114.3,95150.0,94763.4,94845.1,2361.579,224242975.5562
2025-05-01 07:00:00,94845.1,95050.0,94750.0,94978.6,1246.619,118369433.6257
2025-05-01 08:00:00,94978.6,95173.6,94865.0,95164.4,1856.902,176509318.3313
2025-05-01 09:00:00,95164.4,95773.0,95104.1,95481.5,5809.232,554578025.4606
2025-05-01 10:00:00,95481.5,96366.0,95481.5,96125.6,9337.476,896822944.9523
2025-05-01 11:00:00,96125.6,96228.8,95789.0,96138.2,4018.555,386007664.6075
2025-05-01 12:00:00,96138.2,96430.0,96066.2,96330.2,4140.067,398501956.0675
2025-05-01 13:00:00,96330.2,96705.7,95772.0,95776.0,11439.165,1101065356.6859
2025-05-01 14:00:00,95776.0,96888.0,95776.0,96788.0,9132.241,879990896.7363
2025-05-01 15:00:00,96788.0,97383.1,96715.1,96804.4,11885.48,1153325127.4011
2025-05-01 16:00:00,96804.4,97300.0,96804.3,96951.3,4544.005,441168546.0036
2025-05-01 17:00:00,96951.3,97160.0,96461.2,96754.0,4145.704,401246242.4327
2025-05-01 18:00:00,96754.0,96907.9,96400.2,96818.2,2786.093,269318916.8863
2025-05-01 19:00:00,96818.2,96835.0,96361.0,96466.0,3543.293,342040084.7443
2025-05-01 20:00:00,96466.0,96852.6,96236.3,96350.1,4797.77,463059731.9045
2025-05-01 21:00:00,96350.1,96739.9,96333.0,96425.5,1224.34,118206679.5082
2025-05-01 22:00:00,96425.5,96600.0,96311.6,96331.9,1383.629,133439320.2555
2025-05-01 23:00:00,96331.9,96465.4,96132.9,96430.9,1900.085,182927945.8823
2025-05-02 00:00:00,96430.9,97030.0,96417.1,96987.2,3635.775,351816975.8703
2025-05-02 01:00:00,96987.2,97138.5,96716.5,96922.4,2628.112,254759907.4587
2025-05-02 02:00:00,96922.4,96996.9,96684.3,96902.0,1138.12,110217494.87
2025-05-02 03:00:00,96902.0,97199.9,96902.0,97062.0,2163.427,210039195.4435
2025-05-02 04:00:00,97062.0,97276.6,96833.8,96897.4,1955.935,189825704.7526
2025-05-02 05:00:00,96897.4,96967.9,96564.8,96651.3,2234.628,216173650.5582
2025-05-02 06:00:00,96651.3,96844.6,96511.5,96680.2,2573.019,248774539.8456
2025-05-02 07:00:00,96680.2,96698.1,96310.0,96310.0,3147.212,303570027.018
2025-05-02 08:00:00,96310.0,96736.1,96306.9,96589.0,2040.922,197061115.7728
2025-05-02 09:00:00,96589.0,96735.0,96396.5,96558.1,1446.797,139737498.8516
2025-05-02 10:00:00,96558.1,96882.0,96558.1,96848.3,1455.757,140869300.5402
2025-05-02 11:00:00,96848.3,97050.0,96821.9,96866.5,2248.893,217966143.8409
2025-05-02 12:00:00,96866.5,97141.3,96574.9,97141.3,5578.975,540465164.0178
2025-05-02 13:00:00,97141.3,97218.3,96624.0,96730.0,4080.144,395261216.7348
2025-05-02 14:00:00,96730.0,97868.0,96660.0,97703.8,10593.727,1031111801.5815
2025-05-02 15:00:00,97703.8,97848.5,97006.4,97263.1,6514.143,634463999.2388
2025-05-02 16:00:00,97263.1,97746.3,97263.0,97290.0,5537.947,540088827.9941
2025-05-02 17:00:00,97290.0,97377.7,96975.0,97343.1,2659.24,258450623.2142
2025-05-02 18:00:00,97343.1,97568.6,97079.1,97109.4,3006.282,292603115.636
2025-05-02 19:00:00,97109.4,97115.4,96692.8,96843.6,3765.544,364890141.6328
2025-05-02 20:00:00,96843.6,97070.0,96767.5,96953.2,1611.905,156257974.8779
2025-05-02 21:00:00,96953.2,96970.9,96505.0,96651.2,1679.724,162470183.5255
2025-05-02 22:00:00,96651.2,96735.3,96500.1,96598.0,1745.162,168594713.9876
2025-05-02 23:00:00,96598.0,96840.0,96540.1,96833.5,772.737,74731166.1461
2025-05-03 00:00:00,96833.5,96865.0,96569.7,96647.4,1153.785,111613456.0971
2025-05-03 01:00:00,96647.4,96665.8,96372.8,96446.3,1360.687,131259017.8857
2025-05-03 02:00:00,96446.3,96656.8,96433.3,96482.6,843.231,81413465.537
2025-05-03 03:00:00,96482.6,96500.0,96266.2,96292.9,1402.996,135179253.9784
2025-05-03 04:00:00,96292.9,96540.0,96254.4,96470.6,905.216,87276922.9368
2025-05-03 05:00:00,96470.6,96548.6,96360.6,96374.0,707.044,68201600.3686
2025-05-03 06:00:00,96374.0,96374.1,96056.8,96116.8,2188.516,210537666.8012
2025-05-03 07:00:00,96116.8,96341.6,96107.5,96283.7,1340.083,128948956.0276
2025-05-03 08:00:00,96283.7,96370.3,96088.7,96242.5,1418.637,136503960.0132
2025-05-03 09:00:00,96242.5,96359.8,96145.0,96216.1,914.398,88013685.6201
2025-05-03 10:00:00,96216.1,96216.1,95819.0,95867.0,3028.284,290649706.2676
2025-05-03 11:00:00,95867.0,96044.3,95825.1,95894.6,1875.685,179920093.4241
2025-05-03 12:00:00,95894.6,96096.9,95828.9,96059.1,1697.921,162962732.4751
2025-05-03 13:00:00,96059.1,96275.3,96043.1,96275.3,1581.753,152100355.2121
2025-05-03 14:00:00,96275.3,96379.3,96226.7,96315.3,1659.965,159867176.9422
2025-05-03 15:00:00,96315.3,96455.0,96273.7,96362.4,1423.912,137249252.1732
2025-05-03 16:00:00,96362.4,96369.5,96035.0,96153.9,1695.791,163122532.0998
2025-05-03 17:00:00,96153.9,96153.9,95783.8,96130.0,2258.947,216775472.0671
2025-05-03 18:00:00,96130.0,96219.0,96042.4,96091.5,799.903,76878962.6437
2025-05-03 19:00:00,96091.5,96315.1,96069.8,96307.6,795.846,76581869.7371
2025-05-03 20:00:00,96307.6,96351.5,96228.2,96300.5,807.802,77793363.4536
2025-05-03 21:00:00,96300.5,96408.7,96185.7,96228.9,963.206,92729807.8812
2025-05-03 22:00:00,96228.9,96306.9,96125.0,96136.9,810.903,78013902.5059
2025-05-03 23:00:00,96136.9,96146.6,95700.1,95815.5,2821.361,270513967.735
2025-05-04 00:00:00,95815.5,96017.0,95730.0,95826.4,1776.296,170246397.8415
2025-05-04 01:00:00,95826.4,96144.0,95535.4,96049.2,2649.574,253817058.1034
2025-05-04 02:00:00,96049.2,96257.0,95760.0,95834.1,1854.681,178099284.4564
2025-05-04 03:00:00,95834.1,95850.2,95611.5,95674.0,1744.474,166973142.7011
2025-05-04 04:00:00,95674.0,95899.8,95673.9,95689.1,966.166,92537216.8578
2025-05-04 05:00:00,95689.1,96090.0,95649.9,96000.7,1398.118,134099648.4277
2025-05-04 06:00:00,96000.7,96108.8,95833.5,95871.8,672.919,64571548.0666
2025-05-04 07:00:00,95871.8,96040.8,95764.5,95840.6,651.339,62436346.7342
2025-05-04 08:00:00,95840.6,95890.7,95357.1,95605.4,2440.107,233213410.5864
2025-05-04 09:00:00,95605.4,95641.2,95391.2,95441.5,1407.299,134391666.8034
2025-05-04 10:00:00,95441.5,95485.6,95233.0,95352.5,2172.0,207153180.596
2025-05-04 11:00:00,95352.5,95509.3,95316.1,95379.9,1034.066,98674445.9368
2025-05-04 12:00:00,95379.9,95561.9,95373.6,95431.3,1393.616,133060948.9161
2025-05-04 13:00:00,95431.3,95563.0,95187.5,95333.6,2070.513,197382524.306
2025-05-04 14:00:00,95333.6,95606.9,95285.0,95553.1,1666.13,159124137.1756
2025-05-04 15:00:00,95553.1,95644.2,95380.8,95424.0,1597.573,152643756.4106
2025-05-04 16:00:00,95424.0,95524.0,95235.0,95285.9,1843.373,175756547.9715
2025-05-04 17:00:00,95285.9,95426.2,95152.6,95356.2,1743.249,166137514.396
2025-05-04 18:00:00,95356.2,95437.9,95300.0,95323.8,625.806,59689272.0696
2025-05-04 19:00:00,95323.8,95583.0,95294.0,95525.2,1088.642,103929009.1792
2025-05-04 20:00:00,95525.2,95688.7,95516.3,95665.8,1185.426,113345868.7254
2025-05-04 21:00:00,95665.8,95706.0,95568.5,95619.6,678.7,64911492.5121
2025-05-04 22:00:00,95619.6,95633.1,94666.0,94953.3,6256.51,594410908.5642
2025-05-04 23:00:00,94953.3,94982.3,94100.0,94224.1,6572.286,620646286.7145
2025-05-05 00:00:00,94224.1,94745.0,94139.1,94660.6,3789.754,357999924.334
2025-05-05 01:00:00,94660.6,94694.6,93669.0,93866.6,6563.147,617256537.5705
2025-05-05 02:00:00,93866.6,94358.7,93460.2,94204.9,6123.036,575289404.2473
2025-05-05 03:00:00,94204.9,94262.1,93988.4,94012.4,2584.654,243238837.2131
2025-05-05 04:00:00,94012.4,94415.4,93980.1,94378.0,2017.716,190179913.6653
2025-05-05 05:00:00,94378.0,94740.1,94200.5,94692.7,1993.296,188308151.9383
2025-05-05 06:00:00,94692.7,94743.6,94521.2,94720.4,1611.425,152515804.3761
2025-05-05 07:00:00,94720.4,94792.6,94489.9,94719.1,1659.62,157025069.2424
2025-05-05 08:00:00,94719.1,94748.3,94438.2,94516.2,1537.115,145390049.4722
2025-05-05 09:00:00,94516.2,94611.2,94440.3,94526.0,892.841,84412333.123
2025-05-05 10:00:00,94526.0,94532.8,94013.9,94083.4,3204.418,302001319.6644
2025-05-05 11:00:00,94083.4,94245.1,93847.7,93997.9,4955.645,465832342.1397
2025-05-05 12:00:00,93997.9,94300.0,93860.1,94285.3,2951.966,277961415.6941
2025-05-05 13:00:00,94285.3,94350.0,93610.0,94211.2,7475.451,702450343.502
2025-05-05 14:00:00,94211.2,94510.0,93670.0,93824.6,7770.739,730944058.8815
2025-05-05 15:00:00,93824.6,93920.0,93543.9,93723.1,4514.524,422990652.9288
2025-05-05 16:00:00,93723.1,94240.7,93704.7,94160.4,2732.158,256901048.6982
2025-05-05 17:00:00,94160.4,94586.0,94010.6,94448.7,2739.085,258418011.1027
2025-05-05 18:00:00,94448.7,94880.8,94389.0,94693.2,3740.45,354252395.496
2025-05-05 19:00:00,94693.2,94855.0,94236.4,94306.2,2719.646,257027889.6441
2025-05-05 20:00:00,94306.2,94320.0,93801.0,94193.7,2887.14,271541970.6245
2025-05-05 21:00:00,94193.7,94786.2,94186.2,94662.4,2894.647,273527610.4624
2025-05-05 22:00:00,94662.4,95149.0,94662.3,94999.9,3744.34,355485028.1342
2025-05-05 23:00:00,94999.9,95091.9,94680.0,94698.7,1745.226,165621791.0614
2025-05-06 00:00:00,94698.7,94748.0,94371.7,94553.7,1810.369,171163328.8817
2025-05-06 01:00:00,94553.7,94876.6,94260.0,94260.0,2450.919,231715070.6643
2025-05-06 02:00:00,94260.0,94366.2,93970.0,94281.2,3213.25,302525568.5078
2025-05-06 03:00:00,94281.2,94464.0,94180.0,94417.0,1249.633,117885732.5271
2025-05-06 04:00:00,94417.0,94542.0,94300.5,94536.6,796.688,75251359.4049
2025-05-06 05:00:00,94536.6,94564.5,94253.3,94291.4,984.529,92904698.8613
2025-05-06 06:00:00,94291.4,94457.5,94282.2,94457.5,549.965,51911963.8147
2025-05-06 07:00:00,94457.5,94593.5,94302.8,94351.2,1269.941,119910424.1267
2025-05-06 08:00:00,94351.2,94352.7,93959.2,94339.9,2958.45,278536252.2584
2025-05-06 09:00:00,94339.9,94340.0,94075.9,94179.4,1036.069,97562127.9416
2025-05-06 10:00:00,94179.4,94288.0,93817.4,93905.0,2191.123,205974553.0468
2025-05-06 11:00:00,93905.0,94020.0,93680.0,93777.5,2340.484,219630317.2672
2025-05-06 12:00:00,93777.5,94002.4,93730.0,93900.0,1972.473,185132939.4345
2025-05-06 13:00:00,93900.0,93968.9,93333.5,93562.9,6275.876,587634510.7392
2025-05-06 14:00:00,93562.9,94650.4,93560.1,94104.3,10074.29,948764369.4579
2025-05-06 15:00:00,94104.3,94701.1,94030.2,94512.9,3937.103,371869101.4677
2025-05-06 16:00:00,94512.9,94777.0,94172.6,94204.8,3951.379,373374819.8492
2025-05-06 17:00:00,94204.8,94823.4,94191.3,94491.4,2982.091,282018783.0249
2025-05-06 18:00:00,94491.4,95049.0,94464.1,95030.0,2438.997,231290523.9562
2025-05-06 19:00:00,95030.0,95110.0,94856.1,94912.9,3304.949,313948340.0982
2025-05-06 20:00:00,94912.9,94980.0,94589.1,94640.0,1933.607,183209362.6486
2025-05-06 21:00:00,94640.0,94760.2,94401.9,94653.2,1380.069,130517043.3613
2025-05-06 22:00:00,94653.2,96245.2,94634.4,96200.0,14273.431,1364009045.8594
2025-05-06 23:00:00,96200.0,96880.6,96040.2,96799.0,9501.711,916973852.5029
2025-05-07 00:00:00,96799.0,97492.0,96711.0,97385.5,8493.394,824984515.4353
2025-05-07 01:00:00,97385.5,97700.0,97154.9,97215.7,5222.06,508712672.3712
2025-05-07 02:00:00,97215.7,97244.2,96450.0,96587.7,4723.767,457258334.3684
2025-05-07 03:00:00,96587.7,96630.0,96157.1,96471.1,4415.522,425674066.4188
2025-05-07 04:00:00,96471.1,96686.8,96376.9,96550.7,2102.532,202951891.5101
2025-05-07 05:00:00,96550.7,96550.7,96278.2,96344.6,1179.906,113723055.4877
2025-05-07 06:00:00,96344.6,96625.2,96320.0,96516.8,1690.074,163112192.7546
2025-05-07 07:00:00,96516.8,96964.9,96512.0,96942.3,2160.748,209079973.4036
2025-05-07 08:00:00,96942.3,97044.6,96813.9,96983.8,1978.424,191761528.9404
2025-05-07 09:00:00,96983.8,97023.5,96825.3,96943.9,1473.656,142831615.5651
2025-05-07 10:00:00,96943.9,97069.6,96780.2,96972.0,1826.571,177071404.5653
2025-05-07 11:00:00,96972.0,97013.0,96882.0,97000.0,1200.459,116389480.2047
2025-05-07 12:00:00,97000.0,97150.0,96824.0,96923.1,2613.324,253408968.6726
2025-05-07 13:00:00,96923.1,97276.2,96669.6,96961.5,4761.04,461557916.895
2025-05-07 14:00:00,96961.5,97444.2,96750.0,96883.1,4911.696,477004828.5165
2025-05-07 15:00:00,96883.1,97100.0,96713.8,96888.7,3535.781,342701681.4267
2025-05-07 16:00:00,96888.7,96932.1,96500.0,96815.5,4925.541,476138402.9646
2025-05-07 17:00:00,96815.5,96856.2,96134.7,96276.7,4065.128,392148215.0649
2025-05-07 18:00:00,96276.7,96855.1,95865.8,96550.0,13231.284,1274512151.7445
2025-05-07 19:00:00,96550.0,96584.4,95724.2,96122.1,6475.561,622813559.7028
2025-05-07 20:00:00,96122.1,96721.2,96012.2,96721.2,2784.658,268307971.8548
2025-05-07 21:00:00,96721.2,97288.0,96600.0,97084.8,4747.937,460509943.8704
2025-05-07 22:00:00,97084.8,97266.0,96976.7,97234.1,2032.687,197464774.0813
2025-05-07 23:00:00,97234.1,97369.6,96930.4,96988.1,2562.399,248953364.8522
2025-05-08 00:00:00,96988.1,97788.0,96832.1,97728.3,3461.038,336859216.2639
2025-05-08 01:00:00,97728.3,98333.0,97556.4,97767.2,10959.531,1073494186.635
2025-05-08 02:00:00,97767.2,98820.0,97767.1,98636.1,7619.289,750074256.2516
2025-05-08 03:00:00,98636.1,99187.9,98484.8,99105.8,5867.303,580095035.7323
2025-05-08 04:00:00,99105.8,99393.1,98903.1,98918.4,7212.032,715409334.5577
2025-05-08 05:00:00,98918.4,99098.4,98704.9,98719.1,2592.401,256323255.0202
2025-05-08 06:00:00,98719.1,99010.1,98698.0,99002.1,1813.462,179255931.084
2025-05-08 07:00:00,99002.1,99340.7,99002.0,99218.0,3394.349,336684493.9987
2025-05-08 08:00:00,99218.0,99811.1,99163.1,99635.0,5804.946,577855803.9817
2025-05-08 09:00:00,99635.0,99775.3,99492.9,99759.3,2479.101,246953256.2227
2025-05-08 10:00:00,99759.3,99876.2,99654.5,99753.6,2303.884,229847334.8846
2025-05-08 11:00:00,99753.6,99760.0,99376.0,99376.0,3302.55,328725138.4711
2025-05-08 12:00:00,99376.0,99521.0,99210.0,99257.4,4134.0,410777458.4709
2025-05-08 13:00:00,99257.4,99604.2,99055.0,99255.5,4509.175,447785780.8721
2025-05-08 14:00:00,99255.5,99778.9,99112.3,99323.5,5520.616,549231818.4973
2025-05-08 15:00:00,99323.5,101500.0,99276.0,100716.5,26471.019,2662740999.8251
2025-05-08 16:00:00,100716.5,101300.0,100543.5,101227.1,6980.705,704426245.4127
2025-05-08 17:00:00,101227.1,101687.9,100727.7,100964.0,6918.885,700459492.2186
2025-05-08 18:00:00,100964.0,101435.0,100916.9,101316.8,3020.254,305861459.8226
2025-05-08 19:00:00,101316.8,101316.8,100904.0,101244.1,3996.636,404138140.8685
2025-05-08 20:00:00,101244.1,102837.0,101203.6,102567.8,12565.533,1281364523.3095
2025-05-08 21:00:00,102567.8,104253.8,102065.0,102809.3,14532.872,1498969645.2952
2025-05-08 22:00:00,102809.3,103210.5,102365.9,102995.7,4341.531,446267620.259
2025-05-08 23:00:00,102995.7,103296.5,102766.8,103240.0,3058.04,315029680.8906
2025-05-09 00:00:00,103240.0,103241.3,102510.7,102778.4,4409.57,453539042.3743
2025-05-09 01:00:00,102778.4,103115.7,102531.8,103070.1,2048.422,210574407.8289
2025-05-09 02:00:00,103070.1,103070.1,102470.5,102570.2,1896.117,194824467.4408
2025-05-09 03:00:00,102570.2,102765.8,102314.2,102410.3,2031.353,208229966.8306
2025-05-09 04:00:00,102410.3,102827.9,102332.0,102789.7,1699.66,174361364.3376
2025-05-09 05:00:00,102789.7,102933.3,102550.0,102933.3,1619.396,166485786.0674
2025-05-09 06:00:00,102933.3,103215.0,102878.6,103180.0,2610.342,268969879.5852
2025-05-09 07:00:00,103180.0,104330.1,103067.9,103598.9,7799.81,808900549.8283
2025-05-09 08:00:00,103598.9,103911.0,102625.4,102929.2,8567.422,884702058.8961
2025-05-09 09:00:00,102929.2,103251.5,102378.3,102882.0,5603.801,575743251.3565
2025-05-09 10:00:00,102882.0,103440.8,102763.4,103329.7,3068.012,316338474.1157
2025-05-09 11:00:00,103329.7,103486.0,102623.3,102909.9,4772.359,491880504.342
2025-05-09 12:00:00,102909.9,103118.0,102764.0,102863.5,2381.486,245192076.5386
2025-05-09 13:00:00,102863.5,103735.1,102772.4,103574.5,4182.236,431996601.7999
2025-05-09 14:00:00,103574.5,103698.3,102354.0,103100.0,12419.925,1278740654.4438
2025-05-09 15:00:00,103100.0,103265.2,102650.0,102855.7,4492.6,462181651.2903
2025-05-09 16:00:00,102855.7,102919.1,102264.1,102450.1,3675.892,377323664.3205
2025-05-09 17:00:00,102450.1,103210.4,102316.6,103183.2,4138.957,425858655.4991
2025-05-09 18:00:00,103183.2,103338.3,102903.5,103146.9,1687.868,174107831.0999
2025-05-09 19:00:00,103146.9,103247.0,102851.6,103135.8,2741.974,282480163.8037
2025-05-09 20:00:00,103135.8,103364.0,103084.0,103153.7,1727.845,178358593.1925
2025-05-09 21:00:00,103153.7,103187.0,102728.9,102945.0,1950.332,200703330.8468
2025-05-09 22:00:00,102945.0,103031.3,102705.6,102736.7,1014.083,104352116.129
2025-05-09 23:00:00,102736.7,102944.0,102692.2,102931.2,615.262,63279941.5669
2025-05-10 00:00:00,102931.2,103084.0,102772.0,102816.4,1268.504,130572617.3738
2025-05-10 01:00:00,102816.4,103079.8,102815.5,102941.8,903.555,93033450.9648
2025-05-10 02:00:00,102941.8,103239.4,102908.7,103117.1,822.17,84755422.5958
2025-05-10 03:00:00,103117.1,103189.3,102950.0,103182.8,584.256,60225724.221
2025-05-10 04:00:00,103182.8,103182.9,103005.3,103122.9,885.055,91254876.9646
2025-05-10 05:00:00,103122.9,103327.0,103054.9,103323.1,1398.611,144310533.3783
2025-05-10 06:00:00,103323.1,103955.0,103323.0,103905.6,4225.159,437754417.4918
2025-05-10 07:00:00,103905.6,104079.9,103608.5,103727.5,2841.487,294954208.2076
2025-05-10 08:00:00,103727.5,104050.0,103425.6,103608.0,2929.549,303955278.1418
2025-05-10 09:00:00,103608.0,103900.0,103328.1,103747.1,2609.406,270220749.9839
2025-05-10 10:00:00,103747.1,103875.7,103555.7,103562.4,1316.28,136525632.362
2025-05-10 11:00:00,103562.4,103628.8,103353.1,103399.2,1406.052,145505715.644
2025-05-10 12:00:00,103399.2,103792.8,103388.8,103659.8,1553.567,160996054.9267
2025-05-10 13:00:00,103659.8,103761.7,103472.2,103584.3,1685.05,174520983.7434
2025-05-10 14:00:00,103584.3,103618.3,103380.0,103480.1,1106.224,114475260.0872
2025-05-10 15:00:00,103480.1,103491.4,103053.6,103100.6,2059.651,212698190.8139
2025-05-10 16:00:00,103100.6,103480.0,103100.0,103395.5,1864.286,192552831.958
2025-05-10 17:00:00,103395.5,103585.7,103122.0,103132.0,2193.934,226739223.2616
2025-05-10 18:00:00,103132.0,103272.8,102880.0,103198.8,1941.035,200118320.7383
2025-05-10 19:00:00,103198.8,103262.5,103038.5,103141.2,558.833,57646828.4121
2025-05-10 20:00:00,103141.2,103276.9,103017.7,103152.2,683.717,70544621.6152
2025-05-10 21:00:00,103152.2,103767.1,103115.5,103706.1,1729.48,178861806.9885
2025-05-10 22:00:00,103706.1,103800.0,103497.3,103539.0,1292.777,133971624.5662
2025-05-10 23:00:00,103539.0,104986.7,103521.0,104782.3,9767.83,1020759579.8726
2025-05-11 00:00:00,104782.3,104936.7,103877.3,104394.0,5014.992,523884942.4584
2025-05-11 01:00:00,104394.0,104515.1,103850.0,104107.7,2439.009,254185490.9974
2025-05-11 02:00:00,104107.7,104250.0,103342.3,103713.7,4868.195,504977179.916
2025-05-11 03:00:00,103713.7,104161.8,103593.8,103961.9,3300.921,342944921.1693
2025-05-11 04:00:00,103961.9,104368.0,103950.6,104129.9,2063.1,214957496.4857
2025-05-11 05:00:00,104129.9,104180.0,103767.1,103802.0,1707.625,177490901.3829
2025-05-11 06:00:00,103802.0,103947.3,103573.0,103813.1,1904.199,197603805.7628
2025-05-11 07:00:00,103813.1,103829.2,103250.0,103354.3,2652.552,274593695.1827
2025-05-11 08:00:00,103354.3,104001.7,103331.0,103787.7,2587.159,268515283.8573
2025-05-11 09:00:00,103787.7,104449.6,103783.2,104300.9,2155.427,224568693.8691
2025-05-11 10:00:00,104300.9,104620.4,104131.3,104595.2,1899.253,198211190.2815
2025-05-11 11:00:00,104595.2,104731.0,104333.7,104600.9,1859.899,194403138.2773
2025-05-11 12:00:00,104600.9,104855.0,104480.3,104560.1,2140.073,224022538.5412
2025-05-11 13:00:00,104560.1,104622.9,103900.0,103940.0,3477.675,362620531.896
2025-05-11 14:00:00,103940.0,104268.2,103750.0,104145.8,3855.986,401009746.5719
2025-05-11 15:00:00,104145.8,104646.0,103863.7,104097.0,3979.776,414975849.8427
2025-05-11 16:00:00,104097.0,104145.8,103713.3,103961.1,2677.46,278226683.4623
2025-05-11 17:00:00,103961.1,104134.9,103758.4,104006.3,1691.51,175812689.2093
2025-05-11 18:00:00,104006.3,104812.0,103821.2,104503.8,3373.044,352056061.4913
2025-05-11 19:00:00,104503.8,104639.2,104330.1,104402.0,1597.998,166988423.3677
2025-05-11 20:00:00,104402.0,104423.3,104121.0,104242.3,1072.393,111843260.6798
2025-05-11 21:00:00,104242.3,104370.4,103937.8,104343.3,1946.669,202744495.0223
2025-05-11 22:00:00,104343.3,104564.6,103540.0,103763.4,3938.425,409079653.7423
2025-05-11 23:00:00,103763.4,104099.8,103725.0,104080.0,1265.736,131506036.4821
2025-05-12 00:00:00,104080.0,104616.7,104027.2,104564.4,2930.651,306057627.0614
2025-05-12 01:00:00,104564.4,105133.7,103715.8,103954.1,6467.066,675841703.4105
2025-05-12 02:00:00,103954.1,104174.4,103666.0,103863.3,2361.409,245476425.9696
2025-05-12 03:00:00,103863.3,104076.4,103677.3,104072.7,1547.969,160809244.8039
2025-05-12 04:00:00,104072.7,104139.0,103800.0,104045.2,1659.346,172570618.3015
2025-05-12 05:00:00,104045.2,104057.9,103730.8,103934.0,1583.151,164435179.8668
2025-05-12 06:00:00,103934.0,104398.0,103777.0,104367.2,1995.379,207842186.922
2025-05-12 07:00:00,104367.2,105842.1,104115.7,104434.5,19856.48,2086969764.7316
2025-05-12 08:00:00,104434.5,104721.2,104036.7,104577.5,4101.451,428000025.1871
2025-05-12 09:00:00,104577.5,104648.7,104330.0,104410.4,1890.821,197461835.5693
2025-05-12 10:00:00,104410.4,104500.3,104107.8,104479.7,2488.663,259576091.8448
2025-05-12 11:00:00,104479.7,104585.1,103580.0,103712.3,5185.557,539398217.3562
2025-05-12 12:00:00,103712.3,104109.0,103662.2,103843.4,3607.684,374796997.5871
2025-05-12 13:00:00,103843.4,104614.0,103628.9,104286.3,6969.198,725835824.6735
2025-05-12 14:00:00,104286.3,104342.8,102506.1,102763.6,15450.038,1594516031.0783
2025-05-12 15:00:00,102763.6,103168.3,102303.5,102470.1,8318.151,854064547.1936
2025-05-12 16:00:00,102470.1,103039.2,102361.4,102804.1,3910.575,401861814.8914
2025-05-12 17:00:00,102804.1,103050.0,102475.3,102507.2,2469.322,253700553.9871
2025-05-12 18:00:00,102507.2,102611.8,100688.0,101578.0,17666.33,1794632734.6871
2025-05-12 19:00:00,101578.0,102056.6,101421.0,101803.0,4320.862,439763503.6734
2025-05-12 20:00:00,101803.0,102847.5,101723.7,102631.2,4090.026,418531936.3523
2025-05-12 21:00:00,102631.2,102700.0,102317.6,102456.9,1596.616,163621169.3637
2025-05-12 22:00:00,102456.9,102899.9,102303.5,102823.3,2080.358,213672145.3369
2025-05-12 23:00:00,102823.3,103098.2,102746.0,102746.0,2157.908,222047137.8034
2025-05-13 00:00:00,102746.0,102746.1,102111.2,102229.4,2570.865,263325672.963
2025-05-13 01:00:00,102229.4,102672.1,102024.4,102352.2,2285.89,233978195.0764
2025-05-13 02:00:00,102352.2,102660.0,101639.0,102020.1,4232.241,431759260.6341
2025-05-13 03:00:00,102020.1,102125.0,101380.0,101666.7,2942.194,299085324.6405
2025-05-13 04:00:00,101666.7,102716.9,101560.1,102688.6,3657.915,373809467.3277
2025-05-13 05:00:00,102688.6,102688.7,102228.0,102423.4,1921.947,196931789.3348
2025-05-13 06:00:00,102423.4,102641.8,102277.7,102499.9,1456.905,149294253.3524
2025-05-13 07:00:00,102499.9,102908.8,102499.7,102627.9,2137.234,219507732.7724
2025-05-13 08:00:00,102627.9,102917.8,102505.0,102668.6,1790.748,183920040.659
2025-05-13 09:00:00,102668.6,103466.9,102668.6,103405.3,3615.617,373177750.9776
2025-05-13 10:00:00,103405.3,103574.6,103223.1,103515.6,2471.905,255624389.0042
2025-05-13 11:00:00,103515.6,103788.0,103411.2,103683.5,2643.044,273889075.8627
2025-05-13 12:00:00,103683.5,103933.3,103271.7,103628.9,8522.972,883533898.6328
2025-05-13 13:00:00,103628.9,103886.4,103337.5,103657.1,4599.408,476513815.2429
2025-05-13 14:00:00,103657.1,103700.0,102745.0,103140.1,7238.166,746383989.3238
2025-05-13 15:00:00,103140.1,103844.1,103085.7,103628.2,4883.872,505643970.2831
2025-05-13 16:00:00,103628.2,104360.0,103485.3,103670.1,6277.614,652971440.807
2025-05-13 17:00:00,103670.1,104260.2,103650.0,104204.6,2724.511,283201656.9702
2025-05-13 18:00:00,104204.6,104375.1,104025.7,104306.7,2646.515,275889343.3269
2025-05-13 19:00:00,104306.7,104949.9,104100.0,104751.3,6828.472,714221497.0018
2025-05-13 20:00:00,104751.3,104907.2,104344.5,104509.9,2228.483,233010666.1979
2025-05-13 21:00:00,104509.9,104577.3,104121.4,104293.0,2464.591,257147403.7866
2025-05-13 22:00:00,104293.0,104398.8,104039.0,104077.5,1608.375,167553666.354
2025-05-13 23:00:00,104077.5,104252.8,103820.0,104070.6,1768.304,183964570.1509
2025-05-14 00:00:00,104070.6,104073.6,103713.6,103856.7,1581.448,164281570.117
2025-05-14 01:00:00,103856.7,104030.1,103624.5,103680.3,2416.642,250971846.5715
2025-05-14 02:00:00,103680.3,103738.7,103437.1,103670.0,2047.349,212106692.9338
2025-05-14 03:00:00,103670.0,103728.0,103400.0,103534.4,882.014,91308751.8499
2025-05-14 04:00:00,103534.4,103821.3,103420.0,103716.2,1696.646,175883320.4856
2025-05-14 05:00:00,103716.2,103953.0,103655.0,103860.2,1742.355,180863432.7705
2025-05-14 06:00:00,103860.2,103914.1,103607.3,103710.0,1082.179,112268444.5555
2025-05-14 07:00:00,103710.0,103752.9,103335.2,103664.3,1715.932,177641824.59
2025-05-14 08:00:00,103664.3,103835.0,103150.0,103157.6,3943.112,408046597.4238
2025-05-14 09:00:00,103157.6,103455.5,102803.4,103435.9,4698.792,484502101.204
2025-05-14 10:00:00,103435.9,103886.4,103400.8,103668.2,3101.592,321542625.6918
2025-05-14 11:00:00,103668.2,104138.6,103668.2,103908.2,2308.814,239968590.1489
2025-05-14 12:00:00,103908.2,104169.9,103861.2,103965.0,2298.677,239170422.3681
2025-05-14 13:00:00,103965.0,104325.6,103436.0,103895.5,7065.972,734018299.1026
2025-05-14 14:00:00,103895.5,103900.0,102821.4,103190.7,9617.018,993097702.5555
2025-05-14 15:00:00,103190.7,103484.0,102770.1,103455.9,4504.942,464568002.4216
2025-05-14 16:00:00,103455.9,103592.9,103103.5,103308.0,3230.514,334074740.3391
2025-05-14 17:00:00,103308.0,103365.9,102550.0,103209.7,5057.116,520270696.7281
2025-05-14 18:00:00,103209.7,103500.0,102976.0,103478.0,2614.182,269948578.5549
2025-05-14 19:00:00,103478.0,103668.8,103193.1,103279.4,1667.093,172495400.5005
2025-05-14 20:00:00,103279.4,103613.3,103238.6,103493.7,838.672,86731044.2408
2025-05-14 21:00:00,103493.7,103620.3,103367.6,103595.9,881.292,91202958.2004
2025-05-14 22:00:00,103595.9,103614.9,103381.2,103450.0,699.151,72331673.2715
2025-05-14 23:00:00,103450.0,103560.8,103300.0,103445.0,780.321,80727268.333
2025-05-15 00:00:00,103445.0,103824.0,103425.4,103752.4,1360.792,141076682.9967
2025-05-15 01:00:00,103752.4,103752.4,102900.0,102974.1,2609.188,269359603.5629
2025-05-15 02:00:00,102974.1,103155.8,102846.3,102982.5,1567.938,161493152.5074
2025-05-15 03:00:00,102982.5,103085.5,102650.1,102690.1,2313.774,237891762.7682
2025-05-15 04:00:00,102690.1,102915.7,102637.1,102848.2,1696.545,174382917.6781
2025-05-15 05:00:00,102848.2,102876.7,102276.0,102320.0,3402.651,348756986.5968
2025-05-15 06:00:00,102320.0,102638.6,102077.4,102209.1,3172.097,324571087.5401
2025-05-15 07:00:00,102209.1,102392.9,101666.7,101729.2,4859.652,495302455.9731
2025-05-15 08:00:00,101729.2,102275.0,101710.7,102216.9,3056.535,311956048.2482
2025-05-15 09:00:00,102216.9,102216.9,101450.0,101769.0,4228.097,430248433.2701
2025-05-15 10:00:00,101769.0,101882.4,101550.2,101754.0,1876.75,190887157.6315
2025-05-15 11:00:00,101754.0,102377.9,101734.7,102322.9,3148.028,321547408.4626
2025-05-15 12:00:00,102322.9,102800.0,102207.5,102519.9,5505.976,564605924.8818
2025-05-15 13:00:00,102519.9,102750.0,101500.0,102098.9,6558.582,669919790.7948
2025-05-15 14:00:00,102098.9,102360.9,101333.0,101960.0,7848.305,799378843.5435
2025-05-15 15:00:00,101960.0,103200.0,101888.1,103191.8,8704.532,893223551.0872
2025-05-15 16:00:00,103191.8,103775.0,102978.0,103775.0,7050.25,728357297.4577
2025-05-15 17:00:00,103775.0,104203.9,103599.4,103925.0,5405.922,561684061.6603
2025-05-15 18:00:00,103925.0,103979.9,102600.0,102646.2,6852.768,707469086.7605
2025-05-15 19:00:00,102646.2,103192.8,102500.0,103100.0,5168.29,531682369.6137
2025-05-15 20:00:00,103100.0,103451.3,102836.5,103392.0,3176.18,327767849.9399
2025-05-15 21:00:00,103392.0,103392.0,102653.3,103235.8,3083.608,317584038.2883
2025-05-15 22:00:00,103235.8,103920.3,103190.0,103444.0,4093.224,424275023.3881
2025-05-15 23:00:00,103444.0,103865.3,103173.2,103710.0,2778.027,287607102.6973
2025-05-16 00:00:00,103710.0,103990.9,103600.0,103707.0,1927.115,200020878.9057
2025-05-16 01:00:00,103707.0,104078.3,103405.9,104001.9,3960.936,410986995.0306
2025-05-16 02:00:00,104001.9,104433.3,103842.8,104150.5,4442.946,462742381.8373
2025-05-16 03:00:00,104150.5,104279.5,103942.9,103971.6,1741.569,181261640.6629
2025-05-16 04:00:00,103971.6,104138.1,103758.0,103864.7,1463.742,152088100.2459
2025-05-16 05:00:00,103864.7,104100.0,103770.6,103858.8,1683.171,174978222.8321
2025-05-16 06:00:00,103858.8,104057.0,103818.2,103947.0,1078.246,112076245.6668
2025-05-16 07:00:00,103947.0,104152.8,103653.1,103665.0,2014.783,209269957.1691
2025-05-16 08:00:00,103665.0,103728.0,103042.2,103342.2,4514.866,466522128.1711
2025-05-16 09:00:00,103342.2,103777.1,103342.2,103755.1,2372.654,245802696.0591
2025-05-16 10:00:00,103755.1,103842.8,103583.4,103750.1,1475.8,153084194.3384
2025-05-16 11:00:00,103750.1,103866.0,103511.8,103622.0,2060.992,213609711.1463
2025-05-16 12:00:00,103622.0,103736.8,103424.4,103448.8,1906.332,197417309.0243
2025-05-16 13:00:00,103448.8,104029.8,103365.1,103925.6,3878.487,402206419.8617
2025-05-16 14:00:00,103925.6,103925.6,103279.3,103529.9,4239.371,439207255.8956
2025-05-16 15:00:00,103529.9,104246.1,103529.9,104137.0,4497.006,467476597.0143
2025-05-16 16:00:00,104137.0,104555.0,103802.0,104103.9,5212.959,543044138.9323
2025-05-16 17:00:00,104103.9,104369.9,103714.0,103807.6,2878.266,299490290.4487
2025-05-16 18:00:00,103807.6,104046.4,103633.0,103637.9,1273.782,132262825.4745
2025-05-16 19:00:00,103637.9,103996.9,103534.1,103962.0,1926.289,199792968.7751
2025-05-16 20:00:00,103962.0,103972.6,103468.0,103642.6,1803.279,186982917.0946
2025-05-16 21:00:00,103642.6,103749.0,103441.2,103556.8,903.235,93581723.5139
2025-05-16 22:00:00,103556.8,103567.6,103356.4,103463.1,1222.089,126384593.9769
2025-05-16 23:00:00,103463.1,103635.2,103374.6,103410.2,905.494,93736813.4598
2025-05-17 00:00:00,103410.2,103496.1,103045.8,103302.2,2938.232,303370122.3641
2025-05-17 01:00:00,103302.2,103302.3,102539.7,102775.2,4340.612,446293639.7206
2025-05-17 02:00:00,102775.2,103308.1,102680.0,103222.4,2734.105,281665942.3603
2025-05-17 03:00:00,103222.4,103536.0,103109.5,103459.9,1757.023,181545107.5894
2025-05-17 04:00:00,103459.9,103622.8,103415.4,103602.3,1455.074,150644048.2278
2025-05-17 05:00:00,103602.3,103669.4,103285.1,103301.3,1260.927,130461578.5088
2025-05-17 06:00:00,103301.3,103458.3,103240.0,103433.8,946.312,97827024.2157
2025-05-17 07:00:00,103433.8,103593.8,103370.3,103388.4,676.843,70037934.8647
2025-05-17 08:00:00,103388.4,103526.1,103087.1,103367.9,1696.575,175271522.3956
2025-05-17 09:00:00,103367.9,103498.9,102774.2,102850.7,3018.596,310885188.5207
2025-05-17 10:00:00,102850.7,102993.1,102747.7,102818.5,1512.711,155596449.0408
2025-05-17 11:00:00,102818.5,103037.4,102700.1,102932.4,1367.651,140653811.1272
2025-05-17 12:00:00,102932.4,103017.1,102841.3,102886.9,744.288,76605792.5029
2025-05-17 13:00:00,102886.9,103054.1,102600.2,102668.0,1552.837,159618273.6918
2025-05-17 14:00:00,102668.0,103136.0,102667.9,103082.8,1678.74,172823362.2314
2025-05-17 15:00:00,103082.8,103141.1,102900.0,102900.0,945.358,97396958.2716
2025-05-17 16:00:00,102900.0,103068.7,102725.0,102905.8,1036.286,106577152.1664
2025-05-17 17:00:00,102905.8,103250.0,102888.0,103085.0,1191.306,122850988.4939
2025-05-17 18:00:00,103085.0,103325.0,102932.0,102951.0,1733.7,178798318.6859
2025-05-17 19:00:00,102951.0,103150.0,102875.0,103109.4,398.253,41033243.8941
2025-05-17 20:00:00,103109.4,103396.6,103030.2,103327.2,803.189,82929243.3817
2025-05-17 21:00:00,103327.2,103451.1,103078.7,103203.9,1173.706,121171121.5446
2025-05-17 22:00:00,103203.9,103207.8,102852.8,102996.0,1015.713,104610873.3104
2025-05-17 23:00:00,102996.0,103166.7,102900.4,103081.2,529.882,54620271.3185
2025-05-18 00:00:00,103081.2,103377.0,103050.0,103325.7,1178.737,121700217.0745
2025-05-18 01:00:00,103325.7,103355.8,103100.0,103211.4,645.889,66670415.8061
2025-05-18 02:00:00,103211.4,103309.1,103197.9,103287.9,337.143,34812797.8351
2025-05-18 03:00:00,103287.9,103336.8,103080.0,103233.7,882.052,91035327.0184
2025-05-18 04:00:00,103233.7,103402.9,103233.7,103319.2,494.641,51109727.3082
2025-05-18 05:00:00,103319.2,103640.0,103312.8,103606.3,1652.49,171009250.7992
2025-05-18 06:00:00,103606.3,103633.7,103317.2,103419.5,1055.113,109171714.6257
2025-05-18 07:00:00,103419.5,103956.4,103385.6,103883.4,2068.468,214510616.8933
2025-05-18 08:00:00,103883.4,104050.0,103778.8,103868.6,2567.042,266771943.7159
2025-05-18 09:00:00,103868.6,103980.0,103789.6,103824.9,1184.901,123094523.2065
2025-05-18 10:00:00,103824.9,103895.0,103747.4,103820.8,777.135,80668069.4099
2025-05-18 11:00:00,103820.8,103968.9,103751.2,103758.7,1157.818,120245226.2814
2025-05-18 12:00:00,103758.7,103924.5,103666.7,103922.8,1313.723,136380642.9125
2025-05-18 13:00:00,103922.8,104790.0,103882.3,104708.6,6442.355,672172446.7344
2025-05-18 14:00:00,104708.6,105540.0,104523.5,105247.6,9459.206,993364792.2722
2025-05-18 15:00:00,105247.6,105687.0,104944.0,105484.4,4788.904,504394662.9669
2025-05-18 16:00:00,105484.4,105950.0,105126.0,105782.2,6655.697,702392439.955
2025-05-18 17:00:00,105782.2,105879.8,104764.1,104784.4,8032.506,846620859.4787
2025-05-18 18:00:00,104784.4,104876.7,103900.1,104461.8,10251.927,1070376417.1201
2025-05-18 19:00:00,104461.8,104713.5,103817.4,103842.3,3815.891,397679766.4325
2025-05-18 20:00:00,103842.3,104201.6,103228.0,104021.1,6188.845,641664923.5697
2025-05-18 21:00:00,104021.1,104576.4,104021.0,104138.5,3046.84,317732258.5492
2025-05-18 22:00:00,104138.5,105994.0,103916.9,105936.9,12052.357,1266649802.9337
2025-05-18 23:00:00,105936.9,106650.0,105437.8,106428.1,9687.497,1026788389.8126
2025-05-19 00:00:00,106428.1,107134.3,105124.4,105230.4,11324.881,1203076838.3215
2025-05-19 01:00:00,105230.4,105385.4,104700.0,105018.3,4833.922,507584061.8404
2025-05-19 02:00:00,105018.3,105150.0,104527.1,104610.4,3363.85,352398153.577
2025-05-19 03:00:00,104610.4,104610.4,103510.6,103566.8,5365.103,557891394.1929
2025-05-19 04:00:00,103566.8,103737.0,102750.0,102964.0,10149.972,1047770615.8954
2025-05-19 05:00:00,102964.0,103063.3,102422.1,102983.9,6977.472,717365777.5904
2025-05-19 06:00:00,102983.9,103136.5,102000.0,102155.3,8920.563,913978394.4409
2025-05-19 07:00:00,102155.3,103299.9,102112.0,103169.4,4944.146,508525396.1201
2025-05-19 08:00:00,103169.4,103300.0,102866.4,103186.6,2556.57,263616301.8224
2025-05-19 09:00:00,103186.6,103392.0,102945.3,103020.3,2615.005,269745156.6168
2025-05-19 10:00:00,103020.3,103045.5,102799.9,102881.9,2391.802,246159898.579
2025-05-19 11:00:00,102881.9,103019.1,102733.1,102910.8,1238.634,127471149.8681
2025-05-19 12:00:00,102910.8,102910.9,102100.0,102432.0,4998.968,512124552.967
2025-05-19 13:00:00,102432.0,103495.8,102274.8,103239.7,6029.794,620422950.0866
2025-05-19 14:00:00,103239.7,104348.1,103131.7,104301.1,8869.063,920240137.161
2025-05-19 15:00:00,104301.1,104952.3,104239.0,104749.7,8275.654,865700174.1941
2025-05-19 16:00:00,104749.7,105400.0,104462.6,105309.1,7716.642,809485568.4128
2025-05-19 17:00:00,105309.1,105500.0,104900.0,105335.8,7425.416,781239889.067
2025-05-19 18:00:00,105335.8,105500.0,104663.9,104743.6,7254.269,761850240.4228
2025-05-19 19:00:00,104743.6,105500.0,104573.1,105461.7,5688.464,597711007.987
2025-05-19 20:00:00,105461.7,105736.6,105268.9,105429.7,4035.895,425810771.4358
2025-05-19 21:00:00,105429.7,105499.1,104947.2,105392.5,2170.219,228344094.688
2025-05-19 22:00:00,105392.5,105606.6,105130.3,105512.4,2449.925,258188898.2945
2025-05-19 23:00:00,105512.4,105798.4,105409.4,105538.0,1726.78,182388016.2746
2025-05-20 00:00:00,105538.0,106560.0,105531.0,105685.8,9577.812,1015032272.8016
2025-05-20 01:00:00,105685.8,106771.7,105661.7,106412.9,5317.314,565049747.1127
2025-05-20 02:00:00,106412.9,106844.4,105964.0,106079.1,7297.469,776490320.8849
2025-05-20 03:00:00,106079.1,106155.7,105471.6,105718.4,4386.475,464332362.8037
2025-05-20 04:00:00,105718.4,106215.9,105487.7,106179.9,3377.607,357374348.9645
2025-05-20 05:00:00,106179.9,106379.9,106027.8,106078.3,2974.322,315892180.5432
2025-05-20 06:00:00,106078.3,106186.4,105333.7,105409.4,3529.541,372715472.6721
2025-05-20 07:00:00,105409.4,105698.5,104842.4,104958.2,4593.292,483293364.9219
2025-05-20 08:00:00,104958.2,105187.0,104807.7,105163.3,2895.662,304092746.3588
2025-05-20 09:00:00,105163.3,105341.0,105118.7,105231.0,1654.454,174126342.7145
2025-05-20 10:00:00,105231.0,105375.0,104948.6,104969.4,2053.568,215828649.2167
2025-05-20 11:00:00,104969.4,105301.8,104865.8,105163.1,2189.639,230104789.9246
2025-05-20 12:00:00,105163.1,105169.7,104600.0,104717.9,3716.772,389582225.8561
2025-05-20 13:00:00,104717.9,104816.2,104125.4,104396.8,6731.429,702729854.4123
2025-05-20 14:00:00,104396.8,104935.8,104233.7,104480.4,6707.957,701916406.0441
2025-05-20 15:00:00,104480.4,105353.7,104434.9,105287.3,3610.227,379105770.1593
2025-05-20 16:00:00,105287.3,105481.0,105030.0,105162.1,2304.977,242652903.3855
2025-05-20 17:00:00,105162.1,106299.8,105161.8,106150.0,6955.443,737033199.9296
2025-05-20 18:00:00,106150.0,106368.3,105166.0,105230.7,7746.63,819501454.7133
2025-05-20 19:00:00,105230.7,107237.1,105157.1,106986.0,12974.996,1381738256.4848
2025-05-20 20:00:00,106986.0,107292.4,106340.5,106867.1,8487.192,906507776.1967
2025-05-20 21:00:00,106867.1,107194.2,106088.0,106570.5,4997.78,532615248.0334
2025-05-20 22:00:00,106570.5,106845.0,105888.0,106730.1,5017.616,533609448.9522
2025-05-20 23:00:00,106730.1,107159.3,106577.0,106808.2,4488.696,479661356.526
2025-05-21 00:00:00,106808.2,107225.3,106412.5,106697.9,5420.427,578731179.3492
2025-05-21 01:00:00,106697.9,107055.6,106365.8,106433.9,2370.446,253059783.6608
2025-05-21 02:00:00,106433.9,106876.9,106136.0,106801.0,3396.263,361611750.5093
2025-05-21 03:00:00,106801.0,107054.9,106680.6,106788.0,2648.519,283073630.0394
2025-05-21 04:00:00,106788.0,107774.2,106667.0,107251.0,7940.754,852452182.0454
2025-05-21 05:00:00,107251.0,107716.7,107249.1,107500.7,6205.715,667153534.6724
2025-05-21 06:00:00,107500.7,108033.3,107264.2,107718.4,6091.402,656511745.1848
2025-05-21 07:00:00,107718.4,107830.2,106369.6,106426.7,10500.045,1122032448.5417
2025-05-21 08:00:00,106426.7,106732.4,106269.7,106318.9,4443.194,472859668.8423
2025-05-21 09:00:00,106318.9,106469.1,106001.8,106137.5,3785.887,402044669.7208
2025-05-21 10:00:00,106137.5,106388.0,106068.8,106260.6,2940.849,312381108.8383
2025-05-21 11:00:00,106260.6,106639.5,106194.3,106490.0,3264.535,347530314.6627
2025-05-21 12:00:00,106490.0,106825.0,106350.0,106505.1,3277.131,349333686.6941
2025-05-21 13:00:00,106505.1,107621.4,106255.4,107199.6,9450.164,1011145226.6697
2025-05-21 14:00:00,107199.6,109087.7,106951.5,109033.7,18016.285,1946257622.2007
2025-05-21 15:00:00,109033.7,109472.8,108310.0,108941.9,22522.932,2453471022.147
2025-05-21 16:00:00,108941.9,109833.0,108658.2,109113.9,14129.559,1544604099.6743
2025-05-21 17:00:00,109113.9,109341.7,106078.5,106558.0,36422.951,3908573647.5067
2025-05-21 18:00:00,106558.0,107366.6,106254.4,106905.9,10637.341,1136482251.5723
2025-05-21 19:00:00,106905.9,108789.5,106560.9,108554.7,11751.117,1267601097.9295
2025-05-21 20:00:00,108554.7,108685.3,107657.9,108181.9,7393.782,799598176.8749
2025-05-21 21:00:00,108181.9,108513.0,107863.2,108360.7,3700.67,400607036.3429
2025-05-21 22:00:00,108360.7,108997.6,108228.1,108690.1,4833.984,525575041.9564
2025-05-21 23:00:00,108690.1,110800.0,108608.0,109608.7,20627.225,2264865164.4282
2025-05-22 00:00:00,109608.7,110149.3,109150.0,109924.6,10098.25,1107864222.186
2025-05-22 01:00:00,109924.6,110536.8,109631.1,109890.0,7866.028,866024835.9623
2025-05-22 02:00:00,109890.0,110969.5,109797.9,110438.6,6820.745,753318215.4632
2025-05-22 03:00:00,110438.6,111885.0,110300.1,111742.9,9915.588,1103634370.8424
2025-05-22 04:00:00,111742.9,111771.9,111193.6,111440.5,4953.597,552030357.7237
2025-05-22 05:00:00,111440.5,111628.2,110777.0,110841.1,4458.485,495813616.6853
2025-05-22 06:00:00,110841.1,111155.2,110406.5,110570.0,5547.553,614682790.332
2025-05-22 07:00:00,110570.0,111101.5,110425.4,110990.0,5071.623,562012699.4079
2025-05-22 08:00:00,110990.0,111129.8,110335.5,110368.8,5521.144,611137413.7947
2025-05-22 09:00:00,110368.8,110799.9,110218.4,110764.0,3828.397,422956262.861
2025-05-22 10:00:00,110764.0,110918.5,110553.6,110750.2,2174.982,240906517.8749
2025-05-22 11:00:00,110750.2,111285.0,110450.0,110923.1,5322.568,590058087.9672
2025-05-22 12:00:00,110923.1,111589.2,110741.3,111571.6,7303.666,812495455.8663
2025-05-22 13:00:00,111571.6,111590.0,110856.8,110880.0,8119.469,902880604.6446
2025-05-22 14:00:00,110880.0,111357.1,110495.3,110849.2,8004.522,887507917.9978
2025-05-22 15:00:00,110849.2,111500.0,110734.4,111256.6,4275.543,475289780.8883
2025-05-22 16:00:00,111256.6,111769.0,111044.3,111216.6,5334.664,594258145.1028
2025-05-22 17:00:00,111216.6,111968.0,111114.7,111473.6,5724.814,639315965.2988
2025-05-22 18:00:00,111473.6,111931.8,111333.0,111690.6,3322.736,371100128.8933
2025-05-22 19:00:00,111690.6,111880.0,110846.4,111148.7,5092.03,566940330.3313
2025-05-22 20:00:00,111148.7,111393.1,110745.6,111011.5,3300.779,366509386.9885
2025-05-22 21:00:00,111011.5,111045.3,110683.2,110779.8,2173.336,240904341.9958
2025-05-22 22:00:00,110779.8,111198.0,110779.7,110957.8,1705.677,189378892.5943
2025-05-22 23:00:00,110957.8,111670.0,110957.8,111646.5,2945.863,328207897.3857
2025-05-23 00:00:00,111646.5,111758.4,111336.3,111566.7,2634.985,293905872.733
2025-05-23 01:00:00,111566.7,111684.8,111159.2,111286.7,1750.009,194818051.8195
2025-05-23 02:00:00,111286.7,111575.7,111137.7,111223.8,2268.408,252582836.7877
2025-05-23 03:00:00,111223.8,111324.2,110950.0,111051.8,1797.707,199728768.9558
2025-05-23 04:00:00,111051.8,111137.1,110500.4,110790.8,3398.151,376353712.6852
2025-05-23 05:00:00,110790.8,110916.7,110600.0,110811.2,1431.352,158527111.0981
2025-05-23 06:00:00,110811.2,110811.2,110349.0,110480.0,2698.314,298188471.9745
2025-05-23 07:00:00,110480.0,110819.9,110468.0,110673.4,1872.029,207191195.2962
2025-05-23 08:00:00,110673.4,110978.9,110673.4,110880.1,1503.072,166608676.2674
2025-05-23 09:00:00,110880.1,111340.3,110850.4,111278.4,2640.958,293472900.0963
2025-05-23 10:00:00,111278.4,111289.9,110748.9,111023.2,2607.07,289328900.5203
2025-05-23 11:00:00,111023.2,111060.4,108825.9,109026.5,15175.842,1666334372.9466
2025-05-23 12:00:00,109026.5,109061.4,107263.6,108397.0,25315.947,2740943593.5304
2025-05-23 13:00:00,108397.0,109662.5,107916.4,109589.9,16859.936,1836909212.9518
2025-05-23 14:00:00,109589.9,109968.0,109450.9,109610.0,9351.685,1026156208.4633
2025-05-23 15:00:00,109610.0,109800.7,108853.1,108885.2,7871.126,859974656.9279
2025-05-23 16:00:00,108885.2,109175.0,107977.1,109030.4,13065.289,1418575975.2774
2025-05-23 17:00:00,109030.4,109790.2,108972.0,109350.8,6728.045,736366470.548
2025-05-23 18:00:00,109350.8,109451.9,108600.9,108751.5,6642.11,723627224.6589
2025-05-23 19:00:00,108751.5,109136.8,108526.5,108655.5,3743.542,407393864.8605
2025-05-23 20:00:00,108655.5,108671.9,108136.7,108186.9,2671.986,289720950.4232
2025-05-23 21:00:00,108186.9,108630.3,107981.5,108239.3,3362.049,364147780.6531
2025-05-23 22:00:00,108239.3,108549.7,107570.0,107739.6,4637.387,500826768.4308
2025-05-23 23:00:00,107739.6,107850.1,106755.0,107275.9,8162.686,875303779.6965
2025-05-24 00:00:00,107275.9,107639.8,106832.3,107322.1,5126.027,549948535.1086
2025-05-24 01:00:00,107322.1,107801.0,107303.3,107422.6,2319.698,249605576.6789
2025-05-24 02:00:00,107422.6,107836.4,107184.1,107746.0,1503.565,161724874.6299
2025-05-24 03:00:00,107746.0,108318.6,107690.7,108295.6,2452.076,264999361.0264
2025-05-24 04:00:00,108295.6,108531.6,108236.0,108438.8,1544.387,167423866.2992
2025-05-24 05:00:00,108438.8,108475.7,108087.3,108195.9,1877.968,203312757.6896
2025-05-24 06:00:00,108195.9,108298.0,107650.0,107920.1,2905.679,313508970.2159
2025-05-24 07:00:00,107920.1,108174.0,107506.1,107545.3,2261.923,243901780.1496
2025-05-24 08:00:00,107545.3,108248.1,107545.3,108205.4,2234.025,241035600.4124
2025-05-24 09:00:00,108205.4,108395.1,108119.0,108125.7,1487.242,160994585.0943
2025-05-24 10:00:00,108125.7,109194.0,108106.6,109025.7,5327.454,579511655.2033
2025-05-24 11:00:00,109025.7,109454.5,109025.7,109142.9,4427.898,483752499.6375
2025-05-24 12:00:00,109142.9,109222.0,108582.7,108735.3,4689.039,510314423.1672
2025-05-24 13:00:00,108735.3,108839.9,108469.5,108554.6,2190.272,238000936.4401
2025-05-24 14:00:00,108554.6,108981.8,108533.5,108900.8,1758.498,191304685.4774
2025-05-24 15:00:00,108900.8,109174.7,108785.6,108896.7,1888.585,205806532.5118
2025-05-24 16:00:00,108896.7,109059.4,108624.7,108949.9,2416.234,262887876.0176
2025-05-24 17:00:00,108949.9,109172.0,108818.9,108866.0,1499.044,163355013.9729
2025-05-24 18:00:00,108866.0,109032.0,108735.0,108783.3,894.466,97405467.2577
2025-05-24 19:00:00,108783.3,108978.0,108747.9,108904.9,657.139,71525048.409
2025-05-24 20:00:00,108904.9,109090.7,108822.9,108823.0,781.366,85122686.8204
2025-05-24 21:00:00,108823.0,108829.5,108533.3,108784.7,970.591,105497911.2241
2025-05-24 22:00:00,108784.7,108784.7,107894.8,108039.3,3671.073,397487937.8592
2025-05-24 23:00:00,108039.3,108329.8,107434.5,107716.0,8358.146,901350599.2449
2025-05-25 00:00:00,107716.0,108071.5,107194.3,107392.2,4627.969,498078027.1178
2025-05-25 01:00:00,107392.2,107978.2,107118.1,107604.5,3665.193,394139234.3842
2025-05-25 02:00:00,107604.5,107968.0,107405.6,107878.5,1859.758,200321558.7149
2025-05-25 03:00:00,107878.5,108222.0,107859.6,108059.5,2489.951,269139586.9244
2025-05-25 04:00:00,108059.5,108241.4,107910.5,108204.1,1642.177,177435547.5124
2025-05-25 05:00:00,108204.1,108249.7,107928.7,108069.9,1066.648,115282034.5164
2025-05-25 06:00:00,108069.9,108100.0,107630.0,107899.9,1411.598,152285288.9778
2025-05-25 07:00:00,107899.9,107899.9,107407.5,107631.0,1899.3,204403126.0824
2025-05-25 08:00:00,107631.0,107648.6,106888.0,107073.1,3402.375,364771713.8076
2025-05-25 09:00:00,107073.1,107216.8,106650.2,107101.6,4757.72,508824850.4083
2025-05-25 10:00:00,107101.6,107395.2,106780.6,106890.2,2704.031,289599684.5024
2025-05-25 11:00:00,106890.2,107225.0,106774.1,107200.0,2100.324,224753032.6812
2025-05-25 12:00:00,107200.0,107550.0,107117.6,107476.8,3447.204,370008899.5342
2025-05-25 13:00:00,107476.8,107708.9,107226.4,107470.7,2114.4,227285640.4524
2025-05-25 14:00:00,107470.7,107600.0,107095.9,107320.8,2211.26,237366853.7744
2025-05-25 15:00:00,107320.8,107383.6,106538.4,106931.9,6965.908,745245481.2626
2025-05-25 16:00:00,106931.9,107220.0,106606.6,107158.3,2866.394,306388036.6896
2025-05-25 17:00:00,107158.3,107340.0,107076.9,107330.0,1324.179,141981208.3442
2025-05-25 18:00:00,107330.0,107583.0,107225.1,107386.9,1501.808,161309701.1404
2025-05-25 19:00:00,107386.9,107919.8,107386.8,107679.0,1712.706,184428119.4315
2025-05-25 20:00:00,107679.0,107729.8,107411.7,107651.8,1307.978,140721561.421
2025-05-25 21:00:00,107651.8,107899.9,107106.5,107422.0,2035.258,218846048.2991
2025-05-25 22:00:00,107422.0,109189.7,107307.3,109143.8,10949.963,1187752530.3107
2025-05-25 23:00:00,109143.8,109300.0,108524.1,108976.2,5111.817,556539525.4407
2025-05-26 00:00:00,108976.2,109599.0,108640.7,109531.1,4798.81,523889086.5492
2025-05-26 01:00:00,109531.1,109838.0,109200.0,109507.3,5197.339,569335475.361
2025-05-26 02:00:00,109507.3,109763.2,109157.8,109361.9,3076.92,336712366.9358
2025-05-26 03:00:00,109361.9,109743.0,109240.6,109599.9,2580.444,282639651.8591
2025-05-26 04:00:00,109599.9,109714.2,109475.0,109506.9,1973.151,216241719.6411
2025-05-26 05:00:00,109506.9,109662.7,109331.5,109605.1,1509.174,165289539.5329
2025-05-26 06:00:00,109605.1,109935.4,109477.7,109920.0,2446.383,268393770.8976
2025-05-26 07:00:00,109920.0,110209.3,109693.4,110083.3,4709.607,517868731.9442
2025-05-26 08:00:00,110083.3,110171.8,109573.6,109642.5,2223.451,244200898.3689
2025-05-26 09:00:00,109642.5,109952.0,109551.9,109665.0,3291.135,361075254.0568
2025-05-26 10:00:00,109665.0,109823.1,109521.9,109599.7,1246.809,136742906.6039
2025-05-26 11:00:00,109599.7,109803.9,109505.7,109734.6,1442.993,158247358.5764
2025-05-26 12:00:00,109734.6,110029.1,109615.3,109781.5,2089.707,229438164.2261
2025-05-26 13:00:00,109781.5,109936.4,109423.3,109553.2,2937.291,322219854.1141
2025-05-26 14:00:00,109553.2,109691.8,109453.6,109614.7,1971.434,216021601.7018
2025-05-26 15:00:00,109614.7,110379.0,109490.0,109970.4,7662.301,843176565.5826
2025-05-26 16:00:00,109970.4,110452.2,109060.0,109346.4,9168.468,1005024419.0699
2025-05-26 17:00:00,109346.4,109656.9,108841.5,109133.6,4633.661,506058563.3839
2025-05-26 18:00:00,109133.6,109412.4,108944.4,109044.5,2049.519,223713914.5111
2025-05-26 19:00:00,109044.5,109150.0,108816.5,109077.8,2564.142,279399232.3706
2025-05-26 20:00:00,109077.8,109607.0,108900.0,109568.1,3867.726,423000675.719
2025-05-26 21:00:00,109568.1,109625.0,109092.7,109304.0,2130.057,232823330.5546
2025-05-26 22:00:00,109304.0,109887.8,109107.7,109143.3,3426.22,374964550.5372
2025-05-26 23:00:00,109143.3,109422.9,108990.8,109382.3,2440.89,266511149.7574
2025-05-27 00:00:00,109382.3,109656.9,109107.5,109120.0,2312.286,252980543.8574
2025-05-27 01:00:00,109120.0,109120.0,107421.7,108350.4,17274.805,1869932365.0155
2025-05-27 02:00:00,108350.4,108670.7,107820.1,108220.8,4264.032,461705589.8587
2025-05-27 03:00:00,108220.8,109293.8,108213.8,108820.1,5993.06,652209978.6717
2025-05-27 04:00:00,108820.1,109310.6,108794.6,108885.4,2871.981,313174191.1902
2025-05-27 05:00:00,108885.4,108930.0,108470.7,108866.1,3269.276,355381071.8595
2025-05-27 06:00:00,108866.1,109241.2,108774.8,108774.8,3763.296,410322480.9835
2025-05-27 07:00:00,108774.8,109594.8,108774.8,109494.0,3965.232,433463053.381
2025-05-27 08:00:00,109494.0,109748.3,109438.0,109655.6,3353.674,367613500.3415
2025-05-27 09:00:00,109655.6,109879.4,109351.5,109787.3,3262.661,357714680.6522
2025-05-27 10:00:00,109787.3,109811.8,109582.5,109644.2,1250.333,137166409.0155
2025-05-27 11:00:00,109644.2,109745.6,109366.9,109538.4,2073.212,227042918.3325
2025-05-27 12:00:00,109538.4,109786.7,109391.1,109551.9,2742.782,300600253.5646
2025-05-27 13:00:00,109551.9,110700.0,109518.2,109789.1,17590.656,1938554260.3755
2025-05-27 14:00:00,109789.1,110172.0,108606.6,109331.8,13611.957,1488875699.4481
2025-05-27 15:00:00,109331.8,110197.0,108974.5,110087.8,7944.214,871052780.8023
2025-05-27 16:00:00,110087.8,110459.6,109884.2,110162.5,4771.399,525785823.0151
2025-05-27 17:00:00,110162.5,110413.4,109915.1,110199.7,2485.066,273757069.1227
2025-05-27 18:00:00,110199.7,110378.7,109734.3,109846.8,3166.298,348284311.1309
2025-05-27 19:00:00,109846.8,110014.9,109500.0,109815.4,4004.294,439303461.7684
2025-05-27 20:00:00,109815.4,109844.7,109462.5,109481.6,2170.436,237992447.6493
2025-05-27 21:00:00,109481.6,109624.7,108708.0,108816.9,5647.258,615852347.004
2025-05-27 22:00:00,108816.9,109080.6,108458.6,108932.7,5282.786,574485133.5409
2025-05-27 23:00:00,108932.7,109076.5,108838.1,108864.0,1783.203,194343666.8557
2025-05-28 00:00:00,108864.0,109184.3,108606.2,109131.9,2823.668,307354213.2089
2025-05-28 01:00:00,109131.9,109217.8,108528.2,108581.2,2195.454,238879279.3081
2025-05-28 02:00:00,108581.2,108820.4,108304.1,108550.0,3613.769,392373284.5425
2025-05-28 03:00:00,108550.0,108888.0,108487.6,108793.8,1379.575,149986300.0164
2025-05-28 04:00:00,108793.8,109005.3,108550.0,108917.0,1428.43,155433318.7827
2025-05-28 05:00:00,108917.0,109032.1,108774.3,108922.4,951.28,103612999.9084
2025-05-28 06:00:00,108922.4,108922.5,108564.3,108663.6,1311.687,142589135.3927
2025-05-28 07:00:00,108663.6,109001.0,108655.2,108750.0,1597.284,173896731.3303
2025-05-28 08:00:00,108750.0,109070.8,108509.1,108976.7,2500.304,272023481.2019
2025-05-28 09:00:00,108976.7,109015.7,108438.0,108742.2,2591.793,281617202.0424
2025-05-28 10:00:00,108742.2,108888.0,108171.3,108770.3,3695.001,400949021.2809
2025-05-28 11:00:00,108770.3,108883.0,108642.2,108800.1,1186.346,129028960.3138
2025-05-28 12:00:00,108800.1,109000.0,108719.2,108828.2,1957.956,213202308.4004
2025-05-28 13:00:00,108828.2,108935.1,107939.5,108004.5,6884.963,746485516.4343
2025-05-28 14:00:00,108004.5,108195.0,107434.2,107484.3,9149.672,986105330.7675
2025-05-28 15:00:00,107484.3,107659.7,106973.9,107071.4,7198.312,772282318.2944
2025-05-28 16:00:00,107071.4,107421.0,107071.4,107388.3,3638.104,390189237.326
2025-05-28 17:00:00,107388.3,107800.0,107306.7,107640.9,4427.933,476385231.3609
2025-05-28 18:00:00,107640.9,107795.5,107333.0,107425.5,2039.026,219338349.3577
2025-05-28 19:00:00,107425.5,107757.2,106841.5,106883.4,3746.163,401705535.7681
2025-05-28 20:00:00,106883.4,107364.6,106718.0,107282.9,3441.297,368276719.4723
2025-05-28 21:00:00,107282.9,107548.0,107136.9,107455.1,1294.656,138966573.0737
2025-05-28 22:00:00,107455.1,107455.1,107102.6,107359.1,1129.04,121127849.5268
2025-05-28 23:00:00,107359.1,108017.2,107359.0,107738.9,4411.678,475617174.2561
2025-05-29 00:00:00,107738.9,108270.5,107395.0,108251.1,3473.701,374480486.3779
2025-05-29 01:00:00,108251.1,108299.9,107753.0,108114.2,3463.691,374121528.1847
2025-05-29 02:00:00,108114.2,108437.9,107890.9,108389.1,2515.678,272133255.7182
2025-05-29 03:00:00,108389.1,108390.7,107913.0,108002.4,1786.06,193124291.4181
2025-05-29 04:00:00,108002.4,108065.4,106880.0,107515.3,6375.631,684782243.3411
2025-05-29 05:00:00,107515.3,107731.8,107429.4,107644.1,1792.976,192912773.789
2025-05-29 06:00:00,107644.1,107904.5,107608.2,107871.5,1233.216,132914149.3648
2025-05-29 07:00:00,107871.5,107967.5,107708.0,107824.9,1200.702,129477791.4974
2025-05-29 08:00:00,107824.9,108540.9,107576.5,108439.1,4412.888,477238692.7569
2025-05-29 09:00:00,108439.1,108600.0,108264.6,108466.9,2532.444,274592018.1491
2025-05-29 10:00:00,108466.9,108820.0,108349.7,108702.1,3284.757,356747789.3892
2025-05-29 11:00:00,108702.1,108850.0,108620.9,108741.4,2941.739,319919553.5738
2025-05-29 12:00:00,108741.4,108773.3,108302.6,108379.8,4685.771,508530708.821
2025-05-29 13:00:00,108379.8,108537.5,107370.0,107550.0,11302.27,1218723652.5797
2025-05-29 14:00:00,107550.0,107775.0,106339.4,107550.5,15012.111,1607412997.9226
2025-05-29 15:00:00,107550.5,107679.9,106889.6,106965.1,4786.043,513478152.0292
2025-05-29 16:00:00,106965.1,107120.0,106500.9,106676.9,6483.355,692634607.6148
2025-05-29 17:00:00,106676.9,106839.9,106030.5,106252.0,7776.982,827675009.8809
2025-05-29 18:00:00,106252.0,106589.5,105766.2,105796.0,6400.313,679641861.4479
2025-05-29 19:00:00,105796.0,106052.3,105600.0,105692.9,6225.535,658729503.6718
2025-05-29 20:00:00,105692.9,106183.2,105682.8,106137.6,3918.011,415380045.6151
2025-05-29 21:00:00,106137.6,106434.5,106065.4,106424.4,1829.178,194387410.4638
2025-05-29 22:00:00,106424.4,106425.0,105873.0,105881.5,1828.156,194065955.4445
2025-05-29 23:00:00,105881.5,106051.2,105250.0,105550.0,4656.962,491712600.4806
2025-05-30 00:00:00,105550.0,106175.1,104520.1,104880.4,13109.863,1378872011.079
2025-05-30 01:00:00,104880.4,105890.8,104859.0,105634.0,7579.865,798764420.997
2025-05-30 02:00:00,105634.0,106133.4,105612.6,105965.3,3046.882,322770852.7033
2025-05-30 03:00:00,105965.3,106150.0,105885.0,105982.0,1559.112,165333413.0666
2025-05-30 04:00:00,105982.0,106106.6,105855.8,106067.3,1707.257,180897082.1877
2025-05-30 05:00:00,106067.3,106278.3,105974.7,106032.0,1427.106,151452552.2889
2025-05-30 06:00:00,106032.0,106085.0,105473.6,105681.4,2919.444,308779395.8105
2025-05-30 07:00:00,105681.4,105830.0,104680.2,104996.9,7950.694,835839678.622
2025-05-30 08:00:00,104996.9,105319.0,104790.3,105132.5,4584.09,481583015.1501
2025-05-30 09:00:00,105132.5,105670.0,104555.1,105640.5,7727.083,812893225.1015
2025-05-30 10:00:00,105640.5,105986.3,105255.9,105943.9,5622.195,594105832.8209
2025-05-30 11:00:00,105943.9,105980.4,105672.7,105860.0,2167.966,229438120.1814
2025-05-30 12:00:00,105860.0,105996.6,105118.6,105665.2,5721.513,604008306.661
2025-05-30 13:00:00,105665.2,105946.8,105319.9,105446.8,4808.313,507790378.1434
2025-05-30 14:00:00,105446.8,105790.8,104971.8,105314.8,6954.347,732697303.4436
2025-05-30 15:00:00,105314.8,105799.9,105253.7,105500.0,2418.99,255420082.9214
2025-05-30 16:00:00,105500.0,105525.0,103666.0,103875.4,16112.432,1681386996.6749
2025-05-30 17:00:00,103875.4,104270.0,103817.0,104161.9,3544.932,368932940.3931
2025-05-30 18:00:00,104161.9,104875.0,104050.0,104854.4,5229.329,546839218.7305
2025-05-30 19:00:00,104854.4,104950.0,104437.5,104609.3,2170.928,227341996.4072
2025-05-30 20:00:00,104609.3,104827.7,104350.5,104553.3,2272.539,237508493.9198
2025-05-30 21:00:00,104553.3,104870.0,104528.2,104600.0,1160.195,121455495.6192
2025-05-30 22:00:00,104600.0,104780.4,103940.0,103940.0,3287.941,343026245.5444
2025-05-30 23:00:00,103940.0,104240.0,103569.0,103976.6,5100.411,529963150.9156
2025-05-31 00:00:00,103976.6,104288.8,103518.3,103947.2,3853.582,400574847.4457
2025-05-31 01:00:00,103947.2,104188.0,103233.3,103434.8,5205.742,539408519.6675
2025-05-31 02:00:00,103434.8,103835.6,103055.0,103160.7,4338.978,448845193.264
2025-05-31 03:00:00,103160.7,103667.9,103036.8,103643.0,3573.303,369339845.0074
2025-05-31 04:00:00,103643.0,103788.0,103442.7,103770.3,1681.628,174285528.58
2025-05-31 05:00:00,103770.3,103882.5,103467.8,103494.3,1748.773,181276053.2298
2025-05-31 06:00:00,103494.3,103869.0,103482.5,103815.5,1108.621,114969766.1362
2025-05-31 07:00:00,103815.5,103815.6,103585.7,103713.4,1225.457,127051938.1107
2025-05-31 08:00:00,103713.4,103787.8,103481.0,103616.9,1266.506,131260343.3083
2025-05-31 09:00:00,103616.9,103714.9,103441.6,103514.4,826.648,85603937.136
2025-05-31 10:00:00,103514.4,103573.3,103246.0,103380.4,1673.23,173023927.9289
2025-05-31 11:00:00,103380.4,103491.2,103256.0,103459.4,702.499,72637584.8445
2025-05-31 12:00:00,103459.4,103998.9,103441.3,103998.8,2176.592,225890333.4646
2025-05-31 13:00:00,103998.8,104164.5,103931.0,104078.8,2440.106,253932732.9606
2025-05-31 14:00:00,104078.8,104549.8,104078.8,104523.3,3473.373,362408589.3777
2025-05-31 15:00:00,104523.3,104800.0,104400.0,104512.9,3545.826,370766865.2852
2025-05-31 16:00:00,104512.9,104769.9,104353.8,104464.7,1888.656,197475371.0111
2025-05-31 17:00:00,104464.7,104611.8,104238.1,104337.3,1751.526,182860285.2773
2025-05-31 18:00:00,104337.3,104612.3,104337.3,104469.9,974.547,101826879.4605
2025-05-31 19:00:00,104469.9,104735.5,104469.9,104686.0,1433.181,149998122.2138
2025-05-31 20:00:00,104686.0,104795.0,104503.6,104763.9,840.733,88015890.4136
2025-05-31 21:00:00,104763.9,104879.4,104620.0,104860.7,2403.496,251865717.8458
2025-05-31 22:00:00,104860.7,104898.5,104589.6,104600.3,1377.912,144292255.0898
2025-05-31 23:00:00,104600.3,104827.7,104456.8,104566.1,2161.97,226212201.246
2025-06-01 00:00:00,104566.1,104611.4,104283.2,104414.0,2532.969,264479272.526
2025-06-01 01:00:00,104414.0,104471.7,103910.8,104085.5,2131.133,222049694.4426
2025-06-01 02:00:00,104085.5,104293.1,103863.4,104142.4,1721.517,179172275.9265
2025-06-01 03:00:00,104142.4,104416.7,103914.3,104333.1,1656.586,172514176.9578
2025-06-01 04:00:00,104333.1,104699.0,104318.7,104598.9,1148.377,120030319.7116
2025-06-01 05:00:00,104598.9,104680.0,104400.0,104498.2,728.676,76179415.8572
2025-06-01 06:00:00,104498.2,104498.3,104150.1,104222.3,1200.463,125205918.3505
2025-06-01 07:00:00,104222.3,104337.0,104150.4,104230.0,848.777,88473571.9938
2025-06-01 08:00:00,104230.0,104356.5,104170.5,104346.0,657.966,68592866.9033
2025-06-01 09:00:00,104346.0,104410.0,103696.7,103886.4,3376.179,350885858.9619
2025-06-01 10:00:00,103886.4,103990.0,103720.0,103891.4,1214.518,126148366.8503
2025-06-01 11:00:00,103891.4,104102.0,103807.2,104040.0,1075.16,111793473.7684
2025-06-01 12:00:00,104040.0,104140.7,103719.7,103917.6,1239.254,128771608.689
2025-06-01 13:00:00,103917.6,104398.7,103900.0,104225.9,1485.479,154803680.7389
2025-06-01 14:00:00,104225.9,104749.0,104225.9,104562.9,2620.82,274078307.2812
2025-06-01 15:00:00,104562.9,104773.5,104466.8,104676.9,1493.184,156257865.8396
2025-06-01 16:00:00,104676.9,105266.0,104614.5,104997.9,4661.75,489726415.535
2025-06-01 17:00:00,104997.9,105167.4,104952.8,105038.1,961.098,100968136.8192
2025-06-01 18:00:00,105038.1,105038.1,104302.4,104869.8,3459.186,362159917.2177
2025-06-01 19:00:00,104869.8,105123.4,104778.7,105084.1,1643.701,172501913.8822
2025-06-01 20:00:00,105084.1,105279.9,104856.9,104911.8,1415.853,148754721.7474
2025-06-01 21:00:00,104911.8,105479.2,104877.7,105450.0,1456.063,153223886.4937
2025-06-01 22:00:00,105450.0,105730.9,105374.5,105469.9,2622.778,276840084.3306
2025-06-01 23:00:00,105469.9,105843.6,105415.0,105614.4,2718.798,287415309.4804
2025-06-02 00:00:00,105614.4,105719.0,105361.4,105391.4,2364.995,249536945.8149
2025-06-02 01:00:00,105391.4,105619.9,105318.7,105356.5,1309.525,138085214.9916
2025-06-02 02:00:00,105356.5,105392.7,104978.5,104999.9,1780.669,187293190.9164
2025-06-02 03:00:00,104999.9,105028.0,104502.2,104786.8,3421.665,358476248.1925
2025-06-02 04:00:00,104786.8,104955.0,104650.6,104726.8,993.524,104141293.04
2025-06-02 05:00:00,104726.8,104884.5,104568.3,104785.1,1298.61,136003336.095
2025-06-02 06:00:00,104785.1,105217.6,104682.1,105115.7,2208.532,231840831.1173
2025-06-02 07:00:00,105115.7,105394.7,105115.7,105333.8,2007.539,211325136.7616
2025-06-02 08:00:00,105333.8,105894.0,105200.0,105294.5,5662.947,597737084.8523
2025-06-02 09:00:00,105294.5,105295.1,104423.1,104535.3,5342.767,559637991.3036
2025-06-02 10:00:00,104535.3,104615.0,104200.0,104330.1,4117.646,429806959.5192
2025-06-02 11:00:00,104330.1,104449.0,103868.0,104004.4,3510.413,365567541.1334
2025-06-02 12:00:00,104004.4,104227.9,103801.0,104146.5,3411.332,354822112.9987
2025-06-02 13:00:00,104146.5,104500.0,103634.6,103772.6,7712.547,801882591.5072
2025-06-02 14:00:00,103772.6,104631.4,103606.4,104119.5,9278.808,966557508.9102
2025-06-02 15:00:00,104119.5,104512.2,103848.7,104382.0,4202.576,437937431.9603
2025-06-02 16:00:00,104382.0,104388.2,103962.5,104215.8,2692.784,280509408.7845
2025-06-02 17:00:00,104215.8,104441.2,104020.4,104337.3,1962.949,204589941.8659
2025-06-02 18:00:00,104337.3,104683.0,104138.3,104306.0,2121.832,221498549.9888
2025-06-02 19:00:00,104306.0,104462.5,103985.6,104376.4,1780.657,185614865.1629
2025-06-02 20:00:00,104376.4,104948.8,104376.4,104834.3,2748.168,287814640.0142
2025-06-02 21:00:00,104834.3,105061.0,104500.6,104873.5,2257.773,236611950.4488
2025-06-02 22:00:00,104873.5,105742.0,104873.5,105643.4,4241.701,447198385.2132
2025-06-02 23:00:00,105643.4,105919.7,105509.2,105827.2,3457.617,365693193.471
2025-06-03 00:00:00,105827.2,106360.0,105716.7,106231.7,4098.862,434852376.4982
2025-06-03 01:00:00,106231.7,106459.5,106078.7,106435.8,1962.352,208547703.1452
2025-06-03 02:00:00,106435.8,106478.8,105522.3,105570.1,4853.746,514144476.8841
2025-06-03 03:00:00,105570.1,105667.9,105281.8,105426.8,2940.881,310103916.6681
2025-06-03 04:00:00,105426.8,105462.3,105061.8,105117.3,1778.655,187156009.403
2025-06-03 05:00:00,105117.3,105400.4,105117.3,105386.1,1483.912,156229714.7045
2025-06-03 06:00:00,105386.1,105400.0,105146.2,105364.9,1140.929,120099337.227
2025-06-03 07:00:00,105364.9,105378.0,105100.0,105121.9,1181.55,124341887.9478
2025-06-03 08:00:00,105121.9,105183.4,104813.9,105032.0,2565.566,269305448.214
2025-06-03 09:00:00,105032.0,105226.3,105018.0,105143.8,2073.577,217979897.5442
2025-06-03 10:00:00,105143.8,105300.0,105104.3,105239.9,1716.172,180574125.1202
2025-06-03 11:00:00,105239.9,105324.8,105125.9,105255.7,1131.274,119041189.7788
2025-06-03 12:00:00,105255.7,105417.9,105202.1,105275.0,1197.966,126135855.3734
2025-06-03 13:00:00,105275.0,105619.4,104971.9,105360.6,6009.257,633025703.5957
2025-06-03 14:00:00,105360.6,106693.0,105090.8,106510.9,10840.498,1149002300.4516
2025-06-03 15:00:00,106510.9,106773.7,106287.4,106550.6,8109.268,863908817.3249
2025-06-03 16:00:00,106550.6,106626.0,105704.3,105774.1,5085.018,539725021.3364
2025-06-03 17:00:00,105774.1,106079.0,105704.1,105880.7,3237.416,342785676.546
2025-06-03 18:00:00,105880.7,106015.3,105546.1,105942.0,3663.106,387467702.8024
2025-06-03 19:00:00,105942.0,106368.7,105941.9,106168.3,4613.152,489730255.5862
2025-06-03 20:00:00,106168.3,106195.1,105303.0,105694.9,4019.998,424874703.5117
2025-06-03 21:00:00,105694.9,105800.9,105213.7,105304.7,2747.751,289777978.756
2025-06-03 22:00:00,105304.7,105858.9,105250.0,105694.2,2609.616,275689744.8385
2025-06-03 23:00:00,105694.2,105694.4,105204.5,105324.7,2451.166,258270731.4989
2025-06-04 00:00:00,105324.7,105477.9,105052.5,105420.9,3108.777,327277843.5728
2025-06-04 01:00:00,105420.9,105680.3,105337.6,105522.8,2248.304,237242094.2573
2025-06-04 02:00:00,105522.8,105777.4,105350.0,105411.1,2223.652,234684055.9399
2025-06-04 03:00:00,105411.1,105689.3,105375.6,105463.1,1558.91,164573485.1705
2025-06-04 04:00:00,105463.1,105551.7,105350.0,105359.5,1140.334,120239797.1622
2025-06-04 05:00:00,105359.5,105468.4,105283.0,105300.1,1246.474,131321871.7619
2025-06-04 06:00:00,105300.1,105393.0,105200.0,105236.8,1176.031,123803269.3716
2025-06-04 07:00:00,105236.8,105414.9,105206.5,105253.7,835.518,87970856.8374
2025-06-04 08:00:00,105253.7,105541.4,105253.7,105379.9,1248.488,131602521.1268
2025-06-04 09:00:00,105379.9,105856.9,105267.8,105768.3,1962.788,207219502.717
2025-06-04 10:00:00,105768.3,105952.9,105600.0,105649.1,1991.308,210591087.7956
2025-06-04 11:00:00,105649.1,105749.9,105050.0,105056.6,3987.753,419877215.7384
2025-06-04 12:00:00,105056.6,105130.8,104758.9,105000.1,6757.129,709249414.4305
2025-06-04 13:00:00,105000.1,105240.7,104671.0,104725.3,4603.695,483071213.0145
2025-06-04 14:00:00,104725.3,104999.9,104135.3,104982.6,10062.285,1051572519.5378
2025-06-04 15:00:00,104982.6,105492.5,104853.2,105238.2,8178.499,860902512.0524
2025-06-04 16:00:00,105238.2,105411.0,105035.0,105394.1,2283.662,240310108.516
2025-06-04 17:00:00,105394.1,105425.0,104892.2,104989.1,2856.087,300227204.1627
2025-06-04 18:00:00,104989.1,105243.7,104868.0,104899.9,2218.848,233156920.286
2025-06-04 19:00:00,104899.9,105054.6,104825.0,104863.1,2526.008,265062301.2564
2025-06-04 20:00:00,104863.1,104920.0,104355.1,104572.3,3211.868,335963677.7232
2025-06-04 21:00:00,104572.3,105013.3,104512.6,104880.1,1750.283,183354940.0244
2025-06-04 22:00:00,104880.1,104999.0,104671.3,104712.4,1045.051,109520928.3207
2025-06-04 23:00:00,104712.4,104813.6,104552.5,104630.0,896.526,93827477.9945
2025-06-05 00:00:00,104630.0,104914.7,104581.6,104914.6,1601.729,167841845.9381
2025-06-05 01:00:00,104914.6,105094.4,104623.9,104711.3,1540.561,161573991.2902
2025-06-05 02:00:00,104711.3,105213.5,104711.3,104940.9,2381.532,250145992.6784
2025-06-05 03:00:00,104940.9,105013.8,104820.1,104980.8,808.186,84789445.6413
2025-06-05 04:00:00,104980.8,105200.0,104980.8,105138.0,1063.713,111813140.7211
2025-06-05 05:00:00,105138.0,105153.7,104516.0,104602.3,2397.351,251256694.7593
2025-06-05 06:00:00,104602.3,104661.6,104307.6,104401.8,3070.734,320778353.4397
2025-06-05 07:00:00,104401.8,104580.2,104353.1,104461.2,1311.693,137053118.1634
2025-06-05 08:00:00,104461.2,104635.9,104366.7,104635.2,1127.085,117837912.9426
2025-06-05 09:00:00,104635.2,104876.4,104612.0,104848.8,1749.659,183303688.8934
2025-06-05 10:00:00,104848.8,104848.9,104456.6,104604.2,2033.704,212737276.0297
2025-06-05 11:00:00,104604.2,104800.5,104490.6,104771.7,1308.4,136974622.6589
2025-06-05 12:00:00,104771.7,105749.9,104730.5,105594.8,7308.384,770002349.5458
2025-06-05 13:00:00,105594.8,105866.7,104250.0,104468.9,11906.821,1251762233.1315
2025-06-05 14:00:00,104468.9,104927.4,103830.0,104590.1,14991.45,1563332396.2582
2025-06-05 15:00:00,104590.1,104820.0,104274.3,104483.0,5044.922,527497069.3319
2025-06-05 16:00:00,104483.0,104547.0,103233.0,103233.0,11921.104,1237760567.1194
2025-06-05 17:00:00,103233.0,103557.1,103100.0,103200.0,6752.663,697626005.1319
2025-06-05 18:00:00,103200.0,103323.9,102522.6,102964.7,9842.559,1013182995.8267
2025-06-05 19:00:00,102964.7,102998.1,101490.8,101870.0,17061.003,1741476040.4155
2025-06-05 20:00:00,101870.0,102139.1,100350.0,100447.7,21967.427,2220861683.6369
2025-06-05 21:00:00,100447.7,101639.2,100380.0,101505.4,12192.895,1232213861.0643
2025-06-05 22:00:00,101505.4,101676.4,100984.1,101453.9,3855.484,390640526.9044
2025-06-05 23:00:00,101453.9,101788.6,101420.8,101455.2,1818.834,184809065.9213
2025-06-06 00:00:00,101455.2,101866.7,101046.0,101856.0,4880.502,495070170.9395
2025-06-06 01:00:00,101856.0,101908.1,101627.2,101800.0,1508.549,153546088.5853
2025-06-06 02:00:00,101800.0,102168.6,101488.0,102154.2,2230.817,227079335.6857
2025-06-06 03:00:00,102154.2,102470.0,101993.9,102449.9,2413.82,246839216.2162
2025-06-06 04:00:00,102449.9,102750.0,102340.2,102730.0,2876.259,294928787.1041
2025-06-06 05:00:00,102730.0,102900.0,102629.0,102900.0,2351.148,241623612.4881
2025-06-06 06:00:00,102900.0,103163.7,102825.1,103120.4,3810.628,392523251.1087
2025-06-06 07:00:00,103120.4,103419.2,103001.0,103099.9,3031.521,312762328.4244
2025-06-06 08:00:00,103099.9,103545.7,103099.9,103460.2,2883.673,298161835.871
2025-06-06 09:00:00,103460.2,103700.0,103454.7,103593.4,3975.143,411790656.9502
2025-06-06 10:00:00,103593.4,103773.4,103503.5,103635.7,2048.203,212270034.7812
2025-06-06 11:00:00,103635.7,103949.6,103599.0,103873.4,3296.471,342149137.993
2025-06-06 12:00:00,103873.4,104271.4,103463.9,103704.8,10442.617,1084979011.0769
2025-06-06 13:00:00,103704.8,104481.3,103704.7,104045.2,7214.852,751408495.1956
2025-06-06 14:00:00,104045.2,104868.4,103942.4,104720.1,7799.643,815167300.4212
2025-06-06 15:00:00,104720.1,105320.4,104565.3,105035.2,10025.318,1051798504.293
2025-06-06 16:00:00,105035.2,105249.5,104639.8,104709.9,4359.669,457683869.869
2025-06-06 17:00:00,104709.9,104911.4,104374.3,104882.1,4847.755,507059148.2175
2025-06-06 18:00:00,104882.1,104931.5,104411.5,104448.3,2885.201,301839865.919
2025-06-06 19:00:00,104448.3,104562.9,104012.0,104167.4,2805.607,292547871.4508
2025-06-06 20:00:00,104167.4,104584.9,104111.0,104428.5,1438.711,150158741.9859
2025-06-06 21:00:00,104428.5,104437.4,104228.1,104326.3,1320.121,137709699.6491
2025-06-06 22:00:00,104326.3,104427.5,104176.6,104427.5,721.634,75251677.9368
2025-06-06 23:00:00,104427.5,104427.5,104147.0,104227.5,686.795,71589930.3239
2025-06-07 00:00:00,104227.5,104458.0,103811.0,104458.0,2818.181,293325654.9347
2025-06-07 01:00:00,104458.0,104514.0,104300.0,104391.0,1217.955,127156209.6117
2025-06-07 02:00:00,104391.0,104573.5,104275.8,104475.8,1567.597,163686229.3905
2025-06-07 03:00:00,104475.8,104900.4,104429.5,104842.7,4338.073,454209398.1828
2025-06-07 04:00:00,104842.7,104853.0,104626.0,104792.0,1594.205,166960066.4879
2025-06-07 05:00:00,104792.0,104977.7,104720.5,104838.7,1353.487,141896173.3023
2025-06-07 06:00:00,104838.7,105292.6,104759.0,105291.3,2186.19,229609835.7139
2025-06-07 07:00:00,105291.3,105292.6,104780.0,104817.0,2836.714,297753108.7195
2025-06-07 08:00:00,104817.0,104907.2,104645.4,104700.8,1293.294,135516651.9762
2025-06-07 09:00:00,104700.8,104898.0,104700.7,104786.5,1163.564,121957440.4574
2025-06-07 10:00:00,104786.5,105135.0,104774.1,105083.1,1945.295,204232580.7888
2025-06-07 11:00:00,105083.1,105215.2,105006.7,105093.7,1465.551,154067346.9
2025-06-07 12:00:00,105093.7,105666.0,105093.6,105413.7,4456.344,469777688.5045
2025-06-07 13:00:00,105413.7,105766.7,105250.5,105567.0,3128.684,330270356.1132
2025-06-07 14:00:00,105567.0,105666.7,105333.4,105368.9,2710.697,285958129.6394
2025-06-07 15:00:00,105368.9,105537.5,105267.3,105505.1,1378.588,145311307.1423
2025-06-07 16:00:00,105505.1,105625.7,105220.7,105297.0,1380.819,145558686.9073
2025-06-07 17:00:00,105297.0,105516.0,105285.5,105343.2,935.497,98608051.3074
2025-06-07 18:00:00,105343.2,105848.0,105343.2,105568.0,2535.271,267864764.0285
2025-06-07 19:00:00,105568.0,105842.8,105558.9,105678.1,2384.922,252153540.2594
2025-06-07 20:00:00,105678.1,105865.9,105674.3,105799.9,1027.056,108658388.5594
2025-06-07 21:00:00,105799.9,105821.5,105650.2,105715.0,629.568,66580959.1655
2025-06-07 22:00:00,105715.0,105862.4,105610.1,105771.6,809.359,85600689.399
2025-06-07 23:00:00,105771.6,105771.6,105472.3,105499.9,1467.873,154997571.4447
2025-06-08 00:00:00,105499.9,105611.9,105386.2,105419.9,866.891,91417545.9177
2025-06-08 01:00:00,105419.9,105732.0,105340.0,105635.9,724.024,76410856.0408
2025-06-08 02:00:00,105635.9,105636.0,105385.7,105389.9,554.115,58443269.6275
2025-06-08 03:00:00,105389.9,105444.0,105347.6,105415.8,418.946,44151019.523
2025-06-08 04:00:00,105415.8,105587.2,105352.3,105556.0,524.982,55385528.5339
2025-06-08 05:00:00,105556.0,105586.7,105352.6,105377.8,531.462,56054639.9726
2025-06-08 06:00:00,105377.8,105542.0,105375.0,105388.4,486.288,51280154.3956
2025-06-08 07:00:00,105388.4,105510.3,105355.0,105370.4,458.242,48301885.1007
2025-06-08 08:00:00,105370.4,105454.5,105311.2,105323.5,471.016,49639585.9793
2025-06-08 09:00:00,105323.5,105358.9,105020.9,105077.6,2263.845,238128528.5215
2025-06-08 10:00:00,105077.6,105418.5,104924.7,105293.8,2393.558,251653266.2209
2025-06-08 11:00:00,105293.8,105664.4,105293.7,105634.2,2523.234,266253616.7713
2025-06-08 12:00:00,105634.2,105725.0,105452.4,105660.0,1564.965,165250334.8132
2025-06-08 13:00:00,105660.0,106097.0,105485.7,105560.2,3707.63,392243574.0321
2025-06-08 14:00:00,105560.2,105849.7,105497.2,105771.0,1300.352,137405232.8387
2025-06-08 15:00:00,105771.0,106049.3,105757.2,105921.5,2188.346,231802097.9635
2025-06-08 16:00:00,105921.5,106312.2,105879.4,106135.3,3812.432,404514417.8199
2025-06-08 17:00:00,106135.3,106300.0,106016.6,106028.9,1831.148,194424175.1781
2025-06-08 18:00:00,106028.9,106261.0,105960.8,106241.3,842.04,89378519.6429
2025-06-08 19:00:00,106241.3,106268.5,106105.9,106239.8,716.42,76092173.7071
2025-06-08 20:00:00,106239.8,106267.1,106060.0,106092.3,521.256,55351532.7144
2025-06-08 21:00:00,106092.3,106441.8,106092.2,106273.4,1332.678,141646486.7131
2025-06-08 22:00:00,106273.4,106313.0,105625.5,105717.0,3324.097,351919586.0868
2025-06-08 23:00:00,105717.0,105734.1,105500.0,105670.8,2034.656,214884463.8548
2025-06-09 00:00:00,105670.8,105932.1,105532.3,105650.0,2252.35,238061529.059
2025-06-09 01:00:00,105650.0,105697.0,105381.0,105473.8,1868.293,197142981.8591
2025-06-09 02:00:00,105473.8,105675.0,105412.0,105507.5,1056.897,111557413.6465
2025-06-09 03:00:00,105507.5,105657.6,105252.6,105610.7,1538.558,162219389.5838
2025-06-09 04:00:00,105610.7,105672.9,105362.7,105388.1,746.421,78777555.7813
2025-06-09 05:00:00,105388.1,105473.8,105286.0,105330.0,1051.282,110763752.9498
2025-06-09 06:00:00,105330.0,105660.0,105264.1,105651.9,1076.916,113596758.3061
2025-06-09 07:00:00,105651.9,105651.9,105446.7,105511.4,641.451,67685954.9322
2025-06-09 08:00:00,105511.4,105906.2,105433.2,105878.8,1767.579,186809996.7759
2025-06-09 09:00:00,105878.8,106880.1,105782.7,106584.9,9166.688,976201894.6898
2025-06-09 10:00:00,106584.9,107446.4,106534.7,107163.0,9690.931,1038002515.4798
2025-06-09 11:00:00,107163.0,107775.9,107104.8,107723.1,7431.934,798946901.9565
2025-06-09 12:00:00,107723.1,107950.0,107519.7,107704.1,4362.249,469904495.2407
2025-06-09 13:00:00,107704.1,107859.8,106835.4,106973.2,7163.736,768942678.4902
2025-06-09 14:00:00,106973.2,108033.4,106973.2,107581.9,7706.039,828896711.5475
2025-06-09 15:00:00,107581.9,108012.9,107486.0,107592.8,4791.693,516501912.7956
2025-06-09 16:00:00,107592.8,108180.0,107592.7,107657.6,4314.822,465473156.3761
2025-06-09 17:00:00,107657.6,108401.6,107604.6,108297.0,4903.737,530362216.6613
2025-06-09 18:00:00,108297.0,108536.4,108239.1,108415.3,3420.244,370750080.8398
2025-06-09 19:00:00,108415.3,108733.4,108280.2,108512.9,3649.443,396064177.8087
2025-06-09 20:00:00,108512.9,108685.2,108372.2,108641.8,1536.155,166783341.7579
2025-06-09 21:00:00,108641.8,110660.8,108641.7,109923.7,16501.215,1810202392.903
2025-06-09 22:00:00,109923.7,110392.6,109661.7,110132.6,5140.244,565685181.958
2025-06-09 23:00:00,110132.6,110263.6,109843.7,110219.9,2624.54,288836076.9372
2025-06-10 00:00:00,110219.9,110273.5,109875.0,109875.1,2085.646,229565369.7858
2025-06-10 01:00:00,109875.1,109926.6,109592.7,109750.0,1879.946,206345288.1298
2025-06-10 02:00:00,109750.0,109750.1,109342.2,109602.7,2290.655,250926299.3325
2025-06-10 03:00:00,109602.7,109646.9,109342.4,109517.7,1476.684,161613379.5129
2025-06-10 04:00:00,109517.7,109594.5,109317.8,109482.3,1086.912,118941488.4708
2025-06-10 05:00:00,109482.3,109683.0,109156.2,109263.9,2348.558,256816145.3307
2025-06-10 06:00:00,109263.9,109596.6,109084.5,109450.1,1643.12,179642516.2865
2025-06-10 07:00:00,109450.1,109464.8,109050.0,109170.9,1643.858,179579197.151
2025-06-10 08:00:00,109170.9,109367.0,109016.0,109044.9,1541.215,168272642.8013
2025-06-10 09:00:00,109044.9,109487.9,109035.0,109473.6,1751.153,191375982.1274
2025-06-10 10:00:00,109473.6,109549.4,109225.7,109263.5,1599.81,175007216.9453
2025-06-10 11:00:00,109263.5,109812.0,109156.8,109507.1,5049.242,553545308.4701
2025-06-10 12:00:00,109507.1,109671.9,109376.9,109654.9,2177.32,238441002.3182
2025-06-10 13:00:00,109654.9,109863.0,108799.0,109274.4,7596.922,829876856.2796
2025-06-10 14:00:00,109274.4,109299.9,108425.2,108578.0,6605.947,718450325.7455
2025-06-10 15:00:00,108578.0,109165.7,108279.2,108972.4,7226.298,785793166.6418
2025-06-10 16:00:00,108972.4,109229.8,108650.0,108693.4,2709.465,295274812.6894
2025-06-10 17:00:00,108693.4,109040.9,108562.7,108662.2,1799.587,195770128.7069
2025-06-10 18:00:00,108662.2,109449.7,108464.3,109239.2,2564.225,279510149.1809
2025-06-10 19:00:00,109239.2,110351.0,109239.1,109476.1,8234.747,904490439.7148
2025-06-10 20:00:00,109476.1,109960.0,109206.1,109912.0,2707.677,296584236.4151
2025-06-10 21:00:00,109912.0,109950.4,109346.0,109817.5,2460.17,269846951.7138
2025-06-10 22:00:00,109817.5,110122.0,109558.8,109676.4,2572.586,282701845.8792
2025-06-10 23:00:00,109676.4,110251.4,109515.2,110227.5,2201.285,241994585.3841
2025-06-11 00:00:00,110227.5,110234.0,109727.3,109774.7,2065.069,227047200.3534
2025-06-11 01:00:00,109774.7,109796.8,109519.7,109552.1,1379.609,151242407.6719
2025-06-11 02:00:00,109552.1,109800.0,109487.9,109636.0,915.546,100343931.1268
2025-06-11 03:00:00,109636.0,109812.4,109568.4,109670.6,859.364,94265075.4772
2025-06-11 04:00:00,109670.6,109686.7,109504.7,109519.9,486.324,53290719.4769
2025-06-11 05:00:00,109519.9,109623.2,109375.0,109422.7,1162.918,127304508.5001
2025-06-11 06:00:00,109422.7,109632.5,109311.0,109537.8,1073.286,117455662.181
2025-06-11 07:00:00,109537.8,109684.7,109381.5,109381.5,1151.349,126120706.0603
2025-06-11 08:00:00,109381.5,109625.3,109381.5,109509.5,1045.425,114466253.6835
2025-06-11 09:00:00,109509.5,109550.0,109157.9,109211.7,1679.568,183586741.6217
2025-06-11 10:00:00,109211.7,109434.6,109113.8,109324.9,1261.375,137825534.7937
2025-06-11 11:00:00,109324.9,109338.6,109155.7,109200.9,863.653,94332332.9114
2025-06-11 12:00:00,109200.9,109942.3,108967.0,109667.8,11164.719,1223016406.177
2025-06-11 13:00:00,109667.8,109844.0,109217.3,109637.3,5849.224,640717251.9494
2025-06-11 14:00:00,109637.3,110375.5,109589.0,109829.4,9297.585,1023102664.8443
2025-06-11 15:00:00,109829.4,109999.9,109594.2,109697.6,3666.494,402533636.3304
2025-06-11 16:00:00,109697.6,109770.5,109303.0,109406.6,3536.949,387174364.0185
2025-06-11 17:00:00,109406.6,109718.1,108905.3,108932.0,4514.16,493275394.3089
2025-06-11 18:00:00,108932.0,109025.4,108355.5,108754.1,6855.659,745150681.6892
2025-06-11 19:00:00,108754.1,108919.6,108501.2,108697.7,2962.977,322045352.2196
2025-06-11 20:00:00,108697.7,108965.8,108420.0,108861.5,2316.893,251905279.4891
2025-06-11 21:00:00,108861.5,109180.1,108280.0,108450.8,2719.086,295501414.6654
2025-06-11 22:00:00,108450.8,108579.5,108006.6,108399.9,6160.271,667116917.4437
2025-06-11 23:00:00,108399.9,108649.0,108263.6,108611.1,1653.752,179416086.8422
2025-06-12 00:00:00,108611.1,108782.5,108254.8,108665.0,2109.945,229021198.1246
2025-06-12 01:00:00,108665.0,108665.0,108206.7,108487.2,1686.856,182868300.3875
2025-06-12 02:00:00,108487.2,108740.8,108320.0,108334.5,1764.692,191537628.1134
2025-06-12 03:00:00,108334.5,108400.0,107673.4,107831.1,4714.335,508744688.2592
2025-06-12 04:00:00,107831.1,107894.4,107305.1,107723.2,3355.39,360992885.5656
2025-06-12 05:00:00,107723.2,107882.0,107553.0,107697.1,1514.106,163104143.3191
2025-06-12 06:00:00,107697.1,107950.0,107578.7,107858.7,1281.495,138116854.8834
2025-06-12 07:00:00,107858.7,107920.0,107358.2,107567.2,1683.008,181116260.3295
2025-06-12 08:00:00,107567.2,107805.0,107379.2,107686.2,2260.533,243320699.5818
2025-06-12 09:00:00,107686.2,107739.6,107434.5,107450.3,1355.811,145830711.2266
2025-06-12 10:00:00,107450.3,107476.6,107139.9,107270.9,3655.045,392080232.6604
2025-06-12 11:00:00,107270.9,107298.2,106830.0,106856.0,3677.277,393579658.3776
2025-06-12 12:00:00,106856.0,107374.8,106820.9,106940.0,4664.295,499339583.9583
2025-06-12 13:00:00,106940.0,107152.8,106554.3,107027.5,6602.132,705595156.2693
2025-06-12 14:00:00,107027.5,107689.8,107027.4,107577.6,6039.221,648824547.2258
2025-06-12 15:00:00,107577.6,107775.1,106837.6,106967.4,6165.714,661568312.8611
2025-06-12 16:00:00,106967.4,107837.8,106930.0,107702.5,4830.15,519277776.2221
2025-06-12 17:00:00,107702.5,108400.0,107678.7,108249.9,4745.229,512833987.241
2025-06-12 18:00:00,108249.9,108383.6,107145.5,107529.1,4691.678,505356092.851
2025-06-12 19:00:00,107529.1,107841.2,106600.0,106735.2,6439.703,689887486.5452
2025-06-12 20:00:00,106735.2,106911.7,105699.0,105902.0,11530.866,1225176785.1212
2025-06-12 21:00:00,105902.0,106374.0,105781.6,105826.1,4050.474,429599923.3494
2025-06-12 22:00:00,105826.1,106171.5,105644.3,105830.1,4516.022,478046083.9226
2025-06-12 23:00:00,105830.1,106085.6,105579.8,105600.9,2549.587,269902446.5496
2025-06-13 00:00:00,105600.9,105640.0,103130.8,103737.1,30550.009,3187058569.4655
2025-06-13 01:00:00,103737.1,103837.3,102626.9,103720.0,13555.398,1399061176.5294
2025-06-13 02:00:00,103720.0,103932.9,103020.2,103609.8,6586.197,682024797.2635
2025-06-13 03:00:00,103609.8,104600.0,103583.7,104251.0,6704.978,698559237.5452
2025-06-13 04:00:00,104251.0,104469.0,103734.2,104363.8,3623.635,377227943.4912
2025-06-13 05:00:00,104363.8,104419.6,103944.9,103968.4,2500.793,260574925.0604
2025-06-13 06:00:00,103968.4,104687.9,103775.0,104682.3,4293.313,447163143.1769
2025-06-13 07:00:00,104682.3,104923.5,104328.6,104839.7,3827.932,400569274.1103
2025-06-13 08:00:00,104839.7,105425.5,104643.2,104691.0,5763.93,605526028.6186
2025-06-13 09:00:00,104691.0,104874.7,104441.9,104772.3,2994.354,313309867.0695
2025-06-13 10:00:00,104772.3,104878.5,104359.4,104816.0,2609.202,273020815.2609
2025-06-13 11:00:00,104816.0,105008.1,104600.0,104996.4,2663.316,279205225.7572
2025-06-13 12:00:00,104996.4,105252.6,104769.5,104806.0,3065.41,321880021.5184
2025-06-13 13:00:00,104806.0,105279.8,104619.7,104678.5,4385.512,460034964.0282
2025-06-13 14:00:00,104678.5,104968.0,104057.2,104912.6,8096.733,846118365.1837
2025-06-13 15:00:00,104912.6,105729.8,104814.0,105387.9,8197.23,863817064.344
2025-06-13 16:00:00,105387.9,105921.8,105260.5,105729.9,5328.792,562937088.4668
2025-06-13 17:00:00,105729.9,105729.9,104804.6,105315.3,4956.464,521318205.5137
2025-06-13 18:00:00,105315.3,105425.0,104590.9,105130.0,4684.462,491642074.7042
2025-06-13 19:00:00,105130.0,105391.9,104831.6,105047.6,2423.113,254667350.9003
2025-06-13 20:00:00,105047.6,105483.9,104958.0,105386.0,1535.017,161579396.5652
2025-06-13 21:00:00,105386.0,105742.3,105266.8,105562.3,1302.549,137420902.5373
2025-06-13 22:00:00,105562.3,105819.7,105493.6,105696.3,1403.893,148357088.9594
2025-06-13 23:00:00,105696.3,106140.0,105696.2,106023.1,1597.522,169214766.7259
2025-06-14 00:00:00,106023.1,106168.8,105642.8,105758.8,2845.516,301295220.1336
2025-06-14 01:00:00,105758.8,105758.8,105381.5,105420.0,1582.308,166926326.8859
2025-06-14 02:00:00,105420.0,105564.9,105253.1,105337.8,818.716,86258406.0128
2025-06-14 03:00:00,105337.8,105400.0,105140.5,105185.3,963.811,101437487.1615
2025-06-14 04:00:00,105185.3,105357.5,105163.1,105318.0,716.061,75377557.8362
2025-06-14 05:00:00,105318.0,105361.4,105193.0,105238.0,1006.523,105956513.3674
2025-06-14 06:00:00,105238.0,105274.0,105044.1,105044.1,1631.877,171544485.3514
2025-06-14 07:00:00,105044.1,105080.0,104723.5,105016.0,2449.063,257004515.4726
2025-06-14 08:00:00,105016.0,105072.8,104800.0,105042.6,1029.375,108015827.8488
2025-06-14 09:00:00,105042.6,105058.1,104800.0,104820.9,848.598,89035578.1033
2025-06-14 10:00:00,104820.9,105065.8,104788.4,104951.0,567.729,59573478.7908
2025-06-14 11:00:00,104951.0,105047.0,104885.8,105034.0,971.054,101940825.8115
2025-06-14 12:00:00,105034.0,105046.9,104672.0,104987.7,1621.614,170046740.4326
2025-06-14 13:00:00,104987.7,105070.8,104842.8,104964.9,1112.648,116765176.4301
2025-06-14 14:00:00,104964.9,105015.0,104775.5,104858.5,875.305,91802591.5419
2025-06-14 15:00:00,104858.5,104930.8,104556.2,104780.6,1689.634,176935531.1284
2025-06-14 16:00:00,104780.6,104852.2,104316.0,104398.1,2665.04,278570982.0692
2025-06-14 17:00:00,104398.1,104672.3,104341.3,104558.3,1146.231,119815757.6065
2025-06-14 18:00:00,104558.3,104940.0,104285.0,104847.7,3713.389,388573573.6271
2025-06-14 19:00:00,104847.7,105015.6,104602.1,104610.5,3164.375,331825009.5733
2025-06-14 20:00:00,104610.5,104973.0,104250.0,104858.8,4219.795,441462459.4178
2025-06-14 21:00:00,104858.8,105425.7,104818.4,105277.3,3443.839,361962410.2403
2025-06-14 22:00:00,105277.3,105454.3,105251.5,105387.3,1479.32,155884468.7959
2025-06-14 23:00:00,105387.3,105447.7,105300.0,105356.7,831.739,87646339.739
2025-06-15 00:00:00,105356.7,105619.2,105215.1,105593.4,1627.071,171527235.2425
2025-06-15 01:00:00,105593.4,105630.9,105354.7,105367.6,931.836,98269455.6574
2025-06-15 02:00:00,105367.6,105576.0,105367.5,105426.2,687.706,72552910.6745
2025-06-15 03:00:00,105426.2,105529.9,105420.0,105430.5,387.054,40818330.5477
2025-06-15 04:00:00,105430.5,105522.4,105430.4,105511.0,444.729,46903600.5389
2025-06-15 05:00:00,105511.0,106056.9,105452.2,106027.7,2823.16,298818227.103
2025-06-15 06:00:00,106027.7,106080.0,105369.1,105408.6,2617.18,276569412.3598
2025-06-15 07:00:00,105408.6,105415.4,105145.1,105391.8,1789.649,188458920.6572
2025-06-15 08:00:00,105391.8,105440.0,105101.3,105164.7,1511.617,159064953.1028
2025-06-15 09:00:00,105164.7,105164.7,104820.0,104884.6,2281.964,239513558.3022
2025-06-15 10:00:00,104884.6,105146.9,104884.6,105075.5,1277.443,134163871.8142
2025-06-15 11:00:00,105075.5,105117.0,104870.9,104933.2,980.45,102918758.475
2025-06-15 12:00:00,104933.2,105258.0,104906.6,105240.0,1289.772,135567780.1919
2025-06-15 13:00:00,105240.0,105617.5,105173.7,105489.1,3280.487,345851862.7247
2025-06-15 14:00:00,105489.1,105798.1,105268.9,105630.3,2104.634,222172253.4314
2025-06-15 15:00:00,105630.3,105765.0,105491.3,105533.2,1412.729,149217391.3038
2025-06-15 16:00:00,105533.2,105652.6,105294.8,105533.6,1909.505,201343644.4243
2025-06-15 17:00:00,105533.6,105746.1,105436.2,105639.6,689.015,72764153.2421
2025-06-15 18:00:00,105639.6,105639.7,105426.8,105441.1,550.366,58063672.0362
2025-06-15 19:00:00,105441.1,105545.5,105024.1,105246.3,1669.988,175719169.5664
2025-06-15 20:00:00,105246.3,105255.0,104550.0,104687.5,3066.542,321433766.7285
2025-06-15 21:00:00,104687.5,104789.6,104433.0,104752.1,2142.779,224136504.8039
2025-06-15 22:00:00,104752.1,105330.5,104682.0,105217.8,2629.359,276289026.6191
2025-06-15 23:00:00,105217.8,105576.0,105167.1,105547.8,1320.333,139179942.4921
2025-06-16 00:00:00,105547.8,105742.0,105307.9,105396.0,2352.661,248158770.4299
2025-06-16 01:00:00,105396.0,105866.9,104921.2,105765.9,3796.139,400007735.6659
2025-06-16 02:00:00,105765.9,105946.2,105633.0,105737.0,2400.039,253950988.7022
2025-06-16 03:00:00,105737.0,105931.3,105666.8,105875.4,974.671,103155977.4152
2025-06-16 04:00:00,105875.4,106370.0,105830.0,106350.0,3590.408,381070914.4212
2025-06-16 05:00:00,106350.0,106754.6,106268.2,106535.8,4071.805,433662307.7245
2025-06-16 06:00:00,106535.8,106728.0,106462.0,106541.3,1784.601,190255061.2959
2025-06-16 07:00:00,106541.3,107237.5,106541.3,107014.0,4449.461,475977490.2869
2025-06-16 08:00:00,107014.0,107206.7,106903.0,107135.9,1889.503,202252170.0486
2025-06-16 09:00:00,107135.9,107195.8,106843.5,106919.9,1907.984,204106271.5749
2025-06-16 10:00:00,106919.9,107193.0,106686.4,106805.7,2213.494,236668744.7925
2025-06-16 11:00:00,106805.7,106941.2,106534.3,106866.2,2469.806,263650901.0447
2025-06-16 12:00:00,106866.2,106875.5,106554.0,106630.7,2331.17,248774862.0385
2025-06-16 13:00:00,106630.7,107125.7,106440.0,107095.2,4660.852,497348711.2426
2025-06-16 14:00:00,107095.2,107739.5,106712.3,107479.6,11180.629,1200122519.6615
2025-06-16 15:00:00,107479.6,107672.7,107235.1,107378.2,3829.269,411591058.2224
2025-06-16 16:00:00,107378.2,107876.0,107253.9,107716.0,3236.784,348368756.1068
2025-06-16 17:00:00,107716.0,107990.0,107564.8,107705.6,3354.456,361556383.7432
2025-06-16 18:00:00,107705.6,108244.4,107627.5,108220.1,3204.51,346113697.3508
2025-06-16 19:00:00,108220.1,108873.8,108220.0,108585.7,7755.72,841976645.8294
2025-06-16 20:00:00,108585.7,108843.3,108350.0,108749.9,3587.142,389427070.9919
2025-06-16 21:00:00,108749.9,108771.8,108248.8,108489.8,2306.595,250291724.3614
2025-06-16 22:00:00,108489.8,108955.5,107340.7,107647.1,8240.27,889587779.7753
2025-06-16 23:00:00,107647.1,107932.9,106630.0,106749.3,7523.682,806713380.2236
2025-06-17 00:00:00,106749.3,107217.0,106072.3,107194.3,10263.805,1094035230.4925
2025-06-17 01:00:00,107194.3,107369.0,106875.0,107134.8,3068.911,328701952.6066
2025-06-17 02:00:00,107134.8,107600.0,106520.7,107444.0,5133.099,549325657.6344
2025-06-17 03:00:00,107444.0,107724.9,107320.8,107558.8,2852.785,306694917.8801
2025-06-17 04:00:00,107558.8,107671.9,107268.4,107299.9,1599.6,171836476.3182
2025-06-17 05:00:00,107299.9,107365.0,106974.3,107063.6,2828.852,303070963.1029
2025-06-17 06:00:00,107063.6,107179.2,106658.8,106787.3,2479.364,265005081.9168
2025-06-17 07:00:00,106787.3,106820.0,106434.8,106732.0,3206.832,342001424.2287
2025-06-17 08:00:00,106732.0,106783.0,106441.1,106520.1,1733.842,184856958.5757
2025-06-17 09:00:00,106520.1,106612.6,106039.8,106128.4,3444.863,366074596.4304
2025-06-17 10:00:00,106128.4,106206.3,105674.1,105902.1,4569.226,483938273.3214
2025-06-17 11:00:00,105902.1,105902.1,105436.1,105590.1,4848.899,512010892.6553
2025-06-17 12:00:00,105590.1,105809.2,105348.6,105459.7,3564.518,376462964.6528
2025-06-17 13:00:00,105459.7,105700.0,105128.2,105309.3,6254.935,659235606.2961
2025-06-17 14:00:00,105309.3,105648.0,104732.0,104797.5,8345.252,877601847.9026
2025-06-17 15:00:00,104797.5,104927.6,104065.1,104192.3,11864.952,1239059122.4045
2025-06-17 16:00:00,104192.3,104434.9,103409.5,103579.9,11319.283,1176468011.269
2025-06-17 17:00:00,103579.9,104199.9,103303.4,103750.1,8071.648,837283331.9887
2025-06-17 18:00:00,103750.1,104388.1,103558.3,104368.6,4407.98,458216450.3039
2025-06-17 19:00:00,104368.6,105286.7,104368.5,104625.9,9580.375,1004962502.4632
2025-06-17 20:00:00,104625.9,104834.9,104207.2,104304.6,3971.128,414911725.6931
2025-06-17 21:00:00,104304.6,104765.7,104174.2,104500.1,2786.612,291087138.0962
2025-06-17 22:00:00,104500.1,104690.6,104142.8,104182.1,1926.545,201263039.9919
2025-06-17 23:00:00,104182.1,104683.5,104171.6,104512.7,1254.716,131068546.8233
2025-06-18 00:00:00,104512.7,104812.8,104320.0,104790.0,1688.558,176621717.7407
2025-06-18 01:00:00,104790.0,105143.5,104618.0,104726.6,2126.059,222975612.1576
2025-06-18 02:00:00,104726.6,105031.3,104632.6,104800.0,1054.661,110587300.4444
2025-06-18 03:00:00,104800.0,105186.2,104789.1,105124.6,1159.558,121799703.4229
2025-06-18 04:00:00,105124.6,105450.0,105014.4,105396.0,1841.789,193919533.8085
2025-06-18 05:00:00,105396.0,105500.0,105328.5,105362.0,1672.652,176349311.6822
2025-06-18 06:00:00,105362.0,105480.0,104835.1,104918.3,2961.239,311318420.7631
2025-06-18 07:00:00,104918.3,104961.0,104654.3,104921.2,2082.851,218367780.3956
2025-06-18 08:00:00,104921.2,105260.2,104690.6,104899.3,2204.159,231422146.0131
2025-06-18 09:00:00,104899.3,105079.7,104512.9,104651.8,1920.745,201176225.1255
2025-06-18 10:00:00,104651.8,104760.0,104132.1,104227.3,3969.714,414534433.3714
2025-06-18 11:00:00,104227.3,104810.4,104162.0,104788.9,2975.52,310938535.6358
2025-06-18 12:00:00,104788.9,104865.4,104438.5,104476.1,2238.941,234236037.3603
2025-06-18 13:00:00,104476.1,104511.6,103767.1,104394.2,7212.406,750702961.2494
2025-06-18 14:00:00,104394.2,105290.9,104172.2,104569.5,10407.319,1091346887.4874
2025-06-18 15:00:00,104569.5,104920.0,104076.7,104743.6,5051.614,528240401.9549
2025-06-18 16:00:00,104743.6,104786.7,104286.2,104366.9,3094.336,323313009.6994
2025-06-18 17:00:00,104366.9,104452.0,103554.8,104291.6,6403.603,665998691.6286
2025-06-18 18:00:00,104291.6,104666.7,103504.1,103560.0,8507.245,886203464.9468
2025-06-18 19:00:00,103560.0,104382.2,103422.3,103761.2,6152.983,639544574.5491
2025-06-18 20:00:00,103761.2,104944.0,103586.6,104770.2,4314.429,450337062.969
2025-06-18 21:00:00,104770.2,105100.7,104312.6,105030.7,3499.56,366358241.587
2025-06-18 22:00:00,105030.7,105089.9,104746.2,104770.2,1100.739,115483136.3907
2025-06-18 23:00:00,104770.2,104919.6,104580.4,104847.3,1341.226,140494703.904
2025-06-19 00:00:00,104847.3,105191.9,104637.6,104901.3,2118.698,222356923.5262
2025-06-19 01:00:00,104901.3,104927.5,104418.0,104548.8,2129.666,222733484.8465
2025-06-19 02:00:00,104548.8,104955.0,104394.9,104671.0,1369.537,143391118.8351
2025-06-19 03:00:00,104671.0,105063.4,104671.0,105041.2,1159.754,121667152.0866
2025-06-19 04:00:00,105041.2,105059.6,104750.0,105027.9,1491.219,156431241.9916
2025-06-19 05:00:00,105027.9,105189.5,104786.9,104841.1,1348.185,141559676.4077
2025-06-19 06:00:00,104841.1,104940.4,104577.0,104647.7,999.741,104661418.122
2025-06-19 07:00:00,104647.7,104807.5,104558.0,104582.4,730.61,76484791.7961
2025-06-19 08:00:00,104582.4,104948.6,104564.2,104686.2,1102.924,115581764.1431
2025-06-19 09:00:00,104686.2,104986.9,104667.0,104951.1,1000.308,104903708.7646
2025-06-19 10:00:00,104951.1,105027.3,104792.6,104857.3,1141.597,119789487.676
2025-06-19 11:00:00,104857.3,104874.5,104661.2,104712.9,1099.363,115172405.3726
2025-06-19 12:00:00,104712.9,104854.6,104609.6,104705.4,1171.576,122686499.9447
2025-06-19 13:00:00,104705.4,104748.1,104188.0,104234.9,3886.536,405923289.2941
2025-06-19 14:00:00,104234.9,104643.1,104050.1,104094.6,3749.874,391203078.5757
2025-06-19 15:00:00,104094.6,104387.0,104025.1,104045.8,2845.614,296510898.4475
2025-06-19 16:00:00,104045.8,104372.8,103865.6,103950.9,3078.007,320523389.6949
2025-06-19 17:00:00,103950.9,104798.3,103864.0,104484.0,5779.786,603887262.2619
2025-06-19 18:00:00,104484.0,104670.0,104250.1,104358.5,2273.955,237603430.6364
2025-06-19 19:00:00,104358.5,104433.6,104088.8,104210.1,1177.73,122771751.1241
2025-06-19 20:00:00,104210.1,104461.8,104100.0,104225.7,807.967,84250944.8087
2025-06-19 21:00:00,104225.7,104384.9,104173.1,104288.8,991.833,103419786.5834
2025-06-19 22:00:00,104288.8,104749.9,104288.8,104549.9,1765.594,184654317.3917
2025-06-19 23:00:00,104549.9,104870.0,104414.7,104604.2,1449.166,151691385.5517
2025-06-20 00:00:00,104604.2,104782.9,104519.3,104649.9,860.147,90008991.4845
2025-06-20 01:00:00,104649.9,104750.0,104341.3,104729.9,1624.12,169757863.476
2025-06-20 02:00:00,104729.9,104770.4,104461.7,104583.5,877.013,91744441.9042
2025-06-20 03:00:00,104583.5,104663.2,104447.1,104555.1,863.24,90276579.6367
2025-06-20 04:00:00,104555.1,104555.9,104191.9,104208.5,1911.157,199379369.1374
2025-06-20 05:00:00,104208.5,104549.8,104208.4,104549.8,857.981,89533511.3625
2025-06-20 06:00:00,104549.8,104720.4,104549.8,104683.0,2058.603,215462034.6667
2025-06-20 07:00:00,104683.0,105780.9,104597.7,105769.9,7372.168,776173051.473
2025-06-20 08:00:00,105769.9,106499.9,105743.1,105913.3,11166.224,1185404577.3527
2025-06-20 09:00:00,105913.3,106041.7,105689.9,105900.1,2851.541,301863127.6554
2025-06-20 10:00:00,105900.1,106117.4,105770.2,105904.9,2062.792,218575498.5127
2025-06-20 11:00:00,105904.9,106027.6,105745.5,105923.7,1726.673,182846196.5139
2025-06-20 12:00:00,105923.7,106057.0,105810.7,105934.0,1664.236,176318137.8473
2025-06-20 13:00:00,105934.0,106103.4,105320.0,105620.0,5037.264,532603474.8546
2025-06-20 14:00:00,105620.0,105749.9,103811.0,103860.4,13379.503,1401333309.8612
2025-06-20 15:00:00,103860.4,104573.7,103828.7,104166.3,6682.933,696327439.42
2025-06-20 16:00:00,104166.3,104220.8,103551.0,103630.0,6113.325,634835786.2994
2025-06-20 17:00:00,103630.0,103720.0,102260.0,103221.7,17582.002,1808904708.4454
2025-06-20 18:00:00,103221.7,103394.0,102975.6,103131.2,4647.381,479534990.5622
2025-06-20 19:00:00,103131.2,103450.0,102937.3,103264.6,2213.212,228401155.7669
2025-06-20 20:00:00,103264.6,103797.0,103247.1,103666.6,3109.598,322074666.2003
2025-06-20 21:00:00,103666.6,103685.5,103300.8,103499.9,1181.97,122315428.7471
2025-06-20 22:00:00,103499.9,103500.0,102913.2,103054.2,2822.754,291129081.9281
2025-06-20 23:00:00,103054.2,103288.2,102923.2,103243.9,1042.421,107502850.8023
2025-06-21 00:00:00,103243.9,103281.3,103066.0,103200.0,729.283,75248625.2715
2025-06-21 01:00:00,103200.0,103475.8,103091.3,103467.9,873.136,90204086.657
2025-06-21 02:00:00,103467.9,103490.0,103330.0,103449.2,494.088,51090278.5343
2025-06-21 03:00:00,103449.2,103644.1,103431.1,103436.0,689.649,71411460.4405
2025-06-21 04:00:00,103436.0,103476.5,103266.3,103333.5,616.983,63769716.2837
2025-06-21 05:00:00,103333.5,103428.7,103290.2,103356.5,496.919,51358560.4243
2025-06-21 06:00:00,103356.5,103545.5,103262.0,103516.9,820.084,84812349.8094
2025-06-21 07:00:00,103516.9,103517.0,103310.8,103414.1,636.934,65864913.311
2025-06-21 08:00:00,103414.1,103773.9,103406.6,103756.2,851.692,88218323.5271
2025-06-21 09:00:00,103756.2,103886.0,103608.4,103786.4,2167.936,224928210.7913
2025-06-21 10:00:00,103786.4,103949.9,103719.1,103781.6,1765.809,183399361.7402
2025-06-21 11:00:00,103781.6,103885.6,103673.1,103819.8,774.638,80396612.9609
2025-06-21 12:00:00,103819.8,103893.3,103740.6,103755.1,821.815,85319160.9742
2025-06-21 13:00:00,103755.1,103829.9,103490.7,103528.0,2522.977,261423575.4317
2025-06-21 14:00:00,103528.0,103731.3,103311.2,103500.0,2867.863,296837600.0996
2025-06-21 15:00:00,103500.0,103643.9,103235.0,103517.2,1850.24,191385980.1945
2025-06-21 16:00:00,103517.2,103610.9,103398.0,103429.7,1096.604,113504736.426
2025-06-21 17:00:00,103429.7,103542.0,103125.0,103136.1,1836.404,189598497.4225
2025-06-21 18:00:00,103136.1,103379.8,102603.7,102613.0,3592.952,370098348.5384
2025-06-21 19:00:00,102613.0,102719.6,102150.0,102200.8,5321.694,545007964.2999
2025-06-21 20:00:00,102200.8,102848.4,102121.6,102720.0,4294.022,440122955.0947
2025-06-21 21:00:00,102720.0,102775.0,101009.0,101400.5,13869.965,1409750950.324
2025-06-21 22:00:00,101400.5,101940.0,101385.0,101727.2,3873.66,394124179.099
2025-06-21 23:00:00,101727.2,102265.3,100800.0,102083.9,11076.236,1123175691.018
2025-06-22 00:00:00,102083.9,103347.0,101780.6,102815.8,11702.236,1199737267.1953
2025-06-22 01:00:00,102815.8,102961.0,102187.5,102355.9,4645.608,476412015.9327
2025-06-22 02:00:00,102355.9,102847.0,101827.0,102310.0,6343.375,648354728.1061
2025-06-22 03:00:00,102310.0,102567.0,102081.0,102340.3,1630.727,166802227.1634
2025-06-22 04:00:00,102340.3,102756.5,102214.2,102515.0,1974.668,202429205.9024
2025-06-22 05:00:00,102515.0,102895.8,102502.5,102812.2,1958.667,201204790.0893
2025-06-22 06:00:00,102812.2,102913.6,102650.3,102699.9,1927.468,198123285.0992
2025-06-22 07:00:00,102699.9,102710.0,102214.0,102381.8,2880.138,295120799.587
2025-06-22 08:00:00,102381.8,102663.2,102259.5,102663.2,1648.677,168929396.2915
2025-06-22 09:00:00,102663.2,102769.4,102034.0,102154.4,2504.575,256354165.9854
2025-06-22 10:00:00,102154.4,102499.0,102100.7,102459.5,1550.251,158620269.9335
2025-06-22 11:00:00,102459.5,102725.3,102376.9,102687.9,1718.77,176320175.5075
2025-06-22 12:00:00,102687.9,102789.0,102518.6,102705.3,1716.477,176176869.4742
2025-06-22 13:00:00,102705.3,102765.1,100213.6,100804.6,23654.657,2390914053.2577
2025-06-22 14:00:00,100804.6,101189.8,99020.2,99580.3,29753.863,2969062443.4561
2025-06-22 15:00:00,99580.3,99797.6,98856.7,98871.2,9563.017,950256395.2659
2025-06-22 16:00:00,98871.2,99633.9,98596.0,99606.9,10429.165,1032652772.7695
2025-06-22 17:00:00,99606.9,100348.2,99349.1,99432.8,7908.781,789103192.5856
2025-06-22 18:00:00,99432.8,99743.0,99289.6,99380.0,2529.504,251638051.5497
2025-06-22 19:00:00,99380.0,99407.5,98739.7,98821.1,4099.597,406076765.4826
2025-06-22 20:00:00,98821.1,99738.9,98125.0,99500.0,13694.72,1351724051.967
2025-06-22 21:00:00,99500.0,99626.4,98963.2,99135.7,3931.189,390259316.4387
2025-06-22 22:00:00,99135.7,100923.0,99082.4,100922.9,11551.025,1157890167.2101
2025-06-22 23:00:00,100922.9,100996.9,100589.4,100904.3,3747.799,377782896.0102
2025-06-23 00:00:00,100904.3,101553.7,100433.4,100855.4,6138.599,619913354.3379
2025-06-23 01:00:00,100855.4,101062.6,100509.7,101044.9,2764.198,278531140.1859
2025-06-23 02:00:00,101044.9,101327.3,100870.0,101241.1,2345.395,237216719.1356
2025-06-23 03:00:00,101241.1,101323.0,101014.9,101115.4,1273.604,128807851.8962
2025-06-23 04:00:00,101115.4,101279.7,100923.2,101129.2,1915.658,193667992.6551
2025-06-23 05:00:00,101129.2,101800.0,101129.2,101710.8,3884.183,394332950.8801
2025-06-23 06:00:00,101710.8,102037.1,101604.0,101891.9,4256.806,433460255.479
2025-06-23 07:00:00,101891.9,102151.4,101722.0,101891.6,2781.674,283430515.9494
2025-06-23 08:00:00,101891.6,102044.6,101703.7,101826.8,1715.392,174694279.1119
2025-06-23 09:00:00,101826.8,101836.0,101331.6,101524.9,3350.54,340152450.6953
2025-06-23 10:00:00,101524.9,101536.0,101149.7,101400.0,3226.038,326911019.2611
2025-06-23 11:00:00,101400.0,101516.4,101055.4,101239.9,3003.492,304150967.7635
2025-06-23 12:00:00,101239.9,101629.0,101055.4,101629.0,2995.598,303543699.8321
2025-06-23 13:00:00,101629.0,102431.9,100738.1,102288.0,13806.853,1404203892.2836
2025-06-23 14:00:00,102288.0,102590.0,101440.0,101580.0,9473.39,965898909.4103
2025-06-23 15:00:00,101580.0,102000.0,101241.3,101382.3,4669.01,474515086.8927
2025-06-23 16:00:00,101382.3,101409.3,99581.0,100644.9,19915.358,1999895926.6769
2025-06-23 17:00:00,100644.9,102685.0,100434.5,102436.0,16784.105,1708147899.2586
2025-06-23 18:00:00,102436.0,103283.7,102343.9,102877.1,10527.239,1083138698.4388
2025-06-23 19:00:00,102877.1,103198.9,102623.8,103109.2,3791.607,390238397.878
2025-06-23 20:00:00,103109.2,103887.9,102836.3,103694.2,8983.029,929708733.2223
2025-06-23 21:00:00,103694.2,104170.2,103580.0,103645.0,4755.011,493848237.4188
2025-06-23 22:00:00,103645.0,106024.8,103645.0,105498.0,22868.029,2405507482.5125
2025-06-23 23:00:00,105498.0,105632.0,105053.7,105283.5,4673.504,492406212.1045
2025-06-24 00:00:00,105283.5,105469.0,104871.2,105089.8,2396.156,251886371.609
2025-06-24 01:00:00,105089.8,105440.9,104907.3,105400.5,1698.138,178521685.7574
2025-06-24 02:00:00,105400.5,105406.9,104657.9,104730.0,3545.712,371979205.3121
2025-06-24 03:00:00,104730.0,105088.5,104677.1,104875.7,1615.854,169501094.0867
2025-06-24 04:00:00,104875.7,104922.3,104650.0,104775.6,1473.153,154363731.4217
2025-06-24 05:00:00,104775.6,105383.0,104775.5,105348.2,3634.011,382094051.0327
2025-06-24 06:00:00,105348.2,105784.7,105179.0,105602.8,3842.832,405569443.4235
2025-06-24 07:00:00,105602.8,105746.7,104858.0,104907.9,5213.276,548838796.3743
2025-06-24 08:00:00,104907.9,105128.7,104567.0,104955.0,5408.135,567147117.2827
2025-06-24 09:00:00,104955.0,105542.0,104908.4,105150.0,3944.058,415065041.4735
2025-06-24 10:00:00,105150.0,105311.4,105022.3,105227.2,1643.245,172797281.2007
2025-06-24 11:00:00,105227.2,105394.0,104947.3,105129.9,2180.203,229287700.8496
2025-06-24 12:00:00,105129.9,105269.4,104921.3,105147.1,2290.603,240669064.0467
2025-06-24 13:00:00,105147.1,105339.7,104755.0,105033.4,4137.48,434624317.7753
2025-06-24 14:00:00,105033.4,105616.1,104900.0,105468.8,4430.917,466664587.8364
2025-06-24 15:00:00,105468.8,105709.9,105086.9,105180.3,3969.208,418490097.8314
2025-06-24 16:00:00,105180.3,106233.0,105116.2,106175.6,5356.589,566166310.8999
2025-06-24 17:00:00,106175.6,106269.9,105534.4,105996.3,4956.311,525000827.5165
2025-06-24 18:00:00,105996.3,106038.8,105459.4,105470.0,2313.869,244613455.6017
2025-06-24 19:00:00,105470.0,105638.7,105182.1,105580.0,2226.643,234669437.7616
2025-06-24 20:00:00,105580.0,106054.6,105379.0,106020.1,1977.753,209172752.9169
2025-06-24 21:00:00,106020.1,106089.3,105666.6,105932.9,1854.801,196436907.3799
2025-06-24 22:00:00,105932.9,105987.9,105684.9,105961.9,1486.469,157340521.3522
2025-06-24 23:00:00,105961.9,106048.5,105709.6,106048.5,1433.008,151697400.6451
2025-06-25 00:00:00,106048.5,106464.0,105750.0,106350.0,5298.81,562572769.7532
2025-06-25 01:00:00,106350.0,106655.4,105950.8,106343.5,3963.356,421240004.1186
2025-06-25 02:00:00,106343.5,106782.3,106248.8,106425.9,3632.226,387079708.0321
2025-06-25 03:00:00,106425.9,106560.6,106162.9,106177.1,1285.449,136720007.4762
2025-06-25 04:00:00,106177.1,106262.0,105931.3,106148.8,1405.683,149147324.9083
2025-06-25 05:00:00,106148.8,106350.0,105992.2,106157.8,1184.713,125800409.1923
2025-06-25 06:00:00,106157.8,106417.6,106077.3,106360.7,1134.736,120614364.6091
2025-06-25 07:00:00,106360.7,106666.0,106261.9,106560.1,1967.823,209615765.1274
2025-06-25 08:00:00,106560.1,106631.5,106285.8,106599.9,1948.335,207387891.7678
2025-06-25 09:00:00,106599.9,106940.0,106406.0,106599.7,5053.472,539230805.5176
2025-06-25 10:00:00,106599.7,107150.0,106512.3,107079.9,4895.163,523472566.4049
2025-06-25 11:00:00,107079.9,107169.4,106813.5,107126.1,2266.292,242563765.2658
2025-06-25 12:00:00,107126.1,107233.0,106877.0,107165.3,2168.752,232139350.8749
2025-06-25 13:00:00,107165.3,108061.0,107090.5,107855.9,11353.047,1222565779.8726
2025-06-25 14:00:00,107855.9,108090.0,107139.0,107561.9,9087.342,978011136.5615
2025-06-25 15:00:00,107561.9,107578.1,106672.8,106980.3,7252.931,776403994.1301
2025-06-25 16:00:00,106980.3,107449.3,106917.7,107082.2,3228.635,346086556.7415
2025-06-25 17:00:00,107082.2,107473.4,106853.0,107324.1,2448.154,262377945.3735
2025-06-25 18:00:00,107324.1,107478.9,107103.1,107342.9,1460.636,156773775.5329
2025-06-25 19:00:00,107342.9,107849.9,107324.2,107700.2,3611.03,388705358.8055
2025-06-25 20:00:00,107700.2,107801.0,107432.5,107709.4,1182.201,127245387.5231
2025-06-25 21:00:00,107709.4,107942.0,107376.5,107495.7,1959.554,211008494.4873
2025-06-25 22:00:00,107495.7,107505.7,107154.0,107215.3,1378.408,147873764.5731
2025-06-25 23:00:00,107215.3,107310.3,107005.4,107264.0,1608.324,172366972.7033
2025-06-26 00:00:00,107264.0,107558.2,107179.5,107262.2,1596.094,171357626.6364
2025-06-26 01:00:00,107262.2,107852.8,107028.0,107558.1,2985.641,320757738.4283
2025-06-26 02:00:00,107558.1,108022.0,107511.8,107875.6,3611.646,389248439.8772
2025-06-26 03:00:00,107875.6,108239.6,107725.9,107806.7,4080.867,440760052.4269
2025-06-26 04:00:00,107806.7,107908.6,107635.5,107779.9,1492.147,160775524.983
2025-06-26 05:00:00,107779.9,107780.0,107447.1,107573.7,1256.635,135191440.3874
2025-06-26 06:00:00,107573.7,107750.0,107500.0,107700.8,1123.247,120921742.6619
2025-06-26 07:00:00,107700.8,108050.1,107695.7,107771.7,3223.395,347774882.0311
2025-06-26 08:00:00,107771.7,108132.4,107657.7,107696.3,1849.319,199484786.457
2025-06-26 09:00:00,107696.3,107732.0,107216.0,107263.5,3008.224,323130217.9329
2025-06-26 10:00:00,107263.5,107409.3,107175.0,107329.1,1648.633,176881848.22
2025-06-26 11:00:00,107329.1,107356.4,107051.3,107266.8,1365.779,146418747.6869
2025-06-26 12:00:00,107266.8,107379.7,106954.0,107064.1,2304.644,246920594.5717
2025-06-26 13:00:00,107064.1,107326.6,106777.0,106906.1,4034.226,431658917.2618
2025-06-26 14:00:00,106906.1,107721.1,106831.5,107396.7,5613.346,602815992.694
2025-06-26 15:00:00,107396.7,107484.3,106457.7,107251.2,5531.534,591603036.0192
2025-06-26 16:00:00,107251.2,107350.0,106950.1,107149.5,2470.449,264665670.1157
2025-06-26 17:00:00,107149.5,107403.6,107081.1,107141.6,1665.807,178682151.1598
2025-06-26 18:00:00,107141.6,107536.6,107080.0,107327.0,2101.086,225541712.5204
2025-06-26 19:00:00,107327.0,107623.1,107272.7,107477.4,1266.854,136161090.4568
2025-06-26 20:00:00,107477.4,108000.0,107383.3,107724.5,2772.317,298624170.5994
2025-06-26 21:00:00,107724.5,107750.0,106773.4,106966.8,3003.617,321815854.8933
2025-06-26 22:00:00,106966.8,107178.1,106877.8,106926.9,1893.883,202668114.876
2025-06-26 23:00:00,106926.9,107015.4,106798.0,106905.3,940.252,100507029.7386
2025-06-27 00:00:00,106905.3,107119.9,106602.0,106622.9,1722.098,184031064.0546
2025-06-27 01:00:00,106622.9,107185.3,106351.6,107070.9,3700.427,395275613.0171
2025-06-27 02:00:00,107070.9,107243.1,107011.0,107197.7,1946.27,208578407.6191
2025-06-27 03:00:00,107197.7,107472.1,107118.0,107419.9,1827.529,196133780.2188
2025-06-27 04:00:00,107419.9,107528.4,107303.0,107448.9,1230.199,132138370.1351
2025-06-27 05:00:00,107448.9,107493.2,107200.5,107200.5,1066.373,114449732.6044
2025-06-27 06:00:00,107200.5,107339.7,107130.0,107220.2,778.766,83517187.1313
2025-06-27 07:00:00,107220.2,107688.9,106810.0,106820.7,3536.762,379112984.4233
2025-06-27 08:00:00,106820.7,107049.7,106633.2,106953.3,4068.893,434724798.333
2025-06-27 09:00:00,106953.3,107088.0,106750.5,107034.1,1859.424,198837152.1399
2025-06-27 10:00:00,107034.1,107108.0,106908.4,106949.1,1576.299,168658114.3728
2025-06-27 11:00:00,106949.1,107100.0,106867.2,106933.0,917.996,98188057.2508
2025-06-27 12:00:00,106933.0,107150.0,106550.0,106632.4,4257.264,454762563.0537
2025-06-27 13:00:00,106632.4,106947.0,106280.0,106780.0,4169.965,444662825.3142
2025-06-27 14:00:00,106780.0,107047.5,106310.2,106503.2,6022.011,642032694.6888
2025-06-27 15:00:00,106503.2,107374.8,106432.8,107268.3,4577.405,489655627.4108
2025-06-27 16:00:00,107268.3,107738.1,107050.0,107428.1,4425.844,475171192.1125
2025-06-27 17:00:00,107428.1,107449.0,106402.1,106810.3,4587.834,489957954.3852
2025-06-27 18:00:00,106810.3,106942.2,106388.0,106649.6,3901.578,415951989.1539
2025-06-27 19:00:00,106649.6,106961.4,106518.0,106741.4,2067.934,220716712.5442
2025-06-27 20:00:00,106741.4,107073.5,106735.0,107065.7,1165.379,124668258.943
2025-06-27 21:00:00,107065.7,107218.0,106972.5,106997.5,1326.531,142069355.4145
2025-06-27 22:00:00,106997.5,107140.4,106997.5,107050.9,383.372,41052013.8357
2025-06-27 23:00:00,107050.9,107118.2,106906.0,106999.6,637.966,68256117.3869
2025-06-28 00:00:00,106999.6,107120.8,106811.0,107005.6,879.162,94038495.2928
2025-06-28 01:00:00,107005.6,107066.7,106761.0,107013.6,815.01,87129521.1953
2025-06-28 02:00:00,107013.6,107148.6,106958.3,107042.2,638.092,68314569.9203
2025-06-28 03:00:00,107042.2,107296.5,107022.1,107241.2,608.245,65180729.2759
2025-06-28 04:00:00,107241.2,107260.0,107112.6,107129.0,638.636,68443546.341
2025-06-28 05:00:00,107129.0,107273.8,107109.5,107246.2,1158.029,124172656.1123
2025-06-28 06:00:00,107246.2,107394.4,107246.1,107364.5,1067.821,114614709.1556
2025-06-28 07:00:00,107364.5,107444.3,107345.0,107420.9,810.637,87058429.3056
2025-06-28 08:00:00,107420.9,107443.0,107300.0,107329.4,1117.198,119930526.0969
2025-06-28 09:00:00,107329.4,107329.4,107217.6,107253.5,768.478,82429885.4453
2025-06-28 10:00:00,107253.5,107332.3,107202.1,107223.9,536.541,57551071.9537
2025-06-28 11:00:00,107223.9,107327.1,107223.8,107320.0,334.796,35911679.5973
2025-06-28 12:00:00,107320.0,107327.1,107239.0,107290.1,267.064,28649194.4765
2025-06-28 13:00:00,107290.1,107311.9,107037.1,107055.1,957.88,102634190.9319
2025-06-28 14:00:00,107055.1,107207.0,107055.0,107157.9,489.88,52481093.5055
2025-06-28 15:00:00,107157.9,107499.9,107149.5,107401.4,833.98,89522719.112
2025-06-28 16:00:00,107401.4,107470.0,107207.8,107250.0,997.307,107057398.232
2025-06-28 17:00:00,107250.0,107495.3,107241.0,107420.5,615.795,66118845.2506
2025-06-28 18:00:00,107420.5,107421.2,107210.0,107280.1,576.118,61824124.358
2025-06-28 19:00:00,107280.1,107283.3,107161.5,107161.6,485.401,52048645.5355
2025-06-28 20:00:00,107161.6,107178.4,107100.0,107110.3,370.232,39668881.4751
2025-06-28 21:00:00,107110.3,107297.9,107110.3,107264.8,499.998,53598461.0368
2025-06-28 22:00:00,107264.8,107335.8,107207.5,107312.0,622.283,66764950.871
2025-06-28 23:00:00,107312.0,107313.0,107240.9,107241.0,309.551,33206424.0873
2025-06-29 00:00:00,107241.0,107444.9,107202.5,107414.5,1477.199,158625529.4078
2025-06-29 01:00:00,107414.5,107414.6,107263.8,107267.6,499.61,53630757.1572
2025-06-29 02:00:00,107267.6,107301.6,107113.8,107250.2,718.256,76990724.849
2025-06-29 03:00:00,107250.2,107250.2,107136.6,107157.1,212.859,22815722.1143
2025-06-29 04:00:00,107157.1,107216.1,107157.0,107213.8,257.602,27610521.2416
2025-06-29 05:00:00,107213.8,107269.2,107160.1,107256.0,309.954,33228399.0355
2025-06-29 06:00:00,107256.0,107338.9,107255.9,107320.2,316.436,33949385.2201
2025-06-29 07:00:00,107320.2,107350.0,107267.1,107350.0,454.784,48797087.3583
2025-06-29 08:00:00,107350.0,107675.1,107335.4,107645.3,1904.476,204780699.7023
2025-06-29 09:00:00,107645.3,107926.8,107568.7,107838.1,2773.111,298919967.6315
2025-06-29 10:00:00,107838.1,108239.5,107797.5,108093.0,4291.805,463734099.1722
2025-06-29 11:00:00,108093.0,108507.0,108026.1,108420.1,2923.106,316523037.8568
2025-06-29 12:00:00,108420.1,108484.2,107950.6,108135.1,2674.073,289289699.8407
2025-06-29 13:00:00,108135.1,108167.8,107955.1,108000.3,1349.125,145763759.3445
2025-06-29 14:00:00,108000.3,108166.7,107719.4,107884.1,2131.53,229966441.6305
2025-06-29 15:00:00,107884.1,107976.3,107602.0,107693.5,1903.465,205163849.676
2025-06-29 16:00:00,107693.5,107738.7,107222.0,107498.8,3275.688,352047250.0747
2025-06-29 17:00:00,107498.8,107550.3,107253.6,107484.0,2195.077,235757782.7338
2025-06-29 18:00:00,107484.0,107649.4,107380.5,107570.0,1183.188,127216155.9004
2025-06-29 19:00:00,107570.0,107570.1,107300.0,107337.0,783.816,84201428.8673
2025-06-29 20:00:00,107337.0,107427.8,107292.8,107292.8,519.905,55821114.2815
2025-06-29 21:00:00,107292.8,107679.5,107171.2,107487.9,2715.378,291613059.1261
2025-06-29 22:00:00,107487.9,108235.1,107487.9,108046.2,5325.164,574651626.3515
2025-06-29 23:00:00,108046.2,108396.7,107940.4,108314.8,2677.18,289749333.9783
2025-06-30 00:00:00,108314.8,108766.4,108203.2,108661.3,5116.311,555333636.4233
2025-06-30 01:00:00,108661.3,108738.6,108350.0,108458.0,2721.616,295397341.6891
2025-06-30 02:00:00,108458.0,108617.1,108401.4,108449.9,1260.813,136816111.7976
2025-06-30 03:00:00,108449.9,108550.1,108383.3,108466.6,701.526,76086394.344
2025-06-30 04:00:00,108466.6,108500.0,108263.2,108289.7,1155.683,125250614.9179
2025-06-30 05:00:00,108289.7,108350.0,108121.5,108236.5,1753.446,189765593.9985
2025-06-30 06:00:00,108236.5,108260.1,107448.3,107503.2,4642.867,500420115.9268
2025-06-30 07:00:00,107503.2,107692.3,107410.0,107552.3,2735.571,294229305.5648
2025-06-30 08:00:00,107552.3,107689.9,107382.5,107449.0,1492.481,160483680.6563
2025-06-30 09:00:00,107449.0,107655.2,107400.9,107416.4,1411.5,151769103.0849
2025-06-30 10:00:00,107416.4,107587.4,107300.0,107581.5,2023.341,217394598.6832
2025-06-30 11:00:00,107581.5,107904.7,107560.5,107590.9,3269.131,352239982.7435
2025-06-30 12:00:00,107590.9,107766.5,107496.0,107528.8,1615.521,173845074.9485
2025-06-30 13:00:00,107528.8,107821.6,107405.7,107475.7,2734.666,294254028.2316
2025-06-30 14:00:00,107475.7,107605.9,106730.0,106772.3,8078.982,865763026.8475
2025-06-30 15:00:00,106772.3,107749.4,106677.0,107517.2,7957.953,853015075.2788
2025-06-30 16:00:00,107517.2,107769.3,107216.0,107549.9,4518.149,485484820.5555
2025-06-30 17:00:00,107549.9,107750.0,107363.8,107415.9,1361.207,146452546.9494
2025-06-30 18:00:00,107415.9,107573.0,107057.9,107186.2,1512.52,162259407.1355
2025-06-30 19:00:00,107186.2,107744.9,107155.1,107686.3,1748.05,187880150.5211
2025-06-30 20:00:00,107686.3,107724.5,107411.0,107538.2,923.739,99347056.4991
2025-06-30 21:00:00,107538.2,107553.3,106858.8,107061.4,1508.537,161678706.1257
2025-06-30 22:00:00,107061.4,107257.5,106953.3,107046.1,1128.909,120942626.1921
2025-06-30 23:00:00,107046.1,107170.0,107000.1,107081.2,957.654,102525083.7179
2025-07-01 00:00:00,107081.2,107394.9,106957.7,107319.3,1679.596,180033995.5785
2025-07-01 01:00:00,107319.3,107484.8,107110.4,107166.2,1203.538,129165496.5695
2025-07-01 02:00:00,107166.2,107365.0,107038.0,107046.2,987.698,105874092.3852
2025-07-01 03:00:00,107046.2,107171.6,107016.6,107150.5,723.797,77513439.6294
2025-07-01 04:00:00,107150.5,107158.3,106802.0,106826.2,1924.271,205813566.1725
2025-07-01 05:00:00,106826.2,106908.2,106669.5,106883.0,3085.28,329415262.2506
2025-07-01 06:00:00,106883.0,106883.1,106690.7,106835.7,1376.343,146963324.301
2025-07-01 07:00:00,106835.7,107126.0,106546.0,107119.9,3472.461,371021093.9183
2025-07-01 08:00:00,107119.9,107119.9,106613.7,106656.9,2091.939,223405391.0567
2025-07-01 09:00:00,106656.9,106730.8,106436.7,106491.1,2086.795,222368994.4849
2025-07-01 10:00:00,106491.1,106577.8,106244.0,106434.9,3341.894,355510443.6388
2025-07-01 11:00:00,106434.9,106574.8,106233.7,106553.8,2024.449,215483964.212
2025-07-01 12:00:00,106553.8,106662.2,106299.4,106363.0,1813.605,193068566.7531
2025-07-01 13:00:00,106363.0,106846.4,106245.0,106766.9,5006.622,533623466.9648
2025-07-01 14:00:00,106766.9,107139.9,105666.7,105872.2,12476.734,1326016140.9111
2025-07-01 15:00:00,105872.2,106150.0,105550.0,105909.6,5416.753,573301923.3432
2025-07-01 16:00:00,105909.6,106239.1,105779.2,106033.4,2942.189,312057864.1012
2025-07-01 17:00:00,106033.4,106250.0,105840.4,106200.0,2195.721,232918263.5437
2025-07-01 18:00:00,106200.0,106221.2,105620.0,105688.8,2710.483,287021162.187
2025-07-01 19:00:00,105688.8,105750.0,105335.0,105342.3,5307.832,560151596.6954
2025-07-01 20:00:00,105342.3,105960.0,105180.3,105865.7,3359.463,354458955.7297
2025-07-01 21:00:00,105865.7,106065.0,105690.3,105749.9,1485.749,157297422.9579
2025-07-01 22:00:00,105749.9,105863.3,105559.6,105584.6,1458.508,154179146.1491
2025-07-01 23:00:00,105584.6,105656.0,105310.4,105634.8,1562.476,164738328.2018
2025-07-02 00:00:00,105634.8,105737.3,105319.0,105340.0,1052.98,111151548.9903
2025-07-02 01:00:00,105340.0,105750.0,105058.6,105668.5,3778.983,398534940.6597
2025-07-02 02:00:00,105668.5,105880.0,105483.4,105857.4,1323.313,139860008.8678
2025-07-02 03:00:00,105857.4,106178.6,105822.3,106148.6,2063.764,218844068.2569
2025-07-02 04:00:00,106148.6,106338.1,106082.2,106338.0,1924.194,204346082.3791
2025-07-02 05:00:00,106338.0,106625.0,106249.8,106590.8,2774.054,295339701.3774
2025-07-02 06:00:00,106590.8,106966.0,106583.2,106965.9,3516.549,375550920.4448
2025-07-02 07:00:00,106965.9,107145.0,106791.3,107040.9,3905.08,417689175.0977
2025-07-02 08:00:00,107040.9,107720.6,107040.9,107688.1,6236.186,670190784.6676
2025-07-02 09:00:00,107688.1,107756.7,107471.4,107594.0,2473.467,266169664.4009
2025-07-02 10:00:00,107594.0,107795.0,107556.6,107786.1,1658.728,178633926.0964
2025-07-02 11:00:00,107786.1,107786.1,107273.4,107436.2,2910.75,312974245.9853
2025-07-02 12:00:00,107436.2,107444.7,107134.7,107336.3,2538.182,272273826.754
2025-07-02 13:00:00,107336.3,107998.0,107226.5,107718.0,7231.79,778295011.2226
2025-07-02 14:00:00,107718.0,108163.6,107598.1,108100.0,6587.351,710701085.9466
2025-07-02 15:00:00,108100.0,108740.0,108077.6,108712.4,8640.278,936565565.5845
2025-07-02 16:00:00,108712.4,109640.8,108620.8,109385.4,15478.424,1690200494.8683
2025-07-02 17:00:00,109385.4,109740.9,108809.1,109104.5,6103.681,666829436.2386
2025-07-02 18:00:00,109104.5,109493.1,108959.9,109493.0,2156.028,235509572.9861
2025-07-02 19:00:00,109493.0,109646.3,109207.0,109631.3,2682.405,293548586.5604
2025-07-02 20:00:00,109631.3,109631.3,109069.5,109089.9,2597.298,283882191.4076
2025-07-02 21:00:00,109089.9,109498.6,109083.8,109395.0,1415.97,154702289.0552
2025-07-02 22:00:00,109395.0,109466.3,109058.2,109099.9,1432.482,156442740.4504
2025-07-02 23:00:00,109099.9,109136.8,108669.0,108803.0,2625.806,285899898.8713
2025-07-03 00:00:00,108803.0,109081.5,108658.6,108891.0,1909.292,207852275.7512
2025-07-03 01:00:00,108891.0,109073.0,108760.4,108940.2,1289.11,140449483.562
2025-07-03 02:00:00,108940.2,108940.3,108455.1,108671.5,2191.016,237985647.3614
2025-07-03 03:00:00,108671.5,108772.7,108577.0,108592.6,1097.389,119250155.8732
2025-07-03 04:00:00,108592.6,108950.2,108510.0,108739.9,1599.677,174029061.2982
2025-07-03 05:00:00,108739.9,109317.9,108739.9,109294.2,3080.511,336168193.0636
2025-07-03 06:00:00,109294.2,109512.0,109201.8,109426.2,2125.015,232389321.4353
2025-07-03 07:00:00,109426.2,109426.2,109088.0,109242.1,1604.232,175250385.1409
2025-07-03 08:00:00,109242.1,109550.0,109242.1,109332.2,1395.023,152641009.7979
2025-07-03 09:00:00,109332.2,110256.4,109332.2,109895.6,7541.946,829030810.258
2025-07-03 10:00:00,109895.6,109967.0,109600.0,109792.6,2743.603,301121136.6638
2025-07-03 11:00:00,109792.6,109796.6,109540.1,109551.1,1574.589,172602557.1729
2025-07-03 12:00:00,109551.1,109902.8,108704.4,109112.6,9525.743,1040022905.243
2025-07-03 13:00:00,109112.6,110485.7,109075.7,110223.2,10143.704,1113830020.7247
2025-07-03 14:00:00,110223.2,110459.7,109504.7,109674.9,8479.63,932567717.8615
2025-07-03 15:00:00,109674.9,109791.3,109007.1,109063.1,5832.362,637465402.2547
2025-07-03 16:00:00,109063.1,109622.0,108955.0,109233.6,4475.034,488972422.6252
2025-07-03 17:00:00,109233.6,109618.0,109211.8,109500.1,1292.392,141447137.8442
2025-07-03 18:00:00,109500.1,109672.8,109275.0,109637.7,1593.991,174519553.3125
2025-07-03 19:00:00,109637.7,109868.5,109582.2,109744.1,1698.453,186390251.9733
2025-07-03 20:00:00,109744.1,109917.4,109711.4,109916.2,1320.336,145013547.6328
2025-07-03 21:00:00,109916.2,109978.3,109633.8,109740.6,1944.546,213477443.5344
2025-07-03 22:00:00,109740.6,109830.0,109588.7,109657.9,890.596,97675652.2226
2025-07-03 23:00:00,109657.9,109775.2,109483.4,109540.0,946.062,103697788.8454
2025-07-04 00:00:00,109540.0,109656.2,109312.8,109415.6,1241.795,135966813.7209
2025-07-04 01:00:00,109415.6,109725.3,109394.7,109450.7,904.965,99127300.9816
2025-07-04 02:00:00,109450.7,109450.7,109058.1,109134.7,1980.542,216289985.7484
2025-07-04 03:00:00,109134.7,109328.2,109058.0,109186.9,1233.202,134660452.9403
2025-07-04 04:00:00,109186.9,109285.6,108910.0,108941.4,1800.193,196283553.8487
2025-07-04 05:00:00,108941.4,109169.2,108884.0,108962.0,1573.22,171521645.0879
2025-07-04 06:00:00,108962.0,108977.8,108732.9,108963.9,2004.277,218165239.6445
2025-07-04 07:00:00,108963.9,109089.0,108650.0,108650.0,2348.985,255579840.0342
2025-07-04 08:00:00,108650.0,108834.2,108456.0,108701.4,3172.417,344693498.2489
2025-07-04 09:00:00,108701.4,109011.5,108701.4,108932.6,2054.122,223659313.5978
2025-07-04 10:00:00,108932.6,109008.6,108788.7,108839.3,918.715,100047469.6272
2025-07-04 11:00:00,108839.3,109042.0,108780.8,108826.0,1329.2,144803146.2329
2025-07-04 12:00:00,108826.0,108914.5,108550.0,108674.2,1485.613,161544902.7279
2025-07-04 13:00:00,108674.2,108790.0,107892.0,107916.4,7875.937,852717335.9108
2025-07-04 14:00:00,107916.4,108069.9,107452.3,107779.1,11239.371,1211395846.5077
2025-07-04 15:00:00,107779.1,107933.4,107550.0,107552.9,4205.922,453095217.019
2025-07-04 16:00:00,107552.9,107720.4,107300.0,107592.7,5057.696,543678671.6687
2025-07-04 17:00:00,107592.7,107898.5,107587.0,107844.7,2147.649,231481910.5322
2025-07-04 18:00:00,107844.7,107849.3,107458.6,107460.6,1587.048,170890129.7024
2025-07-04 19:00:00,107460.6,107620.6,107220.3,107453.9,2817.831,302620878.0085
2025-07-04 20:00:00,107453.9,107788.5,107408.8,107656.3,2038.791,219457806.8637
2025-07-04 21:00:00,107656.3,107919.5,107655.3,107880.0,1102.285,118819233.3698
2025-07-04 22:00:00,107880.0,108223.9,107845.1,108192.3,2680.757,289703663.6168
2025-07-04 23:00:00,108192.3,108192.3,107904.1,107947.4,835.439,90243134.352
2025-07-05 00:00:00,107947.4,108178.2,107908.3,108141.6,859.973,92926663.0253
2025-07-05 01:00:00,108141.6,108141.7,107839.2,107946.7,858.291,92630986.2725
2025-07-05 02:00:00,107946.7,108050.0,107685.9,108018.0,1102.342,118914909.8055
2025-07-05 03:00:00,108018.0,108229.9,108018.0,108107.1,1325.034,143279819.0197
2025-07-05 04:00:00,108107.1,108429.2,107989.9,108080.0,1689.143,182787337.7174
2025-07-05 05:00:00,108080.0,108148.0,107944.9,108094.4,1020.947,110305966.4272
2025-07-05 06:00:00,108094.4,108252.1,108030.0,108226.0,777.057,84059869.5314
2025-07-05 07:00:00,108226.0,108226.1,107934.8,108008.7,862.462,93188643.9539
2025-07-05 08:00:00,108008.7,108083.5,107872.5,107970.0,789.939,85277772.8295
2025-07-05 09:00:00,107970.0,108084.5,107809.9,108033.3,1139.332,122946117.6561
2025-07-05 10:00:00,108033.3,108161.2,108006.1,108022.0,594.193,64218678.4698
2025-07-05 11:00:00,108022.0,108172.9,108021.9,108055.9,335.576,36281108.7114
2025-07-05 12:00:00,108055.9,108099.9,107911.0,108099.9,607.662,65624885.0323
2025-07-05 13:00:00,108099.9,108191.6,108062.1,108080.2,520.877,56312408.3696
2025-07-05 14:00:00,108080.2,108182.6,108050.8,108160.1,386.746,41818780.6784
2025-07-05 15:00:00,108160.1,108160.2,108000.0,108017.2,479.036,51769513.2842
2025-07-05 16:00:00,108017.2,108063.9,107820.8,108050.0,1060.913,114500296.1672
2025-07-05 17:00:00,108050.0,108112.4,107883.2,108035.3,619.964,66943864.9279
2025-07-05 18:00:00,108035.3,108044.2,107909.0,107935.8,481.772,52012786.4972
2025-07-05 19:00:00,107935.8,108120.0,107897.9,108096.4,699.328,75533464.222
2025-07-05 20:00:00,108096.4,108118.7,107939.7,108040.8,327.126,35339819.2522
2025-07-05 21:00:00,108040.8,108093.1,107997.0,108033.4,502.354,54277918.579
2025-07-05 22:00:00,108033.4,108173.6,108003.0,108138.4,408.312,44139814.4939
2025-07-05 23:00:00,108138.4,108179.0,108111.9,108144.4,337.837,36538374.308
2025-07-06 00:00:00,108144.4,108199.9,108067.0,108167.9,664.639,71869556.8015
2025-07-06 01:00:00,108167.9,108167.9,108016.1,108151.3,331.667,35847879.1773
2025-07-06 02:00:00,108151.3,108200.0,107982.9,107989.9,593.716,64186433.2158
2025-07-06 03:00:00,107989.9,108051.9,107961.7,107999.7,397.261,42902898.3808
2025-07-06 04:00:00,107999.7,108054.8,107888.0,107932.0,750.35,81001625.1122
2025-07-06 05:00:00,107932.0,107967.5,107908.4,107943.2,220.508,23801714.4086
2025-07-06 06:00:00,107943.2,108168.0,107912.8,108060.8,791.05,85474623.8985
2025-07-06 07:00:00,108060.8,108131.0,107988.8,107988.8,525.136,56739321.2535
2025-07-06 08:00:00,107988.8,108018.0,107903.7,107952.0,615.845,66481662.3993
2025-07-06 09:00:00,107952.0,108017.4,107762.6,107810.3,1021.836,110226013.0779
2025-07-06 10:00:00,107810.3,108080.0,107767.1,107935.2,991.806,107021785.3723
2025-07-06 11:00:00,107935.2,108062.0,107902.0,108028.8,575.983,62192489.4193
2025-07-06 12:00:00,108028.8,108197.2,108000.0,108197.2,985.178,106514890.7715
2025-07-06 13:00:00,108197.2,109088.6,108148.6,108731.5,7336.893,797061512.5629
2025-07-06 14:00:00,108731.5,109000.0,108560.1,108879.5,3323.043,361496420.4111
2025-07-06 15:00:00,108879.5,108931.4,108621.1,108860.0,1401.76,152502033.7782
2025-07-06 16:00:00,108860.0,108907.9,108654.9,108810.1,861.371,93697962.5426
2025-07-06 17:00:00,108810.1,108920.0,108682.0,108875.9,765.215,83263814.9662
2025-07-06 18:00:00,108875.9,108891.8,108225.7,108432.8,3150.327,341717056.0645
2025-07-06 19:00:00,108432.8,108605.8,108248.9,108498.1,1754.873,190293340.1015
2025-07-06 20:00:00,108498.1,108820.7,108484.7,108617.8,1914.732,208146009.9383
2025-07-06 21:00:00,108617.8,109685.0,108617.7,109165.9,6224.043,680061619.8088
2025-07-06 22:00:00,109165.9,109491.3,109158.6,109189.7,2178.187,238117201.2027
2025-07-06 23:00:00,109189.7,109246.0,108902.9,109160.5,2096.872,228723075.5928
2025-07-07 00:00:00,109160.5,109250.0,108750.0,108784.9,2202.517,240002686.6289
2025-07-07 01:00:00,108784.9,109056.2,108612.0,108977.0,2146.05,233593437.5472
2025-07-07 02:00:00,108977.0,109478.3,108977.0,109322.8,2513.124,274809235.102
2025-07-07 03:00:00,109322.8,109681.4,109322.1,109355.1,1968.752,215545622.9192
2025-07-07 04:00:00,109355.1,109423.6,109080.6,109080.7,1216.533,132854062.4777
2025-07-07 05:00:00,109080.7,109162.4,108970.7,109029.7,934.153,101886283.4149
2025-07-07 06:00:00,109029.7,109122.0,108719.5,108730.1,1537.155,167380557.4954
2025-07-07 07:00:00,108730.1,109020.3,108573.5,109015.1,2280.422,248117828.654
2025-07-07 08:00:00,109015.1,109048.4,108798.1,108971.4,1492.558,162583692.1891
2025-07-07 09:00:00,108971.4,108971.4,108704.4,108807.7,1243.74,135335379.9106
2025-07-07 10:00:00,108807.7,108862.2,108629.0,108637.4,1196.12,130066184.7984
2025-07-07 11:00:00,108637.4,108781.0,108525.0,108593.9,1415.527,153788507.222
2025-07-07 12:00:00,108593.9,108594.0,108255.2,108302.0,2677.271,290285547.8527
2025-07-07 13:00:00,108302.0,108534.9,107896.8,108474.9,6602.424,714384256.6663
2025-07-07 14:00:00,108474.9,108625.5,107908.0,108162.5,4719.457,510703500.6015
2025-07-07 15:00:00,108162.5,108578.1,108155.7,108244.4,3075.606,333288735.4439
2025-07-07 16:00:00,108244.4,108455.9,107824.5,107920.9,3994.213,431704283.0692
2025-07-07 17:00:00,107920.9,108316.7,107730.6,107892.0,3037.541,327954853.1265
2025-07-07 18:00:00,107892.0,108053.7,107449.6,107974.2,3815.089,410790303.4338
2025-07-07 19:00:00,107974.2,108271.3,107946.9,107990.0,1901.403,205547396.3965
2025-07-07 20:00:00,107990.0,108097.4,107784.8,107800.1,1460.214,157558638.6933
2025-07-07 21:00:00,107800.1,108150.0,107714.2,108104.9,1675.746,180829463.0519
2025-07-07 22:00:00,108104.9,108123.6,107902.8,107950.0,831.905,89823990.6719
2025-07-07 23:00:00,107950.0,108249.4,107950.0,108200.0,1047.957,113334657.9032
2025-07-08 00:00:00,108200.0,108482.3,108106.5,108237.7,3593.442,389159551.249
2025-07-08 01:00:00,108237.7,108237.7,107616.6,107630.9,2230.508,240670536.5807
2025-07-08 02:00:00,107630.9,107898.6,107369.7,107722.4,3767.277,405496856.1968
2025-07-08 03:00:00,107722.4,107960.0,107629.6,107850.1,1372.093,147917952.0151
2025-07-08 04:00:00,107850.1,107988.0,107691.5,107988.0,1203.277,129785616.4252
2025-07-08 05:00:00,107988.0,108184.3,107925.4,108160.0,1279.986,138311773.7217
2025-07-08 06:00:00,108160.0,108333.4,108078.7,108240.1,1219.298,131928398.2984
2025-07-08 07:00:00,108240.1,108443.8,108167.0,108427.9,1538.52,166669316.5715
2025-07-08 08:00:00,108427.9,108477.4,108220.0,108220.0,1771.617,191954252.9191
2025-07-08 09:00:00,108220.0,108453.0,108181.0,108411.1,1000.29,108358020.7407
2025-07-08 10:00:00,108411.1,108887.2,108357.2,108790.0,3777.338,410424124.9172
2025-07-08 11:00:00,108790.0,108977.6,108708.9,108718.1,2219.602,241608461.8349
2025-07-08 12:00:00,108718.1,108913.3,108636.0,108913.2,1412.801,153642682.499
2025-07-08 13:00:00,108913.2,109188.0,108566.8,108972.6,5287.931,575983621.1041
2025-07-08 14:00:00,108972.6,109023.8,108183.1,108333.6,8379.68,909508700.0761
2025-07-08 15:00:00,108333.6,108488.8,108140.2,108202.7,3139.607,339971064.0261
2025-07-08 16:00:00,108202.7,108491.6,108029.9,108383.5,2673.363,289439195.9289
2025-07-08 17:00:00,108383.5,109056.1,108383.4,108949.2,5081.746,552948715.446
2025-07-08 18:00:00,108949.2,109126.2,108846.5,109116.6,2473.526,269617915.8075
2025-07-08 19:00:00,109116.6,109116.7,108677.7,108728.6,1717.649,187023500.1462
2025-07-08 20:00:00,108728.6,108904.2,108582.1,108583.2,860.715,93576777.1793
2025-07-08 21:00:00,108583.2,108931.4,108567.0,108848.0,1143.557,124402784.5543
2025-07-08 22:00:00,108848.0,108931.5,108760.0,108853.1,619.277,67395735.572
2025-07-08 23:00:00,108853.1,108929.9,108762.5,108881.9,779.706,84887372.0094
2025-07-09 00:00:00,108881.9,108906.3,108737.0,108896.7,750.866,81710245.6055
2025-07-09 01:00:00,108896.7,109093.0,108666.0,108732.3,1717.139,186959735.5748
2025-07-09 02:00:00,108732.3,108805.5,108540.5,108573.6,796.487,86571759.6964
2025-07-09 03:00:00,108573.6,108624.0,108284.8,108312.6,1457.151,157956779.2571
2025-07-09 04:00:00,108312.6,108524.0,108263.4,108503.5,1123.524,121783039.4787
2025-07-09 05:00:00,108503.5,108900.0,108434.1,108729.4,2629.222,285814177.8643
2025-07-09 06:00:00,108729.4,108819.4,108621.3,108793.0,842.546,91593565.9794
2025-07-09 07:00:00,108793.0,108842.6,108625.1,108671.7,666.765,72497031.3515
2025-07-09 08:00:00,108671.7,108812.3,108598.7,108624.2,961.976,104586510.8801
2025-07-09 09:00:00,108624.2,108749.9,108527.3,108707.3,838.649,91103370.0041
2025-07-09 10:00:00,108707.3,108869.3,108657.0,108869.3,762.732,82976662.9194
2025-07-09 11:00:00,108869.3,109090.0,108869.2,109018.9,2008.288,218877508.629
2025-07-09 12:00:00,109018.9,109496.6,108935.3,109298.6,5061.503,553502472.7515
2025-07-09 13:00:00,109298.6,109746.0,109080.1,109144.4,5999.292,656709925.3029
2025-07-09 14:00:00,109144.4,109437.0,108447.8,108838.1,7547.564,821464310.3433
2025-07-09 15:00:00,108838.1,109175.0,108731.4,109009.9,3195.328,348122493.3301
2025-07-09 16:00:00,109009.9,109437.6,108970.8,109350.0,2777.874,303449608.4269
2025-07-09 17:00:00,109350.0,109400.0,108968.8,109106.1,1914.583,208964983.3758
2025-07-09 18:00:00,109106.1,109539.9,109073.1,109490.8,3014.137,329743168.887
2025-07-09 19:00:00,109490.8,111999.0,109442.0,111702.6,20489.729,2271799227.2853
2025-07-09 20:00:00,111702.6,111914.2,110530.0,110671.9,9481.88,1054522830.558
2025-07-09 21:00:00,110671.9,111248.1,110630.0,110788.1,3651.74,405347473.826
2025-07-09 22:00:00,110788.1,111384.0,110785.0,111332.1,3127.917,347822326.4266
2025-07-09 23:00:00,111332.1,111485.0,111181.4,111209.7,1883.841,209767147.4054
2025-07-10 00:00:00,111209.7,111300.0,110865.0,110865.0,1884.541,209356774.4351
2025-07-10 01:00:00,110865.0,111322.1,110832.8,111155.8,1374.795,152715373.773
2025-07-10 02:00:00,111155.8,111524.7,111088.6,111172.1,1536.296,171003675.4926
2025-07-10 03:00:00,111172.1,111172.2,110931.7,111025.8,1238.344,137499439.1163
2025-07-10 04:00:00,111025.8,111146.3,110909.8,111108.0,1370.832,152202250.5145
2025-07-10 05:00:00,111108.0,111134.4,110863.1,111043.6,1353.769,150234148.6699
2025-07-10 06:00:00,111043.6,111274.2,111041.0,111177.2,2347.053,260849609.7828
2025-07-10 07:00:00,111177.2,111421.2,111092.0,111190.8,1707.438,189997074.0128
2025-07-10 08:00:00,111190.8,111366.0,111077.9,111195.3,1120.739,124641134.2102
2025-07-10 09:00:00,111195.3,111222.0,110956.0,110993.7,986.197,109543753.8233
2025-07-10 10:00:00,110993.7,111082.3,110825.0,111033.8,1426.527,158274133.5707
2025-07-10 11:00:00,111033.8,111136.1,110922.5,110979.5,927.275,102946176.465
2025-07-10 12:00:00,110979.5,110979.5,110710.8,110827.0,2015.227,223309154.1347
2025-07-10 13:00:00,110827.0,110996.6,110450.9,110761.9,3913.12,433322524.346
2025-07-10 14:00:00,110761.9,111282.2,110592.3,111193.3,4080.936,452876258.2531
2025-07-10 15:00:00,111193.3,111379.2,110923.1,111359.2,2707.216,301032680.1836
2025-07-10 16:00:00,111359.2,112696.4,111293.8,112605.0,12712.305,1426749392.7409
2025-07-10 17:00:00,112605.0,113789.3,112449.3,113692.8,14385.299,1628160332.9202
2025-07-10 18:00:00,113692.8,113715.8,112960.0,113380.8,5291.585,599436790.2345
2025-07-10 19:00:00,113380.8,113642.9,113058.6,113247.4,4086.029,463234362.4873
2025-07-10 20:00:00,113247.4,113557.3,113220.0,113435.8,2628.721,298150630.9544
2025-07-10 21:00:00,113435.8,117896.7,113340.0,116458.2,32285.786,3739447189.5376
2025-07-10 22:00:00,116458.2,116485.5,115747.3,115991.5,6322.355,733770238.7237
2025-07-10 23:00:00,115991.5,116091.5,115617.4,115990.1,2464.674,285499147.0336
2025-07-11 00:00:00,115990.1,116065.7,115200.0,115555.4,3681.282,425370562.3106
2025-07-11 01:00:00,115555.4,116071.6,115474.2,115952.7,1732.623,200640188.2017
2025-07-11 02:00:00,115952.7,116772.6,115685.3,116634.9,3916.557,455697922.5076
2025-07-11 03:00:00,116634.9,116941.4,116353.0,116853.2,2636.07,307398556.3589
2025-07-11 04:00:00,116853.2,116917.3,116461.1,116883.2,3010.461,351305395.66
2025-07-11 05:00:00,116883.2,118387.0,116882.4,117832.0,12906.849,1518931114.8319
2025-07-11 06:00:00,117832.0,118386.4,117587.9,117639.2,5675.028,669610028.8551
2025-07-11 07:00:00,117639.2,118091.4,117436.6,117554.6,4251.883,500501958.8872
2025-07-11 08:00:00,117554.6,118144.6,117554.5,117964.0,2545.919,300076397.3685
2025-07-11 09:00:00,117964.0,118849.9,117864.9,118448.7,5800.833,687281127.8901
2025-07-11 10:00:00,118448.7,118448.7,117929.6,117970.6,3855.11,455540806.2847
2025-07-11 11:00:00,117970.6,118100.9,117594.8,117801.6,2904.258,342095443.68
2025-07-11 12:00:00,117801.6,118224.9,117702.0,117856.2,2443.502,288146180.7161
2025-07-11 13:00:00,117856.2,118176.7,117253.8,117977.9,6275.123,738236988.0527
2025-07-11 14:00:00,117977.9,118166.7,117362.3,117849.9,3818.393,449856795.1062
2025-07-11 15:00:00,117849.9,117969.9,116727.4,116908.7,6647.736,779730140.7464
2025-07-11 16:00:00,116908.7,117464.4,116600.8,117402.7,5132.093,600581998.2678
2025-07-11 17:00:00,117402.7,117758.9,117240.9,117623.6,2811.235,330397697.977
2025-07-11 18:00:00,117623.6,117733.6,117290.0,117691.0,1576.881,185366670.4034
2025-07-11 19:00:00,117691.0,118117.7,117411.7,118079.2,3936.563,463982918.3855
2025-07-11 20:00:00,118079.2,118079.3,117608.5,117624.5,2029.445,239155209.1808
2025-07-11 21:00:00,117624.5,117864.6,117415.8,117590.0,1933.889,227438713.2334
2025-07-11 22:00:00,117590.0,117643.6,117114.1,117590.5,2539.295,298139874.0973
2025-07-11 23:00:00,117590.5,117643.8,117410.7,117508.8,827.841,97337519.9035
2025-07-12 00:00:00,117508.8,117633.0,117101.9,117379.3,1665.771,195415867.2071
2025-07-12 01:00:00,117379.3,117669.6,117379.3,117618.0,1086.569,127757427.7368
2025-07-12 02:00:00,117618.0,117779.7,117531.4,117572.9,742.01,87307247.3646
2025-07-12 03:00:00,117572.9,117820.0,117572.8,117752.5,777.313,91513307.31
2025-07-12 04:00:00,117752.5,117843.8,117547.0,117619.2,719.601,84700565.6463
2025-07-12 05:00:00,117619.2,117674.5,117456.2,117641.0,633.697,74495923.1719
2025-07-12 06:00:00,117641.0,117954.2,117613.0,117800.1,973.485,114700168.5113
2025-07-12 07:00:00,117800.1,118035.2,117562.0,117683.9,1415.1,166689665.5666
2025-07-12 08:00:00,117683.9,117902.9,117663.0,117864.6,1022.915,120482083.05
2025-07-12 09:00:00,117864.6,118195.1,117818.0,118123.9,2422.412,285875854.7255
2025-07-12 10:00:00,118123.9,118123.9,117837.4,118034.3,1492.912,176158046.4603
2025-07-12 11:00:00,118034.3,118075.0,117580.0,117772.2,2838.44,334413069.4788
2025-07-12 12:00:00,117772.2,117825.8,117250.1,117493.9,3270.29,384289629.289
2025-07-12 13:00:00,117493.9,117523.5,117190.0,117472.1,2600.274,305164265.9664
2025-07-12 14:00:00,117472.1,117701.7,117263.1,117341.9,2013.296,236585578.8395
2025-07-12 15:00:00,117341.9,117420.0,116868.1,117066.3,4189.523,490741353.9915
2025-07-12 16:00:00,117066.3,117350.0,117007.3,117152.6,1586.371,185946058.2512
2025-07-12 17:00:00,117152.6,117520.7,117130.4,117436.8,971.702,114057448.7845
2025-07-12 18:00:00,117436.8,117482.2,117327.9,117464.9,672.767,78977005.7306
2025-07-12 19:00:00,117464.9,117601.4,117395.3,117511.2,849.549,99836828.7069
2025-07-12 20:00:00,117511.2,117511.2,116963.3,116963.3,952.439,111640469.8933
2025-07-12 21:00:00,116963.3,117515.0,116940.0,117445.1,1270.86,149000702.8272
2025-07-12 22:00:00,117445.1,117518.9,117254.0,117338.0,434.845,51045359.0544
2025-07-12 23:00:00,117338.0,117427.7,117154.3,117369.9,653.888,76692198.2116
2025-07-13 00:00:00,117369.9,117412.5,117192.0,117258.7,716.265,84029268.3199
2025-07-13 01:00:00,117258.7,117623.6,117173.3,117510.4,1466.796,172273724.8516
2025-07-13 02:00:00,117510.4,117787.9,117352.3,117556.9,974.163,114518183.4488
2025-07-13 03:00:00,117556.9,117769.6,117527.8,117706.6,752.814,88580380.7044
2025-07-13 04:00:00,117706.6,117852.0,117627.1,117834.9,617.191,72685319.0518
2025-07-13 05:00:00,117834.9,117861.4,117638.7,117717.0,634.134,74685995.3007
2025-07-13 06:00:00,117717.0,117950.0,117689.8,117836.5,722.116,85101176.0288
2025-07-13 07:00:00,117836.5,118023.0,117800.0,117950.8,1168.016,137744790.7535
2025-07-13 08:00:00,117950.8,117963.2,117703.9,117857.8,975.38,114918291.8127
2025-07-13 09:00:00,117857.8,117863.3,117653.1,117695.5,666.153,78444993.9799
2025-07-13 10:00:00,117695.5,117810.0,117687.0,117715.3,379.671,44704853.8366
2025-07-13 11:00:00,117715.3,118054.5,117715.2,118029.9,1198.27,141317047.1217
2025-07-13 12:00:00,118029.9,118602.8,117929.6,118365.9,4749.209,561696576.5427
2025-07-13 13:00:00,118365.9,118749.7,118073.3,118556.2,4287.368,507815826.055
2025-07-13 14:00:00,118556.2,119390.4,118293.3,118700.0,9810.433,1166642422.401
2025-07-13 15:00:00,118700.0,119099.6,118475.0,118623.0,2873.454,341267021.7735
2025-07-13 16:00:00,118623.0,118941.6,118441.2,118461.6,2186.713,259613073.9438
2025-07-13 17:00:00,118461.6,118790.1,118320.0,118631.9,1434.469,170099585.357
2025-07-13 18:00:00,118631.9,119015.0,118520.0,118939.4,1363.202,161999509.3698
2025-07-13 19:00:00,118939.4,119474.9,118857.2,118918.6,3198.313,381140507.2951
2025-07-13 20:00:00,118918.6,119347.8,118778.9,119018.3,1460.002,173835777.7852
2025-07-13 21:00:00,119018.3,119018.3,118430.0,118599.0,2015.828,239326121.4733
2025-07-13 22:00:00,118599.0,118734.7,118168.2,118464.7,1933.235,228987153.0335
2025-07-13 23:00:00,118464.7,119175.6,118335.1,119050.2,1988.872,236285491.0704
2025-07-14 00:00:00,119050.2,119442.3,118877.8,119033.9,2537.379,302397268.4933
2025-07-14 01:00:00,119033.9,119206.5,118859.2,119054.9,1662.04,197793057.1672
2025-07-14 02:00:00,119054.9,120000.0,118926.1,119615.0,6081.689,727686991.8947
2025-07-14 03:00:00,119615.0,121600.0,119553.9,120725.0,14624.86,1765254011.2108
2025-07-14 04:00:00,120725.0,121439.9,120509.2,121385.5,6491.662,785547022.3875
2025-07-14 05:00:00,121385.5,122685.1,121112.7,122446.2,13094.534,1598038004.3607
2025-07-14 06:00:00,122446.2,122458.4,122018.1,122120.0,3591.347,438861095.6756
2025-07-14 07:00:00,122120.0,123250.0,122074.2,122741.2,7132.437,875382791.4672
2025-07-14 08:00:00,122741.2,122758.0,122275.0,122556.8,3448.561,422412415.8437
2025-07-14 09:00:00,122556.8,122573.6,121850.0,121990.2,4078.62,498077704.758
2025-07-14 10:00:00,121990.2,122169.3,121659.2,121911.6,3425.034,417589508.2861
2025-07-14 11:00:00,121911.6,121911.6,121350.0,121480.1,3273.717,397967726.4601
2025-07-14 12:00:00,121480.1,121922.9,121401.3,121895.3,2379.837,289786161.4547
2025-07-14 13:00:00,121895.3,122100.0,121160.0,121680.1,5445.915,662533748.1473
2025-07-14 14:00:00,121680.1,121958.6,120636.3,121174.4,8588.953,1040904819.3482
2025-07-14 15:00:00,121174.4,121182.0,119609.8,119889.3,9864.246,1185551192.6747
2025-07-14 16:00:00,119889.3,120318.0,119232.4,120287.7,8183.447,979998650.2073
2025-07-14 17:00:00,120287.7,120535.9,119791.0,119921.8,4206.678,505677904.8147
2025-07-14 18:00:00,119921.8,120200.5,119620.0,119639.9,1904.96,228382975.7175
2025-07-14 19:00:00,119639.9,120113.7,119601.0,119950.0,2234.88,267832196.788
2025-07-14 20:00:00,119950.0,120458.8,119501.6,120136.3,2942.103,353373485.741
2025-07-14 21:00:00,120136.3,120246.0,119811.0,120018.1,1667.884,200194217.9762
2025-07-14 22:00:00,120018.1,120312.1,119916.7,120041.2,993.622,119368215.7768
2025-07-14 23:00:00,120041.2,120053.1,119765.3,119841.6,1111.382,133237897.3146
2025-07-15 00:00:00,119841.6,119946.6,119050.7,119479.9,3299.217,394318969.6107
2025-07-15 01:00:00,119479.9,119519.0,118329.9,118477.4,7281.795,866524511.0311
2025-07-15 02:00:00,118477.4,118870.0,117816.6,118270.3,9644.802,1139851104.3874
2025-07-15 03:00:00,118270.3,118270.3,116880.0,117210.2,10916.453,1282274942.9229
2025-07-15 04:00:00,117210.2,117568.5,116302.4,117534.3,9477.317,1108966230.4845
2025-07-15 05:00:00,117534.3,117800.0,117010.1,117351.9,3666.733,430639096.5254
2025-07-15 06:00:00,117351.9,117351.9,116768.8,117100.0,4692.21,549168428.6117
2025-07-15 07:00:00,117100.0,117348.9,116404.1,116822.5,4513.398,527333584.1817
2025-07-15 08:00:00,116822.5,116901.4,116114.6,116805.4,4407.103,514183134.9342
2025-07-15 09:00:00,116805.4,117246.2,116713.5,116799.9,2969.995,347462213.92
2025-07-15 10:00:00,116799.9,117242.5,116760.0,117076.5,2721.765,318447040.6923
2025-07-15 11:00:00,117076.5,117200.0,116340.4,117150.4,4254.294,496712468.4003
2025-07-15 12:00:00,117150.4,117495.4,116395.0,117209.8,9852.097,1153308615.6419
2025-07-15 13:00:00,117209.8,118510.5,117153.2,118108.4,11163.199,1316298158.4764
2025-07-15 14:00:00,118108.4,118484.0,115750.0,116021.8,15101.495,1765060793.4455
2025-07-15 15:00:00,116021.8,116788.0,115800.0,116430.6,7876.161,915826972.8274
2025-07-15 16:00:00,116430.6,117758.1,116395.2,117221.9,8476.017,993178916.7856
2025-07-15 17:00:00,117221.9,117599.9,117150.0,117420.7,2962.254,347739356.7208
2025-07-15 18:00:00,117420.7,117444.0,116047.2,116738.6,6353.316,741150032.9211
2025-07-15 19:00:00,116738.6,117236.2,116289.9,116430.2,3163.817,369320217.2147
2025-07-15 20:00:00,116430.2,116721.4,116161.3,116400.0,2606.286,303642640.6641
2025-07-15 21:00:00,116400.0,117600.0,116350.0,117573.8,3362.037,393927577.4616
2025-07-15 22:00:00,117573.8,117865.6,117244.7,117827.0,2971.767,349381251.216
2025-07-15 23:00:00,117827.0,117999.8,117500.0,117745.7,2582.533,304119708.5114
2025-07-16 00:00:00,117745.7,118196.2,117412.0,118126.5,2476.163,291807404.6925
2025-07-16 01:00:00,118126.5,118250.0,117599.3,117746.2,1586.306,186986038.9802
2025-07-16 02:00:00,117746.2,117785.9,117031.0,117345.1,2381.418,279413673.4311
2025-07-16 03:00:00,117345.1,117548.7,117233.1,117500.0,1017.636,119510626.4603
2025-07-16 04:00:00,117500.0,117733.5,117264.3,117614.8,1353.168,159010449.386
2025-07-16 05:00:00,117614.8,118053.9,117614.8,117871.6,2735.482,322458877.9733
2025-07-16 06:00:00,117871.6,118307.7,117750.0,118271.5,1480.617,174885510.8996
2025-07-16 07:00:00,118271.5,118299.1,118046.9,118200.0,1343.621,158815069.1564
2025-07-16 08:00:00,118200.0,118809.0,118130.0,118709.8,3034.019,359598836.6165
2025-07-16 09:00:00,118709.8,119231.7,118709.7,119207.2,4453.163,529927187.9297
2025-07-16 10:00:00,119207.2,119327.4,118739.3,118750.0,2506.859,298430023.2915
2025-07-16 11:00:00,118750.0,118925.7,118641.5,118776.1,1644.555,195377731.9467
2025-07-16 12:00:00,118776.1,119121.3,118544.2,118608.1,3885.61,461800019.2008
2025-07-16 13:00:00,118608.1,118918.5,118127.9,118672.9,7622.127,903503113.0836
2025-07-16 14:00:00,118672.9,119267.3,118200.6,119037.6,6777.125,804110846.2494
2025-07-16 15:00:00,119037.6,119778.5,118298.8,119067.4,12623.567,1503706607.4461
2025-07-16 16:00:00,119067.4,119316.7,118432.2,119259.9,4529.249,538715815.6057
2025-07-16 17:00:00,119259.9,119683.8,118950.0,119064.1,4456.288,531874471.953
2025-07-16 18:00:00,119064.1,119928.6,118860.6,119504.4,4879.174,583129244.1006
2025-07-16 19:00:00,119504.4,119635.0,118816.3,119230.0,3809.164,453813009.8692
2025-07-16 20:00:00,119230.0,119968.0,118934.0,119920.9,3533.472,422461315.7673
2025-07-16 21:00:00,119920.9,120114.6,119205.6,119292.0,3276.126,392478112.2915
2025-07-16 22:00:00,119292.0,119492.8,118571.0,118653.8,3088.355,367553551.7005
2025-07-16 23:00:00,118653.8,118833.6,118409.1,118626.3,1785.675,211823948.655
2025-07-17 00:00:00,118626.3,119173.2,118612.0,118884.1,1459.673,173574939.6914
2025-07-17 01:00:00,118884.1,119074.5,117662.2,118130.1,5503.716,650490696.5336
2025-07-17 02:00:00,118130.1,118510.0,117970.4,118308.4,2431.786,287623263.2472
2025-07-17 03:00:00,118308.4,118332.0,117716.1,118089.6,2461.794,290365227.846
2025-07-17 04:00:00,118089.6,118479.2,117931.6,118479.1,2206.711,261044404.5607
2025-07-17 05:00:00,118479.1,118637.4,118207.8,118576.3,1610.764,190767069.9664
2025-07-17 06:00:00,118576.3,118781.7,118335.6,118434.6,2515.476,298126970.615
2025-07-17 07:00:00,118434.6,118548.7,117809.9,118319.9,3298.133,389641987.5763
2025-07-17 08:00:00,118319.9,118432.0,118086.6,118338.3,2095.68,247857001.8071
2025-07-17 09:00:00,118338.3,119246.4,118254.3,118802.2,4943.89,587762717.6591
2025-07-17 10:00:00,118802.2,118916.0,118238.0,118369.2,2778.105,329243044.9596
2025-07-17 11:00:00,118369.2,118424.6,117982.1,118001.0,2512.396,296946790.9217
2025-07-17 12:00:00,118001.0,118213.2,117449.9,117881.2,6069.325,715046382.0346
2025-07-17 13:00:00,117881.2,118475.0,117514.2,118299.8,5047.906,595474175.2841
2025-07-17 14:00:00,118299.8,118863.6,118167.5,118796.3,4958.408,587855761.0803
2025-07-17 15:00:00,118796.3,119145.3,118364.3,118911.2,3859.481,458423043.6028
2025-07-17 16:00:00,118911.2,118999.2,118364.0,118595.5,2486.825,294891193.2089
2025-07-17 17:00:00,118595.5,119424.6,118524.5,119313.0,3214.921,382403413.7252
2025-07-17 18:00:00,119313.0,119850.0,119260.2,119639.2,3263.899,390403608.7684
2025-07-17 19:00:00,119639.2,119944.5,118854.8,119000.0,3230.819,385967447.8268
2025-07-17 20:00:00,119000.0,119480.9,118423.5,119480.9,4842.178,575890871.7731
2025-07-17 21:00:00,119480.9,121044.0,119472.0,120318.0,14413.955,1735299594.5992
2025-07-17 22:00:00,120318.0,120764.0,119520.8,119804.9,5767.508,693302788.954
2025-07-17 23:00:00,119804.9,119922.2,119180.0,119218.7,3498.311,418293155.6571
2025-07-18 00:00:00,119218.7,119856.5,119028.2,119782.9,3795.897,453700735.8909
2025-07-18 01:00:00,119782.9,120844.7,119676.7,120400.6,4984.104,599635962.0689
2025-07-18 02:00:00,120400.6,120457.4,119913.2,120140.7,3050.426,366591930.3688
2025-07-18 03:00:00,120140.7,120537.6,120000.0,120257.9,1528.284,183698974.2632
2025-07-18 04:00:00,120257.9,120545.8,119782.5,120460.5,2722.616,327287139.3049
2025-07-18 05:00:00,120460.5,120694.0,120252.0,120640.6,2630.611,316975086.9595
2025-07-18 06:00:00,120640.6,120896.9,120119.1,120293.9,2162.843,260502536.8271
2025-07-18 07:00:00,120293.9,120436.4,119355.0,119420.0,4343.468,520233765.3052
2025-07-18 08:00:00,119420.0,119534.5,118444.0,118686.0,6324.376,752156580.3705
2025-07-18 09:00:00,118686.0,119040.0,118500.1,118935.7,2994.693,355861934.0929
2025-07-18 10:00:00,118935.7,119310.0,118560.9,119286.7,2311.254,274778897.8615
2025-07-18 11:00:00,119286.7,119336.4,118822.9,119222.7,2223.074,264697378.7872
2025-07-18 12:00:00,119222.7,119574.4,119181.6,119485.8,1927.678,230206323.7631
2025-07-18 13:00:00,119485.8,119494.0,118526.6,118828.2,7099.872,844012349.6061
2025-07-18 14:00:00,118828.2,119322.9,117311.7,118148.8,14910.896,1761123109.9165
2025-07-18 15:00:00,118148.8,118294.5,117442.4,117866.2,5690.995,670528238.1482
2025-07-18 16:00:00,117866.2,118078.0,117480.9,117575.2,2872.798,338231502.2422
2025-07-18 17:00:00,117575.2,118019.9,117351.8,117612.1,2476.208,291348536.4915
2025-07-18 18:00:00,117612.1,117744.0,117213.5,117323.6,2089.62,245468062.0957
2025-07-18 19:00:00,117323.6,117899.0,117133.0,117380.8,3997.436,469705825.718
2025-07-18 20:00:00,117380.8,117557.0,116822.1,117400.1,5972.03,699572255.4217
2025-07-18 21:00:00,117400.1,117891.3,117356.1,117691.3,1558.29,183445376.7623
2025-07-18 22:00:00,117691.3,118000.0,117410.6,117695.9,1790.901,210883909.4123
2025-07-18 23:00:00,117695.9,118017.3,117471.2,117930.1,1344.806,158403723.8547
2025-07-19 00:00:00,117930.1,118033.4,117724.2,117753.5,1313.366,154861967.6827
2025-07-19 01:00:00,117753.5,118133.1,117630.8,118056.2,1419.113,167354648.8234
2025-07-19 02:00:00,118056.2,118323.4,117952.0,118224.0,1218.258,143924689.858
2025-07-19 03:00:00,118224.0,118398.5,118146.9,118349.6,945.219,111796163.047
2025-07-19 04:00:00,118349.6,118379.0,118107.3,118159.8,748.461,88505075.6575
2025-07-19 05:00:00,118159.8,118299.5,118030.8,118220.5,917.628,108433060.0718
2025-07-19 06:00:00,118220.5,118299.0,118076.6,118189.7,496.138,58625529.3411
2025-07-19 07:00:00,118189.7,118339.3,118160.0,118175.8,881.852,104266285.7812
2025-07-19 08:00:00,118175.8,118289.6,117935.6,118100.1,1291.864,152567307.6479
2025-07-19 09:00:00,118100.1,118338.9,118073.2,118241.0,899.261,106320125.8512
2025-07-19 10:00:00,118241.0,118523.7,118176.1,118448.5,1036.391,122693476.7515
2025-07-19 11:00:00,118448.5,118494.9,118180.0,118330.4,1391.801,164766627.7161
2025-07-19 12:00:00,118330.4,118345.7,118100.1,118244.1,1371.839,162194352.6855
2025-07-19 13:00:00,118244.1,118329.9,118071.3,118200.0,896.917,106026679.1144
2025-07-19 14:00:00,118200.0,118230.8,117612.0,117683.9,3281.267,386975658.1562
2025-07-19 15:00:00,117683.9,118256.1,117664.0,118058.2,1727.888,204000214.0996
2025-07-19 16:00:00,118058.2,118186.3,117850.0,117985.6,1748.092,206289945.782
2025-07-19 17:00:00,117985.6,117994.0,117737.7,117807.5,648.108,76387970.0807
2025-07-19 18:00:00,117807.5,118026.8,117754.0,117857.6,367.215,43302622.7624
2025-07-19 19:00:00,117857.6,118164.8,117580.8,118005.8,1537.586,181294136.8715
2025-07-19 20:00:00,118005.8,118176.4,117700.1,117722.0,1186.591,139991986.0007
2025-07-19 21:00:00,117722.0,117848.4,117237.7,117699.0,2950.66,346785764.7266
2025-07-19 22:00:00,117699.0,117854.3,117519.6,117788.0,1211.729,142672983.9327
2025-07-19 23:00:00,117788.0,118022.6,117739.2,117842.1,891.824,105116509.1239
2025-07-20 00:00:00,117842.1,118016.6,117659.3,117953.4,766.2,90275708.3768
2025-07-20 01:00:00,117953.4,118142.9,117897.1,117941.0,1053.272,124304650.2037
2025-07-20 02:00:00,117941.0,118036.1,117781.1,118000.0,894.739,105480295.084
2025-07-20 03:00:00,118000.0,118186.8,117751.6,117975.4,1374.317,162208944.1046
2025-07-20 04:00:00,117975.4,118149.8,117906.5,117967.6,638.331,75340331.3675
2025-07-20 05:00:00,117967.6,117996.9,117814.6,117866.5,464.681,54777656.0831
2025-07-20 06:00:00,117866.5,117911.9,117772.4,117840.3,347.418,40941030.0422
2025-07-20 07:00:00,117840.3,118254.4,117840.2,118052.4,1229.264,145163917.1813
2025-07-20 08:00:00,118052.4,118312.1,118052.4,118198.0,1698.162,200763795.4688
2025-07-20 09:00:00,118198.0,118328.1,117938.4,117953.4,909.194,107401156.7178
2025-07-20 10:00:00,117953.4,118043.2,117903.6,117926.0,783.028,92384454.7496
2025-07-20 11:00:00,117926.0,118137.6,117860.2,117925.4,1297.957,153102485.9514
2025-07-20 12:00:00,117925.4,118254.2,117745.4,118118.2,1698.012,200314407.9506
2025-07-20 13:00:00,118118.2,118440.0,118099.5,118423.3,2070.188,244739373.6815
2025-07-20 14:00:00,118423.3,118916.0,118303.1,118482.7,4753.875,563829163.887
2025-07-20 15:00:00,118482.7,118800.0,118348.7,118722.6,2281.849,270684016.0669
2025-07-20 16:00:00,118722.6,118931.0,118500.0,118599.3,2288.96,271759469.5368
2025-07-20 17:00:00,118599.3,118599.3,118000.0,118058.1,3518.829,416102694.663
2025-07-20 18:00:00,118058.1,118487.5,118058.1,118405.5,1143.786,135274973.683
2025-07-20 19:00:00,118405.5,118632.5,118196.9,118197.0,804.775,95349980.2656
2025-07-20 20:00:00,118197.0,118301.9,117890.1,118118.0,2043.755,241374025.9922
2025-07-20 21:00:00,118118.0,118189.5,117868.1,118036.7,1225.137,144595109.5299
2025-07-20 22:00:00,118036.7,118077.8,116455.6,117514.7,10704.764,1254220935.9912
2025-07-20 23:00:00,117514.7,117592.2,116978.3,117290.4,2155.782,252874213.6363
2025-07-21 00:00:00,117290.4,117396.0,116550.0,117387.0,3524.502,412312713.8734
2025-07-21 01:00:00,117387.0,117483.3,116801.3,117329.6,2630.49,308017309.406
2025-07-21 02:00:00,117329.6,118202.1,117329.5,118202.1,2854.951,336522527.828
2025-07-21 03:00:00,118202.1,118649.8,118151.1,118429.2,3926.633,465069230.1774
2025-07-21 04:00:00,118429.2,118704.5,118311.0,118367.4,1394.986,165315078.4676
2025-07-21 05:00:00,118367.4,118460.7,118200.0,118451.5,856.128,101306819.1393
2025-07-21 06:00:00,118451.5,119295.0,118300.1,119213.0,4740.208,563678743.3774
2025-07-21 07:00:00,119213.0,119750.0,119200.0,119420.0,3878.977,463389725.0325
2025-07-21 08:00:00,119420.0,119548.0,118910.8,119059.6,2916.099,347558471.7325
2025-07-21 09:00:00,119059.6,119142.7,118593.1,118742.4,2232.393,265253266.7806
2025-07-21 10:00:00,118742.4,118862.8,118384.0,118616.1,1588.868,188469659.6193
2025-07-21 11:00:00,118616.1,118860.1,118108.9,118118.7,2813.518,333359166.6829
2025-07-21 12:00:00,118118.7,118646.2,117809.4,118225.7,4093.123,483956515.6313
2025-07-21 13:00:00,118225.7,119176.9,117926.0,118894.2,4910.562,582561361.334
2025-07-21 14:00:00,118894.2,119300.0,118478.0,118875.8,4325.687,514455224.6749
2025-07-21 15:00:00,118875.8,119180.0,118250.0,118377.8,3790.838,449976112.0956
2025-07-21 16:00:00,118377.8,118459.4,117543.2,117800.0,7390.435,871461687.5244
2025-07-21 17:00:00,117800.0,118150.0,117380.0,117899.6,4316.315,508074889.5081
2025-07-21 18:00:00,117899.6,118239.3,117121.0,117189.1,5660.195,666543043.8575
2025-07-21 19:00:00,117189.1,117561.9,116677.4,116796.9,5318.148,622428490.2458
2025-07-21 20:00:00,116796.9,117280.0,116652.0,116949.7,3098.32,362599544.5409
2025-07-21 21:00:00,116949.7,117393.6,116876.7,117232.3,1435.776,168243270.214
2025-07-21 22:00:00,117232.3,117669.6,117134.4,117373.9,1294.51,152040972.4733
2025-07-21 23:00:00,117373.9,117537.2,117135.5,117393.0,1490.967,174941639.9443
2025-07-22 00:00:00,117393.0,117571.7,117055.0,117138.4,1596.25,187239136.298
2025-07-22 01:00:00,117138.4,117988.0,116123.0,117777.0,9309.183,1089503218.3748
2025-07-22 02:00:00,117777.0,117849.4,116978.5,117055.9,3338.915,391968667.212
2025-07-22 03:00:00,117055.9,117285.8,116714.3,117235.1,2521.221,295069988.4336
2025-07-22 04:00:00,117235.1,117384.7,116562.6,116564.4,2532.406,296218734.1381
2025-07-22 05:00:00,116564.4,117383.8,116563.5,117370.1,3561.93,417155576.6483
2025-07-22 06:00:00,117370.1,117858.0,117291.8,117857.9,2874.675,338126628.5207
2025-07-22 07:00:00,117857.9,118620.1,117791.4,118027.4,5572.034,658677179.6526
2025-07-22 08:00:00,118027.4,118383.1,117517.7,118330.0,3836.748,452347700.287
2025-07-22 09:00:00,118330.0,118703.0,117892.6,118408.6,2572.684,304456014.2303
2025-07-22 10:00:00,118408.6,119019.0,118323.2,119004.0,3127.82,371246794.1366
2025-07-22 11:00:00,119004.0,119250.0,118821.6,119199.1,2860.784,340591826.0379
2025-07-22 12:00:00,119199.1,119479.4,119090.0,119344.9,3605.194,430109411.8635
2025-07-22 13:00:00,119344.9,119649.9,118093.0,118200.1,7788.156,926356902.2387
2025-07-22 14:00:00,118200.1,119186.8,117601.2,119111.9,7582.936,897415616.3066
2025-07-22 15:00:00,119111.9,119237.5,118755.2,118962.1,3479.85,414250998.4136
2025-07-22 16:00:00,118962.1,119439.7,118674.9,118746.1,3475.245,413909788.0001
2025-07-22 17:00:00,118746.1,119288.0,118451.8,119260.1,3067.532,364798930.3108
2025-07-22 18:00:00,119260.1,120297.1,119115.4,119816.5,6438.358,770640295.3829
2025-07-22 19:00:00,119816.5,119991.0,119150.0,119333.3,3068.748,366962540.5532
2025-07-22 20:00:00,119333.3,119996.2,119255.0,119761.5,2978.108,356532746.1729
2025-07-22 21:00:00,119761.5,119836.8,119465.2,119465.2,1018.153,121804274.7613
2025-07-22 22:00:00,119465.2,120100.0,119465.2,119916.0,1592.124,190855820.6342
2025-07-22 23:00:00,119916.0,120321.0,119898.4,120043.6,2129.548,255858589.4634
2025-07-23 00:00:00,120043.6,120194.7,119600.0,119659.7,2150.392,257798556.3738
2025-07-23 01:00:00,119659.7,119776.8,119485.7,119578.8,1477.535,176724567.1232
2025-07-23 02:00:00,119578.8,119623.7,119055.9,119154.8,2771.164,330564877.9778
2025-07-23 03:00:00,119154.8,119178.9,118582.4,118675.1,2739.167,325518256.6487
2025-07-23 04:00:00,118675.1,119027.0,118623.0,119026.9,2264.836,269074097.3634
2025-07-23 05:00:00,119026.9,119055.7,118658.0,118682.0,1474.746,175218418.3883
2025-07-23 06:00:00,118682.0,118769.3,118363.2,118474.1,2105.547,249601567.8354
2025-07-23 07:00:00,118474.1,118647.0,118311.9,118398.9,1700.819,201526589.6297
2025-07-23 08:00:00,118398.9,118601.5,118255.6,118458.6,2053.865,243199293.3442
2025-07-23 09:00:00,118458.6,118517.6,117930.2,118065.1,3647.736,430950935.7849
2025-07-23 10:00:00,118065.1,118418.9,117850.0,118400.1,3659.004,432257865.9942
2025-07-23 11:00:00,118400.1,118661.6,118172.9,118558.0,2975.042,352485639.8674
2025-07-23 12:00:00,118558.0,118675.0,117828.4,118011.1,4483.307,529867008.8455
2025-07-23 13:00:00,118011.1,118236.9,117322.0,117366.8,7990.04,941011273.1914
2025-07-23 14:00:00,117366.8,118220.8,117300.0,118218.8,5138.088,605527466.9739
2025-07-23 15:00:00,118218.8,118748.6,117808.2,118589.2,3553.837,420246919.9972
2025-07-23 16:00:00,118589.2,118589.2,117560.3,117721.1,4591.185,541481456.5148
2025-07-23 17:00:00,117721.1,118134.8,117309.4,118134.6,4614.149,542893054.1301
2025-07-23 18:00:00,118134.6,118408.5,117986.6,118404.2,1932.233,228424591.3484
2025-07-23 19:00:00,118404.2,118480.7,118212.0,118397.8,1694.498,200558316.9293
2025-07-23 20:00:00,118397.8,118500.0,117550.0,117898.7,4595.456,542241835.3672
2025-07-23 21:00:00,117898.7,118187.0,117357.7,118187.0,2666.894,313997790.8556
2025-07-23 22:00:00,118187.0,118644.7,117927.0,118560.0,2313.627,274009213.2114
2025-07-23 23:00:00,118560.0,118771.5,118424.0,118743.4,1687.841,200200091.6862
2025-07-24 00:00:00,118743.4,119144.2,118554.0,119055.0,2794.114,332270242.8707
2025-07-24 01:00:00,119055.0,119118.0,118777.4,119096.4,1506.132,179200102.5279
2025-07-24 02:00:00,119096.4,119096.5,118811.6,118963.1,1207.861,143679219.6915
2025-07-24 03:00:00,118963.1,119279.7,118479.5,118513.1,3177.501,377891584.0569
2025-07-24 04:00:00,118513.1,118571.3,117813.3,117935.3,3450.549,407852690.7585
2025-07-24 05:00:00,117935.3,117976.4,117453.2,117582.2,4089.538,481201325.827
2025-07-24 06:00:00,117582.2,117843.1,117341.8,117435.3,2995.567,352128042.6527
2025-07-24 07:00:00,117435.3,118484.3,117050.1,118398.0,6578.473,775069545.9637
2025-07-24 08:00:00,118398.0,118800.3,118208.8,118773.0,3163.388,375208639.7142
2025-07-24 09:00:00,118773.0,118821.0,118294.6,118494.9,2394.835,283881576.6402
2025-07-24 10:00:00,118494.9,118652.1,117944.8,118389.3,3711.376,438712221.8407
2025-07-24 11:00:00,118389.3,118750.0,118321.0,118613.5,2946.962,349517461.0004
2025-07-24 12:00:00,118613.5,118745.0,118276.6,118519.1,2295.632,272018169.182
2025-07-24 13:00:00,118519.1,118716.1,118200.0,118204.6,2385.024,282712263.4052
2025-07-24 14:00:00,118204.6,119154.1,117815.8,119050.1,5335.189,632103371.9456
2025-07-24 15:00:00,119050.1,119492.9,118616.8,119121.2,6254.884,744878242.9139
2025-07-24 16:00:00,119121.2,119222.0,118360.0,118544.5,3734.108,443464922.5723
2025-07-24 17:00:00,118544.5,119333.0,118489.0,119140.0,1924.579,229086140.162
2025-07-24 18:00:00,119140.0,119427.2,118967.5,119052.6,1973.178,235152472.2837
2025-07-24 19:00:00,119052.6,119364.2,118880.1,118953.7,1734.591,206634172.3162
2025-07-24 20:00:00,118953.7,119004.3,118708.8,118719.9,1688.323,200653375.8443
2025-07-24 21:00:00,118719.9,118788.3,118487.0,118530.0,922.286,109390939.2494
2025-07-24 22:00:00,118530.0,118632.9,118169.9,118271.2,1294.883,153332203.8721
2025-07-24 23:00:00,118271.2,118449.9,118150.4,118328.0,1387.097,164089987.8913
2025-07-25 00:00:00,118328.0,118440.3,117633.3,117648.5,4205.143,495809621.4375
2025-07-25 01:00:00,117648.5,117775.4,117176.7,117337.5,4705.593,552576832.967
2025-07-25 02:00:00,117337.5,117369.9,116300.1,116314.0,7470.778,872736139.3344
2025-07-25 03:00:00,116314.0,116398.0,115297.7,115400.1,14369.158,1663923800.4119
2025-07-25 04:00:00,115400.1,116107.2,115090.0,116055.5,9808.143,1133335699.2875
2025-07-25 05:00:00,116055.5,116055.6,115170.8,115514.0,5387.864,622867933.8708
2025-07-25 06:00:00,115514.0,115515.0,115173.5,115287.5,2666.69,307565759.0672
2025-07-25 07:00:00,115287.5,115989.8,114710.0,115329.5,9597.272,1105839128.8558
2025-07-25 08:00:00,115329.5,116000.0,115057.4,115232.9,6029.777,696544311.615
2025-07-25 09:00:00,115232.9,116067.7,115045.6,116062.0,4503.845,520591040.5633
2025-07-25 10:00:00,116062.0,116537.6,116004.9,116311.6,4870.708,566381731.8897
2025-07-25 11:00:00,116311.6,116793.1,116311.6,116544.9,3448.672,402122131.2682
2025-07-25 12:00:00,116544.9,116675.8,115947.5,116102.3,5326.89,619291947.9982
2025-07-25 13:00:00,116102.3,116615.3,115572.0,116247.9,5501.685,638182079.1827
2025-07-25 14:00:00,116247.9,116323.6,114905.0,114978.3,7328.877,846083558.9807
2025-07-25 15:00:00,114978.3,115866.1,114914.1,115734.4,3965.048,457650179.8181
2025-07-25 16:00:00,115734.4,116222.0,115455.5,116187.0,3227.644,373990359.5517
2025-07-25 17:00:00,116187.0,116368.3,115854.6,116029.1,2344.863,272388827.8364
2025-07-25 18:00:00,116029.1,116594.2,116029.0,116493.9,2457.797,286047821.0055
2025-07-25 19:00:00,116493.9,117014.7,116410.0,116679.5,3975.317,464176207.2544
2025-07-25 20:00:00,116679.5,117326.7,116572.8,117067.5,4405.92,515501047.2047
2025-07-25 21:00:00,117067.5,117391.0,116959.7,117226.6,2259.769,264848012.9085
2025-07-25 22:00:00,117226.6,117374.9,117119.5,117289.7,1266.413,148480585.4901
2025-07-25 23:00:00,117289.7,117642.8,117192.3,117616.3,2088.899,245278394.465
2025-07-26 00:00:00,117616.3,117623.2,117326.8,117500.0,1218.248,143110132.8697
2025-07-26 01:00:00,117500.0,117564.8,117150.0,117156.0,1240.342,145554525.5342
2025-07-26 02:00:00,117156.0,117750.0,117155.9,117466.7,1874.903,220364000.0434
2025-07-26 03:00:00,117466.7,117610.6,117444.8,117469.2,623.458,73275684.2656
2025-07-26 04:00:00,117469.2,117541.1,117376.9,117487.2,625.945,73525358.0212
2025-07-26 05:00:00,117487.2,117542.7,117400.8,117435.4,557.635,65502566.1332
2025-07-26 06:00:00,117435.4,117454.6,117307.9,117323.5,905.434,106263383.4617
2025-07-26 07:00:00,117323.5,117375.8,117308.2,117322.8,639.842,75079574.4029
2025-07-26 08:00:00,117322.8,117613.2,117322.8,117547.9,848.46,99670706.3626
2025-07-26 09:00:00,117547.9,117618.4,117435.6,117571.0,548.324,64441459.3257
2025-07-26 10:00:00,117571.0,118252.1,117507.7,117966.4,3691.318,435325269.2252
2025-07-26 11:00:00,117966.4,118060.0,117746.1,117755.6,1535.855,181109476.8496
2025-07-26 12:00:00,117755.6,118000.0,117745.0,117892.8,1175.29,138558915.4373
2025-07-26 13:00:00,117892.8,118226.2,117828.9,118121.0,2301.664,271842506.8918
2025-07-26 14:00:00,118121.0,118209.8,117950.0,118060.0,1035.909,122328841.3107
2025-07-26 15:00:00,118060.0,118165.2,117823.7,118141.5,1116.108,131675542.5441
2025-07-26 16:00:00,118141.5,118244.4,117998.7,118085.4,1324.552,156452257.4819
2025-07-26 17:00:00,118085.4,118104.0,117986.4,118024.6,390.202,46057720.0855
2025-07-26 18:00:00,118024.6,118119.5,117940.3,118090.3,553.972,65389231.1598
2025-07-26 19:00:00,118090.3,118333.4,118046.9,118235.2,846.323,100033521.5393
2025-07-26 20:00:00,118235.2,118235.3,117883.0,117935.1,902.142,106446278.2009
2025-07-26 21:00:00,117935.1,118067.4,117873.6,118020.9,552.232,65136898.6376
2025-07-26 22:00:00,118020.9,118281.5,117957.7,117985.5,1076.4,127125099.5834
2025-07-26 23:00:00,117985.5,118033.3,117857.5,117898.8,646.452,76227111.723
2025-07-27 00:00:00,117898.8,117950.0,117807.6,117938.9,579.389,68294698.4004
2025-07-27 01:00:00,117938.9,118188.0,117888.1,118076.0,847.01,100001925.1038
2025-07-27 02:00:00,118076.0,118425.6,117995.2,118322.0,1803.047,213201718.1298
2025-07-27 03:00:00,118322.0,118327.8,118084.2,118174.7,928.066,109683986.2097
2025-07-27 04:00:00,118174.7,118268.7,118130.4,118220.7,475.727,56234278.5234
2025-07-27 05:00:00,118220.7,118303.7,118154.1,118289.3,551.769,65241287.2665
2025-07-27 06:00:00,118289.3,118443.7,118191.6,118261.2,943.397,111605959.2634
2025-07-27 07:00:00,118261.2,118261.3,118055.3,118117.0,919.419,108625238.9225
2025-07-27 08:00:00,118117.0,118142.4,117956.1,117956.1,753.361,88923596.1172
2025-07-27 09:00:00,117956.1,118018.0,117850.1,117939.9,879.352,103692152.789
2025-07-27 10:00:00,117939.9,118297.7,117939.9,118184.1,1339.606,158285794.4246
2025-07-27 11:00:00,118184.1,118261.2,118034.5,118070.3,826.491,97650845.247
2025-07-27 12:00:00,118070.3,118115.6,117876.8,118089.2,898.743,106046604.4988
2025-07-27 13:00:00,118089.2,118219.9,118077.0,118205.9,708.84,83753887.7545
2025-07-27 14:00:00,118205.9,118498.0,118140.8,118416.9,2051.986,242867376.872
2025-07-27 15:00:00,118416.9,118640.3,118218.1,118586.8,2249.747,266505154.8359
2025-07-27 16:00:00,118586.8,119600.0,118586.7,119099.1,7617.538,907915546.1584
2025-07-27 17:00:00,119099.1,119347.3,118848.0,119208.9,2289.451,272670607.0641
2025-07-27 18:00:00,119208.9,119401.0,118950.0,119025.9,1136.093,135401777.4136
2025-07-27 19:00:00,119025.9,119098.0,118895.9,118978.8,798.386,94993118.7947
2025-07-27 20:00:00,118978.8,119197.9,118730.8,118752.0,1097.325,130524014.6952
2025-07-27 21:00:00,118752.0,119294.9,118733.8,119287.8,1046.537,124545095.1454
2025-07-27 22:00:00,119287.8,119784.0,119234.4,119504.2,3270.014,391229964.1498
2025-07-27 23:00:00,119504.2,119556.0,119144.6,119429.9,1548.245,184821595.1591
2025-07-28 00:00:00,119429.9,119718.6,119115.4,119250.1,1445.116,172595193.1137
2025-07-28 01:00:00,119250.1,119500.0,118950.0,119044.1,1654.586,197180716.4325
2025-07-28 02:00:00,119044.1,119844.9,119017.9,119448.1,2177.799,260424635.2141
2025-07-28 03:00:00,119448.1,119542.3,119226.0,119287.6,1037.969,123890645.4707
2025-07-28 04:00:00,119287.6,119413.2,119121.5,119215.8,766.926,91453357.8805
2025-07-28 05:00:00,119215.8,119699.1,119139.5,119528.5,1277.576,152569432.4407
2025-07-28 06:00:00,119528.5,119610.0,119427.5,119455.7,898.999,107433233.7372
2025-07-28 07:00:00,119455.7,119455.8,118753.0,118885.8,3231.51,384314357.3045
2025-07-28 08:00:00,118885.8,119104.4,118767.8,119058.0,1411.3,167840879.0667
2025-07-28 09:00:00,119058.0,119058.1,118706.8,118921.4,1447.529,172080634.7712
2025-07-28 10:00:00,118921.4,118965.3,118576.5,118767.6,1496.904,177766125.4757
2025-07-28 11:00:00,118767.6,118871.7,118435.7,118810.6,1994.404,236611237.7924
2025-07-28 12:00:00,118810.6,119092.0,118777.3,118836.6,2085.108,247984705.9771
2025-07-28 13:00:00,118836.6,119084.7,118227.1,118429.5,5967.009,707555330.4744
2025-07-28 14:00:00,118429.5,118691.8,117874.0,117980.0,6681.711,789406063.2333
2025-07-28 15:00:00,117980.0,118513.7,117888.0,118160.0,3117.777,368591748.4814
2025-07-28 16:00:00,118160.0,118376.8,117987.0,118004.0,1488.86,175885432.7396
2025-07-28 17:00:00,118004.0,118116.1,117623.4,117666.0,3763.355,443415885.3611
2025-07-28 18:00:00,117666.0,117860.0,117401.5,117779.8,3628.347,426647538.745
2025-07-28 19:00:00,117779.8,118255.9,117536.7,118070.0,3448.967,406898546.6018
2025-07-28 20:00:00,118070.0,118164.2,117480.0,118045.5,2276.463,268131177.4802
2025-07-28 21:00:00,118045.5,118346.7,117942.7,118121.8,1421.487,167932737.0158
2025-07-28 22:00:00,118121.8,118278.5,117745.6,117864.1,1506.904,177844211.3698
2025-07-28 23:00:00,117864.1,118178.9,117815.2,118068.9,1010.414,119240422.9821
2025-07-29 00:00:00,118068.9,118467.8,117521.1,117976.5,3515.839,414954444.6399
2025-07-29 01:00:00,117976.5,118236.1,117761.9,117767.1,1025.589,121113985.3758
2025-07-29 02:00:00,117767.1,118095.8,117434.0,118092.4,2247.208,264649971.896
2025-07-29 03:00:00,118092.4,118820.7,118092.4,118761.9,2812.536,333175575.1183
2025-07-29 04:00:00,118761.9,118831.7,118406.2,118521.5,1692.267,200769952.1825
2025-07-29 05:00:00,118521.5,118849.9,118520.0,118802.4,1005.654,119373869.6587
2025-07-29 06:00:00,118802.4,119063.1,118722.0,118750.1,1832.311,217898462.3476
2025-07-29 07:00:00,118750.1,119300.0,118744.8,118889.8,2359.576,280767640.851
2025-07-29 08:00:00,118889.8,119083.9,118757.8,118934.7,1616.448,192259360.9677
2025-07-29 09:00:00,118934.7,119022.8,118760.0,118778.9,955.576,113592049.557
2025-07-29 10:00:00,118778.9,118833.0,118303.5,118329.5,2116.884,250959751.1499
2025-07-29 11:00:00,118329.5,118604.9,118117.9,118602.1,1984.622,234915124.8765
2025-07-29 12:00:00,118602.1,119127.5,118452.3,118900.0,3002.575,356907743.0216
2025-07-29 13:00:00,118900.0,119023.0,118522.0,118620.0,2585.709,307121146.1742
2025-07-29 14:00:00,118620.0,118640.0,117685.0,117813.0,5328.272,629241674.2207
2025-07-29 15:00:00,117813.0,117958.2,117240.0,117372.2,5979.39,702809351.0994
2025-07-29 16:00:00,117372.2,117730.0,116912.6,117727.2,6341.788,744286023.6002
2025-07-29 17:00:00,117727.2,118045.8,117611.0,117766.0,2464.707,290406210.3611
2025-07-29 18:00:00,117766.0,117824.2,117461.5,117609.2,1437.666,169132860.1602
2025-07-29 19:00:00,117609.2,118012.8,117387.0,117523.6,2066.998,243213094.8077
2025-07-29 20:00:00,117523.6,117891.2,117055.6,117498.8,5405.682,634216136.468
2025-07-29 21:00:00,117498.8,117688.0,117148.5,117589.3,1730.675,203115220.7894
2025-07-29 22:00:00,117589.3,117850.0,117424.8,117824.0,1181.22,138980028.5931
2025-07-29 23:00:00,117824.0,117982.7,117700.1,117923.3,893.341,105284466.232
2025-07-30 00:00:00,117923.3,117979.9,117506.1,117720.9,1322.767,155696989.2808
2025-07-30 01:00:00,117720.9,118008.6,117371.4,117832.0,1262.75,148618289.5093
2025-07-30 02:00:00,117832.0,118098.0,117757.7,117999.4,1148.601,135513903.8115
2025-07-30 03:00:00,117999.4,118234.0,117868.9,118130.0,1006.567,118843592.368
2025-07-30 04:00:00,118130.0,118254.4,117946.9,117980.7,1063.201,125542680.7456
2025-07-30 05:00:00,117980.7,118064.9,117643.1,117973.2,1364.215,160785119.0491
2025-07-30 06:00:00,117973.2,118310.0,117973.1,118259.0,1343.616,158792440.221
2025-07-30 07:00:00,118259.0,118389.2,118077.5,118103.2,1122.021,132680678.6125
2025-07-30 08:00:00,118103.2,118465.8,117912.3,118350.0,1958.957,231580823.9874
2025-07-30 09:00:00,118350.0,118404.6,117960.9,118122.0,1661.502,196282485.6209
2025-07-30 10:00:00,118122.0,118390.0,117808.3,117990.0,1755.457,207446579.8885
2025-07-30 11:00:00,117990.0,118150.0,117266.4,117542.3,3919.854,461343502.3624
2025-07-30 12:00:00,117542.3,117894.6,117310.9,117689.5,3496.045,411272348.0751
2025-07-30 13:00:00,117689.5,117852.0,117338.6,117640.2,3518.489,413714997.8465
2025-07-30 14:00:00,117640.2,118739.3,117580.7,118683.3,4396.319,519618935.5117
2025-07-30 15:00:00,118683.3,118769.0,117810.0,117991.7,3059.935,361828940.8327
2025-07-30 16:00:00,117991.7,118033.4,117600.8,117716.5,2014.479,237295718.6099
2025-07-30 17:00:00,117716.5,117925.0,117609.2,117756.3,1053.229,124019871.3869
2025-07-30 18:00:00,117756.3,118029.0,116450.0,116471.7,8523.977,998511230.2003
2025-07-30 19:00:00,116471.7,117100.0,115738.1,116873.2,14932.769,1737025462.2807
2025-07-30 20:00:00,116873.2,117296.8,116828.6,117159.9,3485.463,408194301.1459
2025-07-30 21:00:00,117159.9,117312.7,116928.0,117300.2,1295.81,151767570.8152
2025-07-30 22:00:00,117300.2,117492.7,117204.1,117448.6,1540.999,180857105.7944
2025-07-30 23:00:00,117448.6,117921.1,117411.9,117781.6,2077.808,244453074.2555
2025-07-31 00:00:00,117781.6,118512.2,117740.6,118381.2,3674.204,434206759.8771
2025-07-31 01:00:00,118381.2,118447.6,117942.8,118024.6,1911.404,225968055.9846
2025-07-31 02:00:00,118024.6,118455.0,117930.4,118399.9,1376.003,162722726.3734
2025-07-31 03:00:00,118399.9,118580.0,118333.3,118444.4,1572.503,186244659.4371
2025-07-31 04:00:00,118444.4,118531.9,118320.2,118480.8,954.627,113056704.9908
2025-07-31 05:00:00,118480.8,118518.2,118298.0,118327.8,800.225,94733054.4762
2025-07-31 06:00:00,118327.8,118713.0,118257.6,118675.6,1353.891,160436585.4379
2025-07-31 07:00:00,118675.6,118900.0,118574.8,118646.6,2258.392,268142664.89
2025-07-31 08:00:00,118646.6,118739.2,118530.8,118563.2,1060.756,125829656.5914
2025-07-31 09:00:00,118563.2,118600.0,118450.0,118582.5,1183.08,140214437.7072
2025-07-31 10:00:00,118582.5,118707.0,118409.4,118499.9,1380.998,163698961.827
2025-07-31 11:00:00,118499.9,118553.0,118275.5,118346.9,1064.918,126102537.6305
2025-07-31 12:00:00,118346.9,118629.2,118264.2,118601.2,1751.168,207409992.5244
2025-07-31 13:00:00,118601.2,118663.3,117773.9,118537.2,6015.782,711356564.5221
2025-07-31 14:00:00,118537.2,118627.8,117852.8,117880.0,3517.815,415621617.8887
2025-07-31 15:00:00,117880.0,118324.8,117842.7,118273.2,2468.545,291601115.0586
2025-07-31 16:00:00,118273.2,118860.0,118200.6,118508.2,3921.548,464871157.5893
2025-07-31 17:00:00,118508.2,118537.5,117666.9,117710.0,4359.533,514320961.8869
2025-07-31 18:00:00,117710.0,117957.8,117350.0,117615.1,4934.624,580368959.4906
2025-07-31 19:00:00,117615.1,117730.6,116685.5,116709.3,6115.9,715983407.6045
2025-07-31 20:00:00,116709.3,116940.0,116353.6,116449.1,5372.134,626322098.6031
2025-07-31 21:00:00,116449.1,116830.0,116172.5,116472.0,3235.166,376891080.0438
2025-07-31 22:00:00,116472.0,116472.0,115941.1,115941.2,3827.78,444553452.772
2025-07-31 23:00:00,115941.2,116294.1,115368.6,115680.1,7258.065,840679437.8273
2025-08-01 00:00:00,115680.1,115884.2,114240.0,115350.5,12338.752,1419547585.1203
