timestamp,open,high,low,close,volume,turnover
2025-07-01 00:00:00,107081.2,107300.0,107022.1,107265.6,315.901,33847524.2443
2025-07-01 00:15:00,107265.6,107394.9,107091.1,107106.3,591.42,63445359.1055
2025-07-01 00:30:00,107106.3,107232.0,106957.7,107229.6,573.936,61465767.5056
2025-07-01 00:45:00,107229.6,107332.5,107220.0,107319.3,198.339,21275344.7231
2025-07-01 01:00:00,107319.3,107443.9,107243.4,107423.6,516.427,55428878.3128
2025-07-01 01:15:00,107423.6,107484.8,107332.0,107351.3,239.538,25730718.8097
2025-07-01 01:30:00,107351.3,107470.0,107239.7,107276.4,177.838,19089691.1758
2025-07-01 01:45:00,107276.4,107337.6,107110.4,107166.2,269.735,28916208.2712
2025-07-01 02:00:00,107166.2,107265.6,107123.0,107230.6,207.074,22196522.2158
2025-07-01 02:15:00,107230.6,107280.0,107171.6,107275.5,154.837,16605069.1879
2025-07-01 02:30:00,107275.5,107365.0,107201.8,107218.8,270.043,28975763.3151
2025-07-01 02:45:00,107218.8,107218.8,107038.0,107046.2,355.744,38096737.6664
2025-07-01 03:00:00,107046.2,107123.5,107029.2,107053.4,239.507,25640540.6182
2025-07-01 03:15:00,107053.4,107166.6,107016.6,107163.1,216.116,23145578.2176
2025-07-01 03:30:00,107163.1,107163.1,107102.5,107102.5,84.746,9078296.9737
2025-07-01 03:45:00,107102.5,107171.6,107052.8,107150.5,183.428,19649023.8199
2025-07-01 04:00:00,107150.5,107158.3,107124.6,107135.6,110.729,11863938.7701
2025-07-01 04:15:00,107135.6,107145.1,107011.9,107045.9,460.225,49275258.6325
2025-07-01 04:30:00,107045.9,107054.3,106988.8,106988.8,259.994,27823165.4869
2025-07-01 04:45:00,106988.8,106992.4,106802.0,106826.2,1093.323,116851203.283
2025-07-01 05:00:00,106826.2,106878.8,106710.1,106740.0,1007.353,107582819.9733
2025-07-01 05:15:00,106740.0,106789.2,106679.0,106692.4,735.315,78471795.5772
2025-07-01 05:30:00,106692.4,106844.0,106669.5,106773.3,868.429,92699700.0185
2025-07-01 05:45:00,106773.3,106908.2,106718.8,106883.0,474.183,50660946.6816
2025-07-01 06:00:00,106883.0,106883.1,106694.7,106730.8,451.888,48250332.2651
2025-07-01 06:15:00,106730.8,106807.2,106707.1,106710.4,303.495,32398114.8067
2025-07-01 06:30:00,106710.4,106776.0,106690.7,106775.9,198.828,21220134.4896
2025-07-01 06:45:00,106775.9,106848.0,106767.1,106835.7,422.132,45094742.7396
2025-07-01 07:00:00,106835.7,106955.0,106835.7,106867.0,387.453,41424956.2537
2025-07-01 07:15:00,106867.0,106883.5,106546.0,106844.5,1431.718,152700876.9906
2025-07-01 07:30:00,106844.5,106981.4,106817.8,106885.6,762.24,81500615.2193
2025-07-01 07:45:00,106885.6,107126.0,106868.0,107119.9,891.05,95394645.4547
2025-07-01 08:00:00,107119.9,107119.9,106828.1,106839.8,519.916,55614737.1296
2025-07-01 08:15:00,106839.8,106899.1,106829.4,106852.1,272.503,29120552.629
2025-07-01 08:30:00,106852.1,106885.8,106656.8,106671.9,808.789,86330245.7043
2025-07-01 08:45:00,106671.9,106700.0,106613.7,106656.9,490.731,52339855.5938
2025-07-01 09:00:00,106656.9,106730.8,106617.9,106641.0,447.497,47737749.975
2025-07-01 09:15:00,106641.0,106658.4,106500.0,106630.8,663.069,70669949.3915
2025-07-01 09:30:00,106630.8,106630.8,106438.7,106455.1,644.353,68621751.6217
2025-07-01 09:45:00,106455.1,106547.8,106436.7,106491.1,331.876,35339543.4967
2025-07-01 10:00:00,106491.1,106577.8,106434.6,106434.6,472.063,50278819.3829
2025-07-01 10:15:00,106434.6,106508.7,106407.1,106407.1,613.447,65303443.9422
2025-07-01 10:30:00,106407.1,106435.5,106300.0,106320.2,861.95,91671910.839
2025-07-01 10:45:00,106320.2,106446.3,106244.0,106434.9,1394.434,148256269.4747
2025-07-01 11:00:00,106434.9,106530.0,106266.1,106266.2,593.552,63182488.7296
2025-07-01 11:15:00,106266.2,106454.2,106233.7,106434.4,625.668,66527319.7133
2025-07-01 11:30:00,106434.4,106574.8,106434.3,106494.1,479.425,51066153.9665
2025-07-01 11:45:00,106494.1,106565.4,106451.0,106553.8,325.804,34708001.8026
2025-07-01 12:00:00,106553.8,106662.2,106492.7,106523.0,530.657,56560008.7523
2025-07-01 12:15:00,106523.0,106523.0,106299.4,106353.1,617.524,65720257.809
2025-07-01 12:30:00,106353.1,106447.1,106339.1,106364.1,401.82,42747830.7294
2025-07-01 12:45:00,106364.1,106435.9,106315.1,106363.0,263.604,28040469.4624
2025-07-01 13:00:00,106363.0,106497.9,106315.0,106430.1,429.64,45719541.6969
2025-07-01 13:15:00,106430.1,106597.0,106412.6,106582.9,809.995,86274913.8883
2025-07-01 13:30:00,106582.9,106846.4,106245.0,106381.8,2312.712,246485175.7966
2025-07-01 13:45:00,106381.8,106803.9,106350.0,106766.9,1454.275,155143835.583
2025-07-01 14:00:00,106766.9,107095.6,106709.1,107066.8,2146.498,229516779.4262
2025-07-01 14:15:00,107066.8,107139.9,106400.1,106495.2,2062.079,220165607.376
2025-07-01 14:30:00,106495.2,106646.0,105906.6,105973.9,3972.314,421801654.1377
2025-07-01 14:45:00,105973.9,105985.3,105666.7,105872.2,4295.843,454532099.9712
2025-07-01 15:00:00,105872.2,106056.4,105550.0,105625.8,2259.008,238931205.012
2025-07-01 15:15:00,105625.8,105948.2,105611.5,105934.2,1295.742,137030692.0446
2025-07-01 15:30:00,105934.2,106150.0,105822.2,105906.9,1458.165,154564544.7182
2025-07-01 15:45:00,105906.9,105986.1,105854.0,105909.6,403.838,42775481.5684
2025-07-01 16:00:00,105909.6,106239.1,105779.2,106212.4,994.616,105460163.1657
2025-07-01 16:15:00,106212.4,106224.1,106010.2,106166.1,787.203,83533922.7739
2025-07-01 16:30:00,106166.1,106166.1,106040.2,106104.2,451.777,47938222.245
2025-07-01 16:45:00,106104.2,106139.4,105906.1,106033.4,708.593,75125555.9166
2025-07-01 17:00:00,106033.4,106183.0,105840.4,106080.0,972.704,103091002.3881
2025-07-01 17:15:00,106080.0,106235.0,106062.0,106153.7,312.187,33143450.7563
2025-07-01 17:30:00,106153.7,106231.6,106009.2,106193.2,418.344,44395024.965
2025-07-01 17:45:00,106193.2,106250.0,106090.0,106200.0,492.486,52288785.4343
2025-07-01 18:00:00,106200.0,106221.2,106090.0,106094.3,365.235,38766514.5664
2025-07-01 18:15:00,106094.3,106094.4,105755.0,105795.8,1281.988,135788262.1448
2025-07-01 18:30:00,105795.8,105868.3,105740.1,105827.7,451.588,47788034.7115
2025-07-01 18:45:00,105827.7,105853.4,105620.0,105688.8,611.672,64678350.7643
2025-07-01 19:00:00,105688.8,105688.9,105384.5,105600.1,2402.213,253472028.4753
2025-07-01 19:15:00,105600.1,105750.0,105527.2,105685.1,1110.713,117351807.8412
2025-07-01 19:30:00,105685.1,105723.4,105346.1,105414.6,1203.691,126985592.1578
2025-07-01 19:45:00,105414.6,105566.9,105335.0,105342.3,591.215,62342168.2211
2025-07-01 20:00:00,105342.3,105495.1,105180.3,105399.1,1750.543,184347501.2642
2025-07-01 20:15:00,105399.1,105592.5,105399.1,105592.5,388.623,41009853.9943
2025-07-01 20:30:00,105592.5,105723.1,105592.4,105691.9,333.668,35255460.9661
2025-07-01 20:45:00,105691.9,105960.0,105691.9,105865.7,886.629,93846139.5051
2025-07-01 21:00:00,105865.7,105865.8,105706.0,105855.5,303.28,32080531.3043
2025-07-01 21:15:00,105855.5,106065.0,105819.8,105935.1,672.357,71241861.3817
2025-07-01 21:30:00,105935.1,105935.2,105785.0,105796.9,323.41,34231994.027
2025-07-01 21:45:00,105796.9,105800.0,105690.3,105749.9,186.702,19743036.2449
2025-07-01 22:00:00,105749.9,105863.3,105670.1,105780.9,536.508,56742908.147
2025-07-01 22:15:00,105780.9,105826.4,105670.1,105670.1,179.86,19019397.5856
2025-07-01 22:30:00,105670.1,105797.9,105585.7,105750.0,450.891,47646945.6082
2025-07-01 22:45:00,105750.0,105776.1,105559.6,105584.6,291.249,30769894.8083
2025-07-01 23:00:00,105584.6,105584.6,105310.4,105329.9,692.339,72978211.2907
2025-07-01 23:15:00,105329.9,105486.4,105329.9,105451.3,437.436,46113322.6839
2025-07-01 23:30:00,105451.3,105488.9,105390.7,105488.8,222.513,23459908.2633
2025-07-01 23:45:00,105488.8,105656.0,105487.0,105634.8,210.188,22186885.9639
2025-07-02 00:00:00,105634.8,105700.0,105541.1,105680.7,411.825,43498507.6229
2025-07-02 00:15:00,105680.7,105737.3,105563.9,105579.9,194.634,20567058.1981
2025-07-02 00:30:00,105579.9,105635.6,105514.8,105550.6,136.49,14410530.3918
2025-07-02 00:45:00,105550.6,105550.6,105319.0,105340.0,310.031,32675452.7775
2025-07-02 01:00:00,105340.0,105399.0,105318.2,105373.7,317.565,33457867.1431
2025-07-02 01:15:00,105373.7,105579.0,105058.6,105571.9,1803.376,189899753.1813
2025-07-02 01:30:00,105571.9,105727.3,105536.9,105726.6,731.071,77213281.1132
2025-07-02 01:45:00,105726.6,105750.0,105600.0,105668.5,926.971,97964039.2221
2025-07-02 02:00:00,105668.5,105745.8,105527.4,105541.2,297.654,31440816.2762
2025-07-02 02:15:00,105541.2,105677.5,105483.4,105673.0,325.453,34352103.7752
2025-07-02 02:30:00,105673.0,105673.0,105564.0,105663.9,142.848,15089601.6226
2025-07-02 02:45:00,105663.9,105880.0,105640.3,105857.4,557.358,58977487.1938
2025-07-02 03:00:00,105857.4,106043.9,105822.3,106021.7,641.883,68009020.2508
2025-07-02 03:15:00,106021.7,106140.4,105955.6,106063.9,679.32,72039999.3782
2025-07-02 03:30:00,106063.9,106178.6,106030.9,106125.0,416.863,44227879.2265
2025-07-02 03:45:00,106125.0,106169.7,106057.4,106148.6,325.698,34567169.4014
2025-07-02 04:00:00,106148.6,106186.8,106096.0,106168.4,480.521,51004071.0711
2025-07-02 04:15:00,106168.4,106187.9,106082.2,106181.9,304.926,32364630.9543
2025-07-02 04:30:00,106181.9,106226.8,106100.0,106221.2,418.828,44468156.1118
2025-07-02 04:45:00,106221.2,106338.1,106160.0,106338.0,719.919,76509224.2419
2025-07-02 05:00:00,106338.0,106338.1,106249.8,106272.9,366.799,38985499.0361
2025-07-02 05:15:00,106272.9,106525.5,106272.9,106415.9,1329.345,141506004.106
2025-07-02 05:30:00,106415.9,106590.0,106406.7,106535.6,500.251,53282104.4579
2025-07-02 05:45:00,106535.6,106625.0,106532.5,106590.8,577.659,61566093.7774
2025-07-02 06:00:00,106590.8,106760.0,106583.2,106708.7,896.266,95625760.6623
2025-07-02 06:15:00,106708.7,106784.5,106634.7,106688.3,833.274,88932038.9319
2025-07-02 06:30:00,106688.3,106938.4,106688.3,106872.0,1116.691,119324244.1725
2025-07-02 06:45:00,106872.0,106966.0,106834.8,106965.9,670.318,71668876.6781
2025-07-02 07:00:00,106965.9,106966.0,106863.4,106863.4,759.689,81222434.5242
2025-07-02 07:15:00,106863.4,106896.4,106791.3,106826.3,732.172,78223277.9896
2025-07-02 07:30:00,106826.3,107103.7,106825.8,107041.9,1694.384,181267969.8698
2025-07-02 07:45:00,107041.9,107145.0,107021.2,107040.9,718.835,76975492.7141
2025-07-02 08:00:00,107040.9,107381.1,107040.9,107338.9,1977.284,212115618.9924
2025-07-02 08:15:00,107338.9,107633.5,107326.8,107597.9,1991.836,214146892.7034
2025-07-02 08:30:00,107597.9,107720.6,107505.9,107624.4,1254.569,135020498.4775
2025-07-02 08:45:00,107624.4,107688.1,107422.2,107688.1,1012.497,108907774.4943
2025-07-02 09:00:00,107688.1,107756.7,107531.4,107569.5,1107.144,119195561.7337
2025-07-02 09:15:00,107569.5,107660.1,107471.4,107501.9,538.186,57890679.4378
2025-07-02 09:30:00,107501.9,107608.4,107480.5,107601.4,448.027,48181194.8194
2025-07-02 09:45:00,107601.4,107650.0,107566.8,107594.0,380.11,40902228.41
2025-07-02 10:00:00,107594.0,107656.1,107556.6,107634.9,470.637,50648369.1836
2025-07-02 10:15:00,107634.9,107750.1,107627.0,107700.1,444.621,47887464.0376
2025-07-02 10:30:00,107700.1,107750.0,107686.2,107749.9,362.285,39024178.4836
2025-07-02 10:45:00,107749.9,107795.0,107693.4,107786.1,381.185,41073914.3916
2025-07-02 11:00:00,107786.1,107786.1,107707.2,107740.4,290.238,31272738.0215
2025-07-02 11:15:00,107740.4,107740.4,107676.8,107692.7,250.712,27002452.1095
2025-07-02 11:30:00,107692.7,107700.0,107455.6,107484.8,1366.349,146946777.9904
2025-07-02 11:45:00,107484.8,107484.8,107273.4,107436.2,1003.451,107752277.8639
2025-07-02 12:00:00,107436.2,107444.7,107316.2,107362.0,421.944,45315068.5253
2025-07-02 12:15:00,107362.0,107362.0,107158.1,107277.0,919.897,98646267.0669
2025-07-02 12:30:00,107277.0,107290.0,107134.7,107175.0,561.782,60224334.1727
2025-07-02 12:45:00,107175.0,107375.8,107174.9,107336.3,634.559,68088156.9891
2025-07-02 13:00:00,107336.3,107628.2,107226.5,107622.1,1285.381,138126928.7452
2025-07-02 13:15:00,107622.1,107622.1,107409.1,107491.7,1026.432,110328954.9779
2025-07-02 13:30:00,107491.7,107750.0,107333.0,107700.0,1433.654,154185368.2271
2025-07-02 13:45:00,107700.0,107998.0,107520.0,107718.0,3486.323,375653759.2724
2025-07-02 14:00:00,107718.0,107997.8,107680.0,107942.9,1541.691,166268888.6539
2025-07-02 14:15:00,107942.9,108034.0,107598.1,107800.0,2238.007,241343355.5558
2025-07-02 14:30:00,107800.0,108001.0,107684.5,107727.5,1027.842,110847997.0005
2025-07-02 14:45:00,107727.5,108163.6,107727.5,108100.0,1779.811,192240844.7364
2025-07-02 15:00:00,108100.0,108476.4,108077.6,108319.2,2979.761,322684709.9309
2025-07-02 15:15:00,108319.2,108481.0,108169.7,108229.9,1890.379,204864952.6109
2025-07-02 15:30:00,108229.9,108451.8,108100.0,108424.4,1397.404,151371105.0452
2025-07-02 15:45:00,108424.4,108740.0,108393.8,108712.4,2372.734,257644797.9975
2025-07-02 16:00:00,108712.4,109606.6,108620.8,109383.9,9409.298,1026634418.9345
2025-07-02 16:15:00,109383.9,109567.0,109068.3,109152.9,2781.727,304027393.9966
2025-07-02 16:30:00,109152.9,109540.7,109069.3,109474.1,1971.355,215466612.4059
2025-07-02 16:45:00,109474.1,109640.8,109280.0,109385.4,1316.044,144072069.5313
2025-07-02 17:00:00,109385.4,109573.9,109289.8,109392.2,1102.624,120653361.239
2025-07-02 17:15:00,109392.2,109740.9,109330.6,109354.0,1592.852,174510209.1638
2025-07-02 17:30:00,109354.0,109370.0,108877.0,109086.9,2039.107,222464786.7574
2025-07-02 17:45:00,109086.9,109150.0,108809.1,109104.5,1369.098,149201079.0784
2025-07-02 18:00:00,109104.5,109199.5,108959.9,109082.7,695.978,75924076.7605
2025-07-02 18:15:00,109082.7,109375.1,109082.6,109302.1,512.398,55972251.5144
2025-07-02 18:30:00,109302.1,109371.2,109216.7,109314.9,466.047,50933733.0173
2025-07-02 18:45:00,109314.9,109493.1,109280.1,109493.0,481.605,52679511.6939
2025-07-02 19:00:00,109493.0,109538.0,109207.0,109339.8,825.512,90291503.819
2025-07-02 19:15:00,109339.8,109528.4,109287.1,109487.2,451.684,49426413.006
2025-07-02 19:30:00,109487.2,109499.0,109330.2,109369.9,281.289,30774639.8644
2025-07-02 19:45:00,109369.9,109646.3,109224.0,109631.3,1123.92,123056029.871
2025-07-02 20:00:00,109631.3,109631.3,109312.5,109393.8,580.582,63550523.5228
2025-07-02 20:15:00,109393.8,109453.1,109160.0,109409.8,1188.479,129871326.2442
2025-07-02 20:30:00,109409.8,109433.6,109317.0,109320.7,278.665,30476394.3144
2025-07-02 20:45:00,109320.7,109320.8,109069.5,109089.9,549.572,59983947.3262
2025-07-02 21:00:00,109089.9,109201.4,109083.8,109154.7,341.254,37241300.813
2025-07-02 21:15:00,109154.7,109303.1,109153.6,109167.0,317.839,34715026.4057
2025-07-02 21:30:00,109167.0,109309.9,109167.0,109184.8,328.601,35896596.9236
2025-07-02 21:45:00,109184.8,109498.6,109184.8,109395.0,428.276,46849364.9129
2025-07-02 22:00:00,109395.0,109466.3,109169.4,109237.5,432.864,47304261.7006
2025-07-02 22:15:00,109237.5,109252.6,109163.8,109221.2,148.228,16189279.4661
2025-07-02 22:30:00,109221.2,109390.2,109107.4,109135.9,550.196,60091469.1778
2025-07-02 22:45:00,109135.9,109136.0,109058.2,109099.9,301.194,32857730.1059
2025-07-02 23:00:00,109099.9,109136.8,108976.4,109082.2,623.672,68009557.1354
2025-07-02 23:15:00,109082.2,109088.0,108884.2,108913.9,471.088,51326854.6964
2025-07-02 23:30:00,108913.9,108972.9,108669.0,108680.0,1060.085,115342202.8423
2025-07-02 23:45:00,108680.0,108812.8,108680.0,108803.0,470.961,51221284.1972
2025-07-03 00:00:00,108803.0,108945.3,108791.1,108860.0,596.634,64957626.143
2025-07-03 00:15:00,108860.0,108910.0,108658.6,108834.9,460.446,50083891.9673
2025-07-03 00:30:00,108834.9,109060.0,108718.0,109060.0,513.71,55927499.732
2025-07-03 00:45:00,109060.0,109081.5,108850.0,108891.0,338.502,36883257.9089
2025-07-03 01:00:00,108891.0,108946.0,108760.4,108888.7,337.476,36743393.1253
2025-07-03 01:15:00,108888.7,109073.0,108888.7,109024.0,544.209,59304945.3226
2025-07-03 01:30:00,109024.0,109070.6,108932.3,108950.6,237.392,25873311.8921
2025-07-03 01:45:00,108950.6,109011.3,108936.0,108940.2,170.033,18527833.222
2025-07-03 02:00:00,108940.2,108940.3,108767.7,108797.2,295.965,32203868.9028
2025-07-03 02:15:00,108797.2,108797.3,108515.0,108573.1,861.418,93570465.32
2025-07-03 02:30:00,108573.1,108617.8,108512.3,108522.5,507.366,55074015.4817
2025-07-03 02:45:00,108522.5,108712.5,108455.1,108671.5,526.267,57137297.6569
2025-07-03 03:00:00,108671.5,108725.0,108605.0,108615.7,350.741,38108653.9283
2025-07-03 03:15:00,108615.7,108750.0,108577.0,108688.3,311.002,33794925.6817
2025-07-03 03:30:00,108688.3,108772.7,108663.0,108738.2,259.053,28162280.2666
2025-07-03 03:45:00,108738.2,108738.3,108577.0,108592.6,176.593,19184295.9966
2025-07-03 04:00:00,108592.6,108778.0,108510.0,108767.0,499.517,54274046.2823
2025-07-03 04:15:00,108767.0,108950.2,108767.0,108883.3,592.468,64501412.6299
2025-07-03 04:30:00,108883.3,108934.7,108831.5,108833.4,247.861,26988407.936
2025-07-03 04:45:00,108833.4,108854.7,108711.5,108739.9,259.831,28265194.45
2025-07-03 05:00:00,108739.9,109167.3,108739.9,109031.1,1088.488,118667445.6958
2025-07-03 05:15:00,109031.1,109150.2,109020.7,109060.0,384.302,41914744.4367
2025-07-03 05:30:00,109060.0,109293.2,109050.4,109189.7,976.59,106627739.1885
2025-07-03 05:45:00,109189.7,109317.9,109147.1,109294.2,631.131,68958263.7426
2025-07-03 06:00:00,109294.2,109384.5,109201.8,109205.5,603.13,65910342.3429
2025-07-03 06:15:00,109205.5,109410.7,109205.5,109400.0,531.778,58140785.8169
2025-07-03 06:30:00,109400.0,109400.0,109286.0,109399.9,228.383,24972507.4058
2025-07-03 06:45:00,109399.9,109512.0,109378.9,109426.2,761.724,83365685.8697
2025-07-03 07:00:00,109426.2,109426.2,109160.3,109169.0,567.94,62056484.5045
2025-07-03 07:15:00,109169.0,109222.0,109088.0,109200.1,441.546,48193612.3648
2025-07-03 07:30:00,109200.1,109399.6,109189.3,109259.9,484.348,52938102.7198
2025-07-03 07:45:00,109259.9,109299.9,109239.2,109242.1,110.398,12062185.5518
2025-07-03 08:00:00,109242.1,109477.8,109242.1,109353.7,387.986,42431611.9754
2025-07-03 08:15:00,109353.7,109494.0,109343.0,109490.2,302.476,33104992.7504
2025-07-03 08:30:00,109490.2,109550.0,109410.7,109480.0,364.42,39894898.1256
2025-07-03 08:45:00,109480.0,109480.0,109332.2,109332.2,340.141,37209506.9465
2025-07-03 09:00:00,109332.2,109631.9,109332.2,109581.6,535.228,58623730.2781
2025-07-03 09:15:00,109581.6,109973.3,109581.5,109939.9,3095.391,340021009.3584
2025-07-03 09:30:00,109939.9,110256.4,109773.5,110216.0,2508.114,276023379.5477
2025-07-03 09:45:00,110216.0,110221.8,109833.9,109895.6,1403.213,154362691.0738
2025-07-03 10:00:00,109895.6,109967.0,109756.2,109910.0,839.618,92240559.0075
2025-07-03 10:15:00,109910.0,109910.1,109600.0,109700.0,980.921,107602497.9862
2025-07-03 10:30:00,109700.0,109780.0,109654.4,109730.0,414.583,45482266.7344
2025-07-03 10:45:00,109730.0,109838.4,109624.7,109792.6,508.481,55795812.9357
2025-07-03 11:00:00,109792.6,109796.6,109600.0,109612.1,430.627,47221996.1601
2025-07-03 11:15:00,109612.1,109687.5,109570.4,109575.9,438.392,48055821.2971
2025-07-03 11:30:00,109575.9,109678.8,109550.0,109615.5,452.658,49611297.8766
2025-07-03 11:45:00,109615.5,109652.6,109540.1,109551.1,252.912,27713441.8391
2025-07-03 12:00:00,109551.1,109592.8,109443.6,109515.0,826.66,90529510.8876
2025-07-03 12:15:00,109515.0,109599.1,109500.0,109591.9,398.09,43612737.3939
2025-07-03 12:30:00,109591.9,109902.8,108747.0,108900.1,6044.08,660031112.7266
2025-07-03 12:45:00,108900.1,109146.7,108704.4,109112.6,2256.913,245849544.2349
2025-07-03 13:00:00,109112.6,109363.3,109075.7,109294.1,1836.402,200607072.6638
2025-07-03 13:15:00,109294.1,109361.5,109180.0,109278.5,802.415,87679312.201
2025-07-03 13:30:00,109278.5,110078.2,109265.5,110038.0,3783.747,415364281.3381
2025-07-03 13:45:00,110038.0,110485.7,109838.4,110223.2,3721.14,410179354.5218
2025-07-03 14:00:00,110223.2,110459.7,109850.7,109907.4,3135.056,345396682.3849
2025-07-03 14:15:00,109907.4,110320.0,109806.0,109859.9,2232.908,245770840.1944
2025-07-03 14:30:00,109859.9,109899.0,109552.7,109809.9,1870.759,205349651.882
2025-07-03 14:45:00,109809.9,109819.4,109504.7,109674.9,1240.907,136050543.4002
2025-07-03 15:00:00,109674.9,109791.3,109280.0,109418.8,1363.926,149277895.6499
2025-07-03 15:15:00,109418.8,109600.0,109240.0,109501.1,875.721,95831109.8435
2025-07-03 15:30:00,109501.1,109568.9,109007.1,109231.0,2404.172,262650868.6806
2025-07-03 15:45:00,109231.0,109250.0,109021.2,109063.1,1188.543,129705528.0807
2025-07-03 16:00:00,109063.1,109300.2,108955.0,109266.0,1165.258,127150970.9713
2025-07-03 16:15:00,109266.0,109266.0,109025.0,109113.3,671.932,73312616.5245
2025-07-03 16:30:00,109113.3,109350.0,109079.4,109308.8,649.436,70941336.9463
2025-07-03 16:45:00,109308.8,109622.0,109120.0,109233.6,1988.408,217567498.1831
2025-07-03 17:00:00,109233.6,109519.3,109211.8,109519.2,555.761,60788106.6662
2025-07-03 17:15:00,109519.2,109618.0,109366.0,109403.7,405.311,44380607.0284
2025-07-03 17:30:00,109403.7,109510.4,109401.0,109487.2,123.64,13533433.9378
2025-07-03 17:45:00,109487.2,109577.1,109480.8,109500.1,207.68,22744990.2118
2025-07-03 18:00:00,109500.1,109672.8,109290.2,109418.7,679.737,74442284.6382
2025-07-03 18:15:00,109418.7,109573.5,109275.0,109573.5,418.814,45810323.2072
2025-07-03 18:30:00,109573.5,109609.4,109428.6,109555.7,374.781,41047544.481
2025-07-03 18:45:00,109555.7,109637.7,109477.8,109637.7,120.659,13219400.9861
2025-07-03 19:00:00,109637.7,109820.0,109582.2,109747.2,724.917,79546712.652
2025-07-03 19:15:00,109747.2,109868.5,109719.7,109823.0,271.279,29788648.3364
2025-07-03 19:30:00,109823.0,109823.1,109612.3,109766.8,388.219,42598049.7182
2025-07-03 19:45:00,109766.8,109766.8,109625.5,109744.1,314.038,34456841.2667
2025-07-03 20:00:00,109744.1,109849.7,109744.1,109765.4,269.065,29544857.0016
2025-07-03 20:15:00,109765.4,109875.0,109711.4,109834.5,262.99,28876932.6156
2025-07-03 20:30:00,109834.5,109888.0,109795.9,109864.4,365.892,40193373.2884
2025-07-03 20:45:00,109864.4,109917.4,109802.4,109916.2,422.389,46398384.7272
2025-07-03 21:00:00,109916.2,109978.3,109678.1,109741.4,956.636,105099961.8824
2025-07-03 21:15:00,109741.4,109835.3,109633.8,109728.1,587.878,64489755.8288
2025-07-03 21:30:00,109728.1,109761.5,109636.1,109755.2,283.714,31122973.2199
2025-07-03 21:45:00,109755.2,109790.0,109691.4,109740.6,116.318,12764752.6033
2025-07-03 22:00:00,109740.6,109830.0,109644.3,109644.3,198.98,21837673.1749
2025-07-03 22:15:00,109644.3,109689.4,109588.7,109634.4,304.649,33400487.9247
2025-07-03 22:30:00,109634.4,109748.3,109634.2,109680.0,152.638,16743755.2184
2025-07-03 22:45:00,109680.0,109680.1,109604.3,109657.9,234.329,25693735.9046
2025-07-03 23:00:00,109657.9,109775.2,109596.1,109611.0,435.261,47743149.2859
2025-07-03 23:15:00,109611.0,109611.1,109483.4,109560.0,293.852,32190185.9873
2025-07-03 23:30:00,109560.0,109580.7,109485.5,109519.9,122.259,13391787.7841
2025-07-03 23:45:00,109519.9,109566.4,109504.2,109540.0,94.69,10372665.7881
2025-07-04 00:00:00,109540.0,109577.7,109499.9,109577.5,177.868,19483834.0395
2025-07-04 00:15:00,109577.5,109577.6,109400.0,109436.9,460.811,50446699.9842
2025-07-04 00:30:00,109436.9,109654.8,109436.9,109603.7,214.88,23540415.3382
2025-07-04 00:45:00,109603.7,109656.2,109312.8,109415.6,388.236,42495864.359
2025-07-04 01:00:00,109415.6,109553.6,109394.7,109518.0,238.142,26068560.4147
2025-07-04 01:15:00,109518.0,109725.3,109504.8,109589.5,337.385,36978464.194
2025-07-04 01:30:00,109589.5,109665.9,109464.6,109473.0,199.006,21802535.343
2025-07-04 01:45:00,109473.0,109496.7,109440.9,109450.7,130.432,14277741.0299
2025-07-04 02:00:00,109450.7,109450.7,109333.0,109366.5,298.8,32687759.4877
2025-07-04 02:15:00,109366.5,109380.0,109226.8,109295.3,397.239,43412234.7105
2025-07-04 02:30:00,109295.3,109316.3,109064.0,109064.0,711.684,77684577.1945
2025-07-04 02:45:00,109064.0,109202.0,109058.1,109134.7,572.819,62505414.3557
2025-07-04 03:00:00,109134.7,109209.3,109058.0,109145.1,483.802,52799365.8466
2025-07-04 03:15:00,109145.1,109328.2,109137.3,109304.0,500.255,54648350.2927
2025-07-04 03:30:00,109304.0,109317.5,109182.0,109242.7,146.619,16016699.6457
2025-07-04 03:45:00,109242.7,109247.4,109175.0,109186.9,102.526,11196037.1553
2025-07-04 04:00:00,109186.9,109257.6,109184.8,109219.9,149.992,16381466.2615
2025-07-04 04:15:00,109219.9,109285.6,109138.2,109161.2,163.198,17821076.5051
2025-07-04 04:30:00,109161.2,109161.3,109010.0,109026.5,492.825,53755299.1309
2025-07-04 04:45:00,109026.5,109026.6,108910.0,108941.4,994.178,108325711.9512
2025-07-04 05:00:00,108941.4,109112.3,108907.0,109060.3,379.25,41344284.448
2025-07-04 05:15:00,109060.3,109122.6,108920.0,109073.8,360.226,39268334.7192
2025-07-04 05:30:00,109073.8,109169.2,109071.2,109074.9,407.71,44491985.4856
2025-07-04 05:45:00,109074.9,109090.2,108884.0,108962.0,426.034,46417040.4351
2025-07-04 06:00:00,108962.0,108977.8,108732.9,108762.0,1091.14,118753030.6041
2025-07-04 06:15:00,108762.0,108884.0,108744.7,108857.7,430.839,46883458.3055
2025-07-04 06:30:00,108857.7,108927.0,108850.0,108877.2,266.127,28979414.2547
2025-07-04 06:45:00,108877.2,108969.9,108870.0,108963.9,216.171,23549336.4802
2025-07-04 07:00:00,108963.9,109089.0,108811.0,108836.8,629.803,68620642.8565
2025-07-04 07:15:00,108836.8,108871.6,108704.0,108704.0,642.399,69869467.4108
2025-07-04 07:30:00,108704.0,108886.3,108704.0,108801.7,468.005,50912945.5167
2025-07-04 07:45:00,108801.7,108821.7,108650.0,108650.0,608.778,66176784.2502
2025-07-04 08:00:00,108650.0,108696.6,108518.3,108520.6,832.803,90442528.7421
2025-07-04 08:15:00,108520.6,108762.3,108456.0,108741.7,1330.107,144458582.449
2025-07-04 08:30:00,108741.7,108834.2,108662.0,108821.1,737.919,80258919.3554
2025-07-04 08:45:00,108821.1,108821.1,108684.0,108701.4,271.588,29533467.7024
2025-07-04 09:00:00,108701.4,108854.1,108701.4,108844.8,508.641,55324272.5657
2025-07-04 09:15:00,108844.8,108992.9,108776.6,108982.5,845.088,92038653.9082
2025-07-04 09:30:00,108982.5,109011.5,108899.0,108993.4,407.959,44447531.0425
2025-07-04 09:45:00,108993.4,108993.4,108855.3,108932.6,292.434,31848856.0814
2025-07-04 10:00:00,108932.6,109008.6,108924.6,108924.7,270.049,29427408.0133
2025-07-04 10:15:00,108924.7,108947.2,108850.0,108884.0,187.053,20367587.2927
2025-07-04 10:30:00,108884.0,108991.1,108810.0,108852.8,253.521,27603316.4762
2025-07-04 10:45:00,108852.8,108894.4,108788.7,108839.3,208.092,22649157.845
2025-07-04 11:00:00,108839.3,109000.0,108839.2,108930.0,289.237,31508834.2803
2025-07-04 11:15:00,108930.0,109042.0,108874.0,109031.5,364.964,39774519.4494
2025-07-04 11:30:00,109031.5,109039.7,108925.0,108974.9,315.362,34371493.9642
2025-07-04 11:45:00,108974.9,108980.0,108780.8,108826.0,359.637,39148298.539
2025-07-04 12:00:00,108826.0,108914.5,108799.9,108831.0,289.808,31544295.6462
2025-07-04 12:15:00,108831.0,108859.7,108730.2,108794.6,421.874,45890627.5844
2025-07-04 12:30:00,108794.6,108794.7,108684.9,108688.0,278.832,30317668.214
2025-07-04 12:45:00,108688.0,108707.5,108550.0,108674.2,495.099,53792311.2833
2025-07-04 13:00:00,108674.2,108790.0,108564.5,108564.6,543.241,59027089.0204
2025-07-04 13:15:00,108564.6,108637.9,108509.2,108542.0,555.818,60340146.4034
2025-07-04 13:30:00,108542.0,108566.9,108238.3,108318.4,2994.154,324486119.4464
2025-07-04 13:45:00,108318.4,108330.4,107892.0,107916.4,3782.724,408863981.0406
2025-07-04 14:00:00,107916.4,108017.6,107563.2,107702.0,4432.794,477787902.5558
2025-07-04 14:15:00,107702.0,108069.9,107452.3,107995.3,4045.451,435888478.9937
2025-07-04 14:30:00,107995.3,107995.3,107720.0,107926.1,1766.88,190552813.7659
2025-07-04 14:45:00,107926.1,107926.1,107702.6,107779.1,994.246,107166651.1923
2025-07-04 15:00:00,107779.1,107860.0,107600.0,107707.6,949.366,102276922.6166
2025-07-04 15:15:00,107707.6,107933.4,107610.0,107840.6,1518.747,163703134.2201
2025-07-04 15:30:00,107840.6,107855.0,107614.1,107730.7,756.864,81532665.1735
2025-07-04 15:45:00,107730.7,107763.2,107550.0,107552.9,980.945,105582495.0088
2025-07-04 16:00:00,107552.9,107690.0,107388.0,107421.5,1744.61,187577717.4592
2025-07-04 16:15:00,107421.5,107599.0,107300.0,107488.4,1692.693,181787288.9413
2025-07-04 16:30:00,107488.4,107720.4,107367.6,107557.3,871.458,93744533.9308
2025-07-04 16:45:00,107557.3,107687.6,107480.7,107592.7,748.935,80569131.3374
2025-07-04 17:00:00,107592.7,107873.4,107587.0,107688.0,977.27,105318247.1266
2025-07-04 17:15:00,107688.0,107824.2,107687.9,107722.1,439.254,47339742.1016
2025-07-04 17:30:00,107722.1,107898.5,107664.3,107811.6,417.755,45035696.0597
2025-07-04 17:45:00,107811.6,107866.6,107762.3,107844.7,313.37,33788225.2443
2025-07-04 18:00:00,107844.7,107849.3,107762.7,107764.1,439.307,47361588.4149
2025-07-04 18:15:00,107764.1,107764.2,107575.3,107604.7,405.907,43701972.5703
2025-07-04 18:30:00,107604.7,107717.8,107604.7,107678.0,208.436,22444446.547
2025-07-04 18:45:00,107678.0,107767.6,107458.6,107460.6,533.398,57382122.1702
2025-07-04 19:00:00,107460.6,107559.7,107335.9,107528.6,820.138,88107075.358
2025-07-04 19:15:00,107528.6,107620.6,107220.3,107257.1,1128.021,121105974.8667
2025-07-04 19:30:00,107257.1,107466.6,107250.0,107458.8,482.311,51780354.0029
2025-07-04 19:45:00,107458.8,107493.1,107438.0,107453.9,387.361,41627473.7809
2025-07-04 20:00:00,107453.9,107615.0,107408.8,107595.7,622.731,66962186.1178
2025-07-04 20:15:00,107595.7,107750.1,107574.6,107701.3,653.732,70392104.3811
2025-07-04 20:30:00,107701.3,107788.5,107665.7,107739.7,324.582,34966745.6753
2025-07-04 20:45:00,107739.7,107740.0,107653.2,107656.3,437.746,47136770.6895
2025-07-04 21:00:00,107656.3,107729.3,107655.3,107689.1,169.176,18217594.3927
2025-07-04 21:15:00,107689.1,107800.4,107689.1,107798.3,204.976,22088221.909
2025-07-04 21:30:00,107798.3,107848.7,107707.0,107818.8,258.549,27863424.0507
2025-07-04 21:45:00,107818.8,107919.5,107799.2,107880.0,469.584,50649993.0174
2025-07-04 22:00:00,107880.0,108030.0,107845.1,107998.0,638.7,68952601.5872
2025-07-04 22:15:00,107998.0,108134.3,107942.1,108071.4,1118.001,120805976.4765
2025-07-04 22:30:00,108071.4,108223.9,108071.4,108165.7,670.749,72548408.7948
2025-07-04 22:45:00,108165.7,108201.1,108106.4,108192.3,253.307,27396676.7583
2025-07-04 23:00:00,108192.3,108192.3,108030.7,108059.8,234.546,25352355.9133
2025-07-04 23:15:00,108059.8,108088.2,108000.0,108056.1,191.092,20645932.7771
2025-07-04 23:30:00,108056.1,108081.0,107904.1,107939.4,281.946,30441162.4625
2025-07-04 23:45:00,107939.4,107996.9,107937.4,107947.4,127.855,13803683.1991
2025-07-05 00:00:00,107947.4,107979.6,107908.3,107979.3,191.224,20640413.0944
2025-07-05 00:15:00,107979.3,108097.8,107959.3,108033.0,214.54,23179601.8923
2025-07-05 00:30:00,108033.0,108178.2,108011.0,108142.8,230.187,24882209.2914
2025-07-05 00:45:00,108142.8,108175.0,108068.1,108141.6,224.022,24224438.7472
2025-07-05 01:00:00,108141.6,108141.7,108028.0,108028.0,103.412,11177127.7229
2025-07-05 01:15:00,108028.0,108028.1,107839.2,107885.8,522.07,56327268.7193
2025-07-05 01:30:00,107885.8,107958.9,107850.0,107945.9,138.587,14957515.9627
2025-07-05 01:45:00,107945.9,107946.8,107900.4,107946.7,94.222,10169073.8676
2025-07-05 02:00:00,107946.7,107946.8,107757.0,107850.5,288.437,31103362.3338
2025-07-05 02:15:00,107850.5,107894.0,107756.9,107756.9,135.598,14621336.1593
2025-07-05 02:30:00,107756.9,107912.5,107685.9,107912.4,335.922,36212889.8993
2025-07-05 02:45:00,107912.4,108050.0,107912.4,108018.0,342.385,36977321.4131
2025-07-05 03:00:00,108018.0,108188.0,108018.0,108067.8,685.124,74068724.0477
2025-07-05 03:15:00,108067.8,108200.0,108063.7,108199.9,284.364,30754450.2634
2025-07-05 03:30:00,108199.9,108229.9,108067.7,108074.5,277.79,30051616.7034
2025-07-05 03:45:00,108074.5,108131.3,108063.9,108107.1,77.756,8405028.0052
2025-07-05 04:00:00,108107.1,108120.7,107989.9,108051.6,296.417,32024619.2839
2025-07-05 04:15:00,108051.6,108332.9,108023.0,108329.4,502.048,54326778.0389
2025-07-05 04:30:00,108329.4,108429.2,108168.6,108168.7,705.352,76399414.7618
2025-07-05 04:45:00,108168.7,108183.6,108080.0,108080.0,185.326,20036525.6328
2025-07-05 05:00:00,108080.0,108085.1,107981.5,108070.1,338.694,36591046.0519
2025-07-05 05:15:00,108070.1,108092.9,108004.7,108077.0,195.878,21164200.9752
2025-07-05 05:30:00,108077.0,108077.0,107944.9,108027.6,256.641,27714973.4821
2025-07-05 05:45:00,108027.6,108148.0,108027.6,108094.4,229.734,24835745.918
2025-07-05 06:00:00,108094.4,108125.6,108030.0,108077.5,130.649,14120665.095
2025-07-05 06:15:00,108077.5,108200.0,108068.0,108180.0,171.802,18582175.9156
2025-07-05 06:30:00,108180.0,108251.4,108141.9,108161.4,296.403,32073453.5195
2025-07-05 06:45:00,108161.4,108252.1,108161.4,108226.0,178.203,19283575.0013
2025-07-05 07:00:00,108226.0,108226.1,108086.7,108100.1,191.902,20758621.7362
2025-07-05 07:15:00,108100.1,108100.1,108039.5,108100.0,219.763,23748724.0452
2025-07-05 07:30:00,108100.0,108100.1,107985.1,107989.9,229.766,24817424.7652
2025-07-05 07:45:00,107989.9,108008.7,107934.8,108008.7,221.031,23863873.4073
2025-07-05 08:00:00,108008.7,108083.5,107944.1,108078.8,176.425,19057886.1597
2025-07-05 08:15:00,108078.8,108078.9,107991.6,108006.2,107.083,11569264.3321
2025-07-05 08:30:00,108006.2,108006.2,107874.0,107907.0,352.659,38054032.7579
2025-07-05 08:45:00,107907.0,107970.0,107872.5,107970.0,153.772,16596589.5798
2025-07-05 09:00:00,107970.0,107970.0,107850.0,107887.0,290.135,31301748.3739
2025-07-05 09:15:00,107887.0,107887.0,107809.9,107876.2,363.171,39164620.9788
2025-07-05 09:30:00,107876.2,107935.1,107841.5,107905.1,146.964,15854641.9325
2025-07-05 09:45:00,107905.1,108084.5,107905.0,108033.3,339.062,36625106.3709
2025-07-05 10:00:00,108033.3,108069.9,108007.1,108025.0,134.898,14573659.0107
2025-07-05 10:15:00,108025.0,108084.5,108006.1,108078.0,76.372,8252729.5966
2025-07-05 10:30:00,108078.0,108161.2,108078.0,108100.0,173.883,18799383.1691
2025-07-05 10:45:00,108100.0,108142.8,108020.2,108022.0,209.04,22592906.6934
2025-07-05 11:00:00,108022.0,108093.2,108021.9,108074.0,64.599,6981065.4057
2025-07-05 11:15:00,108074.0,108122.2,108073.9,108112.2,62.485,6754684.6343
2025-07-05 11:30:00,108112.2,108172.9,108112.1,108157.8,114.438,12376445.5769
2025-07-05 11:45:00,108157.8,108157.8,108055.9,108055.9,94.054,10168913.0945
2025-07-05 12:00:00,108055.9,108065.5,107950.0,107999.8,220.686,23833200.8974
2025-07-05 12:15:00,107999.8,108023.5,107945.9,107972.1,147.458,15922347.086
2025-07-05 12:30:00,107972.1,108036.9,107911.0,108036.9,142.101,15340862.8223
2025-07-05 12:45:00,108036.9,108099.9,108036.8,108099.9,97.417,10528474.2266
2025-07-05 13:00:00,108099.9,108142.1,108067.6,108078.0,125.787,13599668.4339
2025-07-05 13:15:00,108078.0,108191.6,108077.9,108154.2,120.071,12983163.2095
2025-07-05 13:30:00,108154.2,108154.4,108062.1,108140.4,112.08,12115152.8567
2025-07-05 13:45:00,108140.4,108140.4,108065.0,108080.2,162.939,17614423.8695
2025-07-05 14:00:00,108080.2,108150.0,108050.8,108113.2,110.943,11994383.2194
2025-07-05 14:15:00,108113.2,108182.6,108109.3,108133.1,118.643,12830757.6833
2025-07-05 14:30:00,108133.1,108157.7,108079.3,108124.6,72.398,7828279.4097
2025-07-05 14:45:00,108124.6,108160.2,108091.3,108160.1,84.762,9165360.366
2025-07-05 15:00:00,108160.1,108160.2,108109.3,108133.1,115.002,12435978.8162
2025-07-05 15:15:00,108133.1,108133.2,108069.9,108070.0,90.926,9829067.8392
2025-07-05 15:30:00,108070.0,108081.3,108033.0,108033.0,94.868,10250884.3149
2025-07-05 15:45:00,108033.0,108039.8,108000.0,108017.2,178.24,19253582.3139
2025-07-05 16:00:00,108017.2,108056.7,107962.0,108005.4,141.788,15312543.8909
2025-07-05 16:15:00,108005.4,108050.9,107920.0,107920.1,101.098,10915166.1173
2025-07-05 16:30:00,107920.1,107935.2,107820.8,107900.6,390.214,42094442.0679
2025-07-05 16:45:00,107900.6,108063.9,107849.7,108050.0,427.813,46178144.0911
2025-07-05 17:00:00,108050.0,108112.4,107952.3,107962.7,242.856,26233139.5097
2025-07-05 17:15:00,107962.7,107998.6,107883.2,107953.5,225.306,24318042.1768
2025-07-05 17:30:00,107953.5,108039.9,107912.2,108024.0,98.467,10631746.8892
2025-07-05 17:45:00,108024.0,108036.6,107975.2,108035.3,53.335,5760936.3522
2025-07-05 18:00:00,108035.3,108044.2,107953.2,107963.7,137.446,14843055.7625
2025-07-05 18:15:00,107963.7,107996.6,107909.0,107918.9,125.623,13558613.594
2025-07-05 18:30:00,107918.9,107977.2,107909.3,107977.1,122.896,13266692.4469
2025-07-05 18:45:00,107977.1,107995.6,107930.5,107935.8,95.807,10344424.6938
2025-07-05 19:00:00,107935.8,107945.8,107897.9,107900.0,106.864,11531663.428
2025-07-05 19:15:00,107900.0,107996.6,107900.0,107996.5,239.78,25883433.2093
2025-07-05 19:30:00,107996.5,108097.3,107990.7,108072.9,204.607,22109716.2048
2025-07-05 19:45:00,108072.9,108120.0,108072.9,108096.4,148.077,16008651.3799
2025-07-05 20:00:00,108096.4,108118.7,107994.8,107994.8,166.696,18012130.7753
2025-07-05 20:15:00,107994.8,108027.4,107939.7,107939.7,57.087,6164637.8238
2025-07-05 20:30:00,107939.7,108032.4,107939.7,108007.2,74.823,8081543.4683
2025-07-05 20:45:00,108007.2,108077.7,108007.2,108040.8,28.52,3081507.1848
2025-07-05 21:00:00,108040.8,108090.3,107997.0,107997.0,176.493,19071538.6289
2025-07-05 21:15:00,107997.0,108065.0,107997.0,108020.8,151.829,16401636.5924
2025-07-05 21:30:00,108020.8,108079.2,108003.0,108041.5,59.012,6376224.438
2025-07-05 21:45:00,108041.5,108093.1,108010.0,108033.4,115.02,12428518.9197
2025-07-05 22:00:00,108033.4,108096.0,108003.0,108066.3,83.94,9069314.912
2025-07-05 22:15:00,108066.3,108100.0,108045.7,108087.0,43.844,4738846.1591
2025-07-05 22:30:00,108087.0,108173.6,108049.8,108129.2,178.847,19335558.1697
2025-07-05 22:45:00,108129.2,108152.9,108125.5,108138.4,101.681,10996095.2531
2025-07-05 23:00:00,108138.4,108179.0,108138.4,108176.1,94.15,10183968.7469
2025-07-05 23:15:00,108176.1,108177.7,108111.9,108151.2,107.312,11605811.652
2025-07-05 23:30:00,108151.2,108169.7,108129.1,108169.7,77.321,8361931.1104
2025-07-05 23:45:00,108169.7,108169.7,108133.9,108144.4,59.054,6386662.7987
2025-07-06 00:00:00,108144.4,108199.9,108067.0,108075.4,250.6,27098077.521
2025-07-06 00:15:00,108075.4,108172.9,108067.0,108161.9,228.372,24688821.5201
2025-07-06 00:30:00,108161.9,108196.3,108120.0,108195.9,119.486,12924286.1005
2025-07-06 00:45:00,108195.9,108195.9,108138.9,108167.9,66.181,7158371.6599
2025-07-06 01:00:00,108167.9,108167.9,108106.8,108118.5,45.509,4920822.7062
2025-07-06 01:15:00,108118.5,108118.5,108038.8,108038.9,86.863,9388065.9906
2025-07-06 01:30:00,108038.9,108108.3,108016.1,108076.4,169.55,18322959.3884
2025-07-06 01:45:00,108076.4,108151.3,108076.3,108151.3,29.745,3216031.0921
2025-07-06 02:00:00,108151.3,108189.9,108131.3,108183.8,188.652,20406791.592
2025-07-06 02:15:00,108183.8,108200.0,108050.6,108095.0,185.714,20080353.7804
2025-07-06 02:30:00,108095.0,108095.1,108062.4,108084.4,48.905,5285664.1925
2025-07-06 02:45:00,108084.4,108106.0,107982.9,107989.9,170.445,18413623.6509
2025-07-06 03:00:00,107989.9,108051.9,107961.7,108041.4,175.637,18969468.3001
2025-07-06 03:15:00,108041.4,108041.4,107965.0,107990.5,98.129,10597279.7768
2025-07-06 03:30:00,107990.5,108018.1,107968.4,108018.1,74.061,7997458.2285
2025-07-06 03:45:00,108018.1,108018.1,107976.1,107999.7,49.434,5338692.0754
2025-07-06 04:00:00,107999.7,108054.8,107999.7,108054.7,62.057,6704982.2576
2025-07-06 04:15:00,108054.7,108054.8,107944.6,107944.6,342.926,37023667.4201
2025-07-06 04:30:00,107944.6,107955.5,107888.0,107955.4,304.888,32903482.689
2025-07-06 04:45:00,107955.4,107955.5,107932.0,107932.0,40.479,4369492.7455
2025-07-06 05:00:00,107932.0,107932.1,107908.4,107920.7,42.486,4585117.6174
2025-07-06 05:15:00,107920.7,107961.6,107920.7,107948.0,66.676,7196824.2522
2025-07-06 05:30:00,107948.0,107967.5,107935.1,107943.2,63.174,6819581.019
2025-07-06 05:45:00,107943.2,107954.0,107943.2,107943.2,48.172,5200191.52
2025-07-06 06:00:00,107943.2,108034.6,107912.8,108034.5,225.749,24373852.436
2025-07-06 06:15:00,108034.5,108168.0,108034.5,108074.4,403.572,43625818.8644
2025-07-06 06:30:00,108074.4,108092.6,108006.4,108092.5,117.64,12710031.8206
2025-07-06 06:45:00,108092.5,108092.6,108060.7,108060.8,44.089,4764920.7775
2025-07-06 07:00:00,108060.8,108087.0,108060.7,108086.9,117.915,12743823.5906
2025-07-06 07:15:00,108086.9,108131.0,108048.8,108080.0,168.783,18242062.4253
2025-07-06 07:30:00,108080.0,108080.1,108010.4,108010.4,53.015,5727493.2239
2025-07-06 07:45:00,108010.4,108010.5,107988.8,107988.8,185.423,20025942.0137
2025-07-06 08:00:00,107988.8,108018.0,107960.0,107974.0,146.606,15831937.907
2025-07-06 08:15:00,107974.0,107974.1,107903.7,107925.1,272.236,29381361.8304
2025-07-06 08:30:00,107925.1,107966.7,107925.1,107962.9,86.595,9347675.5208
2025-07-06 08:45:00,107962.9,107981.0,107952.0,107952.0,110.408,11920687.1411
2025-07-06 09:00:00,107952.0,108017.4,107945.0,108003.9,104.926,11330975.9702
2025-07-06 09:15:00,108003.9,108003.9,107964.9,107964.9,38.83,4192689.8267
2025-07-06 09:30:00,107964.9,107973.1,107964.9,107973.1,45.142,4873968.6467
2025-07-06 09:45:00,107973.1,107973.1,107762.6,107810.3,832.938,89828378.6343
2025-07-06 10:00:00,107810.3,107897.9,107767.1,107868.8,429.481,46311723.0877
2025-07-06 10:15:00,107868.8,107904.2,107852.0,107900.3,122.251,13188548.6327
2025-07-06 10:30:00,107900.3,108080.0,107900.2,107982.8,349.017,37691941.9701
2025-07-06 10:45:00,107982.8,107982.8,107925.2,107935.2,91.057,9829571.6818
2025-07-06 11:00:00,107935.2,107960.0,107907.0,107910.3,90.761,9796160.762
2025-07-06 11:15:00,107910.3,107951.3,107902.0,107949.1,156.08,16846185.6197
2025-07-06 11:30:00,107949.1,107992.7,107949.1,107984.9,113.58,12263949.8163
2025-07-06 11:45:00,107984.9,108062.0,107984.9,108028.8,215.562,23286193.2213
2025-07-06 12:00:00,108028.8,108054.9,108000.0,108018.7,101.344,10947663.5602
2025-07-06 12:15:00,108018.7,108059.2,108004.7,108044.5,69.21,7476989.8387
2025-07-06 12:30:00,108044.5,108145.8,108044.5,108124.0,341.489,36914897.0079
2025-07-06 12:45:00,108124.0,108197.2,108124.0,108197.2,473.135,51175340.3647
2025-07-06 13:00:00,108197.2,108197.2,108148.6,108181.4,196.198,21223211.6886
2025-07-06 13:15:00,108181.4,108415.2,108181.3,108415.2,1251.182,135502674.3736
2025-07-06 13:30:00,108415.2,108657.5,108415.1,108643.6,2533.082,274984682.7784
2025-07-06 13:45:00,108643.6,109088.6,108643.6,108731.5,3356.431,365350943.7223
2025-07-06 14:00:00,108731.5,108852.8,108672.5,108761.2,799.768,86976719.4094
2025-07-06 14:15:00,108761.2,108900.0,108739.7,108855.8,640.866,69738007.147
2025-07-06 14:30:00,108855.8,109000.0,108560.1,108691.9,1242.957,135232531.2484
2025-07-06 14:45:00,108691.9,108903.1,108581.5,108879.5,639.452,69549162.6063
2025-07-06 15:00:00,108879.5,108931.4,108796.7,108860.2,541.344,58935181.2104
2025-07-06 15:15:00,108860.2,108860.2,108672.0,108775.6,351.792,38264314.1312
2025-07-06 15:30:00,108775.6,108814.9,108621.1,108714.1,312.548,33976632.7395
2025-07-06 15:45:00,108714.1,108863.5,108645.9,108860.0,196.076,21325905.6971
2025-07-06 16:00:00,108860.0,108907.9,108671.9,108695.6,329.856,35886863.4542
2025-07-06 16:15:00,108695.6,108823.9,108695.6,108770.9,210.339,22882693.624
2025-07-06 16:30:00,108770.9,108782.5,108654.9,108700.1,147.165,16000644.4717
2025-07-06 16:45:00,108700.1,108833.3,108661.6,108810.1,174.011,18927760.9927
2025-07-06 17:00:00,108810.1,108810.2,108682.0,108731.7,228.311,24826978.47
2025-07-06 17:15:00,108731.7,108824.6,108714.6,108824.5,162.072,17627890.5387
2025-07-06 17:30:00,108824.5,108920.0,108824.5,108914.1,259.509,28252701.9707
2025-07-06 17:45:00,108914.1,108920.0,108820.8,108875.9,115.323,12556243.9868
2025-07-06 18:00:00,108875.9,108891.8,108715.5,108753.1,240.701,26182449.9239
2025-07-06 18:15:00,108753.1,108784.3,108450.0,108514.8,842.072,91425583.1859
2025-07-06 18:30:00,108514.8,108581.8,108333.4,108360.0,1051.958,114088176.9994
2025-07-06 18:45:00,108360.0,108432.9,108225.7,108432.8,1015.596,110020845.9553
2025-07-06 19:00:00,108432.8,108605.8,108426.2,108503.1,755.16,81946883.7508
2025-07-06 19:15:00,108503.1,108508.4,108402.6,108418.8,183.433,19892942.4929
2025-07-06 19:30:00,108418.8,108465.0,108275.0,108309.4,494.581,53579500.5542
2025-07-06 19:45:00,108309.4,108509.5,108248.9,108498.1,321.699,34874013.3036
2025-07-06 20:00:00,108498.1,108796.2,108484.7,108751.3,1100.207,119584003.875
2025-07-06 20:15:00,108751.3,108820.7,108653.4,108659.4,424.363,46147507.3428
2025-07-06 20:30:00,108659.4,108725.0,108656.8,108712.1,146.7,15946062.4251
2025-07-06 20:45:00,108712.1,108800.9,108617.7,108617.8,243.462,26468436.2954
2025-07-06 21:00:00,108617.8,108918.1,108617.7,108880.1,433.132,47125876.3191
2025-07-06 21:15:00,108880.1,109280.0,108870.3,109257.6,1702.588,185781231.3218
2025-07-06 21:30:00,109257.6,109685.0,109149.3,109393.3,2985.325,326771313.0466
2025-07-06 21:45:00,109393.3,109399.9,108968.9,109165.9,1102.998,120383199.1213
2025-07-06 22:00:00,109165.9,109491.3,109158.6,109332.8,1028.878,112479372.8951
2025-07-06 22:15:00,109332.8,109466.0,109254.0,109400.0,505.191,55261298.9726
2025-07-06 22:30:00,109400.0,109418.9,109221.2,109286.8,376.845,41184226.9898
2025-07-06 22:45:00,109286.8,109328.8,109173.0,109189.7,267.273,29192302.3452
2025-07-06 23:00:00,109189.7,109198.3,108952.1,109195.8,1212.991,132308188.3907
2025-07-06 23:15:00,109195.8,109195.8,109000.0,109011.5,277.965,30322733.2191
2025-07-06 23:30:00,109011.5,109120.7,108902.9,109120.7,344.614,37563027.3478
2025-07-06 23:45:00,109120.7,109246.0,109085.6,109160.5,261.302,28529126.6352
2025-07-07 00:00:00,109160.5,109234.6,109056.0,109234.6,587.072,64070431.2628
2025-07-07 00:15:00,109234.6,109250.0,108909.7,108959.0,584.151,63677002.5046
2025-07-07 00:30:00,108959.0,108999.9,108752.0,108804.5,730.065,79477654.7158
2025-07-07 00:45:00,108804.5,108880.2,108750.0,108784.9,301.229,32777598.1457
2025-07-07 01:00:00,108784.9,108784.9,108612.0,108720.4,749.157,81421064.9733
2025-07-07 01:15:00,108720.4,108907.8,108671.3,108865.8,427.787,46557827.5087
2025-07-07 01:30:00,108865.8,109054.9,108865.7,108994.1,556.34,60637747.7776
2025-07-07 01:45:00,108994.1,109056.2,108914.7,108977.0,412.766,44976797.2876
2025-07-07 02:00:00,108977.0,109473.0,108977.0,109409.8,1289.753,140986326.0871
2025-07-07 02:15:00,109409.8,109478.3,109368.3,109408.4,520.517,56957282.6564
2025-07-07 02:30:00,109408.4,109437.6,109288.0,109437.6,470.147,51412646.4963
2025-07-07 02:45:00,109437.6,109437.7,109322.7,109322.8,232.707,25452979.8622
2025-07-07 03:00:00,109322.8,109430.8,109322.7,109362.2,324.148,35460689.2501
2025-07-07 03:15:00,109362.2,109681.4,109362.1,109580.0,834.012,91368658.8395
2025-07-07 03:30:00,109580.0,109580.0,109475.0,109493.5,352.825,38644363.8909
2025-07-07 03:45:00,109493.5,109500.0,109322.1,109355.1,457.767,50071910.9387
2025-07-07 04:00:00,109355.1,109423.6,109263.6,109294.3,294.863,32238630.4971
2025-07-07 04:15:00,109294.3,109326.8,109151.9,109196.0,346.237,37817540.5292
2025-07-07 04:30:00,109196.0,109209.6,109085.6,109109.3,339.054,37006845.3845
2025-07-07 04:45:00,109109.3,109166.0,109080.6,109080.7,236.379,25791046.0669
2025-07-07 05:00:00,109080.7,109162.4,109080.5,109098.3,179.962,19636998.3107
2025-07-07 05:15:00,109098.3,109160.0,109065.7,109065.7,150.794,16452135.6306
2025-07-07 05:30:00,109065.7,109154.8,109000.0,109108.5,331.677,36175935.3024
2025-07-07 05:45:00,109108.5,109108.5,108970.7,109029.7,271.72,29621214.1712
2025-07-07 06:00:00,109029.7,109122.0,108960.4,109082.1,273.904,29864170.7006
2025-07-07 06:15:00,109082.1,109117.4,109080.0,109096.0,132.623,14469420.2884
2025-07-07 06:30:00,109096.0,109096.1,108770.2,108770.2,557.624,60725774.7252
2025-07-07 06:45:00,108770.2,108837.5,108719.5,108730.1,573.004,62321191.7812
2025-07-07 07:00:00,108730.1,108847.9,108573.5,108827.0,1165.018,126652606.3788
2025-07-07 07:15:00,108827.0,108914.1,108800.0,108869.5,578.846,63014551.1055
2025-07-07 07:30:00,108869.5,108919.1,108803.5,108882.7,221.625,24131032.81
2025-07-07 07:45:00,108882.7,109020.3,108882.7,109015.1,314.933,34319638.3597
2025-07-07 08:00:00,109015.1,109027.9,108870.0,108870.0,377.759,41165867.8418
2025-07-07 08:15:00,108870.0,108890.0,108821.5,108839.9,291.813,31765438.5933
2025-07-07 08:30:00,108839.9,109048.4,108798.1,109000.0,640.474,69763882.5629
2025-07-07 08:45:00,109000.0,109039.5,108900.0,108971.4,182.512,19888503.1911
2025-07-07 09:00:00,108971.4,108971.4,108783.7,108856.9,530.61,57753403.9418
2025-07-07 09:15:00,108856.9,108857.0,108704.4,108819.8,377.941,41106589.911
2025-07-07 09:30:00,108819.8,108880.5,108774.7,108880.4,165.788,18046057.4305
2025-07-07 09:45:00,108880.4,108880.5,108725.0,108807.7,169.401,18429328.6273
2025-07-07 10:00:00,108807.7,108819.3,108681.3,108804.3,305.648,33235140.2295
2025-07-07 10:15:00,108804.3,108862.2,108683.7,108701.3,433.246,47137666.1611
2025-07-07 10:30:00,108701.3,108765.8,108671.8,108707.6,246.133,26755437.4903
2025-07-07 10:45:00,108707.6,108744.8,108629.0,108637.4,211.093,22937940.9175
2025-07-07 11:00:00,108637.4,108700.0,108629.1,108668.0,233.483,25371379.3348
2025-07-07 11:15:00,108668.0,108781.0,108525.0,108713.0,669.519,72731781.5563
2025-07-07 11:30:00,108713.0,108732.6,108600.0,108711.4,364.112,39564813.0287
2025-07-07 11:45:00,108711.4,108711.5,108585.0,108593.9,148.413,16120533.3022
2025-07-07 12:00:00,108593.9,108594.0,108450.1,108469.6,785.968,85287437.4533
2025-07-07 12:15:00,108469.6,108469.7,108341.5,108389.9,800.096,86719084.6453
2025-07-07 12:30:00,108389.9,108505.2,108379.7,108450.0,426.814,46284301.6586
2025-07-07 12:45:00,108450.0,108506.3,108255.2,108302.0,664.393,71994724.0955
2025-07-07 13:00:00,108302.0,108359.9,108155.1,108224.8,749.311,81111824.5481
2025-07-07 13:15:00,108224.8,108400.0,107896.8,108371.9,2536.499,274335260.9909
2025-07-07 13:30:00,108371.9,108476.2,107958.9,108095.8,1665.845,180220531.7568
2025-07-07 13:45:00,108095.8,108534.9,107958.9,108474.9,1650.769,178716639.3705
2025-07-07 14:00:00,108474.9,108625.5,108072.5,108099.3,1884.0,204210184.3943
2025-07-07 14:15:00,108099.3,108250.0,107994.2,108100.0,1098.332,118734793.0939
2025-07-07 14:30:00,108100.0,108163.6,107908.0,108132.1,1080.301,116690940.6914
2025-07-07 14:45:00,108132.1,108326.1,108078.9,108162.5,656.824,71067582.4219
2025-07-07 15:00:00,108162.5,108407.6,108155.7,108375.6,986.374,106788596.4079
2025-07-07 15:15:00,108375.6,108541.5,108200.0,108486.7,891.781,96686573.5341
2025-07-07 15:30:00,108486.7,108578.1,108350.0,108418.8,689.992,74856047.2994
2025-07-07 15:45:00,108418.8,108473.8,108210.4,108244.4,507.459,54957518.2025
2025-07-07 16:00:00,108244.4,108357.6,108200.0,108230.3,324.35,35116059.9504
2025-07-07 16:15:00,108230.3,108455.9,107824.5,108111.1,2361.084,255136985.082
2025-07-07 16:30:00,108111.1,108300.0,108060.0,108224.8,657.452,71129415.1699
2025-07-07 16:45:00,108224.8,108267.6,107850.0,107920.9,651.327,70321822.8669
2025-07-07 17:00:00,107920.9,107993.0,107730.6,107976.9,1326.639,143069821.7081
2025-07-07 17:15:00,107976.9,108075.9,107935.3,108075.8,518.109,55957547.4208
2025-07-07 17:30:00,108075.8,108316.7,107865.5,107925.7,968.789,104755507.7628
2025-07-07 17:45:00,107925.7,108009.8,107840.0,107892.0,224.004,24171976.2348
2025-07-07 18:00:00,107892.0,108053.7,107859.4,107998.1,345.003,37247288.7259
2025-07-07 18:15:00,107998.1,108008.0,107467.5,107490.1,1784.169,192036180.419
2025-07-07 18:30:00,107490.1,107780.9,107449.6,107684.6,1277.725,137480322.9768
2025-07-07 18:45:00,107684.6,107984.2,107684.6,107974.2,408.192,44026511.3121
2025-07-07 19:00:00,107974.2,108149.9,107950.0,108104.9,729.714,78852519.8291
2025-07-07 19:15:00,108104.9,108271.3,108104.9,108136.5,498.478,53937624.9848
2025-07-07 19:30:00,108136.5,108212.7,108042.0,108049.9,296.986,32115689.9019
2025-07-07 19:45:00,108049.9,108101.0,107946.9,107990.0,376.225,40641561.6807
2025-07-07 20:00:00,107990.0,107990.0,107784.8,107924.9,478.353,51605168.0864
2025-07-07 20:15:00,107924.9,108054.5,107828.3,107974.0,272.639,29430480.4345
2025-07-07 20:30:00,107974.0,108097.4,107935.9,107935.9,217.613,23505807.8644
2025-07-07 20:45:00,107935.9,107936.0,107787.5,107800.1,491.609,53017182.308
2025-07-07 21:00:00,107800.1,107915.0,107800.1,107890.0,252.065,27187179.6951
2025-07-07 21:15:00,107890.0,107905.6,107714.2,107714.3,521.192,56180586.0169
2025-07-07 21:30:00,107714.3,108065.7,107714.2,107988.0,666.464,71948160.4522
2025-07-07 21:45:00,107988.0,108150.0,107988.0,108104.9,236.025,25513536.8877
2025-07-07 22:00:00,108104.9,108123.6,107902.8,107991.2,211.006,22791671.0137
2025-07-07 22:15:00,107991.2,108052.8,107926.9,107933.0,119.217,12872423.6101
2025-07-07 22:30:00,107933.0,108033.9,107912.1,108026.9,357.007,38539731.2928
2025-07-07 22:45:00,108026.9,108027.0,107946.7,107950.0,144.675,15620164.7553
2025-07-07 23:00:00,107950.0,108150.0,107950.0,108132.3,385.319,41649192.1535
2025-07-07 23:15:00,108132.3,108150.0,108101.0,108126.1,133.086,14389323.2697
2025-07-07 23:30:00,108126.1,108229.2,108119.4,108144.0,365.374,39528335.1207
2025-07-07 23:45:00,108144.0,108249.4,108144.0,108200.0,164.178,17767807.3593
2025-07-08 00:00:00,108200.0,108234.2,108134.9,108216.0,334.009,36135735.5576
2025-07-08 00:15:00,108216.0,108380.0,108112.4,108379.9,776.305,84038753.2318
2025-07-08 00:30:00,108379.9,108482.3,108248.1,108467.1,1115.192,120841238.694
2025-07-08 00:45:00,108467.1,108467.1,108106.5,108237.7,1367.936,148143823.7656
2025-07-08 01:00:00,108237.7,108237.7,108064.4,108106.4,382.578,41368902.9856
2025-07-08 01:15:00,108106.4,108106.4,107924.1,107978.2,421.214,45489326.7861
2025-07-08 01:30:00,107978.2,108063.0,107808.4,107815.2,615.388,66403354.0046
2025-07-08 01:45:00,107815.2,107853.6,107616.6,107630.9,811.328,87408952.8044
2025-07-08 02:00:00,107630.9,107722.6,107461.8,107588.7,946.269,101798588.2531
2025-07-08 02:15:00,107588.7,107887.9,107369.7,107866.7,1609.472,173232084.0688
2025-07-08 02:30:00,107866.7,107898.6,107627.4,107678.1,679.901,73266741.5378
2025-07-08 02:45:00,107678.1,107723.7,107500.0,107722.4,531.635,57199442.3371
2025-07-08 03:00:00,107722.4,107764.8,107629.6,107718.3,323.472,34840477.7939
2025-07-08 03:15:00,107718.3,107853.0,107686.5,107834.4,427.385,46055975.38
2025-07-08 03:30:00,107834.4,107960.0,107814.6,107895.9,462.17,49865642.2761
2025-07-08 03:45:00,107895.9,107900.0,107814.6,107850.1,159.066,17155856.5651
2025-07-08 04:00:00,107850.1,107850.1,107750.0,107773.1,224.62,24209067.0885
2025-07-08 04:15:00,107773.1,107811.7,107691.5,107811.7,273.285,29446500.0313
2025-07-08 04:30:00,107811.7,107950.0,107811.7,107937.2,465.606,50247840.0976
2025-07-08 04:45:00,107937.2,107988.0,107904.5,107988.0,239.766,25882209.2078
2025-07-08 05:00:00,107988.0,108000.0,107925.4,107976.5,225.961,24397496.3021
2025-07-08 05:15:00,107976.5,108060.5,107968.1,108057.9,322.492,34834483.9878
2025-07-08 05:30:00,108057.9,108108.3,107968.0,108092.4,272.275,29416920.9819
2025-07-08 05:45:00,108092.4,108184.3,108083.9,108160.0,459.258,49662872.4499
2025-07-08 06:00:00,108160.0,108241.2,108133.8,108191.5,383.318,41468962.0952
2025-07-08 06:15:00,108191.5,108212.4,108078.7,108135.9,287.165,31053309.4784
2025-07-08 06:30:00,108135.9,108260.0,108131.5,108260.0,234.801,25406876.8227
2025-07-08 06:45:00,108260.0,108333.4,108169.9,108240.1,314.014,33999249.9021
2025-07-08 07:00:00,108240.1,108275.3,108176.4,108176.5,220.228,23834199.8879
2025-07-08 07:15:00,108176.5,108350.0,108167.0,108299.9,324.672,35153076.4994
2025-07-08 07:30:00,108299.9,108373.4,108270.8,108356.9,441.438,47824396.2587
2025-07-08 07:45:00,108356.9,108443.8,108340.0,108427.9,552.182,59857643.9255
2025-07-08 08:00:00,108427.9,108477.4,108389.7,108435.5,566.563,61435366.6343
2025-07-08 08:15:00,108435.5,108436.0,108326.8,108341.3,373.225,40453900.7603
2025-07-08 08:30:00,108341.3,108356.3,108237.7,108241.7,366.607,39700025.3783
2025-07-08 08:45:00,108241.7,108296.0,108220.0,108220.0,465.222,50364960.1462
2025-07-08 09:00:00,108220.0,108308.5,108181.0,108289.9,289.123,31291357.351
2025-07-08 09:15:00,108289.9,108336.0,108224.1,108335.9,244.324,26457879.0765
2025-07-08 09:30:00,108335.9,108436.6,108335.9,108436.6,193.989,21024388.7881
2025-07-08 09:45:00,108436.6,108453.0,108388.0,108411.1,272.854,29584395.5251
2025-07-08 10:00:00,108411.1,108481.0,108357.2,108466.9,283.174,30701349.4074
2025-07-08 10:15:00,108466.9,108669.6,108466.9,108469.4,1210.165,131375619.8342
2025-07-08 10:30:00,108469.4,108887.2,108457.3,108827.5,1614.011,175461489.6664
2025-07-08 10:45:00,108827.5,108837.0,108753.8,108790.0,669.988,72885666.0092
2025-07-08 11:00:00,108790.0,108977.6,108790.0,108896.8,1032.018,112372182.5542
2025-07-08 11:15:00,108896.8,108940.8,108818.2,108856.0,378.466,41208801.7731
2025-07-08 11:30:00,108856.0,108910.0,108800.0,108837.3,371.543,40437325.4634
2025-07-08 11:45:00,108837.3,108860.3,108708.9,108718.1,437.575,47590152.0442
2025-07-08 12:00:00,108718.1,108784.9,108718.0,108762.0,260.088,28285186.6477
2025-07-08 12:15:00,108762.0,108762.1,108636.0,108663.6,368.64,40062178.4615
2025-07-08 12:30:00,108663.6,108778.7,108663.6,108737.9,285.339,31022196.7791
2025-07-08 12:45:00,108737.9,108913.3,108737.8,108913.2,498.734,54273120.6107
2025-07-08 13:00:00,108913.2,108913.7,108784.1,108796.1,348.735,37959883.6182
2025-07-08 13:15:00,108796.1,108832.0,108738.9,108831.9,599.178,65185786.1982
2025-07-08 13:30:00,108831.9,108992.4,108566.8,108985.8,1403.635,152614501.0533
2025-07-08 13:45:00,108985.8,109188.0,108819.0,108972.6,2936.383,320223450.2344
2025-07-08 14:00:00,108972.6,109023.8,108476.0,108564.5,2413.363,262255527.5988
2025-07-08 14:15:00,108564.5,108671.9,108316.6,108458.7,1842.29,199816307.0226
2025-07-08 14:30:00,108458.7,108753.0,108426.7,108693.8,1533.186,166571394.8115
2025-07-08 14:45:00,108693.8,108709.6,108183.1,108333.6,2590.841,280865470.6432
2025-07-08 15:00:00,108333.6,108470.1,108278.0,108391.0,591.197,64081666.9939
2025-07-08 15:15:00,108391.0,108488.8,108166.4,108204.8,712.305,77143416.1457
2025-07-08 15:30:00,108204.8,108311.0,108140.2,108265.5,848.165,91812780.4286
2025-07-08 15:45:00,108265.5,108327.4,108149.9,108202.7,987.94,106933200.4579
2025-07-08 16:00:00,108202.7,108294.0,108061.1,108102.7,673.23,72808877.5544
2025-07-08 16:15:00,108102.7,108491.6,108029.9,108398.1,873.504,94597575.7815
2025-07-08 16:30:00,108398.1,108486.6,108123.0,108307.0,817.817,88578742.0176
2025-07-08 16:45:00,108307.0,108420.0,108244.7,108383.5,308.812,33454000.5754
2025-07-08 17:00:00,108383.5,108854.8,108383.4,108711.7,1370.201,148884206.2295
2025-07-08 17:15:00,108711.7,109000.0,108646.0,108827.3,1743.522,189792917.6882
2025-07-08 17:30:00,108827.3,108904.6,108646.0,108719.7,704.304,76595271.3215
2025-07-08 17:45:00,108719.7,109056.1,108719.6,108949.2,1263.719,137676320.2068
2025-07-08 18:00:00,108949.2,109076.5,108846.5,109067.9,841.205,91665095.5461
2025-07-08 18:15:00,109067.9,109099.0,108891.1,109014.9,557.338,60759933.7766
2025-07-08 18:30:00,109014.9,109073.5,108909.0,108977.7,479.597,52265485.471
2025-07-08 18:45:00,108977.7,109126.2,108918.9,109116.6,595.386,64927401.0138
2025-07-08 19:00:00,109116.6,109116.7,108914.3,108915.3,573.589,62521253.4882
2025-07-08 19:15:00,108915.3,109022.8,108900.6,108909.9,311.872,33979646.7882
2025-07-08 19:30:00,108909.9,108912.1,108712.0,108747.6,546.5,59453922.3969
2025-07-08 19:45:00,108747.6,108822.5,108677.7,108728.6,285.688,31068677.4729
2025-07-08 20:00:00,108728.6,108730.4,108663.6,108663.7,206.386,22433552.6306
2025-07-08 20:15:00,108663.7,108904.2,108631.8,108848.4,314.972,34258402.7453
2025-07-08 20:30:00,108848.4,108848.4,108732.5,108732.5,103.832,11295330.5755
2025-07-08 20:45:00,108732.5,108732.6,108582.1,108583.2,235.525,25589491.2279
2025-07-08 21:00:00,108583.2,108728.3,108583.2,108698.5,126.018,13695001.758
2025-07-08 21:15:00,108698.5,108698.6,108567.0,108691.3,197.98,21504530.864
2025-07-08 21:30:00,108691.3,108920.2,108691.3,108854.1,323.521,35196982.5072
2025-07-08 21:45:00,108854.1,108931.4,108774.5,108848.0,496.038,54006269.4251
2025-07-08 22:00:00,108848.0,108931.5,108760.0,108799.8,144.861,15764811.1477
2025-07-08 22:15:00,108799.8,108821.1,108774.7,108821.0,104.229,11340147.9324
2025-07-08 22:30:00,108821.0,108868.4,108800.0,108841.5,240.305,26153406.5501
2025-07-08 22:45:00,108841.5,108868.4,108823.9,108853.1,129.882,14137369.9418
2025-07-08 23:00:00,108853.1,108913.8,108810.8,108872.6,219.84,23933364.0232
2025-07-08 23:15:00,108872.6,108927.0,108762.5,108789.9,239.282,26049600.5011
2025-07-08 23:30:00,108789.9,108929.9,108789.9,108887.0,192.868,20998246.733
2025-07-08 23:45:00,108887.0,108906.7,108860.0,108881.9,127.716,13906160.7521
2025-07-09 00:00:00,108881.9,108903.9,108737.0,108778.7,218.856,23820214.957
2025-07-09 00:15:00,108778.7,108828.2,108737.0,108747.8,150.624,16383602.3842
2025-07-09 00:30:00,108747.8,108842.0,108737.0,108841.9,159.649,17365447.9336
2025-07-09 00:45:00,108841.9,108906.3,108806.3,108896.7,221.737,24140980.3307
2025-07-09 01:00:00,108896.7,109093.0,108863.2,109056.9,679.287,74051939.8181
2025-07-09 01:15:00,109056.9,109056.9,108699.9,108738.1,651.845,70943754.4848
2025-07-09 01:30:00,108738.1,108758.6,108666.7,108689.3,225.967,24565819.6572
2025-07-09 01:45:00,108689.3,108746.5,108666.0,108732.3,160.04,17398221.6147
2025-07-09 02:00:00,108732.3,108805.5,108704.1,108781.6,315.961,34368211.6308
2025-07-09 02:15:00,108781.6,108781.7,108653.2,108669.5,113.994,12390174.3101
2025-07-09 02:30:00,108669.5,108716.6,108612.0,108662.8,179.225,19474119.0839
2025-07-09 02:45:00,108662.8,108662.9,108540.5,108573.6,187.307,20339254.6716
2025-07-09 03:00:00,108573.6,108624.0,108414.5,108414.5,489.033,53055130.024
2025-07-09 03:15:00,108414.5,108414.6,108350.0,108411.8,486.913,52772335.3332
2025-07-09 03:30:00,108411.8,108411.9,108331.0,108336.8,194.142,21036220.0407
2025-07-09 03:45:00,108336.8,108350.0,108284.8,108312.6,287.063,31093093.8592
2025-07-09 04:00:00,108312.6,108427.9,108290.0,108290.0,302.641,32790101.0342
2025-07-09 04:15:00,108290.0,108353.5,108263.4,108353.5,227.719,24665482.6787
2025-07-09 04:30:00,108353.5,108499.9,108353.4,108445.5,426.752,46275300.5788
2025-07-09 04:45:00,108445.5,108524.0,108421.4,108503.5,166.412,18052155.187
2025-07-09 05:00:00,108503.5,108575.3,108478.9,108503.5,227.61,24703884.8227
2025-07-09 05:15:00,108503.5,108544.0,108434.1,108453.8,130.493,14158086.0961
2025-07-09 05:30:00,108453.8,108900.0,108453.8,108835.4,1427.157,155190564.7148
2025-07-09 05:45:00,108835.4,108866.0,108626.9,108729.4,843.962,91761642.2307
2025-07-09 06:00:00,108729.4,108775.4,108630.0,108674.3,279.664,30401370.8842
2025-07-09 06:15:00,108674.3,108756.5,108663.4,108672.8,104.646,11374840.0886
2025-07-09 06:30:00,108672.8,108710.2,108621.3,108650.1,207.201,22515142.8746
2025-07-09 06:45:00,108650.1,108819.4,108650.0,108793.0,251.035,27302212.132
2025-07-09 07:00:00,108793.0,108842.6,108714.4,108714.4,211.845,23047797.7933
2025-07-09 07:15:00,108714.4,108787.5,108704.0,108735.0,165.816,18032099.9869
2025-07-09 07:30:00,108735.0,108742.6,108625.1,108631.3,175.684,19093717.5846
2025-07-09 07:45:00,108631.3,108695.7,108630.1,108671.7,113.42,12323415.9867
2025-07-09 08:00:00,108671.7,108727.4,108636.3,108722.4,157.965,17170015.635
2025-07-09 08:15:00,108722.4,108812.3,108710.0,108774.0,277.955,30233347.9514
2025-07-09 08:30:00,108774.0,108788.4,108700.0,108752.6,239.316,26023102.9034
2025-07-09 08:45:00,108752.6,108752.6,108598.7,108624.2,286.74,31160044.3903
2025-07-09 09:00:00,108624.2,108640.9,108527.5,108527.6,201.376,21864732.363
2025-07-09 09:15:00,108527.6,108600.0,108527.3,108561.4,169.462,18398473.2184
2025-07-09 09:30:00,108561.4,108660.0,108542.5,108660.0,122.458,13298790.7848
2025-07-09 09:45:00,108660.0,108749.9,108650.0,108707.3,345.353,37541373.6379
2025-07-09 10:00:00,108707.3,108771.3,108657.0,108754.8,143.223,15571058.7696
2025-07-09 10:15:00,108754.8,108798.1,108743.1,108750.2,148.216,16120517.2633
2025-07-09 10:30:00,108750.2,108845.0,108750.1,108845.0,260.867,28385352.8427
2025-07-09 10:45:00,108845.0,108869.3,108760.0,108869.3,210.426,22899734.0438
2025-07-09 11:00:00,108869.3,108989.1,108869.2,108964.3,589.649,64232287.8734
2025-07-09 11:15:00,108964.3,109048.8,108964.2,108995.9,470.877,51329804.0153
2025-07-09 11:30:00,108995.9,109050.0,108875.6,109012.2,534.709,58273099.6057
2025-07-09 11:45:00,109012.2,109090.0,109001.3,109018.9,413.053,45042317.1346
2025-07-09 12:00:00,109018.9,109387.8,108935.3,109351.6,1610.445,175911693.4461
2025-07-09 12:15:00,109351.6,109495.1,109338.2,109477.6,1769.369,193609961.0792
2025-07-09 12:30:00,109477.6,109496.6,109386.2,109432.5,860.146,94145834.2955
2025-07-09 12:45:00,109432.5,109447.1,109245.8,109298.6,821.543,89834983.9307
2025-07-09 13:00:00,109298.6,109746.0,109296.7,109666.2,2125.073,232929997.2606
2025-07-09 13:15:00,109666.2,109689.2,109512.0,109545.0,670.405,73474573.4256
2025-07-09 13:30:00,109545.0,109666.8,109316.2,109412.8,1115.202,122078580.0376
2025-07-09 13:45:00,109412.8,109526.1,109080.1,109144.4,2088.612,228226774.5791
2025-07-09 14:00:00,109144.4,109314.0,109077.7,109220.5,925.816,101082706.7402
2025-07-09 14:15:00,109220.5,109437.0,108870.3,108870.3,1557.503,169956122.8313
2025-07-09 14:30:00,108870.3,108886.2,108447.8,108656.8,3345.486,363504771.3168
2025-07-09 14:45:00,108656.8,108973.6,108535.5,108838.1,1718.759,186920709.455
2025-07-09 15:00:00,108838.1,109175.0,108752.5,108761.0,1601.229,174519318.4811
2025-07-09 15:15:00,108761.0,108996.1,108761.0,108930.0,485.252,52845826.3734
2025-07-09 15:30:00,108930.0,108984.4,108731.4,108809.9,569.805,62021071.5755
2025-07-09 15:45:00,108809.9,109076.7,108802.5,109009.9,539.042,58736276.9001
2025-07-09 16:00:00,109009.9,109150.0,108970.8,109079.8,422.047,46026556.9166
2025-07-09 16:15:00,109079.8,109225.0,109027.5,109153.1,561.766,61315601.2233
2025-07-09 16:30:00,109153.1,109311.6,109153.0,109254.3,821.824,89790818.7833
2025-07-09 16:45:00,109254.3,109437.6,109240.9,109350.0,972.237,106316631.5037
2025-07-09 17:00:00,109350.0,109400.0,109200.0,109205.0,502.897,54964784.0582
2025-07-09 17:15:00,109205.0,109206.2,109001.4,109068.0,863.93,94264615.4631
2025-07-09 17:30:00,109068.0,109166.7,108968.8,109095.0,378.181,41237584.3478
2025-07-09 17:45:00,109095.0,109136.1,109026.0,109106.1,169.575,18497999.5067
2025-07-09 18:00:00,109106.1,109520.7,109073.1,109421.1,1353.876,148058179.8529
2025-07-09 18:15:00,109421.1,109539.9,109333.4,109493.3,717.672,78557507.9388
2025-07-09 18:30:00,109493.3,109499.9,109301.4,109347.7,524.088,57336909.6016
2025-07-09 18:45:00,109347.7,109499.6,109337.7,109490.8,418.501,45790571.4937
2025-07-09 19:00:00,109490.8,109624.4,109442.0,109624.4,650.351,71231199.6547
2025-07-09 19:15:00,109624.4,110301.0,109624.3,110300.9,4290.125,472003894.971
2025-07-09 19:30:00,110300.9,111374.6,110187.1,111334.3,9357.377,1037354926.3974
2025-07-09 19:45:00,111334.3,111999.0,111168.2,111702.6,6191.876,691209206.2622
2025-07-09 20:00:00,111702.6,111914.2,111079.8,111311.7,5010.742,558599623.8692
2025-07-09 20:15:00,111311.7,111344.5,110876.4,110964.9,1741.31,193451965.5971
2025-07-09 20:30:00,110964.9,111064.2,110787.1,110961.3,1315.729,145915139.7613
2025-07-09 20:45:00,110961.3,110961.3,110530.0,110671.9,1414.099,156556101.3304
2025-07-09 21:00:00,110671.9,111138.5,110630.0,111003.0,1647.28,182790103.8019
2025-07-09 21:15:00,111003.0,111248.1,110956.2,111185.5,916.774,101891536.0506
2025-07-09 21:30:00,111185.5,111185.5,110828.9,111012.3,692.173,76789523.4656
2025-07-09 21:45:00,111012.3,111119.9,110785.2,110788.1,395.513,43876310.5079
2025-07-09 22:00:00,110788.1,111271.2,110785.0,111252.8,807.096,89648392.1398
2025-07-09 22:15:00,111252.8,111300.0,111030.0,111035.9,777.147,86429266.3993
2025-07-09 22:30:00,111035.9,111266.6,111035.8,111257.2,595.573,66201656.276
2025-07-09 22:45:00,111257.2,111384.0,111235.9,111332.1,948.101,105543011.6115
2025-07-09 23:00:00,111332.1,111450.0,111200.0,111300.1,621.003,69147692.8617
2025-07-09 23:15:00,111300.1,111485.0,111291.6,111355.2,491.061,54712834.5287
2025-07-09 23:30:00,111355.2,111463.2,111301.5,111319.4,333.524,37145261.9203
2025-07-09 23:45:00,111319.4,111374.8,111181.4,111209.7,438.253,48761358.0947
2025-07-10 00:00:00,111209.7,111300.0,111167.5,111228.0,438.708,48798732.2582
2025-07-10 00:15:00,111228.0,111270.6,111091.9,111092.1,456.311,50722423.8861
2025-07-10 00:30:00,111092.1,111169.7,110954.4,110985.0,567.866,63047559.8211
2025-07-10 00:45:00,110985.0,111047.9,110865.0,110865.0,421.656,46788058.4697
2025-07-10 01:00:00,110865.0,110968.1,110832.8,110960.6,283.24,31410679.8209
2025-07-10 01:15:00,110960.6,111111.0,110960.6,111055.9,346.671,38490148.4627
2025-07-10 01:30:00,111055.9,111165.3,111055.9,111150.4,255.669,28410090.8612
2025-07-10 01:45:00,111150.4,111322.1,111103.5,111155.8,489.215,54404454.6282
2025-07-10 02:00:00,111155.8,111373.7,111155.8,111323.0,384.441,42776384.1563
2025-07-10 02:15:00,111323.0,111524.7,111241.2,111249.0,732.202,81567154.0649
2025-07-10 02:30:00,111249.0,111320.1,111110.1,111133.8,273.517,30416870.7651
2025-07-10 02:45:00,111133.8,111198.7,111088.6,111172.1,146.136,16243266.5063
2025-07-10 03:00:00,111172.1,111172.2,111075.0,111076.7,183.819,20426509.1705
2025-07-10 03:15:00,111076.7,111169.9,111000.6,111000.8,417.975,46422296.1802
2025-07-10 03:30:00,111000.8,111022.0,110931.7,110974.0,377.954,41943175.4426
2025-07-10 03:45:00,110974.0,111054.2,110962.6,111025.8,258.596,28707458.323
2025-07-10 04:00:00,111025.8,111025.9,110909.8,110910.1,249.194,27647102.1164
2025-07-10 04:15:00,110910.1,111031.6,110910.0,111011.1,199.105,22095692.1576
2025-07-10 04:30:00,111011.1,111110.9,111011.1,111110.9,272.538,30269883.628
2025-07-10 04:45:00,111110.9,111146.3,110997.6,111108.0,649.995,72189572.6125
2025-07-10 05:00:00,111108.0,111134.4,110863.1,110948.8,672.253,74604487.5191
2025-07-10 05:15:00,110948.8,110976.9,110897.9,110953.6,199.964,22183291.5099
2025-07-10 05:30:00,110953.6,110953.7,110904.5,110907.3,117.667,13051170.5979
2025-07-10 05:45:00,110907.3,111120.5,110895.2,111043.6,363.885,40395199.043
2025-07-10 06:00:00,111043.6,111140.0,111041.0,111099.9,756.289,84010796.3965
2025-07-10 06:15:00,111099.9,111274.2,111073.0,111229.6,1164.672,129464463.6923
2025-07-10 06:30:00,111229.6,111234.0,111091.9,111092.5,236.04,26242672.0944
2025-07-10 06:45:00,111092.5,111232.8,111092.4,111177.2,190.052,21131677.5996
2025-07-10 07:00:00,111177.2,111421.2,111166.0,111343.2,779.38,86761595.6619
2025-07-10 07:15:00,111343.2,111360.0,111250.0,111305.1,295.316,32870850.0536
2025-07-10 07:30:00,111305.1,111328.1,111166.7,111224.6,300.26,33400776.3744
2025-07-10 07:45:00,111224.6,111250.0,111092.0,111190.8,332.482,36963851.9229
2025-07-10 08:00:00,111190.8,111190.8,111077.9,111087.2,317.291,35257353.6636
2025-07-10 08:15:00,111087.2,111242.4,111087.1,111221.4,257.09,28586181.8951
2025-07-10 08:30:00,111221.4,111366.0,111221.4,111345.2,342.378,38104747.9366
2025-07-10 08:45:00,111345.2,111345.2,111180.3,111195.3,203.98,22692850.7149
2025-07-10 09:00:00,111195.3,111222.0,111100.4,111132.9,158.749,17645559.0804
2025-07-10 09:15:00,111132.9,111177.2,111057.1,111093.8,282.079,31339306.8678
2025-07-10 09:30:00,111093.8,111140.3,111040.0,111040.9,218.493,24271609.2621
2025-07-10 09:45:00,111040.9,111071.0,110956.0,110993.7,326.876,36287278.613
2025-07-10 10:00:00,110993.7,111044.1,110940.4,110940.5,230.912,25625520.2644
2025-07-10 10:15:00,110940.5,111028.1,110940.4,110951.1,232.024,25748471.8426
2025-07-10 10:30:00,110951.1,111012.3,110871.5,110900.7,471.86,52355466.8585
2025-07-10 10:45:00,110900.7,111082.3,110825.0,111033.8,491.731,54544674.6052
2025-07-10 11:00:00,111033.8,111133.2,110970.1,111044.6,347.69,38607610.6008
2025-07-10 11:15:00,111044.6,111136.1,111003.0,111112.1,126.931,14098081.0556
2025-07-10 11:30:00,111112.1,111112.1,110988.1,111044.0,161.285,17910057.4153
2025-07-10 11:45:00,111044.0,111053.4,110922.5,110979.5,291.369,32330427.3933
2025-07-10 12:00:00,110979.5,110979.5,110753.8,110767.6,874.89,96969328.9894
2025-07-10 12:15:00,110767.6,110906.0,110710.8,110876.8,615.614,68205368.4083
2025-07-10 12:30:00,110876.8,110891.8,110777.8,110791.1,175.072,19401941.3876
2025-07-10 12:45:00,110791.1,110827.0,110721.4,110827.0,349.651,38732515.3494
2025-07-10 13:00:00,110827.0,110952.6,110771.2,110844.2,565.939,62744881.9484
2025-07-10 13:15:00,110844.2,110996.6,110835.9,110996.2,362.044,40155647.7259
2025-07-10 13:30:00,110996.2,110996.2,110450.9,110763.4,1741.514,192722851.2897
2025-07-10 13:45:00,110763.4,110956.9,110550.0,110761.9,1243.623,137699143.382
2025-07-10 14:00:00,110761.9,111093.3,110592.3,111050.0,1078.998,119661221.0647
2025-07-10 14:15:00,111050.0,111282.2,110656.3,110820.3,1709.408,189697312.5633
2025-07-10 14:30:00,110820.3,111133.1,110783.7,111014.7,870.83,96665339.2671
2025-07-10 14:45:00,111014.7,111201.2,110949.3,111193.3,421.7,46852385.358
2025-07-10 15:00:00,111193.3,111260.0,110923.1,110953.3,608.299,67592436.8228
2025-07-10 15:15:00,110953.3,111336.0,110953.3,111280.6,750.117,83426341.5108
2025-07-10 15:30:00,111280.6,111379.2,111041.0,111134.0,937.133,104212875.6701
2025-07-10 15:45:00,111134.0,111365.0,111100.0,111359.2,411.667,45801026.1799
2025-07-10 16:00:00,111359.2,111463.5,111293.8,111421.6,858.144,95593210.4417
2025-07-10 16:15:00,111421.6,112539.9,111421.6,112350.0,6487.402,727140228.2973
2025-07-10 16:30:00,112350.0,112696.4,112349.9,112600.0,3483.281,392100761.4816
2025-07-10 16:45:00,112600.0,112632.5,112366.0,112605.0,1883.478,211915192.5203
2025-07-10 17:00:00,112605.0,113450.0,112449.3,113407.6,7948.845,897624622.9296
2025-07-10 17:15:00,113407.6,113438.8,113119.9,113429.1,1797.79,203648778.4997
2025-07-10 17:30:00,113429.1,113746.8,113384.2,113588.0,3060.265,347547107.0956
2025-07-10 17:45:00,113588.0,113789.3,113407.0,113692.8,1578.399,179339824.3953
2025-07-10 18:00:00,113692.8,113715.8,113277.0,113329.0,1388.684,157559761.416
2025-07-10 18:15:00,113329.0,113620.2,113082.3,113162.8,1982.747,224653623.1167
2025-07-10 18:30:00,113162.8,113277.0,112982.4,113035.9,1177.123,133109069.0543
2025-07-10 18:45:00,113035.9,113425.8,112960.0,113380.8,743.031,84114336.6475
2025-07-10 19:00:00,113380.8,113642.9,113380.8,113603.7,1428.173,162153038.0688
2025-07-10 19:15:00,113603.7,113617.7,113292.8,113292.8,949.147,107682681.461
2025-07-10 19:30:00,113292.8,113292.9,113061.0,113217.2,1068.546,120923608.6476
2025-07-10 19:45:00,113217.2,113367.5,113058.6,113247.4,640.163,72475034.3099
2025-07-10 20:00:00,113247.4,113467.0,113220.0,113397.0,820.135,92958050.1936
2025-07-10 20:15:00,113397.0,113456.9,113330.0,113386.7,283.739,32173625.8113
2025-07-10 20:30:00,113386.7,113539.8,113319.2,113537.3,874.227,99182855.5966
2025-07-10 20:45:00,113537.3,113557.3,113380.0,113435.8,650.62,73836099.3529
2025-07-10 21:00:00,113435.8,113677.0,113340.0,113614.3,867.983,98560530.0839
2025-07-10 21:15:00,113614.3,117896.7,113539.6,115693.0,23506.132,2721034880.0202
2025-07-10 21:30:00,115693.0,116778.1,115666.0,116257.4,4590.582,533716511.3287
2025-07-10 21:45:00,116257.4,116677.0,115896.0,116458.2,3321.089,386135268.1048
2025-07-10 22:00:00,116458.2,116485.5,115910.3,116065.3,2555.591,296954018.1636
2025-07-10 22:15:00,116065.3,116240.0,115833.4,115882.6,1923.601,223110682.3037
2025-07-10 22:30:00,115882.6,115945.7,115747.3,115932.4,1012.431,117290095.3327
2025-07-10 22:45:00,115932.4,116174.7,115892.8,115991.5,830.732,96415442.9237
2025-07-10 23:00:00,115991.5,116091.5,115874.6,115981.9,590.235,68451628.3634
2025-07-10 23:15:00,115981.9,115981.9,115760.1,115764.3,585.367,67805783.3948
2025-07-10 23:30:00,115764.3,115789.8,115617.4,115758.1,774.043,89548951.7556
2025-07-10 23:45:00,115758.1,116007.0,115704.0,115990.1,515.029,59692783.5198
2025-07-11 00:00:00,115990.1,116065.7,115850.1,115854.7,536.59,62226699.6121
2025-07-11 00:15:00,115854.7,115867.6,115200.0,115459.8,1869.53,215827716.2419
2025-07-11 00:30:00,115459.8,115693.9,115272.5,115419.9,731.417,84481869.5019
2025-07-11 00:45:00,115419.9,115722.2,115380.2,115555.4,543.745,62834276.9547
2025-07-11 01:00:00,115555.4,115633.1,115474.2,115622.4,508.131,58729022.4823
2025-07-11 01:15:00,115622.4,115950.0,115622.4,115920.0,522.635,60533990.6178
2025-07-11 01:30:00,115920.0,115978.6,115863.1,115978.0,291.385,33776373.2963
2025-07-11 01:45:00,115978.0,116071.6,115843.5,115952.7,410.472,47600801.8053
2025-07-11 02:00:00,115952.7,115975.1,115685.3,115950.0,357.863,41450863.4498
2025-07-11 02:15:00,115950.0,116288.1,115950.0,116257.6,1069.516,124241703.6391
2025-07-11 02:30:00,116257.6,116569.6,116220.0,116465.7,1184.182,137843768.1174
2025-07-11 02:45:00,116465.7,116772.6,116401.9,116634.9,1304.996,152161587.3013
2025-07-11 03:00:00,116634.9,116634.9,116406.2,116456.8,724.799,84451794.0371
2025-07-11 03:15:00,116456.8,116570.9,116353.0,116495.9,444.293,51742586.2447
2025-07-11 03:30:00,116495.9,116557.5,116390.2,116557.5,358.975,41809594.3425
2025-07-11 03:45:00,116557.5,116941.4,116557.5,116853.2,1108.003,129394581.7346
2025-07-11 04:00:00,116853.2,116853.2,116553.4,116610.1,625.028,72917961.7826
2025-07-11 04:15:00,116610.1,116656.5,116503.6,116539.5,488.177,56907757.867
2025-07-11 04:30:00,116539.5,116656.4,116461.1,116630.5,579.744,67562502.149
2025-07-11 04:45:00,116630.5,116917.3,116603.4,116883.2,1317.512,153917173.8614
2025-07-11 05:00:00,116883.2,117326.9,116882.4,117165.8,2602.554,304786040.6452
2025-07-11 05:15:00,117165.8,117475.9,117069.4,117454.4,1412.574,165674578.3187
2025-07-11 05:30:00,117454.4,118087.9,117388.0,117930.0,3780.788,445177688.9748
2025-07-11 05:45:00,117930.0,118387.0,117716.6,117832.0,5110.933,603292806.8932
2025-07-11 06:00:00,117832.0,118386.4,117784.2,118001.4,2251.007,265818486.0385
2025-07-11 06:15:00,118001.4,118300.0,117900.1,118116.1,966.94,114226363.0686
2025-07-11 06:30:00,118116.1,118160.8,117866.7,117939.5,975.287,115098310.4321
2025-07-11 06:45:00,117939.5,117971.3,117587.9,117639.2,1481.794,174466869.3159
2025-07-11 07:00:00,117639.2,117639.2,117436.6,117451.2,1093.218,128485614.8667
2025-07-11 07:15:00,117451.2,117882.9,117451.1,117854.9,1102.729,129779051.5134
2025-07-11 07:30:00,117854.9,118091.4,117744.0,117949.9,1021.728,120482394.279
2025-07-11 07:45:00,117949.9,117991.1,117533.0,117554.6,1034.208,121754898.2281
2025-07-11 08:00:00,117554.6,117809.9,117554.5,117777.4,804.081,94619997.5221
2025-07-11 08:15:00,117777.4,117974.9,117745.1,117959.0,542.158,63911806.17
2025-07-11 08:30:00,117959.0,118144.6,117811.3,117997.1,730.089,86138055.3299
2025-07-11 08:45:00,117997.1,118071.4,117928.9,117964.0,469.591,55406538.3465
2025-07-11 09:00:00,117964.0,118030.0,117864.9,118029.4,423.118,49912266.4933
2025-07-11 09:15:00,118029.4,118221.7,118024.1,118151.2,762.896,90136730.3292
2025-07-11 09:30:00,118151.2,118849.9,118113.8,118572.6,3466.825,411166511.2361
2025-07-11 09:45:00,118572.6,118732.4,118365.9,118448.7,1147.994,136065619.8315
2025-07-11 10:00:00,118448.7,118448.7,118068.1,118110.0,1308.845,154791784.0086
2025-07-11 10:15:00,118110.0,118312.4,118038.6,118231.2,1332.755,157481495.8214
2025-07-11 10:30:00,118231.2,118302.0,118010.2,118080.0,510.173,60261812.9429
2025-07-11 10:45:00,118080.0,118160.3,117929.6,117970.6,703.337,83005713.5118
2025-07-11 11:00:00,117970.6,118100.9,117690.9,117725.0,1072.761,126467629.3705
2025-07-11 11:15:00,117725.0,117739.6,117594.8,117681.8,748.593,88084700.7316
2025-07-11 11:30:00,117681.8,117818.8,117681.8,117757.0,583.704,68730324.7123
2025-07-11 11:45:00,117757.0,117942.6,117673.8,117801.6,499.2,58812788.8656
2025-07-11 12:00:00,117801.6,118224.9,117801.5,118208.3,802.819,94768545.5891
2025-07-11 12:15:00,118208.3,118208.4,117727.5,117727.6,767.016,90463693.1534
2025-07-11 12:30:00,117727.6,117872.0,117720.1,117745.6,431.409,50818244.0057
2025-07-11 12:45:00,117745.6,117899.9,117702.0,117856.2,442.258,52095697.9679
2025-07-11 13:00:00,117856.2,118021.6,117668.7,117781.2,1083.789,127670293.0547
2025-07-11 13:15:00,117781.2,117850.0,117594.8,117634.3,764.943,90038485.0935
2025-07-11 13:30:00,117634.3,117807.8,117253.8,117425.0,2633.466,309405763.3741
2025-07-11 13:45:00,117425.0,118176.7,117300.0,117977.9,1792.925,211122446.5304
2025-07-11 14:00:00,117977.9,118166.7,117766.7,117930.3,1005.015,118532564.2569
2025-07-11 14:15:00,117930.3,118050.0,117655.9,117899.7,762.87,89912590.4115
2025-07-11 14:30:00,117899.7,118155.2,117802.3,118004.8,592.431,69894927.4442
2025-07-11 14:45:00,118004.8,118014.8,117362.3,117849.9,1458.077,171516712.9936
2025-07-11 15:00:00,117849.9,117969.9,117551.1,117626.4,983.077,115780329.5167
2025-07-11 15:15:00,117626.4,117949.8,117574.7,117758.4,802.06,94429516.6771
2025-07-11 15:30:00,117758.4,117758.4,117375.5,117410.8,1187.548,139517523.6101
2025-07-11 15:45:00,117410.8,117464.4,116727.4,116908.7,3675.051,430002770.9425
2025-07-11 16:00:00,116908.7,117171.3,116600.8,116857.8,2330.527,272323278.5067
2025-07-11 16:15:00,116857.8,117281.4,116642.4,117281.4,1412.464,165285332.5057
2025-07-11 16:30:00,117281.4,117429.0,117200.8,117307.7,798.592,93702638.3693
2025-07-11 16:45:00,117307.7,117464.4,117102.0,117402.7,590.51,69270748.8861
2025-07-11 17:00:00,117402.7,117758.9,117339.3,117481.8,1267.666,149080236.253
2025-07-11 17:15:00,117481.8,117666.7,117339.4,117509.9,694.031,81545461.9329
2025-07-11 17:30:00,117509.9,117566.6,117240.9,117390.8,475.176,55772203.7385
2025-07-11 17:45:00,117390.8,117672.4,117381.5,117623.6,374.362,43999796.0526
2025-07-11 18:00:00,117623.6,117733.6,117473.7,117557.7,525.666,61822699.6813
2025-07-11 18:15:00,117557.7,117650.0,117290.0,117328.3,426.012,50056384.19
2025-07-11 18:30:00,117328.3,117626.3,117290.0,117610.2,340.642,40012474.4601
2025-07-11 18:45:00,117610.2,117714.8,117476.8,117691.0,284.561,33475112.072
2025-07-11 19:00:00,117691.0,117728.5,117411.7,117728.2,544.243,63989997.9711
2025-07-11 19:15:00,117728.2,118117.7,117698.1,117868.7,1602.545,189000206.7732
2025-07-11 19:30:00,117868.7,117945.8,117744.1,117800.0,650.847,76701430.7811
2025-07-11 19:45:00,117800.0,118101.0,117765.0,118079.2,1138.928,134291282.8601
2025-07-11 20:00:00,118079.2,118079.3,117815.5,117921.9,514.871,60718205.0161
2025-07-11 20:15:00,117921.9,118029.6,117824.0,117913.7,469.321,55330437.4797
2025-07-11 20:30:00,117913.7,117917.4,117730.0,117785.4,528.204,62229581.3775
2025-07-11 20:45:00,117785.4,117859.0,117608.5,117624.5,517.049,60876985.3075
2025-07-11 21:00:00,117624.5,117726.3,117509.2,117617.4,681.33,80121390.424
2025-07-11 21:15:00,117617.4,117864.6,117563.6,117819.0,373.574,43981517.3031
2025-07-11 21:30:00,117819.0,117819.0,117415.8,117445.5,525.256,61757283.8345
2025-07-11 21:45:00,117445.5,117649.9,117428.2,117590.0,353.729,41578521.6718
2025-07-11 22:00:00,117590.0,117622.5,117465.2,117465.6,238.42,28028804.8169
2025-07-11 22:15:00,117465.6,117543.1,117153.0,117232.8,941.491,110485606.5578
2025-07-11 22:30:00,117232.8,117643.6,117114.1,117391.2,1118.01,131261572.5145
2025-07-11 22:45:00,117391.2,117600.0,117356.2,117590.5,241.374,28363890.2081
2025-07-11 23:00:00,117590.5,117643.8,117535.3,117635.0,318.887,37504660.313
2025-07-11 23:15:00,117635.0,117635.0,117531.4,117586.1,192.379,22622452.3652
2025-07-11 23:30:00,117586.1,117630.0,117479.9,117554.3,146.26,17195287.1583
2025-07-11 23:45:00,117554.3,117611.0,117410.7,117508.8,170.315,20015120.067
2025-07-12 00:00:00,117508.8,117633.0,117443.9,117523.6,220.885,25960518.8108
2025-07-12 00:15:00,117523.6,117528.3,117443.2,117492.0,216.277,25410596.3916
2025-07-12 00:30:00,117492.0,117492.1,117101.9,117210.5,998.481,117054369.6927
2025-07-12 00:45:00,117210.5,117379.4,117170.7,117379.3,230.128,26990382.312
2025-07-12 01:00:00,117379.3,117669.6,117379.3,117579.6,549.382,64581332.754
2025-07-12 01:15:00,117579.6,117660.0,117549.8,117660.0,217.336,25559904.9268
2025-07-12 01:30:00,117660.0,117660.0,117510.3,117572.6,172.42,20276330.9023
2025-07-12 01:45:00,117572.6,117666.0,117559.7,117618.0,147.431,17339859.1537
2025-07-12 02:00:00,117618.0,117714.3,117566.1,117641.7,190.711,22438435.4092
2025-07-12 02:15:00,117641.7,117779.7,117619.5,117700.3,232.101,27324862.6838
2025-07-12 02:30:00,117700.3,117728.1,117642.5,117649.3,116.784,13743660.9432
2025-07-12 02:45:00,117649.3,117653.9,117531.4,117572.9,202.414,23800288.3284
2025-07-12 03:00:00,117572.9,117761.6,117572.8,117761.6,74.474,8763455.0605
2025-07-12 03:15:00,117761.6,117816.3,117723.3,117800.2,259.235,30532330.3427
2025-07-12 03:30:00,117800.2,117820.0,117672.2,117672.3,239.074,28150280.6028
2025-07-12 03:45:00,117672.3,117759.5,117604.8,117752.5,204.53,24067241.304
2025-07-12 04:00:00,117752.5,117843.8,117698.1,117781.1,203.48,23963041.8708
2025-07-12 04:15:00,117781.1,117833.3,117666.9,117833.3,192.56,22672731.307
2025-07-12 04:30:00,117833.3,117833.3,117645.3,117687.4,95.093,11195249.4817
2025-07-12 04:45:00,117687.4,117691.9,117547.0,117619.2,228.468,26869542.9868
2025-07-12 05:00:00,117619.2,117641.5,117495.3,117507.1,170.212,20005529.8123
2025-07-12 05:15:00,117507.1,117580.0,117456.2,117580.0,191.101,22455489.8564
2025-07-12 05:30:00,117580.0,117650.6,117516.6,117584.8,153.637,18068079.5671
2025-07-12 05:45:00,117584.8,117674.5,117573.5,117641.0,118.747,13966823.9361
2025-07-12 06:00:00,117641.0,117727.4,117613.0,117676.2,188.144,22139645.4862
2025-07-12 06:15:00,117676.2,117917.4,117657.0,117865.0,308.898,36391735.0515
2025-07-12 06:30:00,117865.0,117954.2,117790.0,117905.4,280.63,33087851.2557
2025-07-12 06:45:00,117905.4,117933.5,117800.0,117800.1,195.813,23080936.7179
2025-07-12 07:00:00,117800.1,118035.2,117788.0,117916.8,438.111,51667421.5909
2025-07-12 07:15:00,117916.8,118000.0,117855.0,117894.4,248.655,29321504.6563
2025-07-12 07:30:00,117894.4,117894.4,117673.0,117678.8,268.281,31588556.9359
2025-07-12 07:45:00,117678.8,117685.2,117562.0,117683.9,460.053,54112182.3835
2025-07-12 08:00:00,117683.9,117789.7,117683.9,117789.7,165.882,19531638.8234
2025-07-12 08:15:00,117789.7,117831.4,117765.1,117814.3,119.685,14099825.4566
2025-07-12 08:30:00,117814.3,117814.4,117722.0,117774.0,247.357,29129669.4648
2025-07-12 08:45:00,117774.0,117902.9,117663.0,117864.6,489.991,57720949.3052
2025-07-12 09:00:00,117864.6,117880.0,117818.0,117829.1,159.51,18798065.3912
2025-07-12 09:15:00,117829.1,118000.0,117829.0,117940.0,705.018,83154581.1092
2025-07-12 09:30:00,117940.0,118023.8,117867.8,118023.8,490.248,57827879.0101
2025-07-12 09:45:00,118023.8,118195.1,117988.0,118123.9,1067.636,126095329.215
2025-07-12 10:00:00,118123.9,118123.9,117837.4,117960.8,784.695,92575173.4614
2025-07-12 10:15:00,117960.8,118063.4,117936.6,118035.0,369.079,43553725.2576
2025-07-12 10:30:00,118035.0,118097.6,118000.0,118050.1,130.131,15362472.3882
2025-07-12 10:45:00,118050.1,118106.6,117950.0,118034.3,209.007,24666675.3531
2025-07-12 11:00:00,118034.3,118075.0,117871.0,117901.1,505.541,59621115.0311
2025-07-12 11:15:00,117901.1,118032.3,117872.1,117963.7,349.291,41204518.9234
2025-07-12 11:30:00,117963.7,118031.7,117580.0,117634.8,1447.715,170509922.4332
2025-07-12 11:45:00,117634.8,117775.9,117634.8,117772.2,535.893,63077513.0911
2025-07-12 12:00:00,117772.2,117825.8,117671.5,117743.2,381.257,44884167.0915
2025-07-12 12:15:00,117743.2,117743.2,117615.8,117629.1,336.9,39643741.6551
2025-07-12 12:30:00,117629.1,117694.5,117380.4,117450.1,1316.508,154720152.7371
2025-07-12 12:45:00,117450.1,117500.0,117250.1,117493.9,1235.625,145041567.8053
2025-07-12 13:00:00,117493.9,117523.5,117328.0,117433.2,868.881,102031947.7242
2025-07-12 13:15:00,117433.2,117433.2,117220.9,117252.7,650.271,76282236.6969
2025-07-12 13:30:00,117252.7,117433.0,117190.0,117330.4,639.406,75011164.4018
2025-07-12 13:45:00,117330.4,117481.0,117218.7,117472.1,441.716,51838917.1435
2025-07-12 14:00:00,117472.1,117701.7,117365.2,117572.9,851.43,100105988.9387
2025-07-12 14:15:00,117572.9,117672.6,117486.1,117606.2,390.562,45924918.4423
2025-07-12 14:30:00,117606.2,117607.9,117340.0,117424.9,464.477,54554546.2983
2025-07-12 14:45:00,117424.9,117425.0,117263.1,117341.9,306.827,36000125.1602
2025-07-12 15:00:00,117341.9,117385.3,117191.4,117385.3,651.865,76451676.0975
2025-07-12 15:15:00,117385.3,117420.0,117107.0,117290.6,1075.515,126121488.3672
2025-07-12 15:30:00,117290.6,117405.0,116923.2,116949.9,1353.525,158475268.4171
2025-07-12 15:45:00,116949.9,117117.0,116868.1,117066.3,1108.618,129692921.1097
2025-07-12 16:00:00,117066.3,117246.0,117007.3,117229.9,678.376,79470280.4392
2025-07-12 16:15:00,117229.9,117327.9,117206.9,117254.8,298.406,34996464.4659
2025-07-12 16:30:00,117254.8,117350.0,117210.0,117234.1,437.576,51322742.1491
2025-07-12 16:45:00,117234.1,117296.9,117101.4,117152.6,172.013,20156571.197
2025-07-12 17:00:00,117152.6,117295.2,117130.4,117251.8,140.014,16410146.2871
2025-07-12 17:15:00,117251.8,117420.0,117251.8,117416.3,261.748,30718302.2817
2025-07-12 17:30:00,117416.3,117520.7,117366.0,117428.7,295.154,34664462.3534
2025-07-12 17:45:00,117428.7,117470.0,117360.0,117436.8,274.786,32264537.8623
2025-07-12 18:00:00,117436.8,117460.0,117400.0,117418.4,151.752,17818819.1118
2025-07-12 18:15:00,117418.4,117438.8,117344.6,117381.1,133.79,15703737.4748
2025-07-12 18:30:00,117381.1,117453.0,117330.0,117330.0,112.293,13181692.1979
2025-07-12 18:45:00,117330.0,117482.2,117327.9,117464.9,274.932,32272756.9461
2025-07-12 19:00:00,117464.9,117601.4,117437.2,117561.3,356.233,41867024.4624
2025-07-12 19:15:00,117561.3,117600.0,117395.3,117395.4,214.49,25206649.9153
2025-07-12 19:30:00,117395.4,117587.2,117395.3,117553.5,163.987,19265997.6116
2025-07-12 19:45:00,117553.5,117582.9,117478.9,117511.2,114.839,13497156.7176
2025-07-12 20:00:00,117511.2,117511.2,117402.1,117402.1,103.795,12191694.8124
2025-07-12 20:15:00,117402.1,117424.7,117360.4,117400.0,81.477,9564374.2444
2025-07-12 20:30:00,117400.0,117400.1,117267.4,117289.4,174.593,20481984.1887
2025-07-12 20:45:00,117289.4,117317.7,116963.3,116963.3,592.574,69402416.6478
2025-07-12 21:00:00,116963.3,117235.6,116940.0,117084.7,526.411,61645685.0976
2025-07-12 21:15:00,117084.7,117282.6,117084.6,117259.2,213.0,24962214.8239
2025-07-12 21:30:00,117259.2,117514.8,117230.0,117514.7,235.589,27659883.6196
2025-07-12 21:45:00,117514.7,117515.0,117332.8,117445.1,295.86,34732919.2861
2025-07-12 22:00:00,117445.1,117518.9,117363.9,117406.2,126.944,14908504.2715
2025-07-12 22:15:00,117406.2,117423.6,117254.0,117423.5,105.535,12384064.8434
2025-07-12 22:30:00,117423.5,117480.3,117335.1,117361.0,123.627,14513612.2083
2025-07-12 22:45:00,117361.0,117370.8,117296.9,117338.0,78.739,9239177.7312
2025-07-12 23:00:00,117338.0,117367.6,117154.3,117207.6,187.845,22021500.6294
2025-07-12 23:15:00,117207.6,117323.6,117207.5,117233.5,126.956,14887200.6495
2025-07-12 23:30:00,117233.5,117259.4,117190.2,117207.8,62.707,7351032.9837
2025-07-12 23:45:00,117207.8,117427.7,117207.8,117369.9,276.38,32432463.949
2025-07-13 00:00:00,117369.9,117412.5,117240.0,117275.8,167.661,19667467.837
2025-07-13 00:15:00,117275.8,117379.3,117192.0,117342.0,224.835,26377217.881
2025-07-13 00:30:00,117342.0,117387.1,117210.0,117387.0,113.784,13348853.6728
2025-07-13 00:45:00,117387.0,117387.1,117258.7,117258.7,209.985,24635728.9291
2025-07-13 01:00:00,117258.7,117360.0,117250.0,117278.4,113.938,13364427.2452
2025-07-13 01:15:00,117278.4,117383.0,117173.3,117348.2,323.406,37930451.6516
2025-07-13 01:30:00,117348.2,117493.9,117327.0,117493.9,374.947,44029127.4242
2025-07-13 01:45:00,117493.9,117623.6,117479.8,117510.4,654.505,76949718.5306
2025-07-13 02:00:00,117510.4,117510.4,117422.0,117422.0,112.388,13201759.5239
2025-07-13 02:15:00,117422.0,117422.1,117352.4,117369.8,201.755,23683154.2972
2025-07-13 02:30:00,117369.8,117455.2,117352.3,117455.1,69.566,8166571.7967
2025-07-13 02:45:00,117455.1,117787.9,117455.1,117556.9,590.454,69466697.831
2025-07-13 03:00:00,117556.9,117645.1,117539.4,117547.4,171.912,20212708.4532
2025-07-13 03:15:00,117547.4,117730.0,117527.8,117717.1,211.414,24873426.9879
2025-07-13 03:30:00,117717.1,117769.6,117690.7,117690.8,212.657,25036884.2564
2025-07-13 03:45:00,117690.8,117745.0,117618.1,117706.6,156.831,18457361.0069
2025-07-13 04:00:00,117706.6,117733.7,117627.1,117707.7,102.28,12037190.2427
2025-07-13 04:15:00,117707.7,117780.0,117677.6,117721.9,139.128,16380791.2448
2025-07-13 04:30:00,117721.9,117820.0,117707.8,117775.0,187.505,22083096.9493
2025-07-13 04:45:00,117775.0,117852.0,117774.9,117834.9,188.278,22184240.615
2025-07-13 05:00:00,117834.9,117861.4,117801.0,117811.4,210.009,24746838.7304
2025-07-13 05:15:00,117811.4,117811.4,117732.2,117788.5,123.305,14521599.0648
2025-07-13 05:30:00,117788.5,117853.9,117682.4,117720.2,147.097,17327287.5214
2025-07-13 05:45:00,117720.2,117726.5,117638.7,117717.0,153.723,18090269.9841
2025-07-13 06:00:00,117717.0,117750.0,117689.8,117731.1,82.517,9714767.7611
2025-07-13 06:15:00,117731.1,117803.0,117714.8,117793.2,131.382,15472907.6673
2025-07-13 06:30:00,117793.2,117950.0,117793.1,117930.1,393.386,46377971.7166
2025-07-13 06:45:00,117930.1,117930.1,117836.4,117836.5,114.831,13535528.8838
2025-07-13 07:00:00,117836.5,117868.1,117800.0,117838.0,76.748,9043308.2442
2025-07-13 07:15:00,117838.0,117944.9,117837.9,117944.8,230.53,27182869.2671
2025-07-13 07:30:00,117944.8,118023.0,117912.6,117912.9,531.003,62641507.1257
2025-07-13 07:45:00,117912.9,117962.3,117846.5,117950.8,329.735,38877106.1165
2025-07-13 08:00:00,117950.8,117963.2,117870.9,117909.3,186.832,22028113.0329
2025-07-13 08:15:00,117909.3,117909.3,117749.9,117800.0,345.275,40675542.2517
2025-07-13 08:30:00,117800.0,117800.0,117750.5,117750.6,103.825,12227688.7109
2025-07-13 08:45:00,117750.6,117898.5,117703.9,117857.8,339.448,39986947.8172
2025-07-13 09:00:00,117857.8,117863.3,117832.3,117832.4,75.759,8928449.1744
2025-07-13 09:15:00,117832.4,117832.4,117749.0,117826.0,194.162,22872020.0817
2025-07-13 09:30:00,117826.0,117826.0,117653.1,117765.7,312.218,36754193.2462
2025-07-13 09:45:00,117765.7,117765.7,117695.4,117695.5,84.014,9890331.4776
2025-07-13 10:00:00,117695.5,117810.0,117695.4,117795.1,130.122,15326040.5843
2025-07-13 10:15:00,117795.1,117795.1,117741.9,117750.0,64.018,7538460.7845
2025-07-13 10:30:00,117750.0,117750.0,117706.2,117733.1,79.198,9324151.3128
2025-07-13 10:45:00,117733.1,117750.0,117687.0,117715.3,106.333,12516201.155
2025-07-13 11:00:00,117715.3,117855.8,117715.2,117854.4,166.359,19600161.455
2025-07-13 11:15:00,117854.4,118045.6,117813.4,118011.9,561.697,66249753.7702
2025-07-13 11:30:00,118011.9,118012.0,117902.3,117951.1,274.998,32434978.2238
2025-07-13 11:45:00,117951.1,118054.5,117912.0,118029.9,195.216,23032153.6727
2025-07-13 12:00:00,118029.9,118090.0,117929.6,117990.2,287.918,33979820.9285
2025-07-13 12:15:00,117990.2,118150.0,117990.1,118137.1,502.028,59282288.8654
2025-07-13 12:30:00,118137.1,118137.1,118000.0,118087.9,484.258,57176350.3545
2025-07-13 12:45:00,118087.9,118602.8,118022.0,118365.9,3475.005,411258116.3943
2025-07-13 13:00:00,118365.9,118530.0,118073.3,118113.7,1043.689,123456365.577
2025-07-13 13:15:00,118113.7,118289.8,118113.6,118255.5,539.957,63837165.9276
2025-07-13 13:30:00,118255.5,118680.4,118249.5,118553.9,1666.043,197431891.2706
2025-07-13 13:45:00,118553.9,118749.7,118431.4,118556.2,1037.679,123090403.2798
2025-07-13 14:00:00,118556.2,118618.6,118412.0,118582.4,535.81,63499276.3618
2025-07-13 14:15:00,118582.4,119390.4,118582.3,119110.4,5950.411,708583405.5134
2025-07-13 14:30:00,119110.4,119130.0,118641.6,118699.9,1545.849,183786440.1569
2025-07-13 14:45:00,118699.9,118820.0,118293.3,118700.0,1778.363,210773300.3689
2025-07-13 15:00:00,118700.0,119099.6,118583.5,118943.3,1237.026,147021442.0591
2025-07-13 15:15:00,118943.3,118970.0,118772.1,118852.2,441.44,52483204.5856
2025-07-13 15:30:00,118852.2,118852.2,118486.0,118536.0,830.282,98503085.5462
2025-07-13 15:45:00,118536.0,118708.3,118475.0,118623.0,364.706,43259289.5826
2025-07-13 16:00:00,118623.0,118833.7,118585.4,118722.3,411.506,48860422.3863
2025-07-13 16:15:00,118722.3,118941.6,118684.1,118754.0,890.781,105838768.5098
2025-07-13 16:30:00,118754.0,118820.0,118629.7,118789.6,293.782,34879676.3155
2025-07-13 16:45:00,118789.6,118819.9,118441.2,118461.6,590.644,70034206.7322
2025-07-13 17:00:00,118461.6,118592.4,118320.0,118546.2,505.435,59858185.9772
2025-07-13 17:15:00,118546.2,118670.0,118488.9,118604.8,297.431,35271561.4075
2025-07-13 17:30:00,118604.8,118723.1,118604.8,118689.9,167.652,19898296.6049
2025-07-13 17:45:00,118689.9,118790.1,118591.5,118631.9,463.951,55071541.3674
2025-07-13 18:00:00,118631.9,118763.4,118520.0,118709.4,333.415,39559298.6261
2025-07-13 18:15:00,118709.4,119015.0,118690.5,118957.5,433.878,51589604.9239
2025-07-13 18:30:00,118957.5,118963.8,118800.1,118842.0,322.241,38314393.6039
2025-07-13 18:45:00,118842.0,118984.4,118777.0,118939.4,273.668,32536212.2159
2025-07-13 19:00:00,118939.4,119057.7,118897.2,119023.5,269.697,32091007.6042
2025-07-13 19:15:00,119023.5,119299.9,118984.4,119196.2,752.266,89642894.2519
2025-07-13 19:30:00,119196.2,119474.9,118941.5,119031.1,1670.423,199190862.9769
2025-07-13 19:45:00,119031.1,119196.1,118857.2,118918.6,505.927,60215742.4621
2025-07-13 20:00:00,118918.6,118938.6,118778.9,118914.8,376.818,44793158.2155
2025-07-13 20:15:00,118914.8,119247.6,118914.7,119221.8,318.217,37897200.306
2025-07-13 20:30:00,119221.8,119347.8,119009.1,119009.1,464.801,55415772.5924
2025-07-13 20:45:00,119009.1,119122.8,118951.4,119018.3,300.166,35729646.6713
2025-07-13 21:00:00,119018.3,119018.3,118800.0,118841.1,420.21,49964986.1382
2025-07-13 21:15:00,118841.1,118974.7,118822.2,118892.0,186.291,22149791.6123
2025-07-13 21:30:00,118892.0,118892.0,118430.0,118650.2,1009.076,119708960.1612
2025-07-13 21:45:00,118650.2,118814.2,118500.0,118599.0,400.251,47502383.5616
2025-07-13 22:00:00,118599.0,118599.1,118168.2,118348.1,954.997,113057051.7211
2025-07-13 22:15:00,118348.1,118475.0,118232.0,118364.3,384.152,45466448.1182
2025-07-13 22:30:00,118364.3,118725.9,118364.3,118709.9,394.306,46760012.951
2025-07-13 22:45:00,118709.9,118734.7,118464.7,118464.7,199.78,23703640.2432
2025-07-13 23:00:00,118464.7,118597.7,118335.1,118524.4,320.578,37975645.0556
2025-07-13 23:15:00,118524.4,118720.0,118520.0,118606.5,308.189,36555355.2043
2025-07-13 23:30:00,118606.5,118750.0,118600.0,118650.0,147.499,17502937.4658
2025-07-13 23:45:00,118650.0,119175.6,118641.8,119050.2,1212.606,144251553.3447
2025-07-14 00:00:00,119050.2,119106.9,118877.8,119106.8,493.3,58688846.9506
2025-07-14 00:15:00,119106.8,119442.3,118964.6,119149.9,1044.634,124579477.9045
2025-07-14 00:30:00,119149.9,119370.5,119018.8,119338.4,502.641,59909472.2015
2025-07-14 00:45:00,119338.4,119386.0,119029.6,119033.9,496.804,59219471.4367
2025-07-14 01:00:00,119033.9,119150.1,118908.7,118932.3,455.013,54148083.5844
2025-07-14 01:15:00,118932.3,118998.0,118866.5,118879.2,368.473,43820884.6276
2025-07-14 01:30:00,118879.2,119206.5,118859.2,119121.3,317.765,37820640.266
2025-07-14 01:45:00,119121.3,119130.1,118959.7,119054.9,520.789,62003448.6892
2025-07-14 02:00:00,119054.9,119120.0,118926.1,119120.0,343.117,40861287.9166
2025-07-14 02:15:00,119120.0,119886.0,119050.7,119802.8,2877.537,344265992.044
2025-07-14 02:30:00,119802.8,119924.7,119599.9,119721.0,1112.192,133152517.351
2025-07-14 02:45:00,119721.0,120000.0,119410.1,119615.0,1748.843,209407194.5831
2025-07-14 03:00:00,119615.0,119912.8,119553.9,119840.3,579.668,69421167.0075
2025-07-14 03:15:00,119840.3,119936.8,119740.6,119884.8,655.362,78544023.6589
2025-07-14 03:30:00,119884.8,121600.0,119782.0,121149.2,10934.044,1320462073.2029
2025-07-14 03:45:00,121149.2,121200.0,120626.5,120725.0,2455.786,296826747.3415
2025-07-14 04:00:00,120725.0,120852.7,120509.2,120795.4,1666.354,201098124.0149
2025-07-14 04:15:00,120795.4,121076.9,120795.3,120929.9,1173.972,141975460.6864
2025-07-14 04:30:00,120929.9,121263.2,120821.0,121208.6,1639.282,198395991.8502
2025-07-14 04:45:00,121208.6,121439.9,121149.0,121385.5,2012.054,244077445.836
2025-07-14 05:00:00,121385.5,121453.2,121112.7,121453.2,937.222,113673382.4821
2025-07-14 05:15:00,121453.2,122685.1,121324.4,122300.1,8014.65,978125903.2043
2025-07-14 05:30:00,122300.1,122440.2,122080.3,122279.9,1763.912,215661767.2724
2025-07-14 05:45:00,122279.9,122495.7,121866.3,122446.2,2378.75,290576951.4019
2025-07-14 06:00:00,122446.2,122458.4,122018.1,122120.3,1277.397,156069147.7235
2025-07-14 06:15:00,122120.3,122435.5,122083.4,122405.9,1091.982,133545437.0558
2025-07-14 06:30:00,122405.9,122406.0,122061.1,122119.5,821.341,100333027.9474
2025-07-14 06:45:00,122119.5,122152.8,122039.5,122120.0,400.627,48913482.9489
2025-07-14 07:00:00,122120.0,122431.4,122074.2,122209.2,844.185,103184920.2123
2025-07-14 07:15:00,122209.2,122442.0,122200.0,122298.3,539.849,66043521.4265
2025-07-14 07:30:00,122298.3,123250.0,122296.0,122850.1,4472.345,549474423.7155
2025-07-14 07:45:00,122850.1,122958.0,122635.8,122741.2,1276.058,156679926.1129
2025-07-14 08:00:00,122741.2,122758.0,122304.1,122372.0,1686.811,206611024.0686
2025-07-14 08:15:00,122372.0,122492.8,122275.0,122421.9,668.741,81828069.4197
2025-07-14 08:30:00,122421.9,122667.3,122421.9,122641.1,557.346,68307997.4255
2025-07-14 08:45:00,122641.1,122688.6,122488.8,122556.8,535.663,65665324.9299
2025-07-14 09:00:00,122556.8,122573.6,122186.7,122257.6,730.223,89339709.2519
2025-07-14 09:15:00,122257.6,122299.0,121850.0,122000.0,1635.232,199667841.162
2025-07-14 09:30:00,122000.0,122213.7,121880.0,121993.7,1078.264,131593851.76
2025-07-14 09:45:00,121993.7,122150.0,121921.7,121990.2,634.901,77476302.5841
2025-07-14 10:00:00,121990.2,121997.0,121659.2,121812.0,1220.124,148612920.6387
2025-07-14 10:15:00,121812.0,121999.8,121760.0,121923.5,589.035,71795389.7307
2025-07-14 10:30:00,121923.5,122169.3,121863.0,122058.9,1072.075,130855222.3448
2025-07-14 10:45:00,122058.9,122099.2,121911.5,121911.6,543.8,66325975.5719
2025-07-14 11:00:00,121911.6,121911.6,121672.8,121685.1,491.511,59853801.4253
2025-07-14 11:15:00,121685.1,121717.4,121350.0,121521.6,1494.107,181555118.1012
2025-07-14 11:30:00,121521.6,121666.5,121356.8,121605.6,855.005,103910522.7005
2025-07-14 11:45:00,121605.6,121690.0,121474.9,121480.1,433.094,52648284.2331
2025-07-14 12:00:00,121480.1,121890.6,121401.3,121806.8,888.259,108105546.5038
2025-07-14 12:15:00,121806.8,121892.7,121684.9,121800.0,571.091,69554351.2731
2025-07-14 12:30:00,121800.0,121914.6,121651.2,121858.9,534.348,65066964.688
2025-07-14 12:45:00,121858.9,121922.9,121800.0,121895.3,386.139,47059298.9898
2025-07-14 13:00:00,121895.3,121943.4,121763.5,121871.9,329.941,40208780.5765
2025-07-14 13:15:00,121871.9,121871.9,121581.1,121687.4,583.669,71021491.7573
2025-07-14 13:30:00,121687.4,121844.0,121160.0,121792.1,2428.101,294889950.4202
2025-07-14 13:45:00,121792.1,122100.0,121542.2,121680.1,2104.204,256413525.3933
2025-07-14 14:00:00,121680.1,121877.1,121453.8,121766.6,1091.162,132793226.237
2025-07-14 14:15:00,121766.6,121958.6,121103.0,121449.5,2458.638,298698530.0921
2025-07-14 14:30:00,121449.5,121472.1,120712.5,120928.1,3186.406,385366448.9169
2025-07-14 14:45:00,120928.1,121210.8,120636.3,121174.4,1852.747,224046614.1022
2025-07-14 15:00:00,121174.4,121182.0,120439.7,120721.8,1967.349,237502355.3433
2025-07-14 15:15:00,120721.8,120760.3,120347.2,120407.3,1686.906,203193544.9993
2025-07-14 15:30:00,120407.3,120420.8,120110.0,120140.0,1944.5,233770841.0596
2025-07-14 15:45:00,120140.0,120150.1,119609.8,119889.3,4265.491,511084451.2725
2025-07-14 16:00:00,119889.3,119929.3,119370.2,119421.8,2151.612,257432269.6086
2025-07-14 16:15:00,119421.8,120088.0,119232.4,120060.0,3402.932,407002443.3462
2025-07-14 16:30:00,120060.0,120060.0,119734.2,119828.1,899.252,107803411.9615
2025-07-14 16:45:00,119828.1,120318.0,119706.9,120287.7,1729.651,207760525.291
2025-07-14 17:00:00,120287.7,120535.9,120219.7,120493.2,1444.783,173983588.4849
2025-07-14 17:15:00,120493.2,120493.2,120070.5,120169.2,1195.766,143813918.9534
2025-07-14 17:30:00,120169.2,120274.3,119870.0,119945.7,799.667,95987086.9922
2025-07-14 17:45:00,119945.7,120049.1,119791.0,119921.8,766.462,91893310.3842
2025-07-14 18:00:00,119921.8,120120.2,119754.3,119812.8,543.359,65149714.2329
2025-07-14 18:15:00,119812.8,120200.5,119808.0,120124.2,410.827,49317009.0773
2025-07-14 18:30:00,120124.2,120194.4,119842.3,119890.0,340.032,40801332.8161
2025-07-14 18:45:00,119890.0,119890.1,119620.0,119639.9,610.742,73114919.5912
2025-07-14 19:00:00,119639.9,120113.7,119601.0,119810.4,598.887,71764891.5975
2025-07-14 19:15:00,119810.4,119893.4,119676.8,119790.0,342.641,41039061.4986
2025-07-14 19:30:00,119790.0,120096.0,119702.6,119812.9,798.492,95731553.9352
2025-07-14 19:45:00,119812.9,120073.2,119673.3,119950.0,494.86,59296689.7567
2025-07-14 20:00:00,119950.0,119950.0,119637.9,119744.6,323.103,38698415.3281
2025-07-14 20:15:00,119744.6,119997.0,119501.6,119995.5,572.509,68558084.1837
2025-07-14 20:30:00,119995.5,120268.7,119938.0,120251.6,534.409,64198113.8419
2025-07-14 20:45:00,120251.6,120458.8,120136.3,120136.3,1512.082,181918872.3873
2025-07-14 21:00:00,120136.3,120189.7,119820.0,119820.1,867.974,104177768.851
2025-07-14 21:15:00,119820.1,120131.9,119811.0,119965.8,340.104,40811573.0544
2025-07-14 21:30:00,119965.8,120096.4,119921.9,119978.6,251.596,30193209.4434
2025-07-14 21:45:00,119978.6,120246.0,119978.6,120018.1,208.21,25011666.6274
2025-07-14 22:00:00,120018.1,120260.0,119916.7,120196.1,355.226,42645152.9013
2025-07-14 22:15:00,120196.1,120312.1,120096.4,120280.1,327.263,39342737.865
2025-07-14 22:30:00,120280.1,120290.0,120016.9,120137.3,202.643,24351314.3384
2025-07-14 22:45:00,120137.3,120156.7,120021.1,120041.2,108.49,13029010.6721
2025-07-14 23:00:00,120041.2,120053.1,119873.5,119957.3,391.373,46947220.8841
2025-07-14 23:15:00,119957.3,119957.4,119775.0,119814.7,233.716,28008432.4774
2025-07-14 23:30:00,119814.7,119966.5,119793.9,119842.2,188.288,22574775.6396
2025-07-14 23:45:00,119842.2,119868.2,119765.3,119841.6,298.005,35707468.3135
2025-07-15 00:00:00,119841.6,119865.3,119611.0,119614.7,630.083,75437507.5245
2025-07-15 00:15:00,119614.7,119946.6,119532.4,119877.7,521.873,62462982.9808
2025-07-15 00:30:00,119877.7,119877.8,119050.7,119389.3,1552.648,185383996.6735
2025-07-15 00:45:00,119389.3,119561.1,119300.0,119479.9,594.613,71034482.4319
2025-07-15 01:00:00,119479.9,119519.0,119131.8,119204.9,853.968,101819506.7444
2025-07-15 01:15:00,119204.9,119394.1,118757.0,119028.6,2234.572,265864415.9616
2025-07-15 01:30:00,119028.6,119459.5,119000.0,119248.1,1336.276,159394024.0958
2025-07-15 01:45:00,119248.1,119424.6,118329.9,118477.4,2856.979,339446564.2293
2025-07-15 02:00:00,118477.4,118870.0,118200.2,118271.5,2164.479,256543818.3292
2025-07-15 02:15:00,118271.5,118300.0,117816.6,117923.9,3822.708,451102424.2268
2025-07-15 02:30:00,117923.9,118321.9,117875.0,118280.5,2661.88,314378874.7461
2025-07-15 02:45:00,118280.5,118444.0,118212.5,118270.3,995.735,117825987.0853
2025-07-15 03:00:00,118270.3,118270.3,117309.4,117620.0,4280.133,503781312.0428
2025-07-15 03:15:00,117620.0,117621.6,117136.4,117523.5,2589.903,304040951.0372
2025-07-15 03:30:00,117523.5,117523.5,116880.0,117317.3,2782.037,325998346.4414
2025-07-15 03:45:00,117317.3,117583.0,117168.4,117210.2,1264.38,148454333.4015
2025-07-15 04:00:00,117210.2,117266.7,116302.4,117034.8,4920.774,574441000.1517
2025-07-15 04:15:00,117034.8,117481.4,117034.7,117330.2,2450.278,287342436.541
2025-07-15 04:30:00,117330.2,117568.5,117000.0,117526.0,1381.722,162058639.5986
2025-07-15 04:45:00,117526.0,117552.6,117360.0,117534.3,724.543,85124154.1932
2025-07-15 05:00:00,117534.3,117800.0,117502.0,117699.4,1162.178,136774017.2398
2025-07-15 05:15:00,117699.4,117699.4,117420.0,117556.8,544.386,63995184.1205
2025-07-15 05:30:00,117556.8,117573.0,117010.1,117175.6,1342.29,157397915.4265
2025-07-15 05:45:00,117175.6,117481.4,117122.4,117351.9,617.879,72471979.7386
2025-07-15 06:00:00,117351.9,117351.9,116795.3,117162.0,2461.474,288129377.739
2025-07-15 06:15:00,117162.0,117200.0,116977.0,117069.2,476.233,55760740.9401
2025-07-15 06:30:00,117069.2,117156.4,116768.8,117042.4,1083.196,126743368.8273
2025-07-15 06:45:00,117042.4,117131.4,116852.7,117100.0,671.307,78534941.1053
2025-07-15 07:00:00,117100.0,117348.9,116932.8,117062.0,861.765,100970582.5626
2025-07-15 07:15:00,117062.0,117120.0,117001.0,117020.1,415.826,48680961.5439
2025-07-15 07:30:00,117020.1,117020.1,116594.4,116785.1,1217.905,142288466.0069
2025-07-15 07:45:00,116785.1,116994.5,116404.1,116822.5,2017.902,235393574.0683
2025-07-15 08:00:00,116822.5,116900.0,116701.0,116826.1,655.157,76541708.6046
2025-07-15 08:15:00,116826.1,116901.4,116114.6,116866.1,2446.726,285155976.0837
2025-07-15 08:30:00,116866.1,116900.1,116722.7,116850.9,797.519,93181187.0955
2025-07-15 08:45:00,116850.9,116871.3,116760.1,116805.4,507.701,59304263.1504
2025-07-15 09:00:00,116805.4,117150.0,116793.7,117138.9,1095.8,128232065.5698
2025-07-15 09:15:00,117138.9,117246.2,116880.9,116985.3,831.482,97330519.7988
2025-07-15 09:30:00,116985.3,117079.2,116854.5,116876.7,446.602,52246003.7734
2025-07-15 09:45:00,116876.7,116959.0,116713.5,116799.9,596.111,69653624.778
2025-07-15 10:00:00,116799.9,116865.0,116760.0,116760.1,490.848,57336998.0082
2025-07-15 10:15:00,116760.1,117118.3,116760.0,117046.6,1014.703,118676204.2003
2025-07-15 10:30:00,117046.6,117197.5,116940.4,117192.6,592.01,69309229.6686
2025-07-15 10:45:00,117192.6,117242.5,117062.9,117076.5,624.204,73124608.8152
2025-07-15 11:00:00,117076.5,117136.8,116811.0,116837.2,722.357,84527235.5779
2025-07-15 11:15:00,116837.2,116837.2,116340.4,116500.0,1852.0,215856540.6437
2025-07-15 11:30:00,116500.0,116718.6,116467.7,116696.0,553.283,64512040.3586
2025-07-15 11:45:00,116696.0,117200.0,116675.8,117150.4,1126.654,131816651.8201
2025-07-15 12:00:00,117150.4,117350.0,117020.0,117093.3,1376.617,161313621.6692
2025-07-15 12:15:00,117093.3,117149.5,116852.3,116923.9,921.938,107839771.6352
2025-07-15 12:30:00,116923.9,117495.4,116395.0,116535.9,4963.087,581078696.2636
2025-07-15 12:45:00,116535.9,117280.7,116534.5,117209.8,2590.455,303076526.0739
2025-07-15 13:00:00,117209.8,118151.9,117153.2,118055.1,3972.369,467705120.6223
2025-07-15 13:15:00,118055.1,118097.0,117568.0,117710.4,1805.22,212682283.493
2025-07-15 13:30:00,117710.4,118510.5,117558.2,118296.4,3170.101,374104828.7325
2025-07-15 13:45:00,118296.4,118428.8,117917.4,118108.4,2215.509,261805925.6286
2025-07-15 14:00:00,118108.4,118484.0,118020.0,118399.9,1902.007,224919704.5928
2025-07-15 14:15:00,118399.9,118400.0,117580.0,117580.0,1754.636,206934519.6325
2025-07-15 14:30:00,117580.0,117654.9,116744.8,116989.1,3461.649,405519548.1183
2025-07-15 14:45:00,116989.1,116989.2,115750.0,116021.8,7983.203,927687021.1019
2025-07-15 15:00:00,116021.8,116423.9,115800.0,116160.1,2852.009,331138245.51
2025-07-15 15:15:00,116160.1,116400.0,115878.0,116284.8,1955.2,227106461.5596
2025-07-15 15:30:00,116284.8,116561.0,116168.7,116303.5,1280.689,149077266.43
2025-07-15 15:45:00,116303.5,116788.0,116303.4,116430.6,1788.263,208504999.3278
2025-07-15 16:00:00,116430.6,117217.9,116395.2,116950.0,2818.652,329577707.9712
2025-07-15 16:15:00,116950.0,117075.0,116686.4,116909.9,1640.196,191676383.5511
2025-07-15 16:30:00,116909.9,117733.1,116909.9,117695.0,1596.703,187547446.3724
2025-07-15 16:45:00,117695.0,117758.1,117071.6,117221.9,2420.466,284377378.8909
2025-07-15 17:00:00,117221.9,117428.6,117150.0,117282.5,760.62,89209205.9875
2025-07-15 17:15:00,117282.5,117573.5,117232.6,117531.6,704.036,82656763.8928
2025-07-15 17:30:00,117531.6,117531.6,117245.7,117499.9,573.047,67253388.2508
2025-07-15 17:45:00,117499.9,117599.9,117378.4,117420.7,924.551,108619998.5897
2025-07-15 18:00:00,117420.7,117444.0,117150.0,117187.1,548.892,64359972.207
2025-07-15 18:15:00,117187.1,117360.9,116833.2,116845.1,1273.731,149060234.2522
2025-07-15 18:30:00,116845.1,116880.0,116047.2,116401.3,3364.092,391596082.4055
2025-07-15 18:45:00,116401.3,116925.8,116327.4,116738.6,1166.601,136133744.0564
2025-07-15 19:00:00,116738.6,117236.2,116642.7,117076.7,864.063,101081224.01
2025-07-15 19:15:00,117076.7,117166.7,116784.1,116861.9,591.518,69183528.1429
2025-07-15 19:30:00,116861.9,116935.7,116471.5,116515.6,684.547,79855354.2624
2025-07-15 19:45:00,116515.6,116579.6,116289.9,116430.2,1023.689,119200110.7994
2025-07-15 20:00:00,116430.2,116652.4,116410.7,116597.1,841.725,98094806.5342
2025-07-15 20:15:00,116597.1,116721.4,116161.3,116538.7,1139.272,132682467.2217
2025-07-15 20:30:00,116538.7,116657.5,116391.8,116569.2,324.365,37795643.4307
2025-07-15 20:45:00,116569.2,116620.0,116400.0,116400.0,300.924,35069723.4775
2025-07-15 21:00:00,116400.0,117000.0,116350.0,116957.0,697.066,81348215.8113
2025-07-15 21:15:00,116957.0,117177.7,116860.4,117150.0,800.433,93671449.2318
2025-07-15 21:30:00,117150.0,117600.0,117067.9,117508.3,1299.467,152519463.6725
2025-07-15 21:45:00,117508.3,117578.0,117351.0,117573.8,565.071,66388448.746
2025-07-15 22:00:00,117573.8,117614.5,117291.0,117470.7,930.12,109231225.1015
2025-07-15 22:15:00,117470.7,117588.8,117439.2,117524.8,232.921,27372501.242
2025-07-15 22:30:00,117524.8,117834.0,117244.7,117719.6,1383.019,162642801.8124
2025-07-15 22:45:00,117719.6,117865.6,117642.3,117827.0,425.707,50134723.0601
2025-07-15 23:00:00,117827.0,117999.8,117742.3,117831.7,1048.307,123601159.8522
2025-07-15 23:15:00,117831.7,117864.0,117531.9,117578.0,839.903,98816316.2794
2025-07-15 23:30:00,117578.0,117798.5,117500.0,117795.4,430.498,50646770.0399
2025-07-15 23:45:00,117795.4,117805.9,117625.1,117745.7,263.825,31055462.3399
2025-07-16 00:00:00,117745.7,117786.4,117412.0,117431.6,496.505,58358152.7125
2025-07-16 00:15:00,117431.6,117685.5,117427.2,117588.0,261.509,30745636.1754
2025-07-16 00:30:00,117588.0,117935.9,117588.0,117914.5,624.754,73584397.8708
2025-07-16 00:45:00,117914.5,118196.2,117876.7,118126.5,1093.395,129119217.9338
2025-07-16 01:00:00,118126.5,118250.0,117911.3,117914.5,652.132,77022195.8471
2025-07-16 01:15:00,117914.5,117950.6,117662.1,117685.6,317.718,37418392.1186
2025-07-16 01:30:00,117685.6,117817.0,117599.3,117676.1,367.503,43245747.6253
2025-07-16 01:45:00,117676.1,117814.8,117613.6,117746.2,248.953,29299703.3892
2025-07-16 02:00:00,117746.2,117785.9,117415.2,117539.9,626.116,73592014.5518
2025-07-16 02:15:00,117539.9,117563.8,117255.0,117381.4,666.954,78278582.6122
2025-07-16 02:30:00,117381.4,117396.8,117031.0,117132.1,853.05,99952402.7165
2025-07-16 02:45:00,117132.1,117350.0,117130.4,117345.1,235.298,27590673.5506
2025-07-16 03:00:00,117345.1,117520.0,117233.1,117262.9,323.255,37952440.274
2025-07-16 03:15:00,117262.9,117548.7,117262.9,117389.0,250.759,29443999.8031
2025-07-16 03:30:00,117389.0,117512.6,117380.3,117498.0,186.21,21874013.8471
2025-07-16 03:45:00,117498.0,117532.6,117404.2,117500.0,257.412,30240172.5361
2025-07-16 04:00:00,117500.0,117524.5,117264.3,117292.2,396.747,46580872.0344
2025-07-16 04:15:00,117292.2,117540.0,117288.8,117540.0,296.524,34812091.8538
2025-07-16 04:30:00,117540.0,117733.5,117486.3,117575.0,476.771,56084658.5501
2025-07-16 04:45:00,117575.0,117650.4,117516.1,117614.8,183.126,21532826.9477
2025-07-16 05:00:00,117614.8,118053.9,117614.8,118001.1,1376.852,162258303.5593
2025-07-16 05:15:00,118001.1,118007.4,117755.1,117851.3,652.448,76932687.8563
2025-07-16 05:30:00,117851.3,118009.4,117838.5,117968.1,326.053,38457296.7438
2025-07-16 05:45:00,117968.1,118005.3,117777.0,117871.6,380.129,44810589.8139
2025-07-16 06:00:00,117871.6,117924.3,117750.0,117750.0,174.09,20513869.4464
2025-07-16 06:15:00,117750.0,118097.1,117750.0,118064.7,328.473,38754319.1985
2025-07-16 06:30:00,118064.7,118307.7,117990.5,118272.9,767.606,90731334.2155
2025-07-16 06:45:00,118272.9,118289.3,118213.3,118271.5,210.448,24885988.0392
2025-07-16 07:00:00,118271.5,118299.1,118052.7,118073.9,376.498,44493317.9973
2025-07-16 07:15:00,118073.9,118287.0,118046.9,118240.1,310.516,36701927.3328
2025-07-16 07:30:00,118240.1,118298.6,118159.2,118170.6,365.485,43218055.9261
2025-07-16 07:45:00,118170.6,118233.3,118099.5,118200.0,291.122,34401767.9002
2025-07-16 08:00:00,118200.0,118266.3,118130.0,118179.9,365.217,43174199.8075
2025-07-16 08:15:00,118179.9,118300.2,118150.0,118251.9,447.476,52913556.9185
2025-07-16 08:30:00,118251.9,118809.0,118251.9,118789.9,1776.181,210661255.9706
2025-07-16 08:45:00,118789.9,118790.0,118680.0,118709.8,445.145,52849823.9199
2025-07-16 09:00:00,118709.8,119052.0,118709.7,119014.8,1006.312,119643915.1064
2025-07-16 09:15:00,119014.8,119231.7,118932.5,119172.4,1096.985,130641755.0992
2025-07-16 09:30:00,119172.4,119205.2,118743.3,118832.0,1439.38,171278331.1597
2025-07-16 09:45:00,118832.0,119215.1,118740.0,119207.2,910.486,108363186.5644
2025-07-16 10:00:00,119207.2,119294.6,119120.6,119214.9,532.561,63486111.4001
2025-07-16 10:15:00,119214.9,119327.4,119116.5,119159.3,581.978,69389948.7812
2025-07-16 10:30:00,119159.3,119192.6,118801.0,118820.4,880.712,104762175.7039
2025-07-16 10:45:00,118820.4,118935.8,118739.3,118750.0,511.608,60791787.4063
2025-07-16 11:00:00,118750.0,118923.4,118641.5,118889.1,845.032,100362126.5711
2025-07-16 11:15:00,118889.1,118925.7,118787.0,118904.3,304.0,36128415.8883
2025-07-16 11:30:00,118904.3,118909.7,118811.0,118905.0,230.218,27362710.3447
2025-07-16 11:45:00,118905.0,118907.5,118705.7,118776.1,265.305,31524479.1426
2025-07-16 12:00:00,118776.1,118901.3,118694.8,118829.8,327.375,38901870.3318
2025-07-16 12:15:00,118829.8,118910.6,118780.0,118907.7,253.166,30089919.3934
2025-07-16 12:30:00,118907.7,119121.3,118577.5,118979.2,1677.671,199483190.2649
2025-07-16 12:45:00,118979.2,119010.4,118544.2,118608.1,1627.398,193325039.2107
2025-07-16 13:00:00,118608.1,118740.0,118406.8,118679.9,1991.274,236063816.9815
2025-07-16 13:15:00,118679.9,118807.7,118679.9,118799.6,1102.017,130871650.6612
2025-07-16 13:30:00,118799.6,118918.5,118226.5,118344.1,2577.268,305471981.4166
2025-07-16 13:45:00,118344.1,118740.0,118127.9,118672.9,1951.568,231095664.0243
2025-07-16 14:00:00,118672.9,118770.0,118221.6,118264.1,2163.944,256413144.8446
2025-07-16 14:15:00,118264.1,118485.7,118200.6,118460.7,639.084,75643464.3584
2025-07-16 14:30:00,118460.7,118655.0,118261.2,118623.6,1254.504,148606406.0352
2025-07-16 14:45:00,118623.6,119267.3,118595.1,119037.6,2719.593,323447831.0112
2025-07-16 15:00:00,119037.6,119778.5,118960.0,119136.5,3254.715,388779273.3319
2025-07-16 15:15:00,119136.5,119500.0,118705.3,119466.4,3177.623,378569549.7194
2025-07-16 15:30:00,119466.4,119484.1,118298.8,119007.9,3604.943,428271821.069
2025-07-16 15:45:00,119007.9,119415.4,118855.7,119067.4,2586.286,308085963.3258
2025-07-16 16:00:00,119067.4,119093.7,118432.2,118747.1,1580.591,187651222.1469
2025-07-16 16:15:00,118747.1,119229.7,118713.0,119139.7,1752.088,208526552.5696
2025-07-16 16:30:00,119139.7,119316.7,118972.1,119046.9,688.43,82013180.6231
2025-07-16 16:45:00,119046.9,119287.3,118943.5,119259.9,508.14,60524860.2661
2025-07-16 17:00:00,119259.9,119422.1,119152.1,119178.1,1020.697,121746412.2763
2025-07-16 17:15:00,119178.1,119683.8,119174.1,119612.4,1490.014,178013169.7438
2025-07-16 17:30:00,119612.4,119650.0,119236.8,119279.3,829.205,99082437.9243
2025-07-16 17:45:00,119279.3,119472.0,118950.0,119064.1,1116.372,133032452.0086
2025-07-16 18:00:00,119064.1,119488.5,118860.6,119314.2,1212.791,144603827.7728
2025-07-16 18:15:00,119314.2,119383.1,119080.4,119157.5,430.775,51349549.9932
2025-07-16 18:30:00,119157.5,119727.4,119157.5,119727.4,1363.117,162990469.9371
2025-07-16 18:45:00,119727.4,119928.6,119428.2,119504.4,1872.491,224185396.3975
2025-07-16 19:00:00,119504.4,119635.0,119150.0,119215.1,990.934,118308567.2366
2025-07-16 19:15:00,119215.1,119363.7,119116.1,119182.5,606.161,72269521.9023
2025-07-16 19:30:00,119182.5,119182.5,118816.3,118905.6,1298.836,154473431.7402
2025-07-16 19:45:00,118905.6,119323.1,118886.0,119230.0,913.233,108761488.9901
2025-07-16 20:00:00,119230.0,119314.0,118934.0,119273.1,711.787,84784762.1266
2025-07-16 20:15:00,119273.1,119626.6,119197.2,119613.7,762.291,91045003.3173
2025-07-16 20:30:00,119613.7,119968.0,119502.0,119948.3,1154.071,138207014.2612
2025-07-16 20:45:00,119948.3,119950.9,119542.3,119920.9,905.323,108424536.0622
2025-07-16 21:00:00,119920.9,120114.6,119828.2,119905.0,1501.572,180183524.7598
2025-07-16 21:15:00,119905.0,119967.3,119716.7,119945.0,577.408,69197285.0086
2025-07-16 21:30:00,119945.0,119945.0,119361.1,119386.4,785.822,93987452.961
2025-07-16 21:45:00,119386.4,119515.4,119205.6,119292.0,411.324,49109849.5621
2025-07-16 22:00:00,119292.0,119443.1,119170.4,119328.2,543.082,64779457.3074
2025-07-16 22:15:00,119328.2,119492.8,119147.2,119200.1,485.49,57925436.3205
2025-07-16 22:30:00,119200.1,119265.9,118850.0,119011.5,1229.768,146328484.1881
2025-07-16 22:45:00,119011.5,119011.5,118571.0,118653.8,830.015,98520173.8845
2025-07-16 23:00:00,118653.8,118676.7,118500.0,118592.4,495.633,58767565.3885
2025-07-16 23:15:00,118592.4,118682.1,118409.1,118652.1,580.764,68850522.715
2025-07-16 23:30:00,118652.1,118833.6,118608.0,118833.5,405.65,48162079.7144
2025-07-16 23:45:00,118833.5,118833.6,118565.1,118626.3,303.628,36043780.8371
2025-07-17 00:00:00,118626.3,118861.1,118612.0,118778.7,345.171,40974914.5365
2025-07-17 00:15:00,118778.7,118969.8,118778.7,118851.2,425.153,50553127.8752
2025-07-17 00:30:00,118851.2,119142.1,118814.9,119129.9,253.661,30184385.9251
2025-07-17 00:45:00,119129.9,119173.2,118884.1,118884.1,435.688,51862511.3546
2025-07-17 01:00:00,118884.1,119074.5,118871.1,119057.7,370.165,44037636.679
2025-07-17 01:15:00,119057.7,119058.0,118550.0,118675.4,623.768,74058201.3778
2025-07-17 01:30:00,118675.4,118719.0,118009.2,118275.1,1741.854,206014719.105
2025-07-17 01:45:00,118275.1,118286.2,117662.2,118130.1,2767.929,326380139.3718
2025-07-17 02:00:00,118130.1,118432.4,117970.4,118370.3,973.696,115109727.3435
2025-07-17 02:15:00,118370.3,118510.0,118306.9,118388.5,428.835,50784844.9935
2025-07-17 02:30:00,118388.5,118454.9,118205.0,118318.8,579.303,68554247.1041
2025-07-17 02:45:00,118318.8,118350.0,118020.0,118308.4,449.952,53174443.8061
2025-07-17 03:00:00,118308.4,118332.0,117984.8,117990.0,375.257,44329925.5973
2025-07-17 03:15:00,117990.0,118037.9,117809.6,117853.5,1082.279,127626360.1562
2025-07-17 03:30:00,117853.5,118028.2,117716.1,117875.2,738.703,87069022.7062
2025-07-17 03:45:00,117875.2,118118.7,117875.2,118089.6,265.555,31339919.3863
2025-07-17 04:00:00,118089.6,118280.5,117931.6,118242.8,594.367,70204488.0643
2025-07-17 04:15:00,118242.8,118309.9,118169.2,118258.4,432.723,51171741.5025
2025-07-17 04:30:00,118258.4,118449.4,118258.4,118352.7,935.783,110793236.7256
2025-07-17 04:45:00,118352.7,118479.2,118315.1,118479.1,243.838,28874938.2683
2025-07-17 05:00:00,118479.1,118479.2,118246.0,118279.4,395.253,46773814.6074
2025-07-17 05:15:00,118279.4,118405.0,118272.7,118399.9,208.216,24641036.1681
2025-07-17 05:30:00,118399.9,118573.1,118207.8,118558.0,497.368,58886806.1842
2025-07-17 05:45:00,118558.0,118637.4,118478.7,118576.3,509.927,60465413.0067
2025-07-17 06:00:00,118576.3,118758.2,118459.6,118497.9,440.137,52223560.3428
2025-07-17 06:15:00,118497.9,118781.7,118335.6,118657.6,692.351,82096570.379
2025-07-17 06:30:00,118657.6,118672.3,118356.8,118429.2,533.735,63249460.8883
2025-07-17 06:45:00,118429.2,118456.9,118336.2,118434.6,849.253,100557379.0049
2025-07-17 07:00:00,118434.6,118448.3,117915.1,118056.7,1135.807,134139635.9392
2025-07-17 07:15:00,118056.7,118103.0,117809.9,117912.0,638.833,75353097.927
2025-07-17 07:30:00,117912.0,118548.7,117912.0,118542.1,1195.141,141272091.1339
2025-07-17 07:45:00,118542.1,118542.2,118300.0,118319.9,328.352,38877162.5762
2025-07-17 08:00:00,118319.9,118348.4,118086.6,118125.9,344.081,40668167.4303
2025-07-17 08:15:00,118125.9,118284.4,118103.2,118268.4,558.017,65961771.849
2025-07-17 08:30:00,118268.4,118428.0,118133.5,118406.8,834.015,98671011.6792
2025-07-17 08:45:00,118406.8,118432.0,118236.1,118338.3,359.567,42556050.8486
2025-07-17 09:00:00,118338.3,118638.1,118254.3,118574.1,685.707,81257467.2416
2025-07-17 09:15:00,118574.1,119199.9,118490.7,119170.3,2587.117,307594741.0456
2025-07-17 09:30:00,119170.3,119246.4,118895.9,119017.8,1140.176,135777977.8195
2025-07-17 09:45:00,119017.8,119039.6,118776.3,118802.2,530.89,63132531.5524
2025-07-17 10:00:00,118802.2,118916.0,118582.8,118660.1,634.294,75308730.3955
2025-07-17 10:15:00,118660.1,118688.7,118559.6,118585.0,384.182,45574282.4526
2025-07-17 10:30:00,118585.0,118585.0,118321.2,118321.9,838.831,99384228.2377
2025-07-17 10:45:00,118321.9,118496.9,118238.0,118369.2,920.798,108975803.8738
2025-07-17 11:00:00,118369.2,118424.6,118128.1,118264.6,944.35,111672323.9157
2025-07-17 11:15:00,118264.6,118328.6,118153.6,118192.7,527.705,62389565.5263
2025-07-17 11:30:00,118192.7,118235.9,118132.8,118182.0,497.955,58844111.2298
2025-07-17 11:45:00,118182.0,118190.0,117982.1,118001.0,542.386,64040790.2499
2025-07-17 12:00:00,118001.0,118113.5,117777.0,117839.2,1176.306,138685339.7021
2025-07-17 12:15:00,117839.2,117876.5,117464.1,117505.8,1376.157,161914002.3844
2025-07-17 12:30:00,117505.8,118017.7,117449.9,118017.7,2264.198,266561980.962
2025-07-17 12:45:00,118017.7,118213.2,117879.6,117881.2,1252.664,147885058.9861
2025-07-17 13:00:00,117881.2,118029.8,117729.0,117862.4,658.329,77592555.4001
2025-07-17 13:15:00,117862.4,117950.0,117662.9,117917.9,829.85,97758975.5567
2025-07-17 13:30:00,117917.9,118057.8,117580.0,117666.3,1215.87,143269791.8964
2025-07-17 13:45:00,117666.3,118475.0,117514.2,118299.8,2343.857,276852852.4309
2025-07-17 14:00:00,118299.8,118556.4,118167.5,118489.7,1614.775,191150382.2368
2025-07-17 14:15:00,118489.7,118766.6,118312.5,118742.1,1835.144,217583377.0864
2025-07-17 14:30:00,118742.1,118863.6,118520.0,118590.0,1114.803,132377448.2219
2025-07-17 14:45:00,118590.0,118845.9,118589.9,118796.3,393.686,46744553.5352
2025-07-17 15:00:00,118796.3,118929.7,118465.9,118467.9,1042.406,123736987.1367
2025-07-17 15:15:00,118467.9,118710.1,118364.3,118551.9,891.578,105672448.1151
2025-07-17 15:30:00,118551.9,119145.3,118551.8,119131.8,1110.164,132020021.4186
2025-07-17 15:45:00,119131.8,119131.8,118805.5,118911.2,815.333,96993586.9324
2025-07-17 16:00:00,118911.2,118999.2,118535.0,118703.7,540.414,64154573.4428
2025-07-17 16:15:00,118703.7,118816.3,118537.9,118595.1,634.966,75350936.7575
2025-07-17 16:30:00,118595.1,118650.0,118364.0,118497.2,751.018,88984851.9957
2025-07-17 16:45:00,118497.2,118617.8,118400.0,118595.5,560.427,66400831.0129
2025-07-17 17:00:00,118595.5,118995.9,118576.8,118948.0,772.115,91746396.9113
2025-07-17 17:15:00,118948.0,118966.1,118671.9,118750.0,498.95,59276368.379
2025-07-17 17:30:00,118750.0,118816.9,118524.5,118707.1,358.204,42511505.0694
2025-07-17 17:45:00,118707.1,119424.6,118642.0,119313.0,1585.652,188869143.3655
2025-07-17 18:00:00,119313.0,119468.4,119260.2,119260.2,746.473,89111474.296
2025-07-17 18:15:00,119260.2,119800.0,119260.2,119740.1,1250.709,149627064.2267
2025-07-17 18:30:00,119740.1,119850.0,119690.6,119740.4,819.138,98120634.4969
2025-07-17 18:45:00,119740.4,119758.1,119531.4,119639.2,447.579,53544435.7488
2025-07-17 19:00:00,119639.2,119944.5,119639.1,119859.6,593.247,71079838.4787
2025-07-17 19:15:00,119859.6,119921.9,119691.7,119714.9,621.281,74453522.5994
2025-07-17 19:30:00,119714.9,119745.7,119531.3,119560.9,399.153,47758937.1985
2025-07-17 19:45:00,119560.9,119560.9,118854.8,119000.0,1617.138,192675149.5502
2025-07-17 20:00:00,119000.0,119044.8,118423.5,118808.0,2276.494,270267775.727
2025-07-17 20:15:00,118808.0,119180.6,118659.3,119074.6,1301.329,154822803.6449
2025-07-17 20:30:00,119074.6,119453.2,119050.8,119285.5,747.912,89202205.0754
2025-07-17 20:45:00,119285.5,119480.9,119137.9,119480.9,516.443,61598087.3258
2025-07-17 21:00:00,119480.9,120199.9,119472.0,120154.8,4795.793,575047002.3324
2025-07-17 21:15:00,120154.8,121044.0,120154.7,120943.8,5656.806,682760672.6947
2025-07-17 21:30:00,120943.8,120971.4,120100.0,120671.1,2506.805,302189158.7849
2025-07-17 21:45:00,120671.1,120830.9,120251.8,120318.0,1454.551,175302760.7872
2025-07-17 22:00:00,120318.0,120494.7,120149.9,120481.2,1748.982,210367184.4156
2025-07-17 22:15:00,120481.2,120764.0,120082.3,120130.1,1843.557,222095804.1052
2025-07-17 22:30:00,120130.1,120327.8,120130.0,120205.6,616.574,74120407.5461
2025-07-17 22:45:00,120205.6,120389.0,119520.8,119804.9,1558.395,186719392.8871
2025-07-17 23:00:00,119804.9,119918.7,119612.5,119750.3,798.352,95659695.3808
2025-07-17 23:15:00,119750.3,119922.2,119454.6,119660.3,1165.906,139485768.9724
2025-07-17 23:30:00,119660.3,119711.0,119277.8,119412.6,688.213,82234631.8756
2025-07-17 23:45:00,119412.6,119524.2,119180.0,119218.7,845.84,100913059.4283
2025-07-18 00:00:00,119218.7,119425.8,119028.2,119089.6,755.045,89996908.1784
2025-07-18 00:15:00,119089.6,119634.1,119075.4,119520.4,852.089,101707080.8136
2025-07-18 00:30:00,119520.4,119777.0,119520.0,119770.0,839.999,100518855.6996
2025-07-18 00:45:00,119770.0,119856.5,119544.3,119782.9,1348.764,161477891.1993
2025-07-18 01:00:00,119782.9,120542.4,119676.7,120314.5,1849.881,222274704.9858
2025-07-18 01:15:00,120314.5,120480.0,120060.0,120210.1,1262.769,151842757.6905
2025-07-18 01:30:00,120210.1,120844.7,120071.9,120422.1,1517.072,182850084.0908
2025-07-18 01:45:00,120422.1,120527.0,120305.5,120400.6,354.382,42668415.3018
2025-07-18 02:00:00,120400.6,120421.9,119953.4,120146.4,854.053,102640605.8591
2025-07-18 02:15:00,120146.4,120352.6,119913.2,120262.5,1198.67,143914325.7015
2025-07-18 02:30:00,120262.5,120457.4,120154.1,120334.5,714.905,86037883.2107
2025-07-18 02:45:00,120334.5,120337.3,120123.4,120140.7,282.798,33999115.5975
2025-07-18 03:00:00,120140.7,120215.9,120000.0,120151.8,505.616,60719846.4818
2025-07-18 03:15:00,120151.8,120270.0,120042.4,120114.5,402.409,48355870.8849
2025-07-18 03:30:00,120114.5,120389.3,120057.3,120389.2,234.268,28159014.0562
2025-07-18 03:45:00,120389.2,120537.6,120221.3,120257.9,385.991,46464242.8403
2025-07-18 04:00:00,120257.9,120263.4,119782.5,119915.9,549.542,65937938.2338
2025-07-18 04:15:00,119915.9,120129.5,119875.0,120129.4,465.977,55917640.1957
2025-07-18 04:30:00,120129.4,120385.2,120128.1,120328.6,1107.859,133243343.3855
2025-07-18 04:45:00,120328.6,120545.8,120328.6,120460.5,599.238,72188217.4899
2025-07-18 05:00:00,120460.5,120694.0,120252.0,120615.6,1120.788,134955969.3054
2025-07-18 05:15:00,120615.6,120680.0,120442.8,120602.3,590.877,71249342.7741
2025-07-18 05:30:00,120602.3,120616.0,120328.3,120328.3,380.112,45797018.015
2025-07-18 05:45:00,120328.3,120690.5,120328.3,120640.6,538.834,64972756.865
2025-07-18 06:00:00,120640.6,120896.9,120330.7,120465.4,1043.997,125868772.8507
2025-07-18 06:15:00,120465.4,120465.5,120200.1,120200.1,331.407,39878801.1784
2025-07-18 06:30:00,120200.1,120346.2,120119.1,120318.6,388.382,46706081.8065
2025-07-18 06:45:00,120318.6,120528.6,120287.7,120293.9,399.057,48048880.9915
2025-07-18 07:00:00,120293.9,120436.4,120034.4,120137.2,613.232,73735785.5567
2025-07-18 07:15:00,120137.2,120151.8,119681.1,119722.7,1112.962,133421282.2135
2025-07-18 07:30:00,119722.7,119919.3,119700.0,119909.9,664.817,79634094.7994
2025-07-18 07:45:00,119909.9,119910.0,119355.0,119420.0,1952.457,233442602.7356
2025-07-18 08:00:00,119420.0,119534.5,119281.0,119305.0,1295.117,154599659.5286
2025-07-18 08:15:00,119305.0,119463.1,119142.0,119180.7,919.31,109673629.9018
2025-07-18 08:30:00,119180.7,119180.7,118444.0,118504.1,3095.223,367531121.9403
2025-07-18 08:45:00,118504.1,118765.7,118464.0,118686.0,1014.726,120352168.9998
2025-07-18 09:00:00,118686.0,118938.0,118500.1,118892.0,734.6,87239792.1936
2025-07-18 09:15:00,118892.0,118897.6,118605.4,118704.1,787.477,93517402.1776
2025-07-18 09:30:00,118704.1,118960.0,118694.9,118871.9,688.265,81799312.5472
2025-07-18 09:45:00,118871.9,119040.0,118857.7,118935.7,784.351,93305427.1745
2025-07-18 10:00:00,118935.7,118980.5,118697.3,118726.9,552.411,65629411.6961
2025-07-18 10:15:00,118726.9,118944.9,118560.9,118843.8,781.332,92770261.7738
2025-07-18 10:30:00,118843.8,118989.5,118805.3,118980.0,372.242,44264807.6342
2025-07-18 10:45:00,118980.0,119310.0,118934.8,119286.7,605.269,72114416.7574
2025-07-18 11:00:00,119286.7,119336.4,119029.2,119029.3,633.591,75509877.4228
2025-07-18 11:15:00,119029.3,119089.1,118822.9,118945.2,618.115,73507941.0918
2025-07-18 11:30:00,118945.2,119153.2,118856.8,119145.7,620.053,73810576.2693
2025-07-18 11:45:00,119145.7,119244.9,119086.6,119222.7,351.315,41868984.0033
2025-07-18 12:00:00,119222.7,119366.0,119222.6,119362.5,326.125,38906887.7979
2025-07-18 12:15:00,119362.5,119393.6,119181.6,119252.3,347.942,41518089.1653
2025-07-18 12:30:00,119252.3,119517.9,119252.3,119452.0,497.099,59364156.9176
2025-07-18 12:45:00,119452.0,119574.4,119405.1,119485.8,756.512,90417189.8823
2025-07-18 13:00:00,119485.8,119494.0,118915.0,118915.0,2091.462,249202092.2878
2025-07-18 13:15:00,118915.0,118963.0,118678.5,118839.1,1436.024,170628064.0756
2025-07-18 13:30:00,118839.1,118947.2,118526.6,118701.0,2700.239,320565943.3117
2025-07-18 13:45:00,118701.0,118910.7,118664.4,118828.2,872.147,103616249.931
2025-07-18 14:00:00,118828.2,119322.9,118747.5,119031.3,1801.36,214550555.1232
2025-07-18 14:15:00,119031.3,119088.5,117750.0,117968.8,5645.761,667167414.7165
2025-07-18 14:30:00,117968.8,118149.9,117311.7,117789.0,4763.653,560592248.6298
2025-07-18 14:45:00,117789.0,118409.5,117768.7,118148.8,2700.122,318812891.447
2025-07-18 15:00:00,118148.8,118294.5,117765.4,117765.4,1626.911,192015167.697
2025-07-18 15:15:00,117765.4,117949.9,117500.2,117764.4,1795.571,211361372.3127
2025-07-18 15:30:00,117764.4,117959.3,117442.4,117672.9,1337.728,157483146.9908
2025-07-18 15:45:00,117672.9,118040.0,117520.0,117866.2,930.785,109668551.1477
2025-07-18 16:00:00,117866.2,118078.0,117707.5,117707.5,719.082,84775898.8811
2025-07-18 16:15:00,117707.5,117844.0,117550.0,117631.5,481.202,56629121.5867
2025-07-18 16:30:00,117631.5,118037.0,117480.9,117916.9,1224.884,144129622.1322
2025-07-18 16:45:00,117916.9,117934.0,117528.4,117575.2,447.63,52696859.6422
2025-07-18 17:00:00,117575.2,117673.4,117351.8,117605.1,896.053,105296206.7881
2025-07-18 17:15:00,117605.1,118019.9,117572.5,117936.7,640.042,75413034.2698
2025-07-18 17:30:00,117936.7,117986.4,117581.4,117618.0,452.983,53358242.6003
2025-07-18 17:45:00,117618.0,117716.1,117497.3,117612.1,487.13,57281052.8333
2025-07-18 18:00:00,117612.1,117637.0,117361.9,117420.8,626.93,73655569.753
2025-07-18 18:15:00,117420.8,117700.0,117363.7,117699.9,481.824,56630962.2155
2025-07-18 18:30:00,117699.9,117744.0,117544.0,117564.7,215.155,25310588.5408
2025-07-18 18:45:00,117564.7,117632.9,117213.5,117323.6,765.711,89870941.5864
2025-07-18 19:00:00,117323.6,117426.2,117133.0,117374.7,1652.727,193858846.1295
2025-07-18 19:15:00,117374.7,117899.0,117374.7,117812.1,1338.004,157543800.9302
2025-07-18 19:30:00,117812.1,117812.2,117425.0,117509.5,598.922,70418932.0756
2025-07-18 19:45:00,117509.5,117515.6,117307.2,117380.8,407.783,47884246.5827
2025-07-18 20:00:00,117380.8,117420.9,117145.9,117185.7,959.854,112532287.6254
2025-07-18 20:15:00,117185.7,117267.0,116924.2,117005.3,1679.601,196632795.857
2025-07-18 20:30:00,117005.3,117095.1,116822.1,117029.0,1718.988,201006166.3414
2025-07-18 20:45:00,117029.0,117557.0,117028.9,117400.1,1613.587,189401005.5979
2025-07-18 21:00:00,117400.1,117875.5,117356.1,117859.7,597.201,70245521.5308
2025-07-18 21:15:00,117859.7,117891.3,117690.3,117743.9,534.798,63001659.8714
2025-07-18 21:30:00,117743.9,117869.8,117741.9,117817.5,161.419,19015524.1765
2025-07-18 21:45:00,117817.5,117890.7,117596.4,117691.3,264.872,31182671.1836
2025-07-18 22:00:00,117691.3,117706.9,117410.6,117625.4,451.233,53038565.5633
2025-07-18 22:15:00,117625.4,118000.0,117609.7,117895.4,709.044,83574652.1476
2025-07-18 22:30:00,117895.4,117954.9,117800.6,117800.7,200.642,23649231.0745
2025-07-18 22:45:00,117800.7,117845.1,117614.1,117695.9,429.982,50621460.6269
2025-07-18 23:00:00,117695.9,117720.3,117471.2,117680.2,439.2,51653732.5283
2025-07-18 23:15:00,117680.2,117909.8,117653.6,117848.3,357.297,42085256.2067
2025-07-18 23:30:00,117848.3,117920.0,117823.8,117875.9,153.146,18053424.0179
2025-07-18 23:45:00,117875.9,118017.3,117842.5,117930.1,395.163,46611311.1018
2025-07-19 00:00:00,117930.1,117976.1,117857.2,117942.5,303.192,35748132.4377
2025-07-19 00:15:00,117942.5,117988.8,117885.4,117968.5,248.352,29292120.0151
2025-07-19 00:30:00,117968.5,118033.4,117844.4,117911.1,482.493,56907741.5585
2025-07-19 00:45:00,117911.1,117944.0,117724.2,117753.5,279.329,32913973.6714
2025-07-19 01:00:00,117753.5,117925.7,117630.8,117923.7,462.903,54508155.5139
2025-07-19 01:15:00,117923.7,118032.1,117893.9,117996.2,274.167,32342549.1962
2025-07-19 01:30:00,117996.2,118116.3,117929.9,118039.3,238.85,28190997.3026
2025-07-19 01:45:00,118039.3,118133.1,117958.8,118056.2,443.193,52312946.8107
2025-07-19 02:00:00,118056.2,118125.4,117952.0,118057.8,317.479,37480174.0263
2025-07-19 02:15:00,118057.8,118111.1,117983.3,117992.3,197.442,23307462.7075
2025-07-19 02:30:00,117992.3,118239.0,117991.6,118153.0,271.054,32021452.6607
2025-07-19 02:45:00,118153.0,118323.4,118143.3,118224.0,432.283,51115600.4635
2025-07-19 03:00:00,118224.0,118239.6,118146.9,118229.0,223.182,26381477.8205
2025-07-19 03:15:00,118229.0,118318.2,118209.0,118274.1,254.083,30047055.2843
2025-07-19 03:30:00,118274.1,118398.5,118240.0,118322.3,272.394,32234009.8792
2025-07-19 03:45:00,118322.3,118356.3,118211.4,118349.6,195.56,23133620.063
2025-07-19 04:00:00,118349.6,118379.0,118260.0,118360.6,181.063,21424861.8166
2025-07-19 04:15:00,118360.6,118371.4,118216.5,118216.6,165.256,19547119.2921
2025-07-19 04:30:00,118216.6,118348.4,118187.7,118190.8,189.125,22364465.544
2025-07-19 04:45:00,118190.8,118216.6,118107.3,118159.8,213.017,25168629.0048
2025-07-19 05:00:00,118159.8,118202.9,118030.8,118100.1,391.87,46281246.3333
2025-07-19 05:15:00,118100.1,118165.8,118069.3,118155.1,121.215,14318079.3195
2025-07-19 05:30:00,118155.1,118295.9,118137.4,118294.1,282.186,33365324.0083
2025-07-19 05:45:00,118294.1,118299.5,118200.0,118220.5,122.357,14468410.4107
2025-07-19 06:00:00,118220.5,118299.0,118208.6,118224.0,85.756,10140303.3606
2025-07-19 06:15:00,118224.0,118224.1,118076.6,118077.2,159.478,18841384.2338
2025-07-19 06:30:00,118077.2,118177.0,118077.1,118116.9,143.4,16939499.1937
2025-07-19 06:45:00,118116.9,118205.2,118116.9,118189.7,107.504,12704342.553
2025-07-19 07:00:00,118189.7,118262.0,118189.6,118262.0,189.381,22393037.7746
2025-07-19 07:15:00,118262.0,118339.3,118257.9,118295.4,234.142,27695317.2045
2025-07-19 07:30:00,118295.4,118295.4,118180.5,118180.6,254.83,30125869.6391
2025-07-19 07:45:00,118180.6,118218.7,118160.0,118175.8,203.499,24052061.163
2025-07-19 08:00:00,118175.8,118289.6,118076.0,118076.0,273.959,32377456.4877
2025-07-19 08:15:00,118076.0,118138.6,118070.1,118098.5,301.817,35642421.8563
2025-07-19 08:30:00,118098.5,118105.0,117935.6,118104.9,392.235,46293604.3164
2025-07-19 08:45:00,118104.9,118210.9,118004.5,118100.1,323.853,38253824.9875
2025-07-19 09:00:00,118100.1,118173.7,118073.2,118131.9,144.275,17040951.3294
2025-07-19 09:15:00,118131.9,118270.2,118130.0,118205.7,240.184,28389509.3223
2025-07-19 09:30:00,118205.7,118338.9,118198.1,118305.3,363.295,42969590.3672
2025-07-19 09:45:00,118305.3,118329.1,118200.1,118241.0,151.507,17920074.8323
2025-07-19 10:00:00,118241.0,118286.8,118176.1,118238.8,109.571,12955024.7031
2025-07-19 10:15:00,118238.8,118333.4,118236.2,118333.4,151.916,17970913.2772
2025-07-19 10:30:00,118333.4,118523.7,118319.3,118435.9,563.496,66737754.535
2025-07-19 10:45:00,118435.9,118462.1,118344.0,118448.5,211.408,25029784.2362
2025-07-19 11:00:00,118448.5,118492.4,118302.6,118307.2,497.92,58970409.4409
2025-07-19 11:15:00,118307.2,118494.9,118180.0,118489.9,493.148,58353044.8481
2025-07-19 11:30:00,118489.9,118490.0,118400.0,118431.0,191.47,22677341.8726
2025-07-19 11:45:00,118431.0,118436.7,118300.0,118330.4,209.263,24765831.5545
2025-07-19 12:00:00,118330.4,118333.4,118159.6,118206.2,311.398,36822557.9324
2025-07-19 12:15:00,118206.2,118345.7,118121.0,118217.9,425.643,50335528.8458
2025-07-19 12:30:00,118217.9,118265.3,118135.5,118143.9,440.393,52058521.5646
2025-07-19 12:45:00,118143.9,118250.4,118100.1,118244.1,194.405,22977744.3427
2025-07-19 13:00:00,118244.1,118284.5,118157.2,118248.3,168.822,19959053.1262
2025-07-19 13:15:00,118248.3,118295.6,118213.4,118295.6,115.338,13640761.9693
2025-07-19 13:30:00,118295.6,118329.9,118238.7,118279.2,195.162,23087052.1166
2025-07-19 13:45:00,118279.2,118281.0,118071.3,118200.0,417.595,49339811.9023
2025-07-19 14:00:00,118200.0,118230.8,117992.0,118038.7,704.58,83210366.4589
2025-07-19 14:15:00,118038.7,118217.2,117825.3,117881.2,1056.738,124710368.1805
2025-07-19 14:30:00,117881.2,118000.3,117656.0,117810.0,879.691,103657535.753
2025-07-19 14:45:00,117810.0,117900.0,117612.0,117683.9,640.258,75397387.7638
2025-07-19 15:00:00,117683.9,117969.3,117664.0,117914.9,448.765,52888460.227
2025-07-19 15:15:00,117914.9,118209.9,117914.9,118201.2,802.596,94807161.3378
2025-07-19 15:30:00,118201.2,118256.1,118087.7,118221.4,284.634,33639009.3573
2025-07-19 15:45:00,118221.4,118221.5,118029.4,118058.2,191.893,22665583.1775
2025-07-19 16:00:00,118058.2,118058.3,117850.0,117891.4,307.834,36304856.4521
2025-07-19 16:15:00,117891.4,118177.5,117853.8,118122.1,786.833,92828130.0086
2025-07-19 16:30:00,118122.1,118186.3,118011.1,118085.6,465.037,54917473.1828
2025-07-19 16:45:00,118085.6,118155.8,117966.0,117985.6,188.388,22239486.1385
2025-07-19 17:00:00,117985.6,117994.0,117884.4,117889.3,220.064,25956630.8843
2025-07-19 17:15:00,117889.3,117933.8,117809.1,117839.9,101.123,11918238.8743
2025-07-19 17:30:00,117839.9,117882.5,117738.7,117822.2,163.373,19244762.6498
2025-07-19 17:45:00,117822.2,117868.8,117737.7,117807.5,163.548,19268337.6723
2025-07-19 18:00:00,117807.5,117948.6,117754.0,117938.8,96.648,11391679.0505
2025-07-19 18:15:00,117938.8,117985.6,117833.2,117916.6,113.945,13437760.0087
2025-07-19 18:30:00,117916.6,118026.8,117916.6,117947.8,83.371,9836247.5516
2025-07-19 18:45:00,117947.8,117991.8,117829.8,117857.6,73.251,8636936.1516
2025-07-19 19:00:00,117857.6,117923.1,117580.8,117739.4,413.633,48693877.3468
2025-07-19 19:15:00,117739.4,117860.0,117732.5,117860.0,338.444,39872765.198
2025-07-19 19:30:00,117860.0,118164.8,117859.9,118131.6,430.702,50838961.0694
2025-07-19 19:45:00,118131.6,118131.6,117981.4,118005.8,354.807,41888533.2573
2025-07-19 20:00:00,118005.8,118176.4,117969.7,118033.2,396.231,46783509.6207
2025-07-19 20:15:00,118033.2,118033.2,117905.4,118023.7,165.079,19472800.6274
2025-07-19 20:30:00,118023.7,118023.7,117958.4,118002.9,81.319,9594709.0149
2025-07-19 20:45:00,118002.9,118096.5,117700.1,117722.0,543.962,64140966.7377
2025-07-19 21:00:00,117722.0,117848.4,117536.7,117612.6,553.577,65161684.576
2025-07-19 21:15:00,117612.6,117696.0,117237.7,117690.0,1584.686,186113864.449
2025-07-19 21:30:00,117690.0,117690.3,117414.9,117480.5,543.246,63856111.8784
2025-07-19 21:45:00,117480.5,117750.0,117480.0,117699.0,269.151,31654103.8232
2025-07-19 22:00:00,117699.0,117806.5,117519.6,117762.1,472.792,55653095.802
2025-07-19 22:15:00,117762.1,117800.0,117686.5,117708.7,416.45,49032470.3478
2025-07-19 22:30:00,117708.7,117847.4,117690.9,117833.2,156.02,18374256.6893
2025-07-19 22:45:00,117833.2,117854.3,117772.7,117788.0,166.467,19613161.0936
2025-07-19 23:00:00,117788.0,118022.6,117739.2,117916.3,415.782,49024157.4966
2025-07-19 23:15:00,117916.3,117916.3,117742.3,117794.6,154.538,18205198.1417
2025-07-19 23:30:00,117794.6,117935.0,117794.5,117813.9,158.496,18678921.4877
2025-07-19 23:45:00,117813.9,117883.4,117797.2,117842.1,163.008,19208231.9979
2025-07-20 00:00:00,117842.1,117879.3,117702.0,117714.7,152.381,17946627.6525
2025-07-20 00:15:00,117714.7,117824.4,117661.0,117661.0,145.381,17120227.672
2025-07-20 00:30:00,117661.0,117811.6,117659.3,117681.6,122.092,14372422.2642
2025-07-20 00:45:00,117681.6,118016.6,117681.6,117953.4,346.346,40836430.7881
2025-07-20 01:00:00,117953.4,118083.3,117897.1,118000.0,443.247,52304524.7416
2025-07-20 01:15:00,118000.0,118142.9,117986.6,117994.5,288.15,34021531.3308
2025-07-20 01:30:00,117994.5,118055.6,117943.2,118005.7,185.448,21885355.1326
2025-07-20 01:45:00,118005.7,118044.6,117910.8,117941.0,136.427,16093238.9987
2025-07-20 02:00:00,117941.0,117961.7,117800.0,117902.9,363.96,42895630.563
2025-07-20 02:15:00,117902.9,117945.2,117815.3,117815.8,187.829,22140903.9041
2025-07-20 02:30:00,117815.8,117932.8,117781.1,117900.0,132.861,15658324.6033
2025-07-20 02:45:00,117900.0,118036.1,117878.0,118000.0,210.089,24785436.0136
2025-07-20 03:00:00,118000.0,118123.9,117990.0,118005.2,187.807,22172255.4268
2025-07-20 03:15:00,118005.2,118019.9,117751.6,117905.5,250.904,29575043.72
2025-07-20 03:30:00,117905.5,118186.8,117905.4,117997.1,789.754,93256375.8245
2025-07-20 03:45:00,117997.1,117998.7,117927.4,117975.4,145.852,17205269.1333
2025-07-20 04:00:00,117975.4,117999.0,117913.3,117932.5,144.251,17015325.5594
2025-07-20 04:15:00,117932.5,118104.9,117906.5,118096.3,158.943,18762086.1276
2025-07-20 04:30:00,118096.3,118149.8,117950.5,117950.6,254.069,29998686.1647
2025-07-20 04:45:00,117950.6,118012.1,117950.0,117967.6,81.068,9564233.5158
2025-07-20 05:00:00,117967.6,117996.9,117860.0,117902.9,112.812,13301800.3236
2025-07-20 05:15:00,117902.9,117914.9,117814.6,117845.5,110.774,13054563.7009
2025-07-20 05:30:00,117845.5,117938.2,117833.5,117909.1,167.257,19716172.3747
2025-07-20 05:45:00,117909.1,117936.7,117864.2,117866.5,73.838,8705119.6839
2025-07-20 06:00:00,117866.5,117867.4,117800.0,117800.1,79.134,9324884.019
2025-07-20 06:15:00,117800.1,117892.4,117772.4,117847.9,112.06,13201944.6332
2025-07-20 06:30:00,117847.9,117871.3,117821.8,117870.8,64.106,7554301.3542
2025-07-20 06:45:00,117870.8,117911.9,117840.0,117840.3,92.118,10859900.0358
2025-07-20 07:00:00,117840.3,117898.6,117840.2,117868.8,60.647,7148821.0101
2025-07-20 07:15:00,117868.8,118099.8,117868.8,118090.5,262.79,31009763.2847
2025-07-20 07:30:00,118090.5,118254.4,118041.4,118248.9,536.895,63422773.1973
2025-07-20 07:45:00,118248.9,118248.9,118015.9,118052.4,368.932,43582559.6892
2025-07-20 08:00:00,118052.4,118296.3,118052.4,118290.0,711.682,84136983.904
2025-07-20 08:15:00,118290.0,118312.1,118164.0,118208.0,282.83,33441743.127
2025-07-20 08:30:00,118208.0,118300.0,118157.5,118206.4,318.13,37611623.0811
2025-07-20 08:45:00,118206.4,118283.7,118155.0,118198.0,385.52,45573445.3567
2025-07-20 09:00:00,118198.0,118328.1,118047.6,118047.7,390.646,46170917.1155
2025-07-20 09:15:00,118047.7,118205.0,118037.0,118037.0,168.293,19875821.8097
2025-07-20 09:30:00,118037.0,118148.0,118037.0,118118.1,140.475,16592311.9486
2025-07-20 09:45:00,118118.1,118138.6,117938.4,117953.4,209.78,24762105.844
2025-07-20 10:00:00,117953.4,118043.2,117926.7,117982.8,256.343,30242804.6915
2025-07-20 10:15:00,117982.8,118027.4,117950.0,117996.1,260.296,30714667.7089
2025-07-20 10:30:00,117996.1,118037.3,117985.7,118012.6,111.557,13165605.1795
2025-07-20 10:45:00,118012.6,118012.6,117903.6,117926.0,154.832,18261377.1697
2025-07-20 11:00:00,117926.0,117985.6,117897.4,117943.9,156.771,18489020.6825
2025-07-20 11:15:00,117943.9,118055.6,117874.9,117900.1,261.511,30842411.207
2025-07-20 11:30:00,117900.1,117974.5,117866.7,117958.3,166.632,19649527.4874
2025-07-20 11:45:00,117958.3,118137.6,117860.2,117925.4,713.043,84121526.5745
2025-07-20 12:00:00,117925.4,118020.0,117745.4,117932.4,519.215,61196031.1194
2025-07-20 12:15:00,117932.4,118080.0,117835.3,117871.2,401.87,47411289.0804
2025-07-20 12:30:00,117871.2,117942.5,117837.3,117896.1,236.068,27829817.0365
2025-07-20 12:45:00,117896.1,118254.2,117853.8,118118.2,540.859,63877270.7143
2025-07-20 13:00:00,118118.2,118231.9,118111.4,118162.2,776.465,91750818.0361
2025-07-20 13:15:00,118162.2,118203.6,118114.5,118154.2,227.058,26826624.9823
2025-07-20 13:30:00,118154.2,118200.1,118099.5,118161.4,280.502,33139343.8404
2025-07-20 13:45:00,118161.4,118440.0,118144.4,118423.3,786.163,93022586.8227
2025-07-20 14:00:00,118423.3,118785.3,118303.1,118583.0,2495.679,295864980.2719
2025-07-20 14:15:00,118583.0,118916.0,118494.8,118675.3,1300.568,154387942.5273
2025-07-20 14:30:00,118675.3,118822.0,118538.1,118618.1,587.627,69722425.2769
2025-07-20 14:45:00,118618.1,118648.5,118415.2,118482.7,370.001,43853815.8109
2025-07-20 15:00:00,118482.7,118684.2,118348.7,118684.1,756.985,89670947.7568
2025-07-20 15:15:00,118684.1,118749.7,118544.4,118749.7,393.056,46632112.5922
2025-07-20 15:30:00,118749.7,118800.0,118603.2,118631.9,588.74,69898578.9229
2025-07-20 15:45:00,118631.9,118800.0,118613.7,118722.6,543.068,64482376.795
2025-07-20 16:00:00,118722.6,118931.0,118577.6,118657.6,1136.804,135049444.085
2025-07-20 16:15:00,118657.6,118699.6,118500.0,118699.5,529.698,62814488.171
2025-07-20 16:30:00,118699.5,118869.6,118650.1,118770.0,425.903,50573810.7925
2025-07-20 16:45:00,118770.0,118794.4,118553.9,118599.3,196.555,23321726.4883
2025-07-20 17:00:00,118599.3,118599.3,118201.8,118378.0,1283.882,151959681.2322
2025-07-20 17:15:00,118378.0,118490.1,118280.1,118375.8,168.288,19924862.9258
2025-07-20 17:30:00,118375.8,118484.7,118100.0,118258.4,782.703,92562080.7647
2025-07-20 17:45:00,118258.4,118258.4,118000.0,118058.1,1283.956,151656069.7403
2025-07-20 18:00:00,118058.1,118263.2,118058.1,118238.1,369.595,43679377.058
2025-07-20 18:15:00,118238.1,118260.8,118120.0,118244.0,163.617,19338296.5702
2025-07-20 18:30:00,118244.0,118308.4,118127.2,118277.1,259.379,30669169.9434
2025-07-20 18:45:00,118277.1,118487.5,118277.1,118405.5,351.195,41588130.1114
2025-07-20 19:00:00,118405.5,118597.6,118405.5,118555.2,292.107,34619072.6483
2025-07-20 19:15:00,118555.2,118632.5,118456.5,118582.9,251.97,29867032.8177
2025-07-20 19:30:00,118582.9,118582.9,118381.2,118382.2,117.6,13934967.6712
2025-07-20 19:45:00,118382.2,118433.1,118196.9,118197.0,143.098,16928907.1284
2025-07-20 20:00:00,118197.0,118220.7,117890.1,118103.7,941.317,111090864.8258
2025-07-20 20:15:00,118103.7,118255.0,118045.0,118126.8,410.106,48449652.7307
2025-07-20 20:30:00,118126.8,118216.7,118094.7,118206.5,407.36,48138827.6088
2025-07-20 20:45:00,118206.5,118301.9,118112.4,118118.0,284.972,33694680.8269
2025-07-20 21:00:00,118118.0,118118.0,117888.0,118063.5,412.328,48644584.9288
2025-07-20 21:15:00,118063.5,118147.4,117868.1,118128.4,497.065,58669656.2198
2025-07-20 21:30:00,118128.4,118189.5,117938.1,118045.5,208.557,24626824.5791
2025-07-20 21:45:00,118045.5,118076.3,118036.7,118036.7,107.187,12654043.8022
2025-07-20 22:00:00,118036.7,118077.8,116850.0,116938.9,3496.791,410407204.9816
2025-07-20 22:15:00,116938.9,117330.3,116455.6,117300.0,4709.306,550239621.5438
2025-07-20 22:30:00,117300.0,117663.2,117150.2,117638.6,1453.363,170669984.7319
2025-07-20 22:45:00,117638.6,117700.0,117446.4,117514.7,1045.304,122904124.7339
2025-07-20 23:00:00,117514.7,117592.2,117247.1,117410.0,836.38,98188870.6788
2025-07-20 23:15:00,117410.0,117450.0,117206.0,117256.6,314.636,36912847.0035
2025-07-20 23:30:00,117256.6,117430.9,116978.3,117273.5,689.104,80762086.5267
2025-07-20 23:45:00,117273.5,117374.8,117161.7,117290.4,315.662,37010409.4273
2025-07-21 00:00:00,117290.4,117321.3,116869.1,116893.5,686.462,80356253.7828
2025-07-21 00:15:00,116893.5,117027.6,116550.0,116934.5,1175.209,137229827.9038
2025-07-21 00:30:00,116934.5,117228.0,116760.3,117045.1,624.855,73110980.2973
2025-07-21 00:45:00,117045.1,117396.0,116894.8,117387.0,1037.976,121615651.8895
2025-07-21 01:00:00,117387.0,117483.3,117177.0,117202.0,630.708,74018319.197
2025-07-21 01:15:00,117202.0,117283.1,117070.0,117160.4,302.621,35453033.0945
2025-07-21 01:30:00,117160.4,117265.7,116801.3,116995.9,1138.433,133103093.3174
2025-07-21 01:45:00,116995.9,117340.0,116944.6,117329.6,558.728,65442863.7971
2025-07-21 02:00:00,117329.6,118025.7,117329.5,117931.5,1162.767,136924994.7217
2025-07-21 02:15:00,117931.5,118148.9,117716.8,118054.8,864.338,101920792.4738
2025-07-21 02:30:00,118054.8,118062.4,117839.7,117873.3,418.112,49320209.5396
2025-07-21 02:45:00,117873.3,118202.1,117796.2,118202.1,409.734,48356531.0929
2025-07-21 03:00:00,118202.1,118551.2,118151.1,118453.1,1764.563,208879944.6977
2025-07-21 03:15:00,118453.1,118591.6,118380.2,118526.1,799.819,94765926.9621
2025-07-21 03:30:00,118526.1,118649.8,118420.0,118455.7,915.501,108539150.9615
2025-07-21 03:45:00,118455.7,118455.7,118277.2,118429.2,446.75,52884207.5561
2025-07-21 04:00:00,118429.2,118444.4,118325.6,118395.4,291.354,34494001.4145
2025-07-21 04:15:00,118395.4,118704.5,118311.0,118470.0,641.992,76104397.9705
2025-07-21 04:30:00,118470.0,118671.2,118468.3,118595.4,211.64,25094810.3779
2025-07-21 04:45:00,118595.4,118595.4,118353.5,118367.4,250.0,29621868.7047
2025-07-21 05:00:00,118367.4,118420.0,118276.0,118393.8,282.326,33411381.1196
2025-07-21 05:15:00,118393.8,118393.9,118200.0,118238.9,201.628,23845577.7678
2025-07-21 05:30:00,118238.9,118379.5,118238.9,118344.1,172.563,20416695.155
2025-07-21 05:45:00,118344.1,118460.7,118312.1,118451.5,199.611,23633165.0969
2025-07-21 06:00:00,118451.5,118453.9,118300.1,118399.8,281.988,33374003.4484
2025-07-21 06:15:00,118399.8,118888.0,118391.2,118887.5,1710.616,203093033.9254
2025-07-21 06:30:00,118887.5,119295.0,118887.5,119018.0,2216.324,263920381.8697
2025-07-21 06:45:00,119018.0,119260.0,118960.0,119213.0,531.28,63291324.1339
2025-07-21 07:00:00,119213.0,119460.0,119200.0,119405.0,1421.625,169719805.1109
2025-07-21 07:15:00,119405.0,119691.6,119369.4,119661.5,891.956,106610261.6605
2025-07-21 07:30:00,119661.5,119750.0,119332.0,119336.7,1188.964,142119879.6838
2025-07-21 07:45:00,119336.7,119478.3,119333.4,119420.0,376.432,44939778.5773
2025-07-21 08:00:00,119420.0,119548.0,119388.3,119429.5,458.464,54775368.5516
2025-07-21 08:15:00,119429.5,119464.6,119236.0,119309.9,484.528,57821604.8395
2025-07-21 08:30:00,119309.9,119399.8,118932.9,119050.8,1165.258,138807639.0885
2025-07-21 08:45:00,119050.8,119160.9,118910.8,119059.6,807.849,96153859.2529
2025-07-21 09:00:00,119059.6,119142.7,118957.0,118973.8,405.616,48295279.7227
2025-07-21 09:15:00,118973.8,118998.7,118812.2,118843.1,553.841,65835982.2258
2025-07-21 09:30:00,118843.1,118889.4,118593.1,118677.3,755.556,89700477.8355
2025-07-21 09:45:00,118677.3,118788.5,118606.7,118742.4,517.38,61421526.9966
2025-07-21 10:00:00,118742.4,118862.8,118676.9,118845.0,331.444,39362994.6559
2025-07-21 10:15:00,118845.0,118845.1,118550.0,118572.1,303.559,36029885.7161
2025-07-21 10:30:00,118572.1,118631.2,118384.0,118556.2,584.015,69204750.6885
2025-07-21 10:45:00,118556.2,118661.5,118556.1,118616.1,369.85,43872028.5588
2025-07-21 11:00:00,118616.1,118808.7,118602.2,118672.3,461.184,54755663.0964
2025-07-21 11:15:00,118672.3,118860.1,118556.8,118667.9,628.818,74630404.463
2025-07-21 11:30:00,118667.9,118690.6,118397.7,118421.0,474.904,56279706.6573
2025-07-21 11:45:00,118421.0,118473.4,118108.9,118118.7,1248.612,147693392.4662
2025-07-21 12:00:00,118118.7,118266.8,117809.4,118258.6,1625.783,191867298.4807
2025-07-21 12:15:00,118258.6,118646.2,118226.1,118498.2,1171.185,138737904.3416
2025-07-21 12:30:00,118498.2,118585.4,118166.7,118254.2,937.944,110984551.4427
2025-07-21 12:45:00,118254.2,118378.0,118165.3,118225.7,358.211,42366761.3663
2025-07-21 13:00:00,118225.7,118254.0,117926.0,118024.1,665.215,78524272.3318
2025-07-21 13:15:00,118024.1,118387.7,118018.8,118350.4,706.309,83521319.0253
2025-07-21 13:30:00,118350.4,118758.2,118302.4,118672.6,1129.477,133911864.296
2025-07-21 13:45:00,118672.6,119176.9,118672.5,118894.2,2409.561,286603905.6809
2025-07-21 14:00:00,118894.2,119016.0,118478.0,118710.0,1212.545,143959895.0705
2025-07-21 14:15:00,118710.0,119159.7,118680.0,118969.6,1236.256,147069237.1639
2025-07-21 14:30:00,118969.6,119130.7,118767.1,119104.0,801.552,95360985.4083
2025-07-21 14:45:00,119104.0,119300.0,118829.8,118875.8,1075.334,128065107.0322
2025-07-21 15:00:00,118875.8,119017.0,118708.5,118812.9,570.881,67864572.9642
2025-07-21 15:15:00,118812.9,119180.0,118750.0,118750.0,1085.904,129168531.6566
2025-07-21 15:30:00,118750.0,118786.3,118370.0,118483.8,905.926,107433373.8189
2025-07-21 15:45:00,118483.8,118620.0,118250.0,118377.8,1228.127,145509633.6559
2025-07-21 16:00:00,118377.8,118459.4,117952.7,118025.1,2349.732,277516053.0644
2025-07-21 16:15:00,118025.1,118027.1,117543.2,117965.8,3370.61,397002736.7129
2025-07-21 16:30:00,117965.8,118171.0,117841.2,117900.5,885.688,104525059.1741
2025-07-21 16:45:00,117900.5,117962.3,117709.2,117800.0,784.405,92417838.573
2025-07-21 17:00:00,117800.0,118150.0,117759.1,117968.0,857.744,101193931.3292
2025-07-21 17:15:00,117968.0,118030.0,117643.1,117643.1,757.564,89269547.2377
2025-07-21 17:30:00,117643.1,117764.0,117425.9,117465.4,1371.686,161264934.0958
2025-07-21 17:45:00,117465.4,117944.3,117380.0,117899.6,1329.321,156346476.8454
2025-07-21 18:00:00,117899.6,117970.0,117882.4,117970.0,1061.352,125169213.5254
2025-07-21 18:15:00,117970.0,118239.3,117931.3,118040.0,2051.235,242216747.5939
2025-07-21 18:30:00,118040.0,118066.0,117472.3,117506.1,758.845,89334212.9351
2025-07-21 18:45:00,117506.1,117512.7,117121.0,117189.1,1788.763,209822869.8031
2025-07-21 19:00:00,117189.1,117476.7,117012.5,117466.0,1209.852,141862262.9145
2025-07-21 19:15:00,117466.0,117561.9,117047.7,117113.3,890.662,104507624.3183
2025-07-21 19:30:00,117113.3,117113.3,116775.6,116864.7,1839.839,215141798.5354
2025-07-21 19:45:00,116864.7,116939.9,116677.4,116796.9,1377.795,160916804.4776
2025-07-21 20:00:00,116796.9,117003.7,116652.0,116956.7,746.99,87272317.1651
2025-07-21 20:15:00,116956.7,117148.8,116924.7,117098.0,685.224,80214676.2285
2025-07-21 20:30:00,117098.0,117224.1,116941.7,117176.8,1043.979,122259537.3456
2025-07-21 20:45:00,117176.8,117280.0,116923.7,116949.7,622.127,72853013.8017
2025-07-21 21:00:00,116949.7,117236.7,116876.7,116969.9,546.765,64008706.4149
2025-07-21 21:15:00,116969.9,117270.0,116969.9,117246.2,231.407,27114737.5301
2025-07-21 21:30:00,117246.2,117393.6,117139.7,117393.6,320.174,37551712.6743
2025-07-21 21:45:00,117393.6,117393.6,117182.4,117232.3,337.43,39568113.5947
2025-07-21 22:00:00,117232.3,117360.9,117134.4,117338.0,305.198,35786567.7059
2025-07-21 22:15:00,117338.0,117448.7,117235.5,117437.3,233.268,27374548.8998
2025-07-21 22:30:00,117437.3,117669.6,117437.3,117638.0,484.758,56998070.2681
2025-07-21 22:45:00,117638.0,117650.0,117370.3,117373.9,271.286,31881785.5995
2025-07-21 23:00:00,117373.9,117401.1,117200.0,117306.9,314.599,36908376.3048
2025-07-21 23:15:00,117306.9,117372.5,117135.5,117366.1,550.637,64546629.674
2025-07-21 23:30:00,117366.1,117537.2,117325.1,117339.9,405.019,47570743.1564
2025-07-21 23:45:00,117339.9,117488.1,117302.4,117393.0,220.712,25915890.8091
2025-07-22 00:00:00,117393.0,117429.3,117274.7,117352.1,166.15,19496458.4593
2025-07-22 00:15:00,117352.1,117571.7,117352.1,117544.3,414.955,48757276.8136
2025-07-22 00:30:00,117544.3,117544.4,117055.0,117099.9,639.743,74984990.5662
2025-07-22 00:45:00,117099.9,117348.0,117085.4,117138.4,375.402,44000410.4589
2025-07-22 01:00:00,117138.4,117156.4,116873.5,116880.0,600.621,70261458.8007
2025-07-22 01:15:00,116880.0,117280.0,116123.0,117279.5,5151.64,600847450.2786
2025-07-22 01:30:00,117279.5,117854.5,117150.0,117680.0,2305.137,270885690.8652
2025-07-22 01:45:00,117680.0,117988.0,117645.2,117777.0,1251.785,147508618.4303
2025-07-22 02:00:00,117777.0,117849.4,117417.0,117533.7,903.561,106276760.1416
2025-07-22 02:15:00,117533.7,117752.8,117440.3,117576.4,366.476,43089282.6924
2025-07-22 02:30:00,117576.4,117715.2,117297.4,117306.8,794.697,93375389.3417
2025-07-22 02:45:00,117306.8,117350.0,116978.5,117055.9,1274.181,149227235.0363
2025-07-22 03:00:00,117055.9,117278.4,117000.0,117045.7,561.079,65710911.9532
2025-07-22 03:15:00,117045.7,117185.1,116714.3,117153.7,979.222,114511179.3623
2025-07-22 03:30:00,117153.7,117285.8,116813.5,116959.9,608.048,71175470.7101
2025-07-22 03:45:00,116959.9,117257.6,116866.8,117235.1,372.872,43672426.408
2025-07-22 04:00:00,117235.1,117315.7,117100.0,117158.2,229.566,26910746.2936
2025-07-22 04:15:00,117158.2,117200.0,116880.9,117019.6,467.592,54711875.5979
2025-07-22 04:30:00,117019.6,117384.7,116876.5,116897.9,808.373,94705741.4822
2025-07-22 04:45:00,116897.9,116975.9,116562.6,116564.4,1026.875,119890370.7644
2025-07-22 05:00:00,116564.4,117274.0,116563.5,117228.3,1400.701,163811333.8499
2025-07-22 05:15:00,117228.3,117383.8,117132.9,117189.1,768.661,90119683.1627
2025-07-22 05:30:00,117189.1,117360.0,117086.7,117117.7,908.902,106554054.1946
2025-07-22 05:45:00,117117.7,117372.9,116952.0,117370.1,483.666,56670505.4411
2025-07-22 06:00:00,117370.1,117623.1,117291.8,117576.9,780.19,91668875.1701
2025-07-22 06:15:00,117576.9,117758.4,117458.5,117743.8,591.807,69609088.3682
2025-07-22 06:30:00,117743.8,117799.9,117571.9,117577.4,649.152,76390321.9387
2025-07-22 06:45:00,117577.4,117858.0,117508.0,117857.9,853.526,100458343.0437
2025-07-22 07:00:00,117857.9,118316.0,117791.4,118312.1,2175.207,256835166.9949
2025-07-22 07:15:00,118312.1,118620.1,118250.0,118600.1,1483.589,175714515.5397
2025-07-22 07:30:00,118600.1,118610.1,118155.2,118225.4,1022.756,121012917.7296
2025-07-22 07:45:00,118225.4,118253.3,117847.9,118027.4,890.482,105114579.3884
2025-07-22 08:00:00,118027.4,118027.4,117551.7,117725.1,1274.845,150094912.0669
2025-07-22 08:15:00,117725.1,118024.2,117517.7,117743.0,1128.658,132933553.1056
2025-07-22 08:30:00,117743.0,118244.0,117715.6,118126.1,902.205,106525101.8653
2025-07-22 08:45:00,118126.1,118383.1,118051.6,118330.0,531.04,62794133.2492
2025-07-22 09:00:00,118330.0,118330.0,118052.2,118070.1,438.974,51860515.6386
2025-07-22 09:15:00,118070.1,118300.0,117892.6,118235.6,583.691,68925491.9075
2025-07-22 09:30:00,118235.6,118588.0,118235.6,118558.4,612.59,72560667.9651
2025-07-22 09:45:00,118558.4,118703.0,118408.5,118408.6,937.429,111109338.7191
2025-07-22 10:00:00,118408.6,118552.0,118323.2,118472.5,530.496,62832234.8808
2025-07-22 10:15:00,118472.5,118585.9,118388.2,118565.5,577.895,68482994.8143
2025-07-22 10:30:00,118565.5,118780.0,118565.5,118750.1,836.481,99294888.2301
2025-07-22 10:45:00,118750.1,119019.0,118725.7,119004.0,1182.948,140636676.2114
2025-07-22 11:00:00,119004.0,119159.4,118821.6,118969.9,1231.645,146584762.8053
2025-07-22 11:15:00,118969.9,119100.0,118969.8,119100.0,473.382,56341163.8771
2025-07-22 11:30:00,119100.0,119132.7,118934.2,119110.0,626.954,74635969.0812
2025-07-22 11:45:00,119110.0,119250.0,119109.9,119199.1,528.803,63029930.2743
2025-07-22 12:00:00,119199.1,119460.3,119124.4,119300.0,1181.472,140917100.7464
2025-07-22 12:15:00,119300.0,119315.7,119228.6,119289.6,445.439,53134269.6377
2025-07-22 12:30:00,119289.6,119479.4,119090.0,119421.9,1048.394,125064836.7047
2025-07-22 12:45:00,119421.9,119479.1,119278.3,119344.9,929.889,110993204.7747
2025-07-22 13:00:00,119344.9,119532.2,119244.0,119410.5,1164.126,139013867.7645
2025-07-22 13:15:00,119410.5,119410.5,119151.7,119258.7,518.745,61866599.7686
2025-07-22 13:30:00,119258.7,119649.9,118872.6,119524.3,2455.479,292748491.3259
2025-07-22 13:45:00,119524.3,119524.3,118093.0,118200.1,3649.806,432727943.3797
2025-07-22 14:00:00,118200.1,118532.3,117601.2,118452.1,4055.093,478733904.9411
2025-07-22 14:15:00,118452.1,118614.7,118181.1,118482.8,1181.804,139941493.2188
2025-07-22 14:30:00,118482.8,118844.0,118358.8,118791.0,983.443,116720350.9799
2025-07-22 14:45:00,118791.0,119186.8,118625.0,119111.9,1362.596,162019867.1668
2025-07-22 15:00:00,119111.9,119237.5,119005.6,119234.1,1049.74,125052897.417
2025-07-22 15:15:00,119234.1,119234.2,118852.5,118934.8,1013.52,120646970.4004
2025-07-22 15:30:00,118934.8,119235.5,118755.2,118932.1,872.618,103821473.6848
2025-07-22 15:45:00,118932.1,119116.4,118899.5,118962.1,543.972,64729656.9114
2025-07-22 16:00:00,118962.1,119328.9,118800.0,119275.1,870.29,103661026.2224
2025-07-22 16:15:00,119275.1,119439.7,118991.5,119100.0,1442.107,172023908.9995
2025-07-22 16:30:00,119100.0,119190.1,118783.0,118955.2,608.902,72427975.5638
2025-07-22 16:45:00,118955.2,118955.2,118674.9,118746.1,553.946,65796877.2144
2025-07-22 17:00:00,118746.1,118885.0,118451.8,118571.7,774.66,91903537.2398
2025-07-22 17:15:00,118571.7,118799.0,118571.7,118770.1,386.708,45906396.2452
2025-07-22 17:30:00,118770.1,119277.0,118727.4,119189.9,1427.426,169920626.8271
2025-07-22 17:45:00,119189.9,119288.0,119111.8,119260.1,478.738,57068369.9987
2025-07-22 18:00:00,119260.1,119488.4,119115.4,119360.1,1065.556,127150920.2321
2025-07-22 18:15:00,119360.1,119584.2,119167.3,119471.8,1210.194,144560391.9353
2025-07-22 18:30:00,119471.8,119519.4,119240.0,119249.5,572.163,68301289.2657
2025-07-22 18:45:00,119249.5,120297.1,119246.3,119816.5,3590.445,430627693.9498
2025-07-22 19:00:00,119816.5,119991.0,119655.0,119910.0,1088.236,130372742.7022
2025-07-22 19:15:00,119910.0,119910.0,119424.0,119701.9,643.732,77028695.6452
2025-07-22 19:30:00,119701.9,119710.0,119306.3,119394.5,609.084,72750954.6885
2025-07-22 19:45:00,119394.5,119491.4,119150.0,119333.3,727.696,86810147.5173
2025-07-22 20:00:00,119333.3,119804.2,119255.0,119720.1,1305.188,156125957.1127
2025-07-22 20:15:00,119720.1,119904.7,119571.3,119849.9,510.823,61178124.5337
2025-07-22 20:30:00,119849.9,119913.0,119621.1,119736.2,657.261,78715252.3218
2025-07-22 20:45:00,119736.2,119996.2,119725.5,119761.5,504.836,60513412.2047
2025-07-22 21:00:00,119761.5,119836.8,119612.5,119625.1,349.667,41852721.9618
2025-07-22 21:15:00,119625.1,119698.8,119582.8,119582.8,279.49,33439824.5421
2025-07-22 21:30:00,119582.8,119607.8,119505.9,119551.0,199.612,23864809.3665
2025-07-22 21:45:00,119551.0,119645.6,119465.2,119465.2,189.384,22646918.8909
2025-07-22 22:00:00,119465.2,119816.1,119465.2,119711.1,459.193,54957569.464
2025-07-22 22:15:00,119711.1,119988.7,119677.8,119895.1,298.878,35828419.8768
2025-07-22 22:30:00,119895.1,120100.0,119877.7,120054.3,439.376,52727320.0274
2025-07-22 22:45:00,120054.3,120066.2,119859.3,119916.0,394.677,47342511.266
2025-07-22 23:00:00,119916.0,120293.4,119898.4,120292.5,565.233,67909108.1919
2025-07-22 23:15:00,120292.5,120321.0,120210.1,120213.5,610.339,73407905.4232
2025-07-22 23:30:00,120213.5,120213.5,119951.0,120083.2,604.057,72540012.8009
2025-07-22 23:45:00,120083.2,120184.6,119916.8,120043.6,349.919,42001563.0474
2025-07-23 00:00:00,120043.6,120050.0,119859.9,119859.9,413.817,49641668.7461
2025-07-23 00:15:00,119859.9,120194.7,119706.0,119749.9,991.154,118880192.5272
2025-07-23 00:30:00,119749.9,120043.5,119749.9,119906.5,305.745,36649561.1004
2025-07-23 00:45:00,119906.5,119960.1,119600.0,119659.7,439.676,52627134.0001
2025-07-23 01:00:00,119659.7,119673.7,119485.7,119485.8,582.588,69657868.8902
2025-07-23 01:15:00,119485.8,119708.0,119485.7,119560.1,300.231,35909701.7939
2025-07-23 01:30:00,119560.1,119736.6,119519.1,119642.6,264.228,31609824.3718
2025-07-23 01:45:00,119642.6,119776.8,119550.0,119578.8,330.488,39547172.0673
2025-07-23 02:00:00,119578.8,119623.7,119161.9,119217.7,1119.334,133570528.516
2025-07-23 02:15:00,119217.7,119461.7,119217.7,119396.7,600.774,71700715.1367
2025-07-23 02:30:00,119396.7,119445.7,119069.0,119069.1,593.461,70780230.491
2025-07-23 02:45:00,119069.1,119214.9,119055.9,119154.8,457.595,54513403.8341
2025-07-23 03:00:00,119154.8,119178.9,118970.0,119047.8,639.135,76078619.9574
2025-07-23 03:15:00,119047.8,119069.4,118912.5,119016.6,311.554,37066822.8509
2025-07-23 03:30:00,119016.6,119029.0,118820.1,118820.1,501.231,59604756.5007
2025-07-23 03:45:00,118820.1,118824.8,118582.4,118675.1,1287.247,152768057.3397
2025-07-23 04:00:00,118675.1,118820.7,118623.0,118760.0,947.734,112508223.5294
2025-07-23 04:15:00,118760.0,118968.9,118684.0,118874.6,654.695,77809494.8307
2025-07-23 04:30:00,118874.6,118920.6,118821.2,118841.8,371.43,44154969.3981
2025-07-23 04:45:00,118841.8,119027.0,118778.3,119026.9,290.977,34601409.6052
2025-07-23 05:00:00,119026.9,119055.7,118820.6,118936.2,440.625,52396875.8765
2025-07-23 05:15:00,118936.2,118983.4,118769.6,118806.3,210.368,25002765.1833
2025-07-23 05:30:00,118806.3,118900.4,118689.1,118708.7,400.535,47574228.1126
2025-07-23 05:45:00,118708.7,118806.3,118658.0,118682.0,423.218,50244549.2159
2025-07-23 06:00:00,118682.0,118769.3,118574.4,118589.8,355.488,42172167.0477
2025-07-23 06:15:00,118589.8,118655.3,118463.2,118655.2,669.884,79408136.6013
2025-07-23 06:30:00,118655.2,118723.6,118465.1,118465.1,532.859,63192332.6215
2025-07-23 06:45:00,118465.1,118530.0,118363.2,118474.1,547.316,64828931.5649
2025-07-23 07:00:00,118474.1,118585.9,118382.8,118530.7,581.807,68944886.0619
2025-07-23 07:15:00,118530.7,118647.0,118501.1,118585.7,272.228,32282231.0316
2025-07-23 07:30:00,118585.7,118630.0,118434.2,118498.1,334.802,39680947.5866
2025-07-23 07:45:00,118498.1,118532.6,118311.9,118398.9,511.982,60618524.9496
2025-07-23 08:00:00,118398.9,118586.6,118255.6,118586.5,652.786,77292010.5566
2025-07-23 08:15:00,118586.5,118601.5,118350.0,118407.2,537.581,63711357.3681
2025-07-23 08:30:00,118407.2,118435.3,118280.0,118340.0,621.911,73595752.7883
2025-07-23 08:45:00,118340.0,118489.3,118296.5,118458.6,241.587,28600172.6312
2025-07-23 09:00:00,118458.6,118517.6,118229.7,118299.8,590.063,69829236.3027
2025-07-23 09:15:00,118299.8,118299.8,118004.6,118007.8,1213.349,143339780.6993
2025-07-23 09:30:00,118007.8,118211.2,117930.2,118112.3,1567.109,185028885.3047
2025-07-23 09:45:00,118112.3,118200.0,118065.0,118065.1,277.215,32753033.4782
2025-07-23 10:00:00,118065.1,118160.8,117850.0,117859.0,1266.833,149443288.8916
2025-07-23 10:15:00,117859.0,118316.4,117858.9,118285.2,1256.403,148430161.8562
2025-07-23 10:30:00,118285.2,118344.0,118204.4,118303.9,578.899,68468160.7606
2025-07-23 10:45:00,118303.9,118418.9,118303.9,118400.1,556.869,65916254.4858
2025-07-23 11:00:00,118400.1,118471.0,118172.9,118172.9,891.396,105496189.4037
2025-07-23 11:15:00,118172.9,118661.6,118172.9,118616.7,1153.781,136727833.3175
2025-07-23 11:30:00,118616.7,118649.0,118538.1,118594.2,652.584,77389634.8459
2025-07-23 11:45:00,118594.2,118610.0,118513.0,118558.0,277.281,32871982.3003
2025-07-23 12:00:00,118558.0,118675.0,118450.0,118674.9,518.521,61477032.1046
2025-07-23 12:15:00,118674.9,118675.0,118453.1,118566.9,303.557,35997465.9259
2025-07-23 12:30:00,118566.9,118629.9,118200.1,118265.8,695.776,82342878.3733
2025-07-23 12:45:00,118265.8,118394.8,117828.4,118011.1,2965.453,350049632.4417
2025-07-23 13:00:00,118011.1,118236.9,117894.0,118136.2,1418.05,167448048.9023
2025-07-23 13:15:00,118136.2,118141.9,117705.0,118081.8,1830.197,215844463.4827
2025-07-23 13:30:00,118081.8,118081.8,117606.7,117606.8,1917.714,225898700.0171
2025-07-23 13:45:00,117606.8,117730.8,117322.0,117366.8,2824.079,331820060.7893
2025-07-23 14:00:00,117366.8,117937.6,117300.0,117692.7,2171.281,255539093.7129
2025-07-23 14:15:00,117692.7,118100.0,117689.9,118012.0,1129.437,133250828.0337
2025-07-23 14:30:00,118012.0,118048.9,117804.2,117911.2,927.193,109344745.4032
2025-07-23 14:45:00,117911.2,118220.8,117804.2,118218.8,910.177,107392799.8241
2025-07-23 15:00:00,118218.8,118287.3,117830.1,117831.1,906.148,107023259.5334
2025-07-23 15:15:00,117831.1,118121.9,117808.2,118100.0,528.983,62395546.5815
2025-07-23 15:30:00,118100.0,118297.9,118041.8,118297.9,701.045,82865091.4641
2025-07-23 15:45:00,118297.9,118748.6,118134.3,118589.2,1417.661,167963022.4182
2025-07-23 16:00:00,118589.2,118589.2,117920.0,117920.1,1729.265,204486598.2181
2025-07-23 16:15:00,117920.1,118050.3,117632.7,117883.9,1246.9,146898399.0233
2025-07-23 16:30:00,117883.9,117883.9,117560.3,117782.0,905.676,106571913.32
2025-07-23 16:45:00,117782.0,117926.1,117578.4,117721.1,709.344,83524545.9534
2025-07-23 17:00:00,117721.1,117910.0,117456.6,117555.1,1341.857,157826794.4288
2025-07-23 17:15:00,117555.1,117850.0,117309.4,117642.7,1657.086,194750271.744
2025-07-23 17:30:00,117642.7,117945.8,117430.0,117867.4,884.407,104132426.9433
2025-07-23 17:45:00,117867.4,118134.8,117678.4,118134.6,730.799,86183561.014
2025-07-23 18:00:00,118134.6,118274.4,117986.6,118122.0,795.142,93960315.9732
2025-07-23 18:15:00,118122.0,118314.2,118023.0,118186.7,433.55,51237597.1503
2025-07-23 18:30:00,118186.7,118350.0,118127.3,118195.4,289.359,34214482.5594
2025-07-23 18:45:00,118195.4,118408.5,118195.3,118404.2,414.182,49012195.6655
2025-07-23 19:00:00,118404.2,118456.8,118312.8,118362.3,673.863,79780335.553
2025-07-23 19:15:00,118362.3,118466.7,118212.0,118359.6,483.17,57180069.6325
2025-07-23 19:30:00,118359.6,118389.6,118225.9,118273.4,305.412,36125173.4106
2025-07-23 19:45:00,118273.4,118480.7,118273.4,118397.8,232.053,27472738.3332
2025-07-23 20:00:00,118397.8,118500.0,118280.0,118480.0,299.096,35408979.6086
2025-07-23 20:15:00,118480.0,118480.0,117981.5,118043.3,1601.29,189269694.8279
2025-07-23 20:30:00,118043.3,118082.3,117550.0,117890.1,1732.267,204031551.2732
2025-07-23 20:45:00,117890.1,118069.6,117766.5,117898.7,962.803,113531609.6575
2025-07-23 21:00:00,117898.7,118102.7,117883.6,118033.6,348.699,41135184.56
2025-07-23 21:15:00,118033.6,118056.5,117405.3,117545.7,1111.266,130692714.0863
2025-07-23 21:30:00,117545.7,117940.2,117357.7,117831.0,820.185,96509364.9095
2025-07-23 21:45:00,117831.0,118187.0,117830.9,118187.0,386.744,45660527.2998
2025-07-23 22:00:00,118187.0,118315.8,117927.0,118289.0,541.645,64017048.9624
2025-07-23 22:15:00,118289.0,118640.0,118203.2,118604.1,837.511,99191270.5527
2025-07-23 22:30:00,118604.1,118644.7,118521.0,118581.1,481.33,57072200.6471
2025-07-23 22:45:00,118581.1,118625.0,118481.0,118560.0,453.141,53728693.0492
2025-07-23 23:00:00,118560.0,118708.7,118552.4,118688.9,406.066,48178133.9297
2025-07-23 23:15:00,118688.9,118700.0,118505.6,118632.7,389.479,46206291.9379
2025-07-23 23:30:00,118632.7,118640.0,118424.0,118568.3,359.739,42643665.5551
2025-07-23 23:45:00,118568.3,118771.5,118462.3,118743.4,532.557,63172000.2635
2025-07-24 00:00:00,118743.4,118792.1,118554.0,118734.5,623.927,74063319.4708
2025-07-24 00:15:00,118734.5,119144.2,118652.8,119014.9,1147.687,136488871.892
2025-07-24 00:30:00,119014.9,119130.0,118874.7,119050.0,690.82,82237720.1695
2025-07-24 00:45:00,119050.0,119095.0,118906.4,119055.0,331.68,39480331.3384
2025-07-24 01:00:00,119055.0,119069.3,118844.0,118865.3,366.831,43644185.0376
2025-07-24 01:15:00,118865.3,119031.2,118865.3,118963.8,302.402,35973148.9314
2025-07-24 01:30:00,118963.8,119047.7,118777.4,118999.2,451.723,53713253.0797
2025-07-24 01:45:00,118999.2,119118.0,118960.8,119096.4,385.176,45869515.4792
2025-07-24 02:00:00,119096.4,119096.5,118907.0,118955.7,472.564,56236397.2364
2025-07-24 02:15:00,118955.7,118955.8,118811.6,118861.8,341.067,40539541.2014
2025-07-24 02:30:00,118861.8,119052.7,118861.7,119034.5,209.958,24973847.7657
2025-07-24 02:45:00,119034.5,119089.8,118902.1,118963.1,184.272,21929433.488
2025-07-24 03:00:00,118963.1,119025.6,118901.9,119009.8,362.636,43141891.2382
2025-07-24 03:15:00,119009.8,119259.0,119009.8,119258.9,947.194,112819010.7474
2025-07-24 03:30:00,119258.9,119279.7,118930.8,118930.8,729.016,86828928.3557
2025-07-24 03:45:00,118930.8,118937.3,118479.5,118513.1,1138.655,135101753.7156
2025-07-24 04:00:00,118513.1,118571.3,118181.4,118571.2,1452.72,171974901.3077
2025-07-24 04:15:00,118571.2,118571.2,118254.4,118290.9,317.453,37585111.7825
2025-07-24 04:30:00,118290.9,118334.0,117862.7,117876.0,955.407,112807675.2908
2025-07-24 04:45:00,117876.0,118043.7,117813.3,117935.3,724.969,85485002.3775
2025-07-24 05:00:00,117935.3,117976.4,117591.1,117591.4,1235.955,145522020.3382
2025-07-24 05:15:00,117591.4,117787.0,117480.7,117582.9,1279.617,150465970.0981
2025-07-24 05:30:00,117582.9,117888.5,117542.4,117879.7,688.624,81079005.0761
2025-07-24 05:45:00,117879.7,117879.8,117453.2,117582.2,885.342,104134330.3146
2025-07-24 06:00:00,117582.2,117770.0,117562.4,117717.4,522.607,61492123.8634
2025-07-24 06:15:00,117717.4,117841.1,117469.8,117780.0,530.096,62382588.9296
2025-07-24 06:30:00,117780.0,117843.1,117400.1,117418.6,846.642,99518611.0683
2025-07-24 06:45:00,117418.6,117585.1,117341.8,117435.3,1096.222,128734718.7914
2025-07-24 07:00:00,117435.3,118014.1,117050.1,118014.0,3679.802,432667549.1163
2025-07-24 07:15:00,118014.0,118142.9,117868.2,118116.6,1340.98,158251446.6645
2025-07-24 07:30:00,118116.6,118250.0,117918.2,118246.5,669.044,79009930.6434
2025-07-24 07:45:00,118246.5,118484.3,118082.1,118398.0,888.647,105140619.5395
2025-07-24 08:00:00,118398.0,118800.0,118208.8,118727.0,1526.091,180891505.1282
2025-07-24 08:15:00,118727.0,118727.1,118506.1,118625.4,584.776,69367979.7246
2025-07-24 08:30:00,118625.4,118769.6,118550.0,118631.6,552.202,65537181.4345
2025-07-24 08:45:00,118631.6,118800.3,118631.5,118773.0,500.319,59411973.4269
2025-07-24 09:00:00,118773.0,118821.0,118600.2,118650.3,429.686,51021094.6914
2025-07-24 09:15:00,118650.3,118711.3,118476.8,118610.0,614.821,72916482.2511
2025-07-24 09:30:00,118610.0,118678.8,118419.2,118573.8,488.598,57909697.0609
2025-07-24 09:45:00,118573.8,118573.9,118294.6,118494.9,861.73,102034302.6368
2025-07-24 10:00:00,118494.9,118652.1,118271.6,118345.5,568.959,67419376.5492
2025-07-24 10:15:00,118345.5,118395.4,118118.7,118118.8,649.238,76753865.4191
2025-07-24 10:30:00,118118.8,118132.8,117944.8,118114.2,1481.311,174831882.9543
2025-07-24 10:45:00,118114.2,118418.8,118068.8,118389.3,1011.868,119707096.9181
2025-07-24 11:00:00,118389.3,118707.9,118321.0,118671.0,1017.524,120554120.4768
2025-07-24 11:15:00,118671.0,118750.0,118602.8,118627.1,957.294,113611377.513
2025-07-24 11:30:00,118627.1,118662.4,118584.0,118650.0,532.993,63229536.9662
2025-07-24 11:45:00,118650.0,118740.0,118613.5,118613.5,439.151,52122426.0444
2025-07-24 12:00:00,118613.5,118745.0,118515.7,118591.3,387.6,45976664.6492
2025-07-24 12:15:00,118591.3,118596.7,118289.6,118583.4,1102.999,130673966.0972
2025-07-24 12:30:00,118583.4,118606.6,118325.5,118336.6,510.617,60500354.6668
2025-07-24 12:45:00,118336.6,118589.9,118276.6,118519.1,294.416,34867183.7688
2025-07-24 13:00:00,118519.1,118682.0,118460.0,118621.8,483.169,57304803.177
2025-07-24 13:15:00,118621.8,118716.1,118621.7,118678.4,341.325,40506407.0617
2025-07-24 13:30:00,118678.4,118710.0,118417.0,118595.9,729.253,86483580.9583
2025-07-24 13:45:00,118595.9,118706.5,118200.0,118204.6,831.277,98417472.2082
2025-07-24 14:00:00,118204.6,118473.7,117815.8,117972.0,1429.947,168889683.3724
2025-07-24 14:15:00,117972.0,118250.5,117882.0,118131.0,711.679,84025700.6542
2025-07-24 14:30:00,118131.0,118695.2,118119.5,118610.4,1222.352,144876812.6498
2025-07-24 14:45:00,118610.4,119154.1,118610.1,119050.1,1971.211,234311175.2692
2025-07-24 15:00:00,119050.1,119492.9,119044.3,119286.0,2507.454,299185020.3089
2025-07-24 15:15:00,119286.0,119286.1,118900.7,119020.1,1453.103,172973709.7199
2025-07-24 15:30:00,119020.1,119044.6,118616.8,118857.8,1771.923,210530113.3915
2025-07-24 15:45:00,118857.8,119130.6,118843.0,119121.2,522.404,62189399.4936
2025-07-24 16:00:00,119121.2,119222.0,118845.1,118904.8,1199.498,142779297.3937
2025-07-24 16:15:00,118904.8,118988.5,118682.4,118691.7,945.72,112363921.8157
2025-07-24 16:30:00,118691.7,118843.3,118360.0,118389.7,1102.15,130635551.0614
2025-07-24 16:45:00,118389.7,118633.2,118360.0,118544.5,486.74,57686152.3015
2025-07-24 17:00:00,118544.5,118988.1,118489.0,118883.8,596.58,70881639.7161
2025-07-24 17:15:00,118883.8,119169.0,118801.2,119015.0,475.999,56652725.8489
2025-07-24 17:30:00,119015.0,119241.5,119015.0,119218.8,360.503,42960398.4507
2025-07-24 17:45:00,119218.8,119333.0,119113.3,119140.0,491.497,58591376.1463
2025-07-24 18:00:00,119140.0,119427.2,119012.7,119329.9,703.367,83881133.9693
2025-07-24 18:15:00,119329.9,119364.0,119181.6,119317.0,300.729,35868161.8864
2025-07-24 18:30:00,119317.0,119347.4,118967.5,119032.0,702.953,83718032.276
2025-07-24 18:45:00,119032.0,119130.9,118974.0,119052.6,266.129,31685144.152
2025-07-24 19:00:00,119052.6,119364.2,119052.5,119338.5,666.484,79447102.7213
2025-07-24 19:15:00,119338.5,119345.4,119065.6,119164.2,310.624,37032151.2472
2025-07-24 19:30:00,119164.2,119179.8,118935.0,118985.2,315.604,37566353.0985
2025-07-24 19:45:00,118985.2,119135.3,118880.1,118953.7,441.879,52588565.2492
2025-07-24 20:00:00,118953.7,119004.3,118799.9,118869.5,1029.623,122376816.4328
2025-07-24 20:15:00,118869.5,118926.9,118784.2,118903.7,269.942,32087433.2087
2025-07-24 20:30:00,118903.7,118907.1,118761.3,118799.9,200.38,23813610.8492
2025-07-24 20:45:00,118799.9,118866.2,118708.8,118719.9,188.378,22375515.3536
2025-07-24 21:00:00,118719.9,118788.3,118587.5,118587.5,280.052,33240643.9853
2025-07-24 21:15:00,118587.5,118677.4,118536.2,118536.3,234.002,27751919.3089
2025-07-24 21:30:00,118536.3,118627.8,118487.0,118606.1,246.535,29223069.2584
2025-07-24 21:45:00,118606.1,118635.8,118530.0,118530.0,161.697,19175306.6968
2025-07-24 22:00:00,118530.0,118632.9,118434.5,118434.5,411.307,48750622.9577
2025-07-24 22:15:00,118434.5,118591.2,118364.2,118465.0,270.726,32069183.5892
2025-07-24 22:30:00,118465.0,118465.0,118367.2,118418.8,153.184,18137207.1469
2025-07-24 22:45:00,118418.8,118418.8,118169.9,118271.2,459.666,54375190.1783
2025-07-24 23:00:00,118271.2,118445.7,118173.8,118330.7,483.14,57161009.5936
2025-07-24 23:15:00,118330.7,118449.9,118182.8,118227.9,315.93,37379568.4624
2025-07-24 23:30:00,118227.9,118386.2,118150.4,118307.4,279.21,33022848.4394
2025-07-24 23:45:00,118307.4,118367.6,118200.4,118328.0,308.817,36526561.3959
2025-07-25 00:00:00,118328.0,118440.3,118011.6,118153.5,879.022,103864775.3736
2025-07-25 00:15:00,118153.5,118178.5,117926.3,117951.3,972.591,114789468.0097
2025-07-25 00:30:00,117951.3,117989.1,117633.3,117779.5,1783.722,210077902.2624
2025-07-25 00:45:00,117779.5,117825.6,117648.3,117648.5,569.808,67077475.7918
2025-07-25 01:00:00,117648.5,117775.4,117550.4,117555.8,754.334,88732898.5962
2025-07-25 01:15:00,117555.8,117555.8,117310.0,117417.5,1125.526,132164420.6043
2025-07-25 01:30:00,117417.5,117690.7,117330.0,117415.8,1095.079,128677132.7566
2025-07-25 01:45:00,117415.8,117484.7,117176.7,117337.5,1730.654,203002381.0099
2025-07-25 02:00:00,117337.5,117369.9,117100.0,117176.4,1041.013,122023955.043
2025-07-25 02:15:00,117176.4,117237.4,117100.0,117108.0,614.284,71965179.432
2025-07-25 02:30:00,117108.0,117128.0,116560.0,116603.0,3203.506,374364014.6539
2025-07-25 02:45:00,116603.0,116750.0,116300.1,116314.0,2611.975,304382990.2055
2025-07-25 03:00:00,116314.0,116398.0,115800.0,116191.5,5120.257,594674741.3104
2025-07-25 03:15:00,116191.5,116279.0,115806.6,116000.1,2039.731,236618456.4076
2025-07-25 03:30:00,116000.1,116000.1,115297.7,115386.5,5222.195,603164547.8332
2025-07-25 03:45:00,115386.5,115687.0,115305.3,115400.1,1986.975,229466054.8607
2025-07-25 04:00:00,115400.1,115569.1,115116.0,115201.9,2779.666,320469231.0396
2025-07-25 04:15:00,115201.9,115377.5,115090.0,115314.6,1870.581,215505526.6276
2025-07-25 04:30:00,115314.6,115937.2,115307.9,115684.7,2840.345,328693518.5882
2025-07-25 04:45:00,115684.7,116107.2,115684.6,116055.5,2317.551,268667423.0321
2025-07-25 05:00:00,116055.5,116055.6,115170.8,115303.1,2640.956,305475388.6725
2025-07-25 05:15:00,115303.1,115760.0,115263.1,115582.0,1274.564,147330943.4049
2025-07-25 05:30:00,115582.0,115644.9,115455.0,115609.7,727.18,84003621.5393
2025-07-25 05:45:00,115609.7,115625.0,115400.0,115514.0,745.164,86057980.2541
2025-07-25 06:00:00,115514.0,115515.0,115275.0,115392.4,596.492,68828169.0617
2025-07-25 06:15:00,115392.4,115478.7,115230.8,115292.9,879.542,101433861.6931
2025-07-25 06:30:00,115292.9,115476.7,115173.5,115384.1,758.569,87458805.4173
2025-07-25 06:45:00,115384.1,115446.4,115272.7,115287.5,432.087,49844922.8951
2025-07-25 07:00:00,115287.5,115573.0,114923.7,115512.7,2862.572,329592845.0525
2025-07-25 07:15:00,115512.7,115989.8,115437.5,115550.0,2083.15,241045920.9752
2025-07-25 07:30:00,115550.0,115617.9,115147.5,115179.8,1135.043,130916549.7763
2025-07-25 07:45:00,115179.8,115412.0,114710.0,115329.5,3516.507,404283813.0518
2025-07-25 08:00:00,115329.5,115687.2,115266.6,115676.4,1687.593,194919802.2615
2025-07-25 08:15:00,115676.4,116000.0,115516.7,115770.0,1635.964,189489982.5815
2025-07-25 08:30:00,115770.0,115790.1,115128.0,115150.1,1401.707,161722042.3249
2025-07-25 08:45:00,115150.1,115609.5,115057.4,115232.9,1304.513,150412484.4471
2025-07-25 09:00:00,115232.9,115397.4,115045.6,115368.5,1128.107,129949603.86
2025-07-25 09:15:00,115368.5,115823.5,115182.7,115815.6,1133.853,131014252.9888
2025-07-25 09:30:00,115815.6,115916.7,115569.0,115569.1,884.456,102434127.5127
2025-07-25 09:45:00,115569.1,116067.7,115482.0,116062.0,1357.429,157193056.2018
2025-07-25 10:00:00,116062.0,116367.0,116004.9,116240.7,2100.722,244092620.612
2025-07-25 10:15:00,116240.7,116307.2,116103.4,116139.7,554.563,64452481.2713
2025-07-25 10:30:00,116139.7,116443.9,116139.7,116438.8,1031.29,120002207.6428
2025-07-25 10:45:00,116438.8,116537.6,116272.6,116311.6,1184.133,137834422.3636
2025-07-25 11:00:00,116311.6,116654.5,116311.6,116497.4,1095.941,127725568.7676
2025-07-25 11:15:00,116497.4,116780.0,116497.4,116700.4,918.813,107205241.7574
2025-07-25 11:30:00,116700.4,116793.1,116474.4,116529.0,984.29,114779115.8751
2025-07-25 11:45:00,116529.0,116646.6,116487.9,116544.9,449.628,52412204.8681
2025-07-25 12:00:00,116544.9,116675.8,116292.2,116523.1,950.806,110710280.8043
2025-07-25 12:15:00,116523.1,116606.9,116226.0,116269.9,687.173,79982484.1436
2025-07-25 12:30:00,116269.9,116447.4,115947.5,116429.9,2675.663,310798756.8694
2025-07-25 12:45:00,116429.9,116473.7,116000.7,116102.3,1013.248,117800426.1809
2025-07-25 13:00:00,116102.3,116144.3,115921.7,116090.1,586.274,68036410.5253
2025-07-25 13:15:00,116090.1,116147.0,116000.0,116112.5,351.773,40841735.6153
2025-07-25 13:30:00,116112.5,116615.3,115572.0,115673.6,2792.907,324047979.0861
2025-07-25 13:45:00,115673.6,116256.7,115668.3,116247.9,1770.731,205255953.956
2025-07-25 14:00:00,116247.9,116323.6,115600.0,115619.9,1367.583,158545877.3652
2025-07-25 14:15:00,115619.9,115779.1,115348.2,115605.4,2097.423,242391262.0665
2025-07-25 14:30:00,115605.4,115689.5,115100.0,115101.3,2021.014,233064497.582
2025-07-25 14:45:00,115101.3,115331.9,114905.0,114978.3,1842.857,212081921.967
2025-07-25 15:00:00,114978.3,115467.5,114914.1,115358.0,1536.124,177032555.6529
2025-07-25 15:15:00,115358.0,115687.3,115234.9,115533.2,966.612,111660736.3585
2025-07-25 15:30:00,115533.2,115638.4,115243.6,115336.7,740.56,85480987.2897
2025-07-25 15:45:00,115336.7,115866.1,115332.7,115734.4,721.752,83475900.517
2025-07-25 16:00:00,115734.4,115939.7,115651.2,115867.3,734.2,85038213.8445
2025-07-25 16:15:00,115867.3,115926.4,115455.5,115784.1,812.442,93985278.297
2025-07-25 16:30:00,115784.1,115961.9,115560.1,115921.6,527.807,61116132.0236
2025-07-25 16:45:00,115921.6,116222.0,115885.8,116187.0,1153.195,133850735.3866
2025-07-25 17:00:00,116187.0,116368.3,116155.2,116290.6,671.433,78069240.3422
2025-07-25 17:15:00,116290.6,116307.7,115950.0,116114.2,867.018,100701928.2321
2025-07-25 17:30:00,116114.2,116229.9,115854.6,116226.4,538.373,62482649.1812
2025-07-25 17:45:00,116226.4,116226.4,116029.0,116029.1,268.039,31135010.0809
2025-07-25 18:00:00,116029.1,116445.8,116029.0,116392.1,838.689,97511344.7985
2025-07-25 18:15:00,116392.1,116490.6,116297.4,116392.1,667.308,77675496.4026
2025-07-25 18:30:00,116392.1,116493.0,116318.4,116487.6,375.209,43676014.7362
2025-07-25 18:45:00,116487.6,116594.2,116418.8,116493.9,576.591,67184965.0682
2025-07-25 19:00:00,116493.9,116673.7,116410.0,116662.3,819.394,95513869.2843
2025-07-25 19:15:00,116662.3,116783.1,116552.4,116620.8,770.343,89886674.7567
2025-07-25 19:30:00,116620.8,117014.7,116620.7,116991.6,1282.813,149935534.7953
2025-07-25 19:45:00,116991.6,117012.8,116615.1,116679.5,1102.767,128840128.4181
2025-07-25 20:00:00,116679.5,116834.7,116572.8,116613.3,716.782,83640156.1816
2025-07-25 20:15:00,116613.3,116775.7,116613.3,116737.1,383.462,44755017.3195
2025-07-25 20:30:00,116737.1,117250.0,116727.9,117242.2,1979.112,231648491.2058
2025-07-25 20:45:00,117242.2,117326.7,117007.5,117067.5,1326.564,155457382.4978
2025-07-25 21:00:00,117067.5,117334.9,117056.2,117305.7,863.912,101252069.2669
2025-07-25 21:15:00,117305.7,117391.0,117204.3,117280.2,529.136,62069149.74
2025-07-25 21:30:00,117280.2,117280.3,116959.7,117068.6,559.925,65575895.0963
2025-07-25 21:45:00,117068.6,117265.8,117068.6,117226.6,306.796,35950898.8053
2025-07-25 22:00:00,117226.6,117275.7,117173.6,117195.4,250.243,29334489.9856
2025-07-25 22:15:00,117195.4,117265.7,117119.5,117265.6,318.098,37274065.0451
2025-07-25 22:30:00,117265.6,117374.9,117221.6,117354.7,218.518,25636789.1647
2025-07-25 22:45:00,117354.7,117354.7,117199.9,117289.7,479.554,56235241.2947
2025-07-25 23:00:00,117289.7,117343.8,117192.3,117233.9,460.083,53958569.0851
2025-07-25 23:15:00,117233.9,117378.6,117230.0,117297.3,378.276,44380275.3343
2025-07-25 23:30:00,117297.3,117617.6,117297.2,117526.3,903.013,106075424.1865
2025-07-25 23:45:00,117526.3,117642.8,117521.0,117616.3,347.527,40864125.8591
2025-07-26 00:00:00,117616.3,117616.4,117326.8,117424.5,455.687,53522396.486
2025-07-26 00:15:00,117424.5,117555.0,117380.8,117554.9,318.012,37358362.4214
2025-07-26 00:30:00,117554.9,117623.2,117476.5,117476.5,230.247,27066477.9192
2025-07-26 00:45:00,117476.5,117500.0,117342.9,117500.0,214.302,25162896.0431
2025-07-26 01:00:00,117500.0,117550.0,117418.6,117550.0,259.438,30479141.1988
2025-07-26 01:15:00,117550.0,117564.8,117385.0,117407.1,180.787,21233546.691
2025-07-26 01:30:00,117407.1,117449.6,117257.0,117257.1,341.589,40080312.3245
2025-07-26 01:45:00,117257.1,117341.6,117150.0,117156.0,458.528,53761525.3199
2025-07-26 02:00:00,117156.0,117319.7,117155.9,117319.7,251.322,29472266.911
2025-07-26 02:15:00,117319.7,117586.0,117319.6,117586.0,443.45,52100553.9576
2025-07-26 02:30:00,117586.0,117750.0,117468.7,117478.8,926.01,108924083.4188
2025-07-26 02:45:00,117478.8,117614.1,117466.7,117466.7,254.121,29867095.756
2025-07-26 03:00:00,117466.7,117610.6,117466.7,117575.0,247.253,29063535.8629
2025-07-26 03:15:00,117575.0,117592.0,117444.8,117444.8,136.475,16038959.6431
2025-07-26 03:30:00,117444.8,117570.9,117444.8,117494.9,147.593,17343968.3949
2025-07-26 03:45:00,117494.9,117570.9,117469.2,117469.2,92.137,10829220.3647
2025-07-26 04:00:00,117469.2,117541.1,117418.0,117541.0,152.029,17858921.9706
2025-07-26 04:15:00,117541.0,117541.1,117440.9,117475.1,139.289,16365807.7289
2025-07-26 04:30:00,117475.1,117514.3,117432.7,117461.1,133.771,15714240.6719
2025-07-26 04:45:00,117461.1,117487.3,117376.9,117487.2,200.856,23586387.6498
2025-07-26 05:00:00,117487.2,117487.3,117400.8,117414.7,179.624,21095892.3795
2025-07-26 05:15:00,117414.7,117542.7,117414.7,117542.6,130.915,15377156.0581
2025-07-26 05:30:00,117542.6,117542.7,117472.3,117472.3,137.811,16194460.6755
2025-07-26 05:45:00,117472.3,117472.4,117435.4,117435.4,109.285,12835057.0201
2025-07-26 06:00:00,117435.4,117454.6,117357.0,117357.0,152.879,17946461.1162
2025-07-26 06:15:00,117357.0,117357.1,117307.9,117334.4,288.788,33885622.425
2025-07-26 06:30:00,117334.4,117418.7,117322.9,117387.7,363.246,42633337.867
2025-07-26 06:45:00,117387.7,117387.8,117323.5,117323.5,100.521,11797962.0535
2025-07-26 07:00:00,117323.5,117341.0,117308.2,117325.9,108.881,12775064.9381
2025-07-26 07:15:00,117325.9,117370.9,117325.7,117344.0,173.353,20340448.2088
2025-07-26 07:30:00,117344.0,117365.0,117313.3,117353.3,154.953,18181057.8
2025-07-26 07:45:00,117353.3,117375.8,117322.8,117322.8,202.655,23783003.456
2025-07-26 08:00:00,117322.8,117349.6,117322.8,117348.3,123.955,14545054.5758
2025-07-26 08:15:00,117348.3,117486.0,117348.3,117485.9,249.149,29255917.9423
2025-07-26 08:30:00,117485.9,117499.0,117443.5,117482.1,157.727,18529568.617
2025-07-26 08:45:00,117482.1,117613.2,117482.1,117547.9,317.629,37340165.2275
2025-07-26 09:00:00,117547.9,117618.4,117508.3,117537.6,188.856,22200850.8749
2025-07-26 09:15:00,117537.6,117555.0,117449.3,117449.3,154.002,18094187.0348
2025-07-26 09:30:00,117449.3,117510.9,117435.6,117510.8,72.004,8458655.0498
2025-07-26 09:45:00,117510.8,117571.1,117510.8,117571.0,133.462,15687766.3662
2025-07-26 10:00:00,117571.0,117631.7,117507.7,117621.7,243.497,28626077.5624
2025-07-26 10:15:00,117621.7,117829.2,117592.9,117755.1,569.096,66986324.7772
2025-07-26 10:30:00,117755.1,118252.1,117751.4,118172.5,2091.362,246775692.8028
2025-07-26 10:45:00,118172.5,118199.0,117933.0,117966.4,787.363,92937174.0828
2025-07-26 11:00:00,117966.4,118050.0,117934.6,118024.6,497.78,58733860.5231
2025-07-26 11:15:00,118024.6,118060.0,117852.3,117924.3,399.775,47150890.8293
2025-07-26 11:30:00,117924.3,117991.5,117806.4,117812.4,324.24,38225515.9532
2025-07-26 11:45:00,117812.4,117857.0,117746.1,117755.6,314.06,36999209.544
2025-07-26 12:00:00,117755.6,117819.1,117745.0,117799.9,262.073,30864204.9886
2025-07-26 12:15:00,117799.9,118000.0,117799.9,117950.5,581.538,68584176.7293
2025-07-26 12:30:00,117950.5,117961.8,117890.7,117934.4,164.327,19377242.9159
2025-07-26 12:45:00,117934.4,117950.9,117892.8,117892.8,167.352,19733290.8035
2025-07-26 13:00:00,117892.8,118140.0,117828.9,118120.8,1014.516,119758651.7251
2025-07-26 13:15:00,118120.8,118226.2,118056.0,118077.2,755.99,89323336.7562
2025-07-26 13:30:00,118077.2,118218.1,118077.2,118201.9,276.101,32623405.7838
2025-07-26 13:45:00,118201.9,118203.0,118115.9,118121.0,255.057,30137112.6267
2025-07-26 14:00:00,118121.0,118209.8,118087.4,118132.7,233.478,27582959.2773
2025-07-26 14:15:00,118132.7,118178.7,117990.2,118001.1,220.266,26012924.2869
2025-07-26 14:30:00,118001.1,118130.1,117950.0,118099.5,382.742,45177480.1231
2025-07-26 14:45:00,118099.5,118155.5,118046.9,118060.0,199.423,23555477.6234
2025-07-26 15:00:00,118060.0,118129.7,117916.6,117919.0,231.336,27301461.5473
2025-07-26 15:15:00,117919.0,117948.3,117823.7,117874.0,421.296,49663550.1378
2025-07-26 15:30:00,117874.0,117947.3,117855.0,117925.6,121.395,14313968.6075
2025-07-26 15:45:00,117925.6,118165.2,117925.6,118141.5,342.081,40396562.2515
2025-07-26 16:00:00,118141.5,118199.9,118011.2,118071.8,482.128,56936125.5423
2025-07-26 16:15:00,118071.8,118184.1,118071.8,118175.2,209.277,24727191.3391
2025-07-26 16:30:00,118175.2,118244.4,118072.8,118077.0,414.865,49022022.0568
2025-07-26 16:45:00,118077.0,118106.2,117998.7,118085.4,218.282,25766918.5437
2025-07-26 17:00:00,118085.4,118104.0,118018.0,118033.9,139.606,16480600.9959
2025-07-26 17:15:00,118033.9,118090.0,118033.0,118055.1,53.252,6286683.8072
2025-07-26 17:30:00,118055.1,118072.8,117986.4,117986.4,90.355,10663788.541
2025-07-26 17:45:00,117986.4,118045.0,117986.4,118024.6,106.989,12626646.7414
2025-07-26 18:00:00,118024.6,118073.5,118024.6,118058.5,71.522,8443177.7452
2025-07-26 18:15:00,118058.5,118065.6,117940.3,118048.8,171.192,20198524.4003
2025-07-26 18:30:00,118048.8,118083.8,118005.0,118029.6,225.294,26596867.5601
2025-07-26 18:45:00,118029.6,118119.5,118029.6,118090.3,85.964,10150661.4542
2025-07-26 19:00:00,118090.3,118126.3,118046.9,118080.9,164.494,19423964.4589
2025-07-26 19:15:00,118080.9,118104.2,118058.2,118097.6,47.439,5601862.696
2025-07-26 19:30:00,118097.6,118179.9,118075.7,118179.6,92.91,10975414.449
2025-07-26 19:45:00,118179.6,118333.4,118179.6,118235.2,541.48,64032279.9354
2025-07-26 20:00:00,118235.2,118235.3,118113.3,118113.3,125.244,14800013.214
2025-07-26 20:15:00,118113.3,118113.4,117957.2,117957.2,190.045,22432476.1889
2025-07-26 20:30:00,117957.2,118017.1,117883.0,117990.5,405.844,47860996.3384
2025-07-26 20:45:00,117990.5,118041.1,117903.8,117935.1,181.009,21352792.4596
2025-07-26 21:00:00,117935.1,118001.4,117873.6,117880.2,229.458,27061124.6014
2025-07-26 21:15:00,117880.2,117957.8,117878.0,117946.0,85.265,10054877.9185
2025-07-26 21:30:00,117946.0,117995.4,117887.4,117950.3,116.024,13683984.9579
2025-07-26 21:45:00,117950.3,118067.4,117950.2,118020.9,121.485,14336911.1598
2025-07-26 22:00:00,118020.9,118123.3,117981.7,118077.8,164.406,19412479.1463
2025-07-26 22:15:00,118077.8,118281.5,118034.2,118055.6,510.915,60378193.7534
2025-07-26 22:30:00,118055.6,118115.0,117957.7,118077.1,323.926,38226931.9469
2025-07-26 22:45:00,118077.1,118099.9,117985.4,117985.5,77.153,9107494.7368
2025-07-26 23:00:00,117985.5,118033.3,117950.0,117973.4,72.51,8555561.7469
2025-07-26 23:15:00,117973.4,118018.0,117900.0,117914.1,141.401,16678981.4167
2025-07-26 23:30:00,117914.1,117955.2,117873.8,117882.1,212.167,25017391.662
2025-07-26 23:45:00,117882.1,117898.8,117857.5,117898.8,220.374,25975176.8974
2025-07-27 00:00:00,117898.8,117936.7,117807.6,117869.4,238.589,28123947.7063
2025-07-27 00:15:00,117869.4,117950.0,117817.5,117824.5,112.197,13226517.3592
2025-07-27 00:30:00,117824.5,117905.9,117813.0,117852.8,107.864,12712859.2828
2025-07-27 00:45:00,117852.8,117944.2,117815.0,117938.9,120.739,14231374.0521
2025-07-27 01:00:00,117938.9,118136.7,117888.1,118081.3,374.615,44207198.4372
2025-07-27 01:15:00,118081.3,118148.0,118081.2,118132.0,161.284,19050737.6408
2025-07-27 01:30:00,118132.0,118188.0,118131.9,118133.9,127.599,15076371.5913
2025-07-27 01:45:00,118133.9,118133.9,118041.2,118076.0,183.512,21667617.4345
2025-07-27 02:00:00,118076.0,118207.5,117995.2,118180.0,288.697,34096493.5163
2025-07-27 02:15:00,118180.0,118268.8,118146.4,118150.0,364.89,43138788.7524
2025-07-27 02:30:00,118150.0,118220.9,118149.9,118196.1,128.958,15243980.1368
2025-07-27 02:45:00,118196.1,118425.6,118091.1,118322.0,1020.502,120722455.7243
2025-07-27 03:00:00,118322.0,118327.8,118084.2,118110.9,592.915,70075031.7623
2025-07-27 03:15:00,118110.9,118188.6,118087.6,118188.6,141.644,16732783.0172
2025-07-27 03:30:00,118188.6,118278.3,118188.5,118232.1,144.534,17087926.1804
2025-07-27 03:45:00,118232.1,118232.1,118174.7,118174.7,48.973,5788245.2498
2025-07-27 04:00:00,118174.7,118266.2,118130.4,118186.2,158.727,18758123.8095
2025-07-27 04:15:00,118186.2,118268.7,118183.8,118263.6,102.218,12086125.9567
2025-07-27 04:30:00,118263.6,118263.6,118200.0,118225.0,83.219,9839603.3298
2025-07-27 04:45:00,118225.0,118230.8,118158.0,118220.7,131.563,15550425.4274
2025-07-27 05:00:00,118220.7,118240.0,118154.1,118194.3,81.349,9615443.7092
2025-07-27 05:15:00,118194.3,118299.3,118170.0,118258.6,177.786,21018927.7085
2025-07-27 05:30:00,118258.6,118303.7,118230.3,118272.0,208.374,24644349.4373
2025-07-27 05:45:00,118272.0,118289.3,118196.0,118289.3,84.26,9962566.4115
2025-07-27 06:00:00,118289.3,118315.0,118191.6,118270.0,199.235,23556936.4678
2025-07-27 06:15:00,118270.0,118321.0,118263.2,118270.3,195.107,23080811.2291
2025-07-27 06:30:00,118270.3,118364.9,118270.3,118347.9,207.562,24557099.5947
2025-07-27 06:45:00,118347.9,118443.7,118230.0,118261.2,341.493,40411111.9718
2025-07-27 07:00:00,118261.2,118261.3,118101.0,118112.4,332.176,39254317.7206
2025-07-27 07:15:00,118112.4,118204.0,118112.4,118140.0,89.634,10591557.0083
2025-07-27 07:30:00,118140.0,118188.8,118111.3,118182.2,210.009,24813668.4765
2025-07-27 07:45:00,118182.2,118182.3,118055.3,118117.0,287.6,33965695.7171
2025-07-27 08:00:00,118117.0,118142.4,118014.0,118104.4,229.136,27059074.9963
2025-07-27 08:15:00,118104.4,118104.5,117981.6,118012.2,214.12,25273313.0395
2025-07-27 08:30:00,118012.2,118059.6,117963.9,118058.9,164.028,19355288.9822
2025-07-27 08:45:00,118058.9,118069.7,117956.1,117956.1,146.077,17235919.0992
2025-07-27 09:00:00,117956.1,118018.0,117870.8,117953.0,287.973,33969285.4912
2025-07-27 09:15:00,117953.0,117953.1,117886.1,117892.0,120.878,14253524.932
2025-07-27 09:30:00,117892.0,117948.1,117858.4,117894.6,223.555,26358541.6246
2025-07-27 09:45:00,117894.6,117940.0,117850.1,117939.9,246.946,29110800.7412
2025-07-27 10:00:00,117939.9,118101.9,117939.9,118098.8,327.873,38705276.5269
2025-07-27 10:15:00,118098.8,118200.0,118098.7,118134.9,311.537,36806404.4603
2025-07-27 10:30:00,118134.9,118256.0,118108.7,118194.7,380.298,44947599.8372
2025-07-27 10:45:00,118194.7,118297.7,118170.0,118184.1,319.898,37826513.6002
2025-07-27 11:00:00,118184.1,118261.2,118184.1,118247.0,195.38,23099668.8174
2025-07-27 11:15:00,118247.0,118247.1,118161.4,118194.3,175.98,20799388.8924
2025-07-27 11:30:00,118194.3,118237.0,118086.6,118132.3,231.474,27345374.476
2025-07-27 11:45:00,118132.3,118132.3,118034.5,118070.3,223.657,26406413.0612
2025-07-27 12:00:00,118070.3,118115.6,118038.2,118079.4,133.335,15744842.3512
2025-07-27 12:15:00,118079.4,118088.4,117942.3,117970.9,242.577,28626256.5114
2025-07-27 12:30:00,117970.9,118017.1,117876.8,117896.4,250.295,29512394.6181
2025-07-27 12:45:00,117896.4,118112.1,117896.4,118089.2,272.536,32163111.0181
2025-07-27 13:00:00,118089.2,118194.3,118077.0,118183.6,240.286,28386741.896
2025-07-27 13:15:00,118183.6,118219.9,118118.3,118180.4,177.599,20990098.2323
2025-07-27 13:30:00,118180.4,118190.4,118088.1,118125.8,119.711,14141208.8921
2025-07-27 13:45:00,118125.8,118217.8,118121.1,118205.9,171.244,20235838.7341
2025-07-27 14:00:00,118205.9,118347.7,118140.8,118300.9,424.832,50237857.7002
2025-07-27 14:15:00,118300.9,118440.0,118300.9,118421.4,650.987,77071224.2632
2025-07-27 14:30:00,118421.4,118466.9,118252.6,118294.7,484.923,57408576.4827
2025-07-27 14:45:00,118294.7,118498.0,118175.0,118416.9,491.244,58149718.4259
2025-07-27 15:00:00,118416.9,118640.3,118218.1,118357.0,1098.05,130047965.8623
2025-07-27 15:15:00,118357.0,118601.4,118300.0,118478.1,667.74,79130257.6616
2025-07-27 15:30:00,118478.1,118478.3,118266.0,118454.3,230.812,27324971.9394
2025-07-27 15:45:00,118454.3,118599.1,118395.6,118586.8,253.145,30001959.3726
2025-07-27 16:00:00,118586.8,119187.5,118586.7,119171.8,3000.799,356887182.9728
2025-07-27 16:15:00,119171.8,119400.0,119093.2,119388.3,1576.274,188019072.5054
2025-07-27 16:30:00,119388.3,119600.0,119300.9,119320.7,2044.472,244281348.0918
2025-07-27 16:45:00,119320.7,119450.0,118959.5,119099.1,995.993,118727942.5884
2025-07-27 17:00:00,119099.1,119224.9,118974.1,119046.9,626.175,74572837.2925
2025-07-27 17:15:00,119046.9,119238.4,118848.0,119210.1,737.013,87702235.0498
2025-07-27 17:30:00,119210.1,119347.3,119000.0,119111.9,689.043,82123013.1951
2025-07-27 17:45:00,119111.9,119251.9,119111.9,119208.9,237.22,28272521.5267
2025-07-27 18:00:00,119208.9,119401.0,119179.6,119302.0,382.852,45684094.5982
2025-07-27 18:15:00,119302.0,119315.4,119130.9,119258.1,253.368,30206217.3252
2025-07-27 18:30:00,119258.1,119258.1,119012.0,119088.0,198.092,23591796.2715
2025-07-27 18:45:00,119088.0,119097.5,118950.0,119025.9,301.781,35919669.2187
2025-07-27 19:00:00,119025.9,119030.2,118896.7,118973.5,257.94,30686290.0491
2025-07-27 19:15:00,118973.5,119003.8,118895.9,118953.7,158.022,18794725.2397
2025-07-27 19:30:00,118953.7,119098.0,118953.7,118997.3,189.058,22507793.0085
2025-07-27 19:45:00,118997.3,119045.1,118928.0,118978.8,193.366,23004310.4974
2025-07-27 20:00:00,118978.8,119197.9,118949.3,119096.9,244.345,29100445.8243
2025-07-27 20:15:00,119096.9,119193.4,118920.6,118994.0,271.588,32322827.6051
2025-07-27 20:30:00,118994.0,118994.0,118855.0,118893.0,209.924,24960879.5576
2025-07-27 20:45:00,118893.0,118964.0,118730.8,118752.0,371.468,44139861.7082
2025-07-27 21:00:00,118752.0,118875.5,118752.0,118759.9,176.735,20995584.7584
2025-07-27 21:15:00,118759.9,119060.6,118733.8,119048.4,313.948,37318689.1775
2025-07-27 21:30:00,119048.4,119119.9,118960.0,119109.4,222.465,26487670.549
2025-07-27 21:45:00,119109.4,119294.9,119077.1,119287.8,333.389,39743150.6605
2025-07-27 22:00:00,119287.8,119781.9,119234.4,119730.0,1793.753,214548413.6298
2025-07-27 22:15:00,119730.0,119784.0,119577.0,119692.5,640.149,76625212.0415
2025-07-27 22:30:00,119692.5,119784.0,119683.0,119784.0,416.003,49802477.7625
2025-07-27 22:45:00,119784.0,119784.0,119500.6,119504.2,420.109,50253860.716
2025-07-27 23:00:00,119504.2,119556.0,119144.6,119243.7,824.068,98347355.3418
2025-07-27 23:15:00,119243.7,119539.0,119243.6,119447.7,325.254,38842845.6724
2025-07-27 23:30:00,119447.7,119480.0,119352.0,119386.6,219.786,26242170.6836
2025-07-27 23:45:00,119386.6,119454.0,119342.0,119429.9,179.137,21389223.4613
2025-07-28 00:00:00,119429.9,119481.9,119355.6,119481.9,249.607,29803021.5973
2025-07-28 00:15:00,119481.9,119718.6,119432.0,119649.3,474.398,56737340.8543
2025-07-28 00:30:00,119649.3,119663.0,119263.1,119263.2,374.217,44696662.183
2025-07-28 00:45:00,119263.2,119394.6,119115.4,119250.1,346.894,41358168.4791
2025-07-28 01:00:00,119250.1,119350.2,119070.1,119248.4,426.16,50787239.9368
2025-07-28 01:15:00,119248.4,119500.0,119184.0,119399.1,291.792,34836161.4957
2025-07-28 01:30:00,119399.1,119399.1,119069.0,119076.7,439.117,52335639.1518
2025-07-28 01:45:00,119076.7,119132.9,118950.0,119044.1,497.517,59221675.8482
2025-07-28 02:00:00,119044.1,119244.3,119017.9,119216.2,201.661,24022940.6828
2025-07-28 02:15:00,119216.2,119550.0,119216.1,119496.4,283.458,33848834.878
2025-07-28 02:30:00,119496.4,119844.9,119465.8,119614.5,1296.604,155230307.3356
2025-07-28 02:45:00,119614.5,119648.5,119398.6,119448.1,396.076,47322552.3177
2025-07-28 03:00:00,119448.1,119542.3,119324.4,119367.6,457.832,54683510.3887
2025-07-28 03:15:00,119367.6,119481.5,119264.5,119275.2,186.351,22239953.3851
2025-07-28 03:30:00,119275.2,119362.0,119229.9,119230.0,200.106,23869416.0585
2025-07-28 03:45:00,119230.0,119312.0,119226.0,119287.6,193.68,23097765.6384
2025-07-28 04:00:00,119287.6,119413.2,119257.9,119258.0,217.163,25916146.3169
2025-07-28 04:15:00,119258.0,119258.0,119130.6,119153.1,191.003,22761313.8837
2025-07-28 04:30:00,119153.1,119311.9,119121.5,119280.0,195.442,23298483.4615
2025-07-28 04:45:00,119280.0,119350.0,119187.1,119215.8,163.318,19477414.2184
2025-07-28 05:00:00,119215.8,119312.5,119139.5,119270.0,255.56,30472677.9119
2025-07-28 05:15:00,119270.0,119462.2,119270.0,119378.2,384.71,45932123.1638
2025-07-28 05:30:00,119378.2,119505.2,119241.5,119496.0,255.684,30526240.2397
2025-07-28 05:45:00,119496.0,119699.1,119375.9,119528.5,381.622,45638391.1253
2025-07-28 06:00:00,119528.5,119610.0,119492.1,119582.0,295.579,35337653.1935
2025-07-28 06:15:00,119582.0,119599.0,119455.9,119483.2,215.9,25802161.4343
2025-07-28 06:30:00,119483.2,119492.9,119432.0,119475.5,174.793,20882165.6049
2025-07-28 06:45:00,119475.5,119497.4,119427.5,119455.7,212.727,25411253.5045
2025-07-28 07:00:00,119455.7,119455.8,118863.7,118872.1,970.52,115509191.2124
2025-07-28 07:15:00,118872.1,119117.1,118785.3,119051.5,1486.196,176709036.8434
2025-07-28 07:30:00,119051.5,119051.5,118753.0,118875.3,620.464,73746568.7737
2025-07-28 07:45:00,118875.3,118950.2,118868.4,118885.8,154.33,18349560.475
2025-07-28 08:00:00,118885.8,119044.4,118800.0,118903.8,347.392,41310185.4984
2025-07-28 08:15:00,118903.8,119081.4,118835.3,119010.2,267.79,31855410.8767
2025-07-28 08:30:00,119010.2,119030.3,118767.8,118870.0,321.516,38210440.7104
2025-07-28 08:45:00,118870.0,119104.4,118837.4,119058.0,474.602,56464841.9812
2025-07-28 09:00:00,119058.0,119058.1,118894.2,118905.7,443.488,52761921.2168
2025-07-28 09:15:00,118905.7,119008.0,118828.2,118837.0,232.129,27599988.3977
2025-07-28 09:30:00,118837.0,118854.0,118706.8,118745.2,444.218,52757278.2417
2025-07-28 09:45:00,118745.2,119021.2,118733.5,118921.4,327.694,38961446.915
2025-07-28 10:00:00,118921.4,118938.4,118759.8,118761.1,229.986,27330808.7859
2025-07-28 10:15:00,118761.1,118965.3,118761.1,118933.0,231.829,27557505.979
2025-07-28 10:30:00,118933.0,118933.1,118576.5,118665.5,670.295,79564258.6104
2025-07-28 10:45:00,118665.5,118808.4,118647.2,118767.6,364.794,43313552.1004
2025-07-28 11:00:00,118767.6,118871.7,118650.0,118681.2,242.707,28819357.3101
2025-07-28 11:15:00,118681.2,118715.3,118531.0,118551.2,551.342,65398041.5786
2025-07-28 11:30:00,118551.2,118764.3,118435.7,118689.5,903.662,107151393.5696
2025-07-28 11:45:00,118689.5,118826.9,118689.5,118810.6,296.693,35242445.3341
2025-07-28 12:00:00,118810.6,119040.8,118777.3,118894.2,895.104,106449563.7231
2025-07-28 12:15:00,118894.2,119092.0,118815.0,118904.1,642.14,76395797.3601
2025-07-28 12:30:00,118904.1,118989.2,118835.1,118965.4,214.096,25459606.9255
2025-07-28 12:45:00,118965.4,119000.0,118793.0,118836.6,333.768,39679737.9684
2025-07-28 13:00:00,118836.6,118861.6,118666.7,118667.2,431.064,51191360.9435
2025-07-28 13:15:00,118667.2,118752.8,118383.3,118601.1,1037.227,122977084.6256
2025-07-28 13:30:00,118601.1,119084.7,118300.0,118654.3,2734.143,324356581.9062
2025-07-28 13:45:00,118654.3,118788.0,118227.1,118429.5,1764.575,209030302.9991
2025-07-28 14:00:00,118429.5,118691.8,118297.3,118469.3,916.536,108576393.8624
2025-07-28 14:15:00,118469.3,118522.2,118000.0,118071.8,3333.858,393815979.8202
2025-07-28 14:30:00,118071.8,118250.0,117874.0,118247.9,1725.868,203707038.1766
2025-07-28 14:45:00,118247.9,118270.5,117925.0,117980.0,705.449,83306651.3741
2025-07-28 15:00:00,117980.0,118188.1,117888.0,118175.1,607.661,71702119.1168
2025-07-28 15:15:00,118175.1,118409.9,118108.1,118409.4,1162.778,137517917.8602
2025-07-28 15:30:00,118409.4,118513.7,118156.1,118229.7,796.293,94252185.613
2025-07-28 15:45:00,118229.7,118375.3,118105.1,118160.0,551.045,65119525.8914
2025-07-28 16:00:00,118160.0,118163.2,117987.0,118054.9,509.658,60170664.6653
2025-07-28 16:15:00,118054.9,118307.7,118006.2,118283.5,302.947,35793633.198
2025-07-28 16:30:00,118283.5,118360.0,118155.4,118317.7,266.209,31487546.9046
2025-07-28 16:45:00,118317.7,118376.8,117990.0,118004.0,410.046,48433587.9717
2025-07-28 17:00:00,118004.0,118039.8,117830.1,117833.3,706.116,83277737.2501
2025-07-28 17:15:00,117833.3,118021.5,117623.4,118016.5,1884.63,221976490.327
2025-07-28 17:30:00,118016.5,118116.1,117772.4,117854.3,571.295,67376395.1716
2025-07-28 17:45:00,117854.3,117854.3,117645.8,117666.0,601.314,70785262.6124
2025-07-28 18:00:00,117666.0,117783.1,117477.1,117778.2,1299.381,152798652.0046
2025-07-28 18:15:00,117778.2,117804.1,117460.6,117553.8,781.162,91862492.023
2025-07-28 18:30:00,117553.8,117777.1,117401.5,117730.1,1172.313,137772831.2924
2025-07-28 18:45:00,117730.1,117860.0,117626.5,117779.8,375.491,44213563.425
2025-07-28 19:00:00,117779.8,118200.0,117764.7,118146.4,1399.499,165194595.5881
2025-07-28 19:15:00,118146.4,118255.9,118080.8,118090.8,615.406,72723260.8725
2025-07-28 19:30:00,118090.8,118097.0,117682.0,117682.0,717.264,84563952.2139
2025-07-28 19:45:00,117682.0,118100.0,117536.7,118070.0,716.798,84416737.9273
2025-07-28 20:00:00,118070.0,118164.2,117739.0,117759.4,456.104,53785222.7273
2025-07-28 20:15:00,117759.4,117864.1,117480.0,117493.3,867.521,102041113.8599
2025-07-28 20:30:00,117493.3,117987.6,117480.0,117845.0,514.793,60639483.4454
2025-07-28 20:45:00,117845.0,118087.7,117816.9,118045.5,438.045,51665357.4476
2025-07-28 21:00:00,118045.5,118185.6,117942.7,118060.7,369.771,43662551.3903
2025-07-28 21:15:00,118060.7,118167.4,117961.3,118088.4,259.909,30690271.7265
2025-07-28 21:30:00,118088.4,118346.7,118032.0,118343.7,455.176,53822724.9249
2025-07-28 21:45:00,118343.7,118343.7,117955.1,118121.8,336.631,39757188.9741
2025-07-28 22:00:00,118121.8,118278.5,118065.5,118114.0,340.906,40285510.9772
2025-07-28 22:15:00,118114.0,118220.0,118005.0,118139.0,225.0,26573425.6667
2025-07-28 22:30:00,118139.0,118180.0,117780.0,117865.9,548.952,64776198.8838
2025-07-28 22:45:00,117865.9,117983.6,117745.6,117864.1,392.046,46209075.8421
2025-07-28 23:00:00,117864.1,118036.1,117815.2,117946.9,278.354,32825171.3406
2025-07-28 23:15:00,117946.9,118178.9,117946.8,117976.4,245.382,28969893.3418
2025-07-28 23:30:00,117976.4,118153.2,117950.5,118020.2,194.338,22942177.3055
2025-07-28 23:45:00,118020.2,118162.6,117822.0,118068.9,292.34,34503180.9942
2025-07-29 00:00:00,118068.9,118295.5,117949.5,118292.1,521.38,61628363.7722
2025-07-29 00:15:00,118292.1,118467.8,118223.7,118234.7,901.557,106722086.7836
2025-07-29 00:30:00,118234.7,118271.3,117521.1,117690.5,1761.312,207520014.5452
2025-07-29 00:45:00,117690.5,117976.9,117626.8,117976.5,331.59,39083979.5389
2025-07-29 01:00:00,117976.5,118118.2,117846.5,118078.2,201.996,23834362.4534
2025-07-29 01:15:00,118078.2,118229.8,118055.0,118199.6,225.365,26635800.7914
2025-07-29 01:30:00,118199.6,118236.1,118119.6,118129.5,344.097,40668387.0987
2025-07-29 01:45:00,118129.5,118146.2,117761.9,117767.1,254.131,29975435.0323
2025-07-29 02:00:00,117767.1,117945.8,117750.0,117885.7,419.821,49476559.4772
2025-07-29 02:15:00,117885.7,117897.3,117434.0,117879.9,1045.111,122926383.0878
2025-07-29 02:30:00,117879.9,117970.0,117750.0,117959.1,438.524,51684813.1498
2025-07-29 02:45:00,117959.1,118095.8,117839.2,118092.4,343.752,40562216.1812
2025-07-29 03:00:00,118092.4,118437.5,118092.4,118390.0,919.25,108748782.993
2025-07-29 03:15:00,118390.0,118394.8,118240.8,118319.4,344.198,40728502.2856
2025-07-29 03:30:00,118319.4,118498.0,118240.0,118492.1,365.334,43250567.7302
2025-07-29 03:45:00,118492.1,118820.7,118459.2,118761.9,1183.754,140447722.1095
2025-07-29 04:00:00,118761.9,118831.7,118639.4,118761.8,750.465,89115327.8854
2025-07-29 04:15:00,118761.8,118761.8,118550.0,118643.4,324.702,38515138.8343
2025-07-29 04:30:00,118643.4,118690.4,118500.0,118511.9,254.693,30201774.3934
2025-07-29 04:45:00,118511.9,118560.0,118406.2,118521.5,362.407,42937711.0694
2025-07-29 05:00:00,118521.5,118745.5,118521.4,118661.8,275.405,32679927.288
2025-07-29 05:15:00,118661.8,118661.8,118520.0,118645.0,203.193,24098278.7984
2025-07-29 05:30:00,118645.0,118738.2,118583.1,118737.1,151.238,17950587.5811
2025-07-29 05:45:00,118737.1,118849.9,118737.0,118802.4,375.818,44645075.9912
2025-07-29 06:00:00,118802.4,118879.9,118722.0,118861.0,267.985,31840800.7018
2025-07-29 06:15:00,118861.0,119063.1,118860.0,118910.7,795.002,94577625.5088
2025-07-29 06:30:00,118910.7,118998.9,118854.2,118975.0,284.82,33878274.267
2025-07-29 06:45:00,118975.0,118984.9,118750.0,118750.1,484.504,57601761.87
2025-07-29 07:00:00,118750.1,118932.7,118750.1,118829.0,302.587,35964080.7704
2025-07-29 07:15:00,118829.0,118876.3,118757.8,118800.1,214.348,25468114.2941
2025-07-29 07:30:00,118800.1,118975.0,118744.8,118975.0,339.723,40368231.8141
2025-07-29 07:45:00,118975.0,119300.0,118800.0,118889.8,1502.918,178967213.9724
2025-07-29 08:00:00,118889.8,119011.6,118823.8,118989.4,300.1,35693100.699
2025-07-29 08:15:00,118989.4,119083.9,118757.8,118796.6,607.619,72285430.9458
2025-07-29 08:30:00,118796.6,119000.1,118791.8,119000.0,371.849,44220741.795
2025-07-29 08:45:00,119000.0,119038.9,118809.5,118934.7,336.88,40060087.5279
2025-07-29 09:00:00,118934.7,119022.8,118830.0,118830.1,359.517,42751649.4704
2025-07-29 09:15:00,118830.1,118958.8,118760.0,118920.9,276.912,32911672.7615
2025-07-29 09:30:00,118920.9,118920.9,118776.7,118920.9,162.256,19283999.9986
2025-07-29 09:45:00,118920.9,118921.0,118760.0,118778.9,156.891,18644727.3265
2025-07-29 10:00:00,118778.9,118833.0,118564.7,118603.2,581.742,69039837.0312
2025-07-29 10:15:00,118603.2,118719.6,118534.7,118669.3,389.288,46179651.2643
2025-07-29 10:30:00,118669.3,118788.6,118500.0,118500.0,250.488,29721047.8022
2025-07-29 10:45:00,118500.0,118546.2,118303.5,118329.5,895.366,106019215.0522
2025-07-29 11:00:00,118329.5,118420.3,118117.9,118420.3,946.357,111912192.3268
2025-07-29 11:15:00,118420.3,118527.3,118375.8,118504.2,456.931,54133255.0364
2025-07-29 11:30:00,118504.2,118532.3,118340.6,118440.2,359.613,42592662.0046
2025-07-29 11:45:00,118440.2,118604.9,118390.7,118602.1,221.721,26277015.5087
2025-07-29 12:00:00,118602.1,118707.5,118452.3,118480.8,370.633,43951278.8256
2025-07-29 12:15:00,118480.8,119050.0,118480.8,118940.0,1022.33,121452155.4609
2025-07-29 12:30:00,118940.0,119127.5,118781.6,119061.5,1034.791,123157297.0823
2025-07-29 12:45:00,119061.5,119061.6,118797.2,118900.0,574.821,68347011.6528
2025-07-29 13:00:00,118900.0,118943.1,118775.0,118870.0,386.445,45932383.8051
2025-07-29 13:15:00,118870.0,118961.9,118813.6,118940.0,308.155,36638410.3187
2025-07-29 13:30:00,118940.0,119023.0,118645.4,118820.7,742.297,88222339.9665
2025-07-29 13:45:00,118820.7,118896.0,118522.0,118620.0,1148.812,136328012.0839
2025-07-29 14:00:00,118620.0,118640.0,117952.0,118153.6,2484.908,293669020.9349
2025-07-29 14:15:00,118153.6,118380.0,118111.1,118267.2,771.146,91198894.3932
2025-07-29 14:30:00,118267.2,118297.3,118065.0,118250.0,505.08,59686230.9791
2025-07-29 14:45:00,118250.0,118310.0,117685.0,117813.0,1567.138,184687527.9135
2025-07-29 15:00:00,117813.0,117958.2,117638.0,117763.5,988.351,116388781.3668
2025-07-29 15:15:00,117763.5,117827.4,117500.0,117518.5,973.87,114529675.2663
2025-07-29 15:30:00,117518.5,117639.1,117240.0,117433.0,2345.945,275524466.6738
2025-07-29 15:45:00,117433.0,117641.3,117327.8,117372.2,1671.224,196366427.7925
2025-07-29 16:00:00,117372.2,117480.0,117293.8,117413.9,997.163,117036109.4287
2025-07-29 16:15:00,117413.9,117550.0,117244.9,117305.8,1023.776,120136641.317
2025-07-29 16:30:00,117305.8,117451.0,116912.6,117450.9,2370.982,277733703.5244
2025-07-29 16:45:00,117450.9,117730.0,117403.6,117727.2,1949.867,229379569.3301
2025-07-29 17:00:00,117727.2,117900.0,117611.0,117889.9,922.306,108635124.0032
2025-07-29 17:15:00,117889.9,117967.2,117720.0,117909.4,602.886,71057709.8761
2025-07-29 17:30:00,117909.4,118045.8,117658.0,117671.3,652.507,76914918.7218
2025-07-29 17:45:00,117671.3,117851.9,117671.2,117766.0,287.008,33798457.76
2025-07-29 18:00:00,117766.0,117824.2,117498.1,117596.4,500.804,58902471.4476
2025-07-29 18:15:00,117596.4,117728.4,117461.5,117726.8,331.67,38999177.6626
2025-07-29 18:30:00,117726.8,117817.6,117646.4,117683.2,331.893,39077971.8933
2025-07-29 18:45:00,117683.2,117780.6,117500.0,117609.2,273.299,32153239.1567
2025-07-29 19:00:00,117609.2,117788.3,117540.9,117788.3,406.089,47764530.5835
2025-07-29 19:15:00,117788.3,118012.8,117387.0,117453.2,1115.035,131296310.8476
2025-07-29 19:30:00,117453.2,117595.0,117423.0,117552.6,352.293,41389286.4354
2025-07-29 19:45:00,117552.6,117663.2,117500.3,117523.6,193.581,22762966.9412
2025-07-29 20:00:00,117523.6,117625.3,117073.0,117202.2,2089.247,244976654.8491
2025-07-29 20:15:00,117202.2,117891.2,117150.0,117544.5,1317.406,154894743.1426
2025-07-29 20:30:00,117544.5,117561.2,117055.6,117177.0,1339.277,156985143.2056
2025-07-29 20:45:00,117177.0,117498.8,117101.6,117498.8,659.752,77359595.2707
2025-07-29 21:00:00,117498.8,117550.2,117272.8,117421.4,588.124,69066251.4782
2025-07-29 21:15:00,117421.4,117421.4,117148.5,117320.7,492.408,57733709.4191
2025-07-29 21:30:00,117320.7,117370.5,117230.0,117243.3,310.948,36476058.269
2025-07-29 21:45:00,117243.3,117688.0,117243.2,117589.3,339.195,39839201.6231
2025-07-29 22:00:00,117589.3,117736.2,117424.8,117433.8,484.55,56985476.272
2025-07-29 22:15:00,117433.8,117726.1,117433.7,117719.9,250.688,29477988.7214
2025-07-29 22:30:00,117719.9,117768.0,117688.8,117716.6,232.832,27410230.333
2025-07-29 22:45:00,117716.6,117850.0,117716.6,117824.0,213.15,25106333.2667
2025-07-29 23:00:00,117824.0,117884.2,117775.8,117817.6,215.542,25399679.3156
2025-07-29 23:15:00,117817.6,117919.6,117812.0,117919.6,161.739,19064383.1044
2025-07-29 23:30:00,117919.6,117982.7,117749.5,117749.5,251.731,29674304.6336
2025-07-29 23:45:00,117749.5,117941.4,117700.1,117923.3,264.329,31146099.1784
2025-07-30 00:00:00,117923.3,117958.8,117750.8,117932.5,333.763,39327164.7699
2025-07-30 00:15:00,117932.5,117979.9,117674.4,117675.6,257.591,30347218.9533
2025-07-30 00:30:00,117675.6,117750.0,117517.0,117589.6,466.538,54869002.7364
2025-07-30 00:45:00,117589.6,117745.1,117506.1,117720.9,264.875,31153602.8212
2025-07-30 01:00:00,117720.9,117772.5,117650.0,117744.1,282.469,33253084.5933
2025-07-30 01:15:00,117744.1,117753.5,117371.4,117545.0,407.71,47899067.1327
2025-07-30 01:30:00,117545.0,117870.0,117507.8,117859.5,309.425,36435445.6559
2025-07-30 01:45:00,117859.5,118008.6,117805.0,117832.0,263.146,31030692.1274
2025-07-30 02:00:00,117832.0,118083.7,117757.7,118069.5,329.094,38815858.7019
2025-07-30 02:15:00,118069.5,118098.0,117867.9,117928.5,390.864,46115194.4567
2025-07-30 02:30:00,117928.5,118098.0,117843.8,118030.1,252.323,29770227.6527
2025-07-30 02:45:00,118030.1,118079.0,117973.7,117999.4,176.32,20812623.0002
2025-07-30 03:00:00,117999.4,118021.1,117868.9,117979.8,256.487,30250150.1566
2025-07-30 03:15:00,117979.8,118070.0,117882.5,118070.0,124.421,14676911.4961
2025-07-30 03:30:00,118070.0,118152.4,118044.5,118152.2,227.482,26866668.771
2025-07-30 03:45:00,118152.2,118234.0,118012.9,118130.0,398.177,47049861.9443
2025-07-30 04:00:00,118130.0,118254.4,118124.3,118186.8,256.53,30323136.7507
2025-07-30 04:15:00,118186.8,118215.6,118133.3,118153.5,169.957,20085005.6235
2025-07-30 04:30:00,118153.5,118153.5,117946.9,118029.8,380.744,44935285.1812
2025-07-30 04:45:00,118029.8,118029.8,117946.9,117980.7,255.97,30199253.1902
2025-07-30 05:00:00,117980.7,118064.9,117674.7,117683.8,647.042,76268302.4138
2025-07-30 05:15:00,117683.8,117946.9,117643.1,117945.0,424.948,50054098.8962
2025-07-30 05:30:00,117945.0,117950.0,117862.2,117904.8,146.027,17218007.3591
2025-07-30 05:45:00,117904.8,118023.2,117827.4,117973.2,146.198,17244710.38
2025-07-30 06:00:00,117973.2,118083.5,117973.1,118028.1,197.741,23342387.9756
2025-07-30 06:15:00,118028.1,118182.1,118027.9,118176.5,299.924,35426019.9563
2025-07-30 06:30:00,118176.5,118285.4,118078.0,118259.4,342.508,40480816.7565
2025-07-30 06:45:00,118259.4,118310.0,118190.0,118259.0,503.443,59543215.5326
2025-07-30 07:00:00,118259.0,118389.2,118170.9,118181.5,540.311,63919158.1613
2025-07-30 07:15:00,118181.5,118333.4,118164.2,118332.1,209.131,24725678.5431
2025-07-30 07:30:00,118332.1,118350.0,118142.5,118217.5,208.016,24595562.6862
2025-07-30 07:45:00,118217.5,118217.5,118077.5,118103.2,164.563,19440279.2219
2025-07-30 08:00:00,118103.2,118239.8,117989.1,117989.1,343.073,40509352.3548
2025-07-30 08:15:00,117989.1,118141.9,117912.3,118141.9,333.852,39401292.0442
2025-07-30 08:30:00,118141.9,118339.3,118032.7,118338.9,621.212,73426435.174
2025-07-30 08:45:00,118338.9,118465.8,118338.0,118350.0,660.82,78243744.4144
2025-07-30 09:00:00,118350.0,118404.6,118195.5,118235.7,282.028,33364807.9128
2025-07-30 09:15:00,118235.7,118294.7,118110.1,118117.3,461.8,54590445.5236
2025-07-30 09:30:00,118117.3,118128.5,117960.9,118013.7,523.88,61833444.1002
2025-07-30 09:45:00,118013.7,118189.7,118013.6,118122.0,393.794,46493788.0843
2025-07-30 10:00:00,118122.0,118316.3,118122.0,118299.9,281.924,33342320.6089
2025-07-30 10:15:00,118299.9,118300.0,118180.3,118289.8,295.213,34911979.0923
2025-07-30 10:30:00,118289.8,118390.0,118238.6,118348.4,373.002,44141021.8586
2025-07-30 10:45:00,118348.4,118386.2,117808.3,117990.0,805.318,95051258.3287
2025-07-30 11:00:00,117990.0,118150.0,117944.3,118053.4,491.944,58072609.4193
2025-07-30 11:15:00,118053.4,118075.0,117747.2,117786.8,1118.928,131853249.6255
2025-07-30 11:30:00,117786.8,117959.6,117762.9,117762.9,246.703,29079018.3996
2025-07-30 11:45:00,117762.9,117820.0,117266.4,117542.3,2062.279,242338624.918
2025-07-30 12:00:00,117542.3,117616.8,117310.9,117438.6,752.461,88407084.6427
2025-07-30 12:15:00,117438.6,117822.0,117327.2,117707.5,1335.404,157134066.5225
2025-07-30 12:30:00,117707.5,117894.6,117503.1,117544.1,1072.253,126209036.9294
2025-07-30 12:45:00,117544.1,117829.4,117527.2,117689.5,335.927,39522159.9805
2025-07-30 13:00:00,117689.5,117852.0,117338.6,117500.0,1094.061,128654030.0179
2025-07-30 13:15:00,117500.0,117802.0,117397.3,117457.7,1041.735,122473376.9311
2025-07-30 13:30:00,117457.7,117785.8,117370.6,117611.0,633.59,74498919.398
2025-07-30 13:45:00,117611.0,117777.0,117430.0,117640.2,749.103,88088671.4995
2025-07-30 14:00:00,117640.2,117843.5,117580.7,117809.0,524.826,61783271.8676
2025-07-30 14:15:00,117809.0,117983.5,117681.3,117708.6,618.724,72915852.1336
2025-07-30 14:30:00,117708.6,118208.2,117708.6,118070.0,984.393,116179277.2621
2025-07-30 14:45:00,118070.0,118739.3,118015.3,118683.3,2268.376,268740534.2484
2025-07-30 15:00:00,118683.3,118769.0,118256.5,118327.4,1268.283,150251661.8031
2025-07-30 15:15:00,118327.4,118431.2,118061.2,118132.9,654.626,77396541.2138
2025-07-30 15:30:00,118132.9,118196.7,118025.0,118068.9,421.041,49731537.3228
2025-07-30 15:45:00,118068.9,118172.6,117810.0,117991.7,715.985,84449200.493
2025-07-30 16:00:00,117991.7,118006.0,117600.8,117796.2,774.317,91167091.7142
2025-07-30 16:15:00,117796.2,118033.4,117740.0,117764.8,707.075,83362987.5246
2025-07-30 16:30:00,117764.8,117852.4,117675.7,117749.7,265.245,31232868.5477
2025-07-30 16:45:00,117749.7,117808.1,117639.9,117716.5,267.842,31532770.8234
2025-07-30 17:00:00,117716.5,117850.0,117670.3,117726.4,287.026,33799507.5912
2025-07-30 17:15:00,117726.4,117925.0,117690.0,117764.0,256.602,30226667.0749
2025-07-30 17:30:00,117764.0,117829.9,117696.0,117781.0,170.577,20088758.1545
2025-07-30 17:45:00,117781.0,117781.9,117609.2,117756.3,339.024,39904938.5663
2025-07-30 18:00:00,117756.3,118029.0,117324.5,117640.0,1642.484,193217531.1715
2025-07-30 18:15:00,117640.0,117845.5,117470.7,117727.9,582.658,68568999.7189
2025-07-30 18:30:00,117727.9,117801.9,117212.7,117391.2,1529.727,179614441.1368
2025-07-30 18:45:00,117391.2,117461.6,116450.0,116471.7,4769.108,557110258.1731
2025-07-30 19:00:00,116471.7,116471.8,115738.1,116236.0,7779.128,903019303.1329
2025-07-30 19:15:00,116236.0,116431.7,116126.7,116416.4,2302.97,267749630.1044
2025-07-30 19:30:00,116416.4,116756.3,116200.1,116750.0,1819.701,212010041.1843
2025-07-30 19:45:00,116750.0,117100.0,116606.0,116873.2,3030.97,354246487.8591
2025-07-30 20:00:00,116873.2,117296.8,116828.6,117267.0,1725.25,202091466.0355
2025-07-30 20:15:00,117267.0,117292.7,117033.7,117077.8,647.684,75881504.9022
2025-07-30 20:30:00,117077.8,117177.8,116950.0,117004.2,591.619,69261969.4071
2025-07-30 20:45:00,117004.2,117163.1,116898.3,117159.9,520.91,60959360.8011
2025-07-30 21:00:00,117159.9,117215.1,117064.8,117064.8,302.698,35459421.0359
2025-07-30 21:15:00,117064.8,117160.0,116963.9,116963.9,282.159,33032311.2611
2025-07-30 21:30:00,116963.9,117084.6,116928.0,117029.9,287.573,33645250.9631
2025-07-30 21:45:00,117029.9,117312.7,117015.1,117300.2,423.38,49630587.5551
2025-07-30 22:00:00,117300.2,117413.1,117204.1,117302.0,606.634,71185626.0277
2025-07-30 22:15:00,117302.0,117398.0,117213.6,117279.5,237.477,27854811.9462
2025-07-30 22:30:00,117279.5,117420.0,117233.3,117419.9,183.755,21559074.8014
2025-07-30 22:45:00,117419.9,117492.7,117331.4,117448.6,513.133,60257593.0191
2025-07-30 23:00:00,117448.6,117596.9,117411.9,117501.6,541.441,63624557.4988
2025-07-30 23:15:00,117501.6,117537.8,117459.5,117537.7,237.895,27955362.4213
2025-07-30 23:30:00,117537.7,117700.0,117506.3,117700.0,567.376,66730698.8611
2025-07-30 23:45:00,117700.0,117921.1,117699.9,117781.6,731.096,86142455.4743
2025-07-31 00:00:00,117781.6,117945.4,117740.6,117863.6,484.203,57060610.9761
2025-07-31 00:15:00,117863.6,118054.4,117844.9,118045.8,589.831,69571629.2193
2025-07-31 00:30:00,118045.8,118318.0,118004.6,118303.0,896.338,105890827.8584
2025-07-31 00:45:00,118303.0,118512.2,118225.7,118381.2,1703.832,201683691.8233
2025-07-31 01:00:00,118381.2,118447.6,118249.2,118399.9,579.241,68549285.5513
2025-07-31 01:15:00,118399.9,118402.6,118112.5,118281.2,517.618,61201702.8566
2025-07-31 01:30:00,118281.2,118317.0,118162.7,118206.4,395.955,46811045.9169
2025-07-31 01:45:00,118206.4,118221.7,117942.8,118024.6,418.59,49406021.6598
2025-07-31 02:00:00,118024.6,118225.1,117930.4,118190.3,301.493,35597725.7948
2025-07-31 02:15:00,118190.3,118224.7,118116.7,118161.7,163.123,19277517.7683
2025-07-31 02:30:00,118161.7,118403.8,118157.0,118403.8,458.793,54265842.5089
2025-07-31 02:45:00,118403.8,118455.0,118302.9,118399.9,452.594,53581640.3014
2025-07-31 03:00:00,118399.9,118463.7,118333.3,118368.1,533.937,63224867.5717
2025-07-31 03:15:00,118368.1,118426.7,118336.3,118417.2,153.958,18227115.3402
2025-07-31 03:30:00,118417.2,118445.3,118355.6,118445.0,230.058,27241297.8984
2025-07-31 03:45:00,118445.0,118580.0,118411.0,118444.4,654.55,77551378.6268
2025-07-31 04:00:00,118444.4,118458.8,118400.0,118431.6,162.909,19293302.3119
2025-07-31 04:15:00,118431.6,118431.6,118320.2,118343.6,322.176,38140906.647
2025-07-31 04:30:00,118343.6,118531.9,118342.1,118431.4,268.61,31814491.6198
2025-07-31 04:45:00,118431.4,118529.3,118431.4,118480.8,200.932,23808004.4121
2025-07-31 05:00:00,118480.8,118518.2,118332.3,118332.3,321.377,38059865.6315
2025-07-31 05:15:00,118332.3,118420.0,118312.9,118362.7,200.021,23675535.3207
2025-07-31 05:30:00,118362.7,118398.5,118320.2,118320.2,114.911,13601990.2036
2025-07-31 05:45:00,118320.2,118361.2,118298.0,118327.8,163.916,19395663.3204
2025-07-31 06:00:00,118327.8,118373.6,118257.6,118269.4,190.64,22553613.6306
2025-07-31 06:15:00,118269.4,118399.8,118269.3,118399.8,230.675,27299050.0224
2025-07-31 06:30:00,118399.8,118595.2,118373.5,118551.2,405.053,47995595.9612
2025-07-31 06:45:00,118551.2,118713.0,118551.1,118675.6,527.523,62588325.8237
2025-07-31 07:00:00,118675.6,118739.2,118574.8,118700.0,523.947,62169147.0121
2025-07-31 07:15:00,118700.0,118900.0,118686.2,118800.1,944.101,112185619.4923
2025-07-31 07:30:00,118800.1,118800.1,118588.6,118625.2,584.546,69368147.6932
2025-07-31 07:45:00,118625.2,118696.2,118620.6,118646.6,205.798,24419750.6924
2025-07-31 08:00:00,118646.6,118696.2,118591.0,118604.1,212.011,25151943.1218
2025-07-31 08:15:00,118604.1,118644.4,118549.7,118608.1,231.22,27422370.9769
2025-07-31 08:30:00,118608.1,118739.2,118546.0,118737.7,278.037,32983440.3032
2025-07-31 08:45:00,118737.7,118738.4,118530.8,118563.2,339.488,40271902.1895
2025-07-31 09:00:00,118563.2,118563.2,118465.6,118493.1,294.846,34940176.2427
2025-07-31 09:15:00,118493.1,118517.6,118450.0,118517.6,218.699,25912237.5922
2025-07-31 09:30:00,118517.6,118567.8,118475.4,118510.0,462.083,54766618.2214
2025-07-31 09:45:00,118510.0,118600.0,118510.0,118582.5,207.452,24595405.6509
2025-07-31 10:00:00,118582.5,118707.0,118521.9,118538.9,362.029,42941316.9555
2025-07-31 10:15:00,118538.9,118555.7,118422.3,118452.7,240.908,28541247.7224
2025-07-31 10:30:00,118452.7,118536.0,118409.4,118536.0,229.684,27209780.3504
2025-07-31 10:45:00,118536.0,118626.8,118469.8,118499.9,548.377,65006616.7987
2025-07-31 11:00:00,118499.9,118553.0,118451.8,118525.3,235.233,27875323.7097
2025-07-31 11:15:00,118525.3,118529.8,118391.4,118408.8,239.877,28414225.9655
2025-07-31 11:30:00,118408.8,118478.7,118325.1,118346.1,341.196,40395957.3576
2025-07-31 11:45:00,118346.1,118364.4,118275.5,118346.9,248.612,29417030.5977
2025-07-31 12:00:00,118346.9,118490.1,118320.0,118411.8,284.563,33688970.946
2025-07-31 12:15:00,118411.8,118531.2,118318.7,118526.4,403.155,47749097.4476
2025-07-31 12:30:00,118526.4,118526.4,118264.2,118380.9,614.085,72703844.2812
2025-07-31 12:45:00,118380.9,118629.2,118338.3,118601.2,449.365,53268079.8496
2025-07-31 13:00:00,118601.2,118601.3,118240.2,118243.5,543.062,64276632.9991
2025-07-31 13:15:00,118243.5,118325.0,118066.0,118112.1,1303.611,154059411.7538
2025-07-31 13:30:00,118112.1,118550.0,117773.9,118283.8,2920.108,345010863.2615
2025-07-31 13:45:00,118283.8,118663.3,118238.0,118537.2,1249.001,148009656.5077
2025-07-31 14:00:00,118537.2,118627.8,118233.0,118299.1,968.343,114683627.8437
2025-07-31 14:15:00,118299.1,118340.5,117882.9,117940.1,1117.221,131928327.1307
2025-07-31 14:30:00,117940.1,118190.0,117852.8,118003.6,992.511,117123192.6468
2025-07-31 14:45:00,118003.6,118141.9,117860.0,117880.0,439.74,51886470.2675
2025-07-31 15:00:00,117880.0,118155.0,117842.7,117988.7,664.619,78446543.4175
2025-07-31 15:15:00,117988.7,118155.0,117882.0,118002.4,619.52,73126632.3044
2025-07-31 15:30:00,118002.4,118322.0,118002.4,118250.8,640.137,75667824.0306
2025-07-31 15:45:00,118250.8,118324.8,118086.0,118273.2,544.269,64360115.3061
2025-07-31 16:00:00,118273.2,118394.5,118200.6,118310.3,571.318,67581108.8852
2025-07-31 16:15:00,118310.3,118508.4,118310.3,118505.6,603.757,71498935.5277
2025-07-31 16:30:00,118505.6,118860.0,118505.6,118582.7,1955.865,232148108.8296
2025-07-31 16:45:00,118582.7,118628.5,118358.0,118508.2,790.608,93643004.3468
2025-07-31 17:00:00,118508.2,118537.5,118160.0,118247.3,617.585,73046311.1348
2025-07-31 17:15:00,118247.3,118350.0,117708.0,117826.6,1540.336,181648230.4036
2025-07-31 17:30:00,117826.6,118140.9,117737.2,118059.9,1244.095,146761325.1233
2025-07-31 17:45:00,118059.9,118185.2,117666.9,117710.0,957.517,112865095.2252
2025-07-31 18:00:00,117710.0,117762.1,117353.6,117488.1,2121.852,249391296.2417
2025-07-31 18:15:00,117488.1,117888.8,117350.0,117888.7,1850.536,217636522.5805
2025-07-31 18:30:00,117888.7,117957.8,117756.6,117799.8,490.882,57859352.4246
2025-07-31 18:45:00,117799.8,117918.0,117560.0,117615.1,471.354,55481788.2438
2025-07-31 19:00:00,117615.1,117730.6,117155.0,117259.2,1583.435,185851362.5085
2025-07-31 19:15:00,117259.2,117315.4,117065.2,117097.5,1162.601,136209480.4803
2025-07-31 19:30:00,117097.5,117135.9,116800.0,116889.0,1958.797,229086518.3894
2025-07-31 19:45:00,116889.0,116946.1,116685.5,116709.3,1411.067,164836046.2263
2025-07-31 20:00:00,116709.3,116940.0,116480.0,116574.8,1821.85,212488503.7919
2025-07-31 20:15:00,116574.8,116785.2,116409.7,116699.7,1352.098,157652206.7235
2025-07-31 20:30:00,116699.7,116876.2,116353.6,116496.6,1366.934,159379651.1657
2025-07-31 20:45:00,116496.6,116563.7,116364.9,116449.1,831.252,96801736.922
2025-07-31 21:00:00,116449.1,116699.0,116412.6,116495.1,569.964,66420940.5653
2025-07-31 21:15:00,116495.1,116703.6,116459.3,116703.6,580.463,67671914.66
2025-07-31 21:30:00,116703.6,116830.0,116567.1,116654.7,657.044,76677804.6733
2025-07-31 21:45:00,116654.7,116702.2,116172.5,116472.0,1427.695,166120420.1452
2025-07-31 22:00:00,116472.0,116472.0,116049.8,116256.2,1282.234,148982521.4052
2025-07-31 22:15:00,116256.2,116346.2,116055.0,116223.5,900.779,104654063.8231
2025-07-31 22:30:00,116223.5,116236.1,116009.0,116148.1,649.615,75422606.7769
2025-07-31 22:45:00,116148.1,116224.1,115941.1,115941.2,995.152,115494260.7668
2025-07-31 23:00:00,115941.2,116294.1,115850.0,116279.2,1976.8,229440461.1367
2025-07-31 23:15:00,116279.2,116279.2,115953.8,115961.7,619.979,71996636.1015
2025-07-31 23:30:00,115961.7,115995.5,115368.6,115678.1,3737.499,432396504.4269
2025-07-31 23:45:00,115678.1,115800.0,115479.1,115680.1,923.787,106845836.1622
2025-08-01 00:00:00,115680.1,115749.2,115226.4,115236.3,1387.609,160239084.2191
