timestamp,open,high,low,close,volume,turnover
2025-01-01 00:00:00,93530.0,93876.8,93451.0,93720.0,1271.148,119048683.0576
2025-01-01 00:30:00,93720.0,94457.9,93719.9,94343.2,1882.193,177090870.7594
2025-01-01 01:00:00,94343.2,94360.0,93787.0,93792.0,1674.182,157370937.7464
2025-01-01 01:30:00,93792.0,93949.2,93537.3,93575.2,887.245,83169858.4995
2025-01-01 02:00:00,93575.2,93777.6,93550.0,93708.7,562.222,52670138.8188
2025-01-01 02:30:00,93708.7,94066.7,93693.5,94056.3,542.641,50958562.0638
2025-01-01 03:00:00,94056.3,94057.5,93725.5,93785.7,587.536,55157188.5826
2025-01-01 03:30:00,93785.7,93864.8,93679.7,93802.0,331.905,31124620.2666
2025-01-01 04:00:00,93802.0,93802.0,93640.0,93704.8,482.519,45205599.2191
2025-01-01 04:30:00,93704.8,93705.2,93472.9,93523.3,683.632,63979556.0843
2025-01-01 05:00:00,93523.3,93893.7,93500.6,93852.6,750.166,70271640.3419
2025-01-01 05:30:00,93852.6,93909.3,93750.0,93755.9,483.038,45318593.4135
2025-01-01 06:00:00,93755.9,93756.4,93557.8,93612.0,406.597,38073971.9664
2025-01-01 06:30:00,93612.0,93728.7,93516.5,93720.1,454.513,42551981.5436
2025-01-01 07:00:00,93720.1,93756.9,93601.6,93752.1,461.917,43261676.0376
2025-01-01 07:30:00,93752.1,93774.1,93622.7,93642.7,397.859,37281976.5753
2025-01-01 08:00:00,93642.7,93737.7,93250.5,93373.5,1219.986,114072298.8623
2025-01-01 08:30:00,93373.5,93500.0,93273.7,93375.0,852.477,79624146.0835
2025-01-01 09:00:00,93375.0,93438.9,92840.0,93107.7,2382.861,221893317.4535
2025-01-01 09:30:00,93107.7,93384.9,92950.3,93368.4,1517.558,141402599.7193
2025-01-01 10:00:00,93368.4,93510.0,93309.6,93361.2,967.391,90378981.557
2025-01-01 10:30:00,93361.2,93470.2,93239.8,93297.8,629.437,58741669.5425
2025-01-01 11:00:00,93297.8,93466.6,93155.5,93461.7,765.477,71427434.6946
2025-01-01 11:30:00,93461.7,93674.8,93367.5,93393.3,1225.708,114604734.9794
2025-01-01 12:00:00,93393.3,93961.5,93351.2,93840.0,1441.402,134981515.1063
2025-01-01 12:30:00,93840.0,93865.8,93654.5,93772.2,936.221,87788889.2594
2025-01-01 13:00:00,93772.2,93874.8,93561.9,93688.2,858.559,80445105.0483
2025-01-01 13:30:00,93688.2,94039.1,93687.0,93985.9,779.314,73141000.3234
2025-01-01 14:00:00,93985.9,94429.9,93832.5,93874.1,2875.749,270837915.7396
2025-01-01 14:30:00,93874.1,94187.3,93604.2,94134.4,1917.97,180151387.8369
2025-01-01 15:00:00,94134.4,94244.8,93851.4,94122.0,1194.181,112315791.0804
2025-01-01 15:30:00,94122.0,94481.4,94050.0,94411.6,1104.709,104125059.5983
2025-01-01 16:00:00,94411.6,94470.4,94053.3,94126.2,1114.841,105065220.5575
2025-01-01 16:30:00,94126.2,94171.4,93891.9,94060.1,842.53,79221229.7615
2025-01-01 17:00:00,94060.1,94112.0,93687.7,93942.1,1055.53,99076201.4952
2025-01-01 17:30:00,93942.1,94164.6,93856.0,94106.0,544.735,51213362.8082
2025-01-01 18:00:00,94106.0,94217.7,93881.3,94165.2,435.516,40967395.4409
2025-01-01 18:30:00,94165.2,94357.7,94146.4,94300.0,685.335,64591864.4645
2025-01-01 19:00:00,94300.0,94360.0,94123.5,94220.9,466.162,43934171.8693
2025-01-01 19:30:00,94220.9,94786.8,94100.0,94583.4,1915.28,181057570.3533
2025-01-01 20:00:00,94583.4,94863.8,94540.1,94677.5,1195.793,113247580.7419
2025-01-01 20:30:00,94677.5,94836.9,94595.9,94751.4,767.78,72742752.1187
2025-01-01 21:00:00,94751.4,95158.4,94646.7,94925.5,1324.928,125750887.2729
2025-01-01 21:30:00,94925.5,94973.2,94685.4,94946.9,766.443,72678509.9579
2025-01-01 22:00:00,94946.9,94982.1,94639.2,94719.2,986.015,93450568.2239
2025-01-01 22:30:00,94719.2,94954.4,94719.2,94761.1,521.939,49497472.2429
2025-01-01 23:00:00,94761.1,94943.4,94559.6,94611.6,876.376,83015141.391
2025-01-01 23:30:00,94611.6,94732.3,94500.0,94564.6,802.854,75957829.7431
2025-01-02 00:00:00,94564.6,95183.5,94339.9,94895.4,2069.492,196030137.4972
2025-01-02 00:30:00,94895.4,95355.0,94685.8,95104.9,2401.827,228466563.1764
2025-01-02 01:00:00,95104.9,95515.7,94986.3,95060.5,2123.011,202274675.8085
2025-01-02 01:30:00,95060.5,95061.0,94688.9,94844.5,1439.459,136562945.2208
2025-01-02 02:00:00,94844.5,95128.0,94771.6,95005.1,751.158,71338141.7616
2025-01-02 02:30:00,95005.1,95220.8,94811.5,95217.0,943.315,89658596.2525
2025-01-02 03:00:00,95217.0,95286.0,94926.9,95048.0,660.972,62847765.1097
2025-01-02 03:30:00,95048.0,95074.6,94881.1,94985.8,424.801,40340442.2377
2025-01-02 04:00:00,94985.8,95270.5,94957.8,95149.7,839.525,79844723.4929
2025-01-02 04:30:00,95149.7,95987.5,95149.7,95685.8,3639.893,348420064.5289
2025-01-02 05:00:00,95685.8,95775.2,95346.8,95719.9,1564.982,149517018.5108
2025-01-02 05:30:00,95719.9,95747.0,95494.1,95556.6,654.203,62558764.1128
2025-01-02 06:00:00,95556.6,95673.5,95334.7,95414.4,650.755,62122581.4024
2025-01-02 06:30:00,95414.4,95578.7,95343.3,95547.1,487.037,46500509.9016
2025-01-02 07:00:00,95547.1,95823.8,95468.0,95748.4,793.058,75889651.8671
2025-01-02 07:30:00,95748.4,95877.2,95661.2,95799.9,888.153,85069105.2923
2025-01-02 08:00:00,95799.9,96050.2,95607.0,95692.8,1594.051,152807105.7165
2025-01-02 08:30:00,95692.8,96200.0,95591.5,96115.0,1798.999,172650968.6638
2025-01-02 09:00:00,96115.0,96420.9,96005.2,96356.8,2022.591,194697781.7536
2025-01-02 09:30:00,96356.8,96774.0,96238.5,96716.4,2236.647,215863681.1259
2025-01-02 10:00:00,96716.4,96799.9,96530.8,96660.0,1707.782,165065636.5479
2025-01-02 10:30:00,96660.0,96736.0,96489.5,96686.5,1360.196,131398191.2674
2025-01-02 11:00:00,96686.5,96869.8,96450.0,96523.5,1638.248,158350951.8856
2025-01-02 11:30:00,96523.5,96783.1,96523.4,96717.7,877.044,84766149.8777
2025-01-02 12:00:00,96717.7,96894.9,96572.2,96729.9,1215.04,117547339.3789
2025-01-02 12:30:00,96729.9,96850.0,96580.5,96825.0,968.876,93711166.5073
2025-01-02 13:00:00,96825.0,97000.0,96590.2,96731.8,1875.778,181531343.7334
2025-01-02 13:30:00,96731.8,96770.7,96400.0,96431.4,1678.909,162117182.2792
2025-01-02 14:00:00,96431.4,96460.0,95889.7,96454.4,4059.833,390560060.9794
2025-01-02 14:30:00,96454.4,97400.0,96216.0,97238.1,11006.756,1066226108.8783
2025-01-02 15:00:00,97238.1,97305.4,96300.0,96640.1,5528.275,535185058.0939
2025-01-02 15:30:00,96640.1,96750.0,96126.5,96427.0,3339.617,321907220.8332
2025-01-02 16:00:00,96427.0,97387.6,96003.0,97375.2,3927.808,380039079.6685
2025-01-02 16:30:00,97375.2,97685.0,97130.0,97195.2,3927.907,382610798.5355
2025-01-02 17:00:00,97195.2,97573.6,97010.2,97060.0,1997.928,194433903.8814
2025-01-02 17:30:00,97060.0,97076.0,96300.0,96729.2,3950.765,381517423.4742
2025-01-02 18:00:00,96729.2,97088.8,96354.5,96866.4,2614.246,252983957.0588
2025-01-02 18:30:00,96866.4,97339.8,96578.5,97288.2,1887.771,183112005.1903
2025-01-02 19:00:00,97288.2,97764.0,97171.0,97567.4,2473.278,241177292.1308
2025-01-02 19:30:00,97567.4,97574.7,97156.3,97294.1,1904.483,185434474.9562
2025-01-02 20:00:00,97294.1,97844.8,97294.1,97554.1,1761.132,171914760.4347
2025-01-02 20:30:00,97554.1,97690.5,97236.0,97248.1,2226.63,216960463.0612
2025-01-02 21:00:00,97248.1,97306.0,97002.2,97070.7,963.682,93623354.2257
2025-01-02 21:30:00,97070.7,97236.0,96987.0,97163.5,1143.899,111133087.772
2025-01-02 22:00:00,97163.5,97163.5,96618.3,96854.4,2058.863,199483718.6503
2025-01-02 22:30:00,96854.4,97022.0,96795.1,96850.2,659.71,63932140.0659
2025-01-02 23:00:00,96850.2,96991.3,96736.2,96944.9,585.38,56702902.8458
2025-01-02 23:30:00,96944.9,97069.8,96807.2,96960.5,703.169,68155134.3058
2025-01-03 00:00:00,96960.5,97049.4,96735.6,96976.6,1226.93,118901273.1231
2025-01-03 00:30:00,96976.6,97030.0,96760.0,96796.3,479.715,46472310.1808
2025-01-03 01:00:00,96796.3,96883.9,96605.3,96870.5,879.616,85107844.803
2025-01-03 01:30:00,96870.5,96984.0,96633.5,96952.3,549.801,53222553.561
2025-01-03 02:00:00,96952.3,97329.6,96815.8,97219.8,1186.803,115282792.2047
2025-01-03 02:30:00,97219.8,97237.5,96915.9,96939.8,661.094,64168347.8197
2025-01-03 03:00:00,96939.8,97050.0,96779.1,96889.9,406.251,39376023.828
2025-01-03 03:30:00,96889.9,97064.7,96820.4,97024.2,492.194,47721172.3151
2025-01-03 04:00:00,97024.2,97042.8,96844.0,96882.3,338.445,32806403.0112
2025-01-03 04:30:00,96882.3,96934.7,96725.0,96777.6,638.936,61854693.1863
2025-01-03 05:00:00,96777.6,96831.8,96544.4,96644.1,1040.851,100596975.3224
2025-01-03 05:30:00,96644.1,96780.0,96590.4,96729.4,462.584,44726970.9534
2025-01-03 06:00:00,96729.4,96889.1,96565.0,96633.3,713.473,69036187.8046
2025-01-03 06:30:00,96633.3,96710.4,96470.0,96512.8,696.864,67300976.672
2025-01-03 07:00:00,96512.8,96611.9,96360.0,96414.0,1073.058,103523102.1737
2025-01-03 07:30:00,96414.0,96438.8,96253.5,96283.3,1268.867,122243116.9429
2025-01-03 08:00:00,96283.3,96498.8,96283.3,96307.1,845.292,81485687.8963
2025-01-03 08:30:00,96307.1,96307.2,96062.1,96092.3,1576.48,151599581.8409
2025-01-03 09:00:00,96092.3,96525.0,96067.8,96456.1,1158.939,111631178.3033
2025-01-03 09:30:00,96456.1,96688.0,96412.2,96518.1,1202.102,116106399.5755
2025-01-03 10:00:00,96518.1,96538.6,96372.1,96507.4,735.958,70983755.0995
2025-01-03 10:30:00,96507.4,96619.7,96412.5,96453.5,549.64,53049631.6993
2025-01-03 11:00:00,96453.5,96810.7,96444.1,96703.6,912.546,88185071.2644
2025-01-03 11:30:00,96703.6,96797.3,96613.1,96715.4,751.232,72647985.2779
2025-01-03 12:00:00,96715.4,96880.0,96680.0,96863.2,1133.895,109742475.4315
2025-01-03 12:30:00,96863.2,96912.3,96630.0,96630.0,773.972,74874809.7079
2025-01-03 13:00:00,96630.0,96818.8,96432.0,96507.1,1257.145,121451228.7148
2025-01-03 13:30:00,96507.1,96679.0,96463.7,96470.7,644.933,62258781.6945
2025-01-03 14:00:00,96470.7,97133.6,96470.7,97046.6,1705.528,165206060.9451
2025-01-03 14:30:00,97046.6,97317.1,96558.2,96977.7,4373.491,424068057.838
2025-01-03 15:00:00,96977.7,97448.4,96705.5,97227.7,2799.156,271748325.3217
2025-01-03 15:30:00,97227.7,97631.5,97094.0,97491.8,3285.743,320117581.9932
2025-01-03 16:00:00,97491.8,98400.0,97360.2,98032.7,5198.147,509183933.1309
2025-01-03 16:30:00,98032.7,98333.0,97678.4,97828.8,2759.095,270499878.5666
2025-01-03 17:00:00,97828.8,98236.8,97788.9,98124.1,1342.467,131552902.1577
2025-01-03 17:30:00,98124.1,98265.2,97889.5,97983.6,1057.652,103740467.1984
2025-01-03 18:00:00,97983.6,98452.4,97955.0,98447.1,1176.894,115643335.0483
2025-01-03 18:30:00,98447.1,98664.3,98235.6,98495.5,2029.733,199848868.0608
2025-01-03 19:00:00,98495.5,98950.0,98456.9,98672.2,2724.834,269082179.4635
2025-01-03 19:30:00,98672.2,98839.1,98500.0,98555.2,1125.7,111042956.2115
2025-01-03 20:00:00,98555.2,98709.0,98234.8,98558.6,1417.438,139568476.6533
2025-01-03 20:30:00,98558.6,98572.0,98250.0,98252.7,1478.389,145477705.0313
2025-01-03 21:00:00,98252.7,98308.6,98131.4,98222.4,879.62,86380410.6981
2025-01-03 21:30:00,98222.4,98380.1,98137.9,98208.7,917.818,90182434.2894
2025-01-03 22:00:00,98208.7,98493.8,98183.4,98427.6,824.88,81129028.1178
2025-01-03 22:30:00,98427.6,98457.5,98195.7,98260.1,373.871,36746871.3123
2025-01-03 23:00:00,98260.1,98345.2,98033.6,98045.7,759.163,74529863.8511
2025-01-03 23:30:00,98045.7,98146.9,98016.9,98140.0,461.625,45279365.5533
2025-01-04 00:00:00,98140.0,98251.8,97930.6,98053.0,805.23,78990903.1079
2025-01-04 00:30:00,98053.0,98053.0,97850.6,97910.2,666.714,65287333.4088
2025-01-04 01:00:00,97910.2,97970.0,97750.0,97911.7,677.02,66250205.9425
2025-01-04 01:30:00,97911.7,98073.2,97858.0,97986.3,568.698,55733770.918
2025-01-04 02:00:00,97986.3,98001.5,97807.3,97873.3,382.092,37400981.3859
2025-01-04 02:30:00,97873.3,98275.2,97834.1,98262.2,765.49,75119017.2845
2025-01-04 03:00:00,98262.2,98262.2,97993.4,98050.9,438.591,43030823.3824
2025-01-04 03:30:00,98050.9,98227.9,98027.4,98144.1,339.478,33327000.2292
2025-01-04 04:00:00,98144.1,98151.1,97857.9,97909.9,661.274,64768988.4688
2025-01-04 04:30:00,97909.9,97990.7,97832.8,97968.8,373.023,36521651.7056
2025-01-04 05:00:00,97968.8,98133.4,97948.2,98095.6,548.052,53723661.4261
2025-01-04 05:30:00,98095.6,98150.0,98025.1,98081.6,455.454,44677895.2389
2025-01-04 06:00:00,98081.6,98110.0,98001.0,98032.8,345.491,33873671.4037
2025-01-04 06:30:00,98032.8,98212.7,98001.0,98091.6,247.928,24320198.3042
2025-01-04 07:00:00,98091.6,98298.6,98060.0,98142.1,568.699,55839399.769
2025-01-04 07:30:00,98142.1,98289.6,98132.9,98235.0,331.303,32535660.1775
2025-01-04 08:00:00,98235.0,98268.2,98063.0,98142.2,516.182,50664864.1412
2025-01-04 08:30:00,98142.2,98235.0,97870.1,97877.7,644.144,63141463.0189
2025-01-04 09:00:00,97877.7,97964.2,97666.6,97849.4,1096.489,107278092.5907
2025-01-04 09:30:00,97849.4,97874.7,97502.1,97661.3,1045.054,102072895.5034
2025-01-04 10:00:00,97661.3,97745.8,97561.2,97707.8,633.127,61828497.6144
2025-01-04 10:30:00,97707.8,97829.0,97694.6,97745.9,449.674,43966600.868
2025-01-04 11:00:00,97745.9,97755.1,97661.8,97731.9,307.223,30020171.3231
2025-01-04 11:30:00,97731.9,97890.0,97719.4,97848.4,424.404,41515555.508
2025-01-04 12:00:00,97848.4,97982.3,97755.8,97870.2,686.191,67158968.0137
2025-01-04 12:30:00,97870.2,97947.7,97750.1,97842.7,644.328,63048634.3528
2025-01-04 13:00:00,97842.7,97928.0,97718.3,97800.1,668.355,65372758.2238
2025-01-04 13:30:00,97800.1,98029.7,97704.1,97929.9,846.299,82842438.231
2025-01-04 14:00:00,97929.9,97980.6,97784.0,97954.2,572.886,56083175.2717
2025-01-04 14:30:00,97954.2,98039.8,97878.1,97995.0,405.497,39729739.7957
2025-01-04 15:00:00,97995.0,98122.7,97583.8,97787.3,1067.218,104451918.1338
2025-01-04 15:30:00,97787.3,97792.7,97442.8,97617.4,1674.383,163421519.2699
2025-01-04 16:00:00,97617.4,97821.4,97573.3,97650.0,814.616,79591554.3702
2025-01-04 16:30:00,97650.0,97727.0,97527.7,97676.7,658.249,64259546.8606
2025-01-04 17:00:00,97676.7,97804.7,97640.7,97733.4,427.233,41759961.4135
2025-01-04 17:30:00,97733.4,98011.0,97718.0,97973.2,613.333,60037620.4795
2025-01-04 18:00:00,97973.2,98117.9,97912.5,98020.4,645.668,63291710.2575
2025-01-04 18:30:00,98020.4,98060.0,97854.6,97925.1,390.252,38223674.0921
2025-01-04 19:00:00,97925.1,98380.7,97888.0,98111.2,1334.807,131063781.9528
2025-01-04 19:30:00,98111.2,98230.9,98057.1,98129.3,546.568,53638393.1895
2025-01-04 20:00:00,98129.3,98526.2,98129.2,98414.6,1004.416,98779866.1864
2025-01-04 20:30:00,98414.6,98650.0,98367.1,98571.9,1160.829,114340022.9228
2025-01-04 21:00:00,98571.9,98759.6,98457.4,98479.9,1223.584,120636625.6673
2025-01-04 21:30:00,98479.9,98479.9,98291.2,98336.3,743.645,73150596.1515
2025-01-04 22:00:00,98336.3,98380.8,98229.8,98232.3,360.774,35462423.4652
2025-01-04 22:30:00,98232.3,98466.1,98232.3,98367.5,444.938,43770366.3093
2025-01-04 23:00:00,98367.5,98395.6,98105.0,98189.7,563.081,55309231.9612
2025-01-04 23:30:00,98189.7,98270.1,98160.0,98177.2,243.293,23892197.6789
2025-01-05 00:00:00,98177.2,98370.0,98106.2,98245.1,568.934,55885307.8918
2025-01-05 00:30:00,98245.1,98318.8,98158.1,98175.9,249.753,24529933.2485
2025-01-05 01:00:00,98175.9,98287.0,98114.6,98179.6,263.741,25897906.6752
2025-01-05 01:30:00,98179.6,98179.9,98011.0,98098.5,510.237,50040331.7224
2025-01-05 02:00:00,98098.5,98191.1,98092.0,98140.6,227.628,22339154.7109
2025-01-05 02:30:00,98140.6,98215.2,98060.4,98209.4,250.563,24587741.5275
2025-01-05 03:00:00,98209.4,98209.4,98075.0,98129.3,208.815,20490335.7773
2025-01-05 03:30:00,98129.3,98167.3,98033.0,98161.7,225.75,22147540.0923
2025-01-05 04:00:00,98161.7,98516.0,98161.7,98458.6,1024.245,100719339.5735
2025-01-05 04:30:00,98458.6,98458.9,98317.5,98332.4,387.593,38137791.3299
2025-01-05 05:00:00,98332.4,98405.3,98235.0,98405.2,296.222,29121756.7253
2025-01-05 05:30:00,98405.2,98475.0,98263.2,98311.4,285.017,28027395.7718
2025-01-05 06:00:00,98311.4,98371.6,98256.9,98347.0,245.12,24097521.2447
2025-01-05 06:30:00,98347.0,98467.0,98300.0,98419.4,301.89,29708458.2737
2025-01-05 07:00:00,98419.4,98446.4,98307.9,98308.0,189.891,18682564.7494
2025-01-05 07:30:00,98308.0,98334.8,98227.3,98227.4,387.776,38107424.9347
2025-01-05 08:00:00,98227.4,98227.4,97727.7,97850.3,2028.258,198636427.5001
2025-01-05 08:30:00,97850.3,97902.9,97758.4,97814.5,1279.435,125161240.9383
2025-01-05 09:00:00,97814.5,97902.3,97750.1,97769.2,740.536,72449297.1917
2025-01-05 09:30:00,97769.2,97877.3,97573.9,97616.4,1347.359,131635294.9958
2025-01-05 10:00:00,97616.4,97735.3,97543.0,97549.0,1079.193,105369304.1783
2025-01-05 10:30:00,97549.0,97730.0,97545.6,97690.0,539.566,52691488.4806
2025-01-05 11:00:00,97690.0,97801.0,97628.5,97683.3,495.609,48429468.9899
2025-01-05 11:30:00,97683.3,97699.0,97574.3,97607.6,593.993,57984071.9592
2025-01-05 12:00:00,97607.6,97888.6,97513.8,97666.4,1019.183,99561416.1865
2025-01-05 12:30:00,97666.4,97918.0,97623.2,97720.0,825.137,80664274.5996
2025-01-05 13:00:00,97720.0,97925.0,97686.8,97922.1,616.92,60366324.8688
2025-01-05 13:30:00,97922.1,97980.0,97606.8,97662.9,844.036,82531402.8425
2025-01-05 14:00:00,97662.9,97746.4,97216.0,97444.3,3399.816,331169804.5143
2025-01-05 14:30:00,97444.3,97947.3,97333.4,97810.0,2090.444,204227401.6615
2025-01-05 15:00:00,97810.0,97999.0,97673.2,97863.9,1201.904,117597018.5797
2025-01-05 15:30:00,97863.9,98245.7,97863.9,97990.1,2076.848,203685779.1206
2025-01-05 16:00:00,97990.1,98308.6,97936.0,98036.8,1001.809,98316596.4717
2025-01-05 16:30:00,98036.8,98071.8,97887.1,97996.3,631.987,61921999.3112
2025-01-05 17:00:00,97996.3,98049.8,97840.0,97934.3,841.263,82392770.6355
2025-01-05 17:30:00,97934.3,98006.9,97600.1,97700.0,857.136,83779083.9947
2025-01-05 18:00:00,97700.0,97763.1,97536.7,97673.2,974.45,95158951.1874
2025-01-05 18:30:00,97673.2,97898.5,97652.0,97872.0,385.099,37658035.8528
2025-01-05 19:00:00,97872.0,98100.0,97808.4,98005.9,693.801,67983479.9199
2025-01-05 19:30:00,98005.9,98049.9,97927.5,98049.2,423.901,41533765.0229
2025-01-05 20:00:00,98049.2,98651.9,97977.5,98458.6,2260.975,222563341.9558
2025-01-05 20:30:00,98458.6,98473.3,98107.8,98237.4,1120.44,110128474.8285
2025-01-05 21:00:00,98237.4,98399.2,98180.4,98261.4,577.381,56765926.0951
2025-01-05 21:30:00,98261.4,98499.9,98234.3,98472.0,379.401,37339543.9668
2025-01-05 22:00:00,98472.0,98519.8,98303.6,98515.7,448.836,44172496.131
2025-01-05 22:30:00,98515.7,98798.0,98464.3,98656.2,1059.347,104475516.5163
2025-01-05 23:00:00,98656.2,98828.5,98317.7,98437.3,1325.908,130714354.8946
2025-01-05 23:30:00,98437.3,98482.0,98271.2,98340.5,661.985,65125052.0804
2025-01-06 00:00:00,98340.5,98755.6,98241.8,98440.9,1424.674,140312124.216
2025-01-06 00:30:00,98440.9,98532.6,98146.5,98183.9,988.626,97188924.4004
2025-01-06 01:00:00,98183.9,98320.0,97861.0,98073.0,1618.691,158696489.0114
2025-01-06 01:30:00,98073.0,98790.6,98054.2,98716.6,1554.075,153097396.7308
2025-01-06 02:00:00,98716.6,99282.2,98606.8,98720.7,4515.622,446844548.6302
2025-01-06 02:30:00,98720.7,99081.2,98639.2,98780.0,2116.101,209242473.0916
2025-01-06 03:00:00,98780.0,99070.3,98710.0,99060.0,829.569,82088682.4641
2025-01-06 03:30:00,99060.0,99222.7,98954.6,99001.7,1295.639,128395574.0771
2025-01-06 04:00:00,99001.7,99425.0,99001.7,99224.4,1809.172,179590276.361
2025-01-06 04:30:00,99224.4,99473.5,99149.6,99429.5,1077.385,107008387.1149
2025-01-06 05:00:00,99429.5,99655.5,99364.9,99640.8,1890.801,188175971.9348
2025-01-06 05:30:00,99640.8,99877.7,99471.3,99580.0,2915.616,290764669.4985
2025-01-06 06:00:00,99580.0,99693.8,99400.0,99460.9,1742.342,173409404.4719
2025-01-06 06:30:00,99460.9,99771.0,99410.0,99468.2,1135.219,113044084.3321
2025-01-06 07:00:00,99468.2,99508.2,99115.0,99278.8,1845.423,183233244.9671
2025-01-06 07:30:00,99278.8,99391.5,99175.7,99275.0,642.916,63838213.0749
2025-01-06 08:00:00,99275.0,99608.1,99273.3,99348.1,1092.674,108650445.8271
2025-01-06 08:30:00,99348.1,99388.0,98949.1,99017.4,1925.851,190869095.8801
2025-01-06 09:00:00,99017.4,99225.1,98988.8,99091.0,638.547,63287707.9379
2025-01-06 09:30:00,99091.0,99127.1,98920.5,98979.1,649.3,64293044.9351
2025-01-06 10:00:00,98979.1,99049.9,98750.0,98966.7,1591.811,157378801.2113
2025-01-06 10:30:00,98966.7,98966.7,98679.2,98742.6,1228.801,121356758.9354
2025-01-06 11:00:00,98742.6,99296.5,98683.4,99208.7,1919.832,190132534.3211
2025-01-06 11:30:00,99208.7,99400.0,99131.2,99238.8,1344.25,133406899.7148
2025-01-06 12:00:00,99238.8,99700.0,99238.7,99542.1,1605.478,159714325.9191
2025-01-06 12:30:00,99542.1,99553.5,99100.1,99120.0,1404.107,139446430.2096
2025-01-06 13:00:00,99120.0,99335.5,98862.1,99276.7,2041.627,202279206.6977
2025-01-06 13:30:00,99276.7,99538.5,99090.6,99460.3,1679.794,166827266.8285
2025-01-06 14:00:00,99460.3,99569.1,98612.2,99004.6,3559.138,352258960.901
2025-01-06 14:30:00,99004.6,101281.0,98824.0,100692.4,15072.392,1511331241.1219
2025-01-06 15:00:00,100692.4,101700.0,100428.1,101652.6,8666.438,876473551.8665
2025-01-06 15:30:00,101652.6,102471.7,101600.0,102117.4,8866.385,904248441.4768
2025-01-06 16:00:00,102117.4,102459.4,101962.9,102418.4,4569.847,467174160.8868
2025-01-06 16:30:00,102418.4,102442.0,101697.3,102132.7,4362.778,445280596.7587
2025-01-06 17:00:00,102132.7,102141.7,101677.5,101783.8,2094.237,213415105.9984
2025-01-06 17:30:00,101783.8,101965.3,101210.0,101788.0,3752.101,380873123.4429
2025-01-06 18:00:00,101788.0,102000.0,101523.4,101895.0,1302.534,132609417.2974
2025-01-06 18:30:00,101895.0,102020.0,101625.6,101702.4,1005.169,102378302.8917
2025-01-06 19:00:00,101702.4,101996.0,101585.8,101860.0,979.725,99740146.4201
2025-01-06 19:30:00,101860.0,101979.8,101678.7,101761.6,570.611,58096535.128
2025-01-06 20:00:00,101761.6,102291.7,101751.3,102064.7,1409.826,143915005.3154
2025-01-06 20:30:00,102064.7,102239.9,101736.8,102056.1,1921.795,195995270.0492
2025-01-06 21:00:00,102056.1,102276.5,101871.4,102002.5,912.976,93211291.7327
2025-01-06 21:30:00,102002.5,102013.9,101515.0,101545.7,1117.851,113701308.8737
2025-01-06 22:00:00,101545.7,101928.7,101535.4,101895.8,919.012,93452683.2337
2025-01-06 22:30:00,101895.8,102041.8,101870.0,101956.4,443.851,45253060.7493
2025-01-06 23:00:00,101956.4,102138.6,101850.0,102032.7,564.931,57624694.2305
2025-01-06 23:30:00,102032.7,102198.9,101914.2,102185.9,620.148,63316654.1108
2025-01-07 00:00:00,102185.9,102416.0,101891.2,102334.1,1538.402,157152377.8559
2025-01-07 00:30:00,102334.1,102702.1,101925.0,101996.9,2629.914,269172641.5602
2025-01-07 01:00:00,101996.9,102027.1,101650.0,101650.0,953.647,97107132.1096
2025-01-07 01:30:00,101650.0,101995.5,101649.6,101869.3,920.944,93793067.6245
2025-01-07 02:00:00,101869.3,101979.4,101800.0,101801.8,462.438,47124062.6164
2025-01-07 02:30:00,101801.8,101832.6,101590.9,101623.3,711.266,72342351.8409
2025-01-07 03:00:00,101623.3,101780.1,101575.0,101612.0,1189.393,120919555.0416
2025-01-07 03:30:00,101612.0,101776.5,101454.1,101650.9,719.451,73089478.9466
2025-01-07 04:00:00,101650.9,101837.5,101650.8,101834.0,534.503,54392138.736
2025-01-07 04:30:00,101834.0,101883.8,101615.0,101615.1,409.841,41709039.4008
2025-01-07 05:00:00,101615.1,101733.4,101524.7,101656.2,660.832,67156949.2474
2025-01-07 05:30:00,101656.2,101699.7,101569.2,101686.9,376.269,38241995.6829
2025-01-07 06:00:00,101686.9,101850.0,101580.1,101786.2,628.073,63885567.2026
2025-01-07 06:30:00,101786.2,101815.0,101714.5,101760.0,328.886,33467815.4653
2025-01-07 07:00:00,101760.0,101975.0,101718.4,101729.8,719.642,73307786.7875
2025-01-07 07:30:00,101729.8,101771.6,101604.1,101646.2,581.122,59091098.8212
2025-01-07 08:00:00,101646.2,101791.2,101578.6,101750.4,580.598,59030160.5966
2025-01-07 08:30:00,101750.4,101966.0,101729.9,101872.0,769.217,78351929.7919
2025-01-07 09:00:00,101872.0,101895.4,101681.1,101714.5,550.417,56019843.5293
2025-01-07 09:30:00,101714.5,101735.1,101596.5,101667.1,650.15,66091730.146
2025-01-07 10:00:00,101667.1,101667.1,101333.3,101492.1,1625.259,164917977.441
2025-01-07 10:30:00,101492.1,101580.8,101336.4,101358.6,887.651,90052817.8278
2025-01-07 11:00:00,101358.6,101426.3,101250.0,101319.8,1092.111,110652994.741
2025-01-07 11:30:00,101319.8,101323.8,100441.0,100796.4,6139.793,618785463.9541
2025-01-07 12:00:00,100796.4,100923.9,100567.6,100618.1,1751.629,176501094.1608
2025-01-07 12:30:00,100618.1,100886.4,100609.7,100719.5,912.045,91919505.2737
2025-01-07 13:00:00,100719.5,100925.9,100643.6,100907.5,1747.642,176098973.6428
2025-01-07 13:30:00,100907.5,100955.5,100575.9,100606.0,1155.026,116317278.9034
2025-01-07 14:00:00,100606.0,100827.2,100473.9,100705.9,2023.567,203623261.4939
2025-01-07 14:30:00,100705.9,100815.0,99709.0,99938.6,11822.886,1185677795.0106
2025-01-07 15:00:00,99938.6,100165.2,98073.0,98432.0,23731.742,2346692605.0239
2025-01-07 15:30:00,98432.0,98532.8,97088.0,97905.1,17520.421,1713995733.2974
2025-01-07 16:00:00,97905.1,98126.3,97558.2,97993.1,5432.17,531540903.7826
2025-01-07 16:30:00,97993.1,98329.8,97690.0,97695.3,4454.223,436470933.1625
2025-01-07 17:00:00,97695.3,97772.4,97171.3,97299.2,4040.474,393627633.0743
2025-01-07 17:30:00,97299.2,97549.9,96500.0,97242.4,9631.286,934505377.795
2025-01-07 18:00:00,97242.4,97514.2,96970.7,97034.1,2954.196,287342311.6175
2025-01-07 18:30:00,97034.1,97100.0,96568.3,96720.5,3094.162,299526783.5022
2025-01-07 19:00:00,96720.5,97157.5,96649.2,96809.5,2928.506,283673304.0001
2025-01-07 19:30:00,96809.5,96832.6,96159.2,96415.7,4301.385,415023340.8526
2025-01-07 20:00:00,96415.7,96658.0,96113.4,96222.0,3272.28,315320566.6866
2025-01-07 20:30:00,96222.0,96850.0,96138.5,96494.5,4736.228,456891893.2226
2025-01-07 21:00:00,96494.5,96987.3,96471.4,96887.8,2512.224,243149619.7266
2025-01-07 21:30:00,96887.8,97051.7,96350.0,96461.3,2329.958,225131750.0465
2025-01-07 22:00:00,96461.3,96962.4,96355.8,96874.3,1205.054,116605469.7598
2025-01-07 22:30:00,96874.3,97188.8,96809.2,97127.4,1329.175,128984420.78
2025-01-07 23:00:00,97127.4,97155.0,96750.0,97023.3,1248.059,120971202.5921
2025-01-07 23:30:00,97023.3,97124.9,96800.6,96908.1,866.669,84026563.1046
2025-01-08 00:00:00,96908.1,97087.3,96623.7,96873.7,1605.865,155553861.5583
2025-01-08 00:30:00,96873.7,97224.3,96704.2,97208.7,1108.096,107515985.7398
2025-01-08 01:00:00,97208.7,97209.6,96836.2,96925.0,826.445,80160494.6108
2025-01-08 01:30:00,96925.0,97055.2,96559.8,96853.1,1628.074,157516626.3541
2025-01-08 02:00:00,96853.1,97133.6,96719.8,96938.5,1353.277,131223216.2666
2025-01-08 02:30:00,96938.5,97125.1,96808.7,96808.8,772.946,74939291.1142
2025-01-08 03:00:00,96808.8,96809.7,96370.4,96561.3,2623.267,253379762.4953
2025-01-08 03:30:00,96561.3,96740.6,96165.4,96487.5,2719.014,261962034.6253
2025-01-08 04:00:00,96487.5,96599.4,96132.2,96462.5,2604.459,251014101.6383
2025-01-08 04:30:00,96462.5,96489.9,95830.1,96231.3,3271.831,314570780.1348
2025-01-08 05:00:00,96231.3,96593.7,96016.3,96573.7,1816.474,174912643.8552
2025-01-08 05:30:00,96573.7,96623.5,96321.3,96445.9,1100.116,106154033.0697
2025-01-08 06:00:00,96445.9,96599.4,96151.3,96162.7,816.293,78663784.0986
2025-01-08 06:30:00,96162.7,96166.7,95209.0,95239.2,7205.716,688877445.8468
2025-01-08 07:00:00,95239.2,95666.0,95202.3,95441.0,2935.146,280095355.8656
2025-01-08 07:30:00,95441.0,95794.0,95325.0,95608.9,1756.605,167902033.6082
2025-01-08 08:00:00,95608.9,95943.5,95475.5,95790.7,1936.407,185318376.9704
2025-01-08 08:30:00,95790.7,96095.9,95757.0,95894.5,1626.203,156076236.0352
2025-01-08 09:00:00,95894.5,96061.0,95855.9,95861.0,1155.977,110909450.3324
2025-01-08 09:30:00,95861.0,95885.1,95363.6,95383.5,2321.939,222074904.6437
2025-01-08 10:00:00,95383.5,95838.7,95383.4,95824.4,2087.798,199569540.8574
2025-01-08 10:30:00,95824.4,95968.9,95624.5,95911.2,1183.711,113367022.28
2025-01-08 11:00:00,95911.2,96012.8,95447.7,95501.6,1549.367,148384457.3192
2025-01-08 11:30:00,95501.6,95540.9,94458.0,95101.8,9971.931,946573051.4135
2025-01-08 12:00:00,95101.8,95332.5,94888.0,95079.2,3121.164,296837477.458
2025-01-08 12:30:00,95079.2,95331.9,94800.0,94842.1,2341.417,222477183.0341
2025-01-08 13:00:00,94842.1,95642.3,94842.1,95520.0,4403.079,419784387.4198
2025-01-08 13:30:00,95520.0,95619.9,95108.0,95348.0,1580.474,150652934.2925
2025-01-08 14:00:00,95348.0,95635.0,95161.4,95394.5,1720.74,164157890.9972
2025-01-08 14:30:00,95394.5,95837.8,94820.4,95251.0,7769.834,739988574.3272
2025-01-08 15:00:00,95251.0,96037.9,94641.5,94764.3,8903.761,848678414.1151
2025-01-08 15:30:00,94764.3,95486.7,94571.0,95455.3,4927.643,468139926.5827
2025-01-08 16:00:00,95455.3,95457.8,94820.9,94858.0,2681.005,254857453.4341
2025-01-08 16:30:00,94858.0,95140.1,94503.7,94754.7,3087.081,292627900.9753
2025-01-08 17:00:00,94754.7,94819.0,92810.0,92964.5,15795.153,1481433645.181
2025-01-08 17:30:00,92964.5,94073.0,92378.5,93957.6,12721.571,1186337419.6029
2025-01-08 18:00:00,93957.6,95082.1,93900.0,94879.5,5930.402,560151960.6872
2025-01-08 18:30:00,94879.5,94891.2,93705.0,94195.7,4557.053,429463604.3586
2025-01-08 19:00:00,94195.7,94817.3,94008.8,94703.7,4573.741,432001211.9632
2025-01-08 19:30:00,94703.7,94703.7,94009.3,94211.6,2224.307,209663954.8069
2025-01-08 20:00:00,94211.6,94384.9,93703.1,93987.8,2862.308,268955575.6098
2025-01-08 20:30:00,93987.8,94248.3,93826.8,93947.4,1694.941,159425812.1306
2025-01-08 21:00:00,93947.4,94288.4,93530.5,94140.3,2201.717,206726662.7889
2025-01-08 21:30:00,94140.3,94550.0,94063.1,94408.4,1750.771,165213064.7597
2025-01-08 22:00:00,94408.4,94900.0,94401.2,94740.2,2140.0,202626024.2545
2025-01-08 22:30:00,94740.2,95254.5,94647.1,95247.5,1833.451,174225828.6309
2025-01-08 23:00:00,95247.5,95251.9,94900.0,94974.9,845.588,80332790.0296
2025-01-08 23:30:00,94974.9,95194.5,94850.0,95022.2,690.938,65657727.9634
2025-01-09 00:00:00,95022.2,95039.9,94760.0,94850.0,1014.827,96317715.5675
2025-01-09 00:30:00,94850.0,95140.2,94794.1,95110.9,763.174,72490291.8141
2025-01-09 01:00:00,95110.9,95356.6,94933.2,95213.0,1140.674,108565204.9538
2025-01-09 01:30:00,95213.0,95234.8,94931.1,94946.9,794.468,75521410.1175
2025-01-09 02:00:00,94946.9,94999.3,93374.9,94441.2,12544.69,1180322069.9578
2025-01-09 02:30:00,94441.2,94834.7,94196.7,94732.5,2036.173,192577546.1581
2025-01-09 03:00:00,94732.5,94758.2,94203.5,94300.1,1624.752,153353999.9179
2025-01-09 03:30:00,94300.1,94315.3,93955.6,93966.1,1905.844,179387862.8457
2025-01-09 04:00:00,93966.1,94166.8,93736.0,94128.4,1792.926,168438839.8816
2025-01-09 04:30:00,94128.4,94450.0,94078.2,94370.2,1247.34,117566686.086
2025-01-09 05:00:00,94370.2,94510.9,94225.0,94452.4,1052.352,99289929.3244
2025-01-09 05:30:00,94452.4,94540.3,94332.5,94438.7,607.832,57407447.5287
2025-01-09 06:00:00,94438.7,94588.6,94230.4,94357.1,916.868,86561410.6851
2025-01-09 06:30:00,94357.1,94399.9,94001.0,94052.3,896.265,84409852.3999
2025-01-09 07:00:00,94052.3,94264.7,93643.0,93709.1,1482.593,139261903.3566
2025-01-09 07:30:00,93709.1,93768.0,93089.4,93175.6,3592.887,335672747.4553
2025-01-09 08:00:00,93175.6,93278.0,92751.0,92949.4,4011.855,373130186.0988
2025-01-09 08:30:00,92949.4,93360.0,92705.0,92979.5,3259.387,303145209.0912
2025-01-09 09:00:00,92979.5,93553.5,92916.0,93450.5,1751.072,163386514.153
2025-01-09 09:30:00,93450.5,93694.1,93389.8,93464.6,1078.364,100858345.5838
2025-01-09 10:00:00,93464.6,93623.1,93145.8,93260.0,1190.522,111171789.3475
2025-01-09 10:30:00,93260.0,93436.1,92980.1,93416.0,1482.857,138179358.3206
2025-01-09 11:00:00,93416.0,93827.2,93261.9,93669.7,1603.167,150049662.7984
2025-01-09 11:30:00,93669.7,93711.1,93150.0,93410.1,1623.665,151663490.3866
2025-01-09 12:00:00,93410.1,93648.3,93220.1,93571.9,1242.796,116173607.1238
2025-01-09 12:30:00,93571.9,93638.2,93103.0,93369.0,1742.594,162675801.8712
2025-01-09 13:00:00,93369.0,93450.7,92619.8,92833.7,3019.151,280696337.4089
2025-01-09 13:30:00,92833.7,92880.3,91825.0,91933.7,8581.424,791529205.0567
2025-01-09 14:00:00,91933.7,92697.7,91738.0,92391.9,6609.77,609511243.5646
2025-01-09 14:30:00,92391.9,92868.0,92036.0,92815.1,3124.254,288766013.1955
2025-01-09 15:00:00,92815.1,93562.6,92637.2,93485.3,4550.858,423557447.3298
2025-01-09 15:30:00,93485.3,94555.0,93401.8,94210.8,7279.476,684002554.4024
2025-01-09 16:00:00,94210.8,94666.0,93863.0,94004.3,4298.094,405137661.4469
2025-01-09 16:30:00,94004.3,94365.4,93806.6,94219.0,2004.209,188564366.6153
2025-01-09 17:00:00,94219.0,94259.7,93601.9,93764.1,2065.909,193911981.9914
2025-01-09 17:30:00,93764.1,93802.8,92262.6,92635.6,6772.944,628806779.6684
2025-01-09 18:00:00,92635.6,92892.6,92334.3,92700.1,3096.089,286875258.8795
2025-01-09 18:30:00,92700.1,93198.5,92560.8,92976.1,2093.348,194583198.8813
2025-01-09 19:00:00,92976.1,93246.0,92702.9,92785.4,1666.227,154895358.5592
2025-01-09 19:30:00,92785.4,92992.4,91850.0,91859.5,4214.232,388968721.8412
2025-01-09 20:00:00,91859.5,92329.0,91151.0,91246.8,8307.565,761018707.8965
2025-01-09 20:30:00,91246.8,92171.1,91173.7,91866.4,4777.595,438146591.3916
2025-01-09 21:00:00,91866.4,92484.4,91754.0,92226.1,2912.445,268442232.6872
2025-01-09 21:30:00,92226.1,92314.0,91851.1,92062.3,1851.684,170460862.1117
2025-01-09 22:00:00,92062.3,92228.2,91591.0,92157.8,1575.78,144761136.3464
2025-01-09 22:30:00,92157.8,92699.2,92157.8,92419.2,2217.773,205055014.6491
2025-01-09 23:00:00,92419.2,92679.5,92161.3,92192.0,2046.141,189176220.8538
2025-01-09 23:30:00,92192.0,92529.5,92000.2,92507.7,1244.854,114841358.1896
2025-01-10 00:00:00,92507.7,92771.6,92429.2,92537.1,1977.608,183140021.867
2025-01-10 00:30:00,92537.1,92814.8,92406.6,92724.7,1114.664,103222018.1783
2025-01-10 01:00:00,92724.7,92887.3,92536.8,92747.9,874.667,81113642.8607
2025-01-10 01:30:00,92747.9,93122.0,92711.9,93067.9,1371.878,127525026.3891
2025-01-10 02:00:00,93067.9,93523.3,92982.0,93479.9,1421.425,132498925.9704
2025-01-10 02:30:00,93479.9,93654.6,93198.3,93324.7,1695.359,158380696.8831
2025-01-10 03:00:00,93324.7,93555.6,93270.6,93520.0,710.564,66376844.1012
2025-01-10 03:30:00,93520.0,93687.8,93374.6,93655.9,816.939,76443374.7557
2025-01-10 04:00:00,93655.9,93870.0,93482.2,93532.8,1568.92,146955072.7814
2025-01-10 04:30:00,93532.8,93816.0,93457.9,93800.0,1168.273,109411858.9675
2025-01-10 05:00:00,93800.0,93859.7,93599.8,93778.4,1346.012,126140920.9146
2025-01-10 05:30:00,93778.4,94206.9,93771.4,93920.7,2036.383,191425213.8607
2025-01-10 06:00:00,93920.7,94098.3,93798.7,93896.7,1291.462,121321151.0405
2025-01-10 06:30:00,93896.7,94282.2,93684.3,94197.8,1739.334,163522855.5505
2025-01-10 07:00:00,94197.8,94314.3,94027.1,94296.2,1104.735,104063821.7645
2025-01-10 07:30:00,94296.2,94948.4,94221.4,94457.1,3712.349,351358796.9987
2025-01-10 08:00:00,94457.1,94728.4,94342.1,94651.1,1696.142,160403867.0452
2025-01-10 08:30:00,94651.1,94692.0,94414.0,94623.5,998.735,94431543.7117
2025-01-10 09:00:00,94623.5,94931.7,94524.0,94903.5,1500.374,142185196.4418
2025-01-10 09:30:00,94903.5,94937.4,94711.7,94738.5,1148.176,108877645.2923
2025-01-10 10:00:00,94738.5,94940.1,94732.1,94749.8,937.704,88928784.478
2025-01-10 10:30:00,94749.8,95233.0,94699.6,95158.1,1986.935,188725384.0993
2025-01-10 11:00:00,95158.1,95204.0,94776.2,94776.2,1796.615,170569676.9121
2025-01-10 11:30:00,94776.2,95047.0,94566.8,95019.8,2006.454,190145061.8488
2025-01-10 12:00:00,95019.8,95079.9,94691.8,94737.9,1646.551,156215727.6067
2025-01-10 12:30:00,94737.9,95029.9,94666.0,94989.5,1248.257,118394919.3356
2025-01-10 13:00:00,94989.5,94989.5,94694.0,94762.7,1348.477,127915855.3193
2025-01-10 13:30:00,94762.7,94762.7,92700.0,93513.6,22235.653,2079348494.5443
2025-01-10 14:00:00,93513.6,94697.9,93370.5,94366.4,7148.488,673036205.5107
2025-01-10 14:30:00,94366.4,94575.9,93508.0,94083.5,9009.294,846764467.7221
2025-01-10 15:00:00,94083.5,94083.5,92161.2,93232.7,13783.046,1281448177.6208
2025-01-10 15:30:00,93232.7,94508.9,93000.0,93695.9,7681.209,721455281.1086
2025-01-10 16:00:00,93695.9,93998.9,93301.2,93396.2,5282.118,494358073.2375
2025-01-10 16:30:00,93396.2,94009.0,93153.9,93620.6,3411.738,319385184.6427
2025-01-10 17:00:00,93620.6,94343.7,93290.1,94343.6,2589.872,243033415.2211
2025-01-10 17:30:00,94343.6,95873.6,94023.2,95767.1,7441.712,707551887.7307
2025-01-10 18:00:00,95767.1,95767.1,94803.0,94942.0,5890.639,561849543.711
2025-01-10 18:30:00,94942.0,95099.9,94527.9,94808.4,2997.096,284017536.0274
2025-01-10 19:00:00,94808.4,95162.1,94355.2,94942.1,2384.343,225904633.4376
2025-01-10 19:30:00,94942.1,95356.8,94893.6,95275.4,1501.053,142793735.0023
2025-01-10 20:00:00,95275.4,95416.6,94739.1,94881.3,1999.641,190046179.1478
2025-01-10 20:30:00,94881.3,94948.4,94534.1,94620.7,2396.542,226944548.2255
2025-01-10 21:00:00,94620.7,94901.9,94544.4,94829.5,1058.38,100240977.0929
2025-01-10 21:30:00,94829.5,94875.0,94562.9,94571.3,597.568,56597442.7218
2025-01-10 22:00:00,94571.3,94808.1,94540.1,94757.8,706.799,66883249.0355
2025-01-10 22:30:00,94757.8,94955.0,94557.5,94728.8,704.669,66763248.0683
2025-01-10 23:00:00,94728.8,94867.9,94606.0,94835.6,395.048,37427990.976
2025-01-10 23:30:00,94835.6,94854.4,94650.0,94684.2,569.865,53991126.4359
2025-01-11 00:00:00,94684.2,94709.7,94267.6,94458.7,1453.175,137270090.1556
2025-01-11 00:30:00,94458.7,94583.3,94328.2,94560.8,1023.358,96674682.8587
2025-01-11 01:00:00,94560.8,94667.2,94463.7,94481.4,460.664,43566851.6491
2025-01-11 01:30:00,94481.4,94529.3,94176.9,94389.9,793.662,74856698.4309
2025-01-11 02:00:00,94389.9,94464.0,94160.4,94233.1,620.957,58533561.1594
2025-01-11 02:30:00,94233.1,94451.0,94131.9,94372.5,551.451,51981156.7837
2025-01-11 03:00:00,94372.5,94397.9,94054.9,94119.7,722.594,68054848.5794
2025-01-11 03:30:00,94119.7,94226.8,94085.3,94163.1,410.567,38662591.6503
2025-01-11 04:00:00,94163.1,94266.7,94023.3,94034.0,445.687,41960962.9066
2025-01-11 04:30:00,94034.0,94057.1,93800.0,94024.2,1474.741,138521337.5044
2025-01-11 05:00:00,94024.2,94189.2,93970.1,94154.8,554.305,52163063.7543
2025-01-11 05:30:00,94154.8,94350.0,94105.2,94323.5,882.908,83227429.71
2025-01-11 06:00:00,94323.5,94409.5,94269.6,94367.4,631.254,59560654.1936
2025-01-11 06:30:00,94367.4,94380.0,94163.0,94167.6,450.039,42420345.2935
2025-01-11 07:00:00,94167.6,94299.7,94125.0,94148.6,456.14,42966895.9045
2025-01-11 07:30:00,94148.6,94230.3,94104.8,94204.3,269.508,25377518.2284
2025-01-11 08:00:00,94204.3,94379.5,94150.1,94315.9,547.47,51617156.7436
2025-01-11 08:30:00,94315.9,94320.2,93981.0,94035.5,726.968,68415806.5562
2025-01-11 09:00:00,94035.5,94200.0,94000.6,94196.0,507.313,47735093.8195
2025-01-11 09:30:00,94196.0,94295.3,94170.8,94293.3,337.921,31841169.545
2025-01-11 10:00:00,94293.3,94390.4,94271.9,94327.1,659.543,62216495.143
2025-01-11 10:30:00,94327.1,94490.3,94265.8,94449.3,693.618,65488213.3082
2025-01-11 11:00:00,94449.3,94639.0,94416.9,94553.6,938.69,88734217.583
2025-01-11 11:30:00,94553.6,94750.0,94535.2,94574.6,817.887,77416248.4468
2025-01-11 12:00:00,94574.6,94611.2,94488.3,94550.1,424.005,40083251.8497
2025-01-11 12:30:00,94550.1,94608.4,94494.1,94509.4,617.328,58354753.9958
2025-01-11 13:00:00,94509.4,94570.9,94317.6,94416.8,1042.654,98447022.9491
2025-01-11 13:30:00,94416.8,94447.4,94300.0,94349.2,341.679,32237977.8015
2025-01-11 14:00:00,94349.2,94424.7,94258.7,94340.9,469.197,44257467.1508
2025-01-11 14:30:00,94340.9,94608.0,94340.9,94571.0,667.918,63117785.2532
2025-01-11 15:00:00,94571.0,94608.8,94361.8,94412.9,548.01,51777354.5661
2025-01-11 15:30:00,94412.9,94446.9,94326.5,94371.5,367.962,34731292.847
2025-01-11 16:00:00,94371.5,94463.6,94264.9,94392.6,741.09,69927718.8749
2025-01-11 16:30:00,94392.6,94696.5,94386.1,94418.0,1072.563,101378470.6376
2025-01-11 17:00:00,94418.0,94418.0,93888.3,94069.4,1891.489,178058174.6689
2025-01-11 17:30:00,94069.4,94203.7,94012.6,94125.7,557.33,52461636.1835
2025-01-11 18:00:00,94125.7,94284.8,94067.0,94256.9,562.447,52973578.5936
2025-01-11 18:30:00,94256.9,94269.0,94117.0,94232.3,412.366,38841860.0828
2025-01-11 19:00:00,94232.3,94310.3,94147.5,94190.9,225.779,21273093.2216
2025-01-11 19:30:00,94190.9,94214.8,94035.5,94201.1,444.84,41859970.0561
2025-01-11 20:00:00,94201.1,94460.6,94142.1,94458.1,711.191,67082858.6987
2025-01-11 20:30:00,94458.1,94649.9,94346.9,94572.0,976.114,92254956.8502
2025-01-11 21:00:00,94572.0,94849.0,94533.1,94767.8,1091.443,103362433.3579
2025-01-11 21:30:00,94767.8,94991.9,94613.6,94896.0,1066.255,101065711.3513
2025-01-11 22:00:00,94896.0,94945.1,94667.0,94683.0,695.283,65904520.6274
2025-01-11 22:30:00,94683.0,94780.4,94521.5,94554.8,586.428,55507463.5034
2025-01-11 23:00:00,94554.8,94686.3,94520.7,94634.1,263.151,24893995.4897
2025-01-11 23:30:00,94634.1,94728.2,94501.0,94569.4,605.742,57294171.3778
2025-01-12 00:00:00,94569.4,94626.9,94455.5,94490.6,558.065,52757898.5675
2025-01-12 00:30:00,94490.6,94550.0,94383.6,94411.3,367.411,34699849.2432
2025-01-12 01:00:00,94411.3,94454.3,94255.0,94319.0,471.046,44441424.77
2025-01-12 01:30:00,94319.0,94559.5,94318.2,94538.4,382.057,36075143.1672
2025-01-12 02:00:00,94538.4,94557.8,94434.6,94512.2,269.805,25493585.8621
2025-01-12 02:30:00,94512.2,94637.2,94474.5,94585.6,251.194,23755873.616
2025-01-12 03:00:00,94585.6,94663.9,94377.3,94408.1,314.975,29768382.6708
2025-01-12 03:30:00,94408.1,94587.4,94361.8,94587.3,218.138,20610619.9363
2025-01-12 04:00:00,94587.3,94610.2,94517.6,94578.6,147.129,13912007.6955
2025-01-12 04:30:00,94578.6,94606.5,94454.2,94540.3,194.098,18346711.6978
2025-01-12 05:00:00,94540.3,94595.3,94502.2,94563.3,143.161,13536746.2744
2025-01-12 05:30:00,94563.3,94563.3,94452.3,94520.1,135.068,12764097.5998
2025-01-12 06:00:00,94520.1,94577.3,94428.2,94457.6,298.996,28254324.7955
2025-01-12 06:30:00,94457.6,94486.2,94324.0,94328.7,300.135,28330825.5104
2025-01-12 07:00:00,94328.7,94413.8,94210.3,94350.7,426.225,40196491.8593
2025-01-12 07:30:00,94350.7,94407.4,94251.0,94295.1,368.216,34730069.7891
2025-01-12 08:00:00,94295.1,94358.6,94270.9,94296.2,194.036,18300680.354
2025-01-12 08:30:00,94296.2,94296.7,94069.0,94140.0,998.288,94001741.2305
2025-01-12 09:00:00,94140.0,94202.4,93960.0,93960.0,727.741,68457112.1244
2025-01-12 09:30:00,93960.0,94000.0,93660.0,93862.8,1812.867,170086772.5035
2025-01-12 10:00:00,93862.8,94026.2,93796.8,93885.7,1019.321,95703963.4913
2025-01-12 10:30:00,93885.7,94014.4,93782.4,93973.9,469.505,44095852.3745
2025-01-12 11:00:00,93973.9,94291.7,93970.1,94252.1,1277.269,120254993.8349
2025-01-12 11:30:00,94252.1,94320.0,94205.7,94211.2,441.786,41644408.6007
2025-01-12 12:00:00,94211.2,94592.4,94120.6,94397.7,1623.117,153183193.2637
2025-01-12 12:30:00,94397.7,94466.3,94291.3,94299.7,557.088,52572279.7366
2025-01-12 13:00:00,94299.7,94730.2,94257.0,94600.0,1088.002,102855519.7519
2025-01-12 13:30:00,94600.0,94709.5,94485.0,94623.8,1023.31,96792404.0854
2025-01-12 14:00:00,94623.8,94944.0,94623.8,94779.8,1225.871,116233857.1397
2025-01-12 14:30:00,94779.8,94963.9,94726.9,94780.0,965.194,91532449.1272
2025-01-12 15:00:00,94780.0,95439.9,94640.0,95230.0,3910.495,371907688.4106
2025-01-12 15:30:00,95230.0,95294.6,94913.8,95043.8,1431.173,136022573.9531
2025-01-12 16:00:00,95043.8,95109.2,94769.4,94859.6,1038.24,98534012.3634
2025-01-12 16:30:00,94859.6,95055.0,94851.6,95022.3,890.754,84580221.6397
2025-01-12 17:00:00,95022.3,95189.9,94985.9,95051.2,520.471,49495449.8694
2025-01-12 17:30:00,95051.2,95240.9,94936.8,95096.8,605.386,57593055.2219
2025-01-12 18:00:00,95096.8,95283.7,95053.6,95065.4,551.6,52485949.9676
2025-01-12 18:30:00,95065.4,95080.3,94866.7,94961.7,636.68,60466422.7921
2025-01-12 19:00:00,94961.7,95037.1,94650.0,94682.2,1075.022,101903288.2127
2025-01-12 19:30:00,94682.2,94798.8,94540.2,94632.4,734.195,69515520.896
2025-01-12 20:00:00,94632.4,94782.7,94601.1,94732.9,404.132,38278517.1576
2025-01-12 20:30:00,94732.9,94752.0,94558.3,94658.0,377.673,35747492.9501
2025-01-12 21:00:00,94658.0,94692.3,94341.2,94574.6,981.819,92775723.9904
2025-01-12 21:30:00,94574.6,94630.5,94256.6,94303.8,624.859,58975426.1456
2025-01-12 22:00:00,94303.8,94330.2,93833.5,93889.9,2027.702,190612976.9397
2025-01-12 22:30:00,93889.9,94138.0,93740.0,93929.8,1203.451,113046954.6514
2025-01-12 23:00:00,93929.8,94256.4,93910.6,94238.5,1347.353,126798418.9804
2025-01-12 23:30:00,94238.5,94546.8,94238.5,94510.0,1185.588,111912033.1701
2025-01-13 00:00:00,94510.0,95574.9,94406.0,95225.3,3375.807,320519267.1936
2025-01-13 00:30:00,95225.3,95954.8,95168.6,95285.4,4511.399,431392833.4074
2025-01-13 01:00:00,95285.4,95373.0,94769.0,95151.9,2993.02,284530509.5408
2025-01-13 01:30:00,95151.9,95225.0,94056.3,94177.9,3814.33,360243357.5701
2025-01-13 02:00:00,94177.9,94475.0,94050.0,94285.5,2268.023,213728619.5945
2025-01-13 02:30:00,94285.5,94331.2,93868.4,94170.0,1587.914,149336078.108
2025-01-13 03:00:00,94170.0,94387.9,93988.2,94264.0,1153.268,108629210.4258
2025-01-13 03:30:00,94264.0,94360.0,93926.2,94217.1,1016.664,95727307.5503
2025-01-13 04:00:00,94217.1,94863.6,94144.1,94764.6,1885.404,178229411.3771
2025-01-13 04:30:00,94764.6,94888.2,94388.1,94463.6,1627.681,153954616.9967
2025-01-13 05:00:00,94463.6,94514.4,94162.8,94224.9,1351.349,127462667.3928
2025-01-13 05:30:00,94224.9,94253.6,94010.0,94135.7,860.57,81004909.9257
2025-01-13 06:00:00,94135.7,94311.5,94023.0,94082.3,801.382,75464267.4274
2025-01-13 06:30:00,94082.3,94100.0,93151.0,93600.1,6626.715,619770425.006
2025-01-13 07:00:00,93600.1,93772.2,93422.5,93664.0,2037.831,190779217.607
2025-01-13 07:30:00,93664.0,93993.0,93476.2,93557.9,2280.72,213779016.7751
2025-01-13 08:00:00,93557.9,93621.2,92850.0,93179.3,3077.013,286701359.0542
2025-01-13 08:30:00,93179.3,93300.0,92909.4,93000.0,1759.812,163901857.3406
2025-01-13 09:00:00,93000.0,93151.9,92703.0,92770.2,3006.321,279356959.207
2025-01-13 09:30:00,92770.2,93146.5,92566.8,92805.0,2416.747,224399195.725
2025-01-13 10:00:00,92805.0,92853.8,91783.5,91959.7,5280.542,487224560.0212
2025-01-13 10:30:00,91959.7,91959.8,91321.0,91594.1,6415.706,587851643.4846
2025-01-13 11:00:00,91594.1,91752.6,91244.0,91419.2,3749.593,343089549.2056
2025-01-13 11:30:00,91419.2,91511.4,90769.0,90811.9,7273.078,662395271.5861
2025-01-13 12:00:00,90811.9,91500.0,90501.8,90808.5,9249.154,840930817.3083
2025-01-13 12:30:00,90808.5,90960.0,90250.0,90696.5,5600.491,507251539.0948
2025-01-13 13:00:00,90696.5,91756.0,90544.8,91358.4,7560.789,690603158.3517
2025-01-13 13:30:00,91358.4,91484.8,90954.0,91080.9,2900.469,264447069.2254
2025-01-13 14:00:00,91080.9,91105.3,90502.9,90900.1,4921.283,446882247.5942
2025-01-13 14:30:00,90900.1,92249.8,89100.0,91784.8,23155.763,2099849433.2072
2025-01-13 15:00:00,91784.8,93050.9,91512.1,92171.1,9550.848,882308288.3805
2025-01-13 15:30:00,92171.1,92665.0,91855.8,92081.1,3984.48,367795099.0483
2025-01-13 16:00:00,92081.1,92241.4,91378.1,91640.7,5581.78,512355768.3064
2025-01-13 16:30:00,91640.7,92140.0,91200.9,91302.1,4186.231,383894436.2559
2025-01-13 17:00:00,91302.1,92100.0,91200.0,91987.9,3450.999,316389757.293
2025-01-13 17:30:00,91987.9,92263.7,91550.0,91944.0,3048.83,279979541.6834
2025-01-13 18:00:00,91944.0,92388.0,91564.1,91687.6,3591.923,330293669.8757
2025-01-13 18:30:00,91687.6,92222.4,91687.6,92037.6,2920.57,268673760.5643
2025-01-13 19:00:00,92037.6,92297.0,91548.0,92131.6,3460.333,318249680.9748
2025-01-13 19:30:00,92131.6,92500.0,91966.7,92260.7,3990.092,367838788.5927
2025-01-13 20:00:00,92260.7,92347.3,91839.2,92077.8,2000.887,184255356.3381
2025-01-13 20:30:00,92077.8,93800.0,92055.6,93545.1,7131.877,664275088.1956
2025-01-13 21:00:00,93545.1,93916.3,93349.6,93816.3,3748.855,351194586.6965
2025-01-13 21:30:00,93816.3,94442.8,93686.6,94172.8,4198.609,395219425.4251
2025-01-13 22:00:00,94172.8,94700.0,94118.3,94528.6,2749.337,259725041.512
2025-01-13 22:30:00,94528.6,94564.1,94168.6,94370.4,1416.282,133591305.9454
2025-01-13 23:00:00,94370.4,94475.8,94152.5,94250.0,1344.66,126825470.0842
2025-01-13 23:30:00,94250.0,94601.5,94227.7,94508.2,1379.375,130252039.7887
2025-01-14 00:00:00,94508.2,94857.0,94345.9,94557.9,2569.78,243085421.1832
2025-01-14 00:30:00,94557.9,94620.0,94330.3,94462.5,1376.688,130047345.303
2025-01-14 01:00:00,94462.5,95050.0,94448.2,94913.4,2779.366,263563221.4739
2025-01-14 01:30:00,94913.4,94979.0,94576.6,94814.4,876.031,82988493.2524
2025-01-14 02:00:00,94814.4,95285.1,94706.6,95188.4,2114.418,201023636.493
2025-01-14 02:30:00,95188.4,95209.8,94850.0,94877.7,1023.405,97225015.7187
2025-01-14 03:00:00,94877.7,95101.3,94765.8,95027.6,989.739,93943436.3527
2025-01-14 03:30:00,95027.6,95079.6,94818.3,94849.3,685.813,65077262.8563
2025-01-14 04:00:00,94849.3,95137.4,94849.3,94913.8,853.653,81101896.7441
2025-01-14 04:30:00,94913.8,95110.7,94800.0,95104.5,847.826,80472909.3052
2025-01-14 05:00:00,95104.5,95484.3,95091.8,95158.0,1691.946,161240710.4563
2025-01-14 05:30:00,95158.0,95224.0,94850.0,94911.3,1048.551,99653364.9169
2025-01-14 06:00:00,94911.3,94972.9,94750.1,94807.3,1176.462,111568993.6659
2025-01-14 06:30:00,94807.3,95014.2,94714.4,95014.1,713.264,67669998.9489
2025-01-14 07:00:00,95014.1,95149.9,94941.1,95018.8,999.616,95009715.2896
2025-01-14 07:30:00,95018.8,95097.1,94817.7,94838.4,712.948,67657819.1863
2025-01-14 08:00:00,94838.4,95749.9,94838.4,95336.9,3346.992,319311637.9474
2025-01-14 08:30:00,95336.9,95811.0,95275.0,95471.5,1897.996,181343692.6982
2025-01-14 09:00:00,95471.5,96452.0,95436.3,96393.9,4539.221,435870170.7851
2025-01-14 09:30:00,96393.9,97395.5,96240.1,97150.0,8425.668,816674379.0995
2025-01-14 10:00:00,97150.0,97181.8,96616.4,96730.0,4349.714,421254882.3395
2025-01-14 10:30:00,96730.0,96795.4,96552.3,96655.5,1848.897,178696866.7125
2025-01-14 11:00:00,96655.5,96694.0,96311.0,96442.1,1926.782,185913810.8556
2025-01-14 11:30:00,96442.1,96675.9,96347.8,96526.2,1869.477,180446393.9542
2025-01-14 12:00:00,96526.2,96696.6,95970.0,96151.4,2904.536,279552540.8959
2025-01-14 12:30:00,96151.4,96317.5,95970.0,95970.0,992.885,95463054.5599
2025-01-14 13:00:00,95970.0,96098.0,95712.1,95895.5,2252.847,216090610.26
2025-01-14 13:30:00,95895.5,97247.9,95895.4,96303.9,9920.111,959058024.3898
2025-01-14 14:00:00,96303.9,96818.4,95960.5,96752.8,3095.557,298304411.9205
2025-01-14 14:30:00,96752.8,97220.0,96094.4,96257.8,6097.677,589841961.064
2025-01-14 15:00:00,96257.8,96950.9,96150.1,96458.5,2758.71,266390164.8913
2025-01-14 15:30:00,96458.5,96886.8,96344.9,96415.4,2586.17,249824421.2155
2025-01-14 16:00:00,96415.4,96415.5,95609.9,95817.7,5872.804,563362493.7792
2025-01-14 16:30:00,95817.7,95955.7,95308.8,95709.1,3057.134,292268683.7592
2025-01-14 17:00:00,95709.1,96180.0,95537.8,95989.1,2690.045,257917967.4082
2025-01-14 17:30:00,95989.1,96571.9,95669.0,96492.5,2387.954,229797566.3822
2025-01-14 18:00:00,96492.5,96675.3,96240.9,96602.2,1604.515,154813718.107
2025-01-14 18:30:00,96602.2,96942.5,96527.8,96733.2,1735.721,167966501.4537
2025-01-14 19:00:00,96733.2,97000.0,96571.0,96845.1,1292.853,125171042.7955
2025-01-14 19:30:00,96845.1,97064.0,96440.1,96518.1,1684.384,162994644.3905
2025-01-14 20:00:00,96518.1,96899.5,96100.0,96866.0,2389.06,230441037.4433
2025-01-14 20:30:00,96866.0,96880.0,96307.7,96461.9,1665.978,160788985.7565
2025-01-14 21:00:00,96461.9,96642.8,96400.0,96470.1,856.225,82641108.6421
2025-01-14 21:30:00,96470.1,96470.1,96269.9,96439.1,834.39,80413207.3708
2025-01-14 22:00:00,96439.1,96623.2,96396.4,96606.2,419.516,40488207.0128
2025-01-14 22:30:00,96606.2,96700.0,96483.8,96640.2,347.533,33576191.2577
2025-01-14 23:00:00,96640.2,96747.1,96465.9,96484.0,427.144,41269390.4026
2025-01-14 23:30:00,96484.0,96682.8,96450.0,96523.3,423.084,40851082.8021
2025-01-15 00:00:00,96523.3,97248.5,96450.0,97177.0,2099.165,203443785.0116
2025-01-15 00:30:00,97177.0,97336.9,96724.5,96851.8,1495.19,145022697.2484
2025-01-15 01:00:00,96851.8,97174.8,96753.9,97079.0,759.021,73627935.9036
2025-01-15 01:30:00,97079.0,97548.7,96940.7,97293.1,2667.575,259488521.4341
2025-01-15 02:00:00,97293.1,97412.0,96900.0,96900.0,1368.436,132833515.5128
2025-01-15 02:30:00,96900.0,97027.1,96671.1,96773.8,1212.574,117436477.3801
2025-01-15 03:00:00,96773.8,97176.0,96701.8,96879.9,744.467,72156498.2637
2025-01-15 03:30:00,96879.9,97297.9,96869.5,97281.3,610.576,59289839.2546
2025-01-15 04:00:00,97281.3,97691.7,97000.0,97227.5,2816.776,274296122.4973
2025-01-15 04:30:00,97227.5,97346.2,97118.0,97150.0,528.696,51397649.011
2025-01-15 05:00:00,97150.0,97205.0,96707.2,96940.9,1576.027,152663415.5806
2025-01-15 05:30:00,96940.9,97039.6,96832.0,96989.9,533.253,51695914.4501
2025-01-15 06:00:00,96989.9,97068.0,96830.0,96830.1,581.153,56328430.6606
2025-01-15 06:30:00,96830.1,97123.9,96819.6,97065.7,521.843,50608255.5895
2025-01-15 07:00:00,97065.7,97543.0,97065.6,97493.6,971.65,94573906.8631
2025-01-15 07:30:00,97493.6,97567.0,97130.0,97255.8,1358.63,132219782.5153
2025-01-15 08:00:00,97255.8,97481.8,97111.4,97461.6,1393.936,135602638.2304
2025-01-15 08:30:00,97461.6,97499.0,97137.0,97158.5,759.8,73962858.6989
2025-01-15 09:00:00,97158.5,97324.4,96832.6,96840.2,1098.065,106587094.2731
2025-01-15 09:30:00,96840.2,97019.3,96730.0,96782.4,1491.681,144507397.5195
2025-01-15 10:00:00,96782.4,97058.6,96671.4,97028.7,1044.147,101144966.6046
2025-01-15 10:30:00,97028.7,97099.9,96837.1,96899.9,534.852,51863691.4075
2025-01-15 11:00:00,96899.9,96905.9,96469.6,96609.9,1538.354,148671548.3908
2025-01-15 11:30:00,96609.9,96749.3,96511.2,96722.3,664.429,64223572.9668
2025-01-15 12:00:00,96722.3,96758.4,96500.0,96559.6,919.683,88848891.4061
2025-01-15 12:30:00,96559.6,97159.8,96543.9,96901.4,2192.807,212539397.0199
2025-01-15 13:00:00,96901.4,97288.0,96804.7,97251.0,2441.188,236944552.364
2025-01-15 13:30:00,97251.0,99000.0,97236.2,98927.7,18002.888,1770838211.7405
2025-01-15 14:00:00,98927.7,99417.7,98566.9,98689.9,7053.504,698308778.5308
2025-01-15 14:30:00,98689.9,99489.0,98607.0,99400.7,5688.138,563323804.6129
2025-01-15 15:00:00,99400.7,99765.0,99096.4,99680.5,5176.88,514852715.8269
2025-01-15 15:30:00,99680.5,99691.0,98934.2,98955.1,2914.688,289499528.8374
2025-01-15 16:00:00,98955.1,99472.2,98955.1,99242.5,2103.488,208811099.0012
2025-01-15 16:30:00,99242.5,99242.5,98855.0,98970.0,1847.546,182914457.2093
2025-01-15 17:00:00,98970.0,99300.0,98941.1,99069.9,1285.131,127416707.4029
2025-01-15 17:30:00,99069.9,99281.2,98555.9,98600.0,1840.351,181907186.0945
2025-01-15 18:00:00,98600.0,99141.3,98599.9,99043.7,1477.84,146155914.8483
2025-01-15 18:30:00,99043.7,99423.0,98950.9,99420.0,1320.644,131018463.0315
2025-01-15 19:00:00,99420.0,99538.9,99249.4,99320.5,1140.096,113324092.3544
2025-01-15 19:30:00,99320.5,99942.5,99308.5,99807.5,3056.297,304547065.6324
2025-01-15 20:00:00,99807.5,100700.0,99690.0,100129.1,6948.633,696128529.0439
2025-01-15 20:30:00,100129.1,100150.0,99400.1,99504.4,4302.852,429119058.4302
2025-01-15 21:00:00,99504.4,99820.1,99423.0,99722.8,1460.542,145550876.0853
2025-01-15 21:30:00,99722.8,99783.7,99504.0,99630.0,692.816,69024267.9758
2025-01-15 22:00:00,99630.0,99647.3,99495.9,99528.0,782.86,77937361.4674
2025-01-15 22:30:00,99528.0,99799.9,99527.9,99681.0,668.905,66689877.8323
2025-01-15 23:00:00,99681.0,100145.8,99574.0,100112.0,1363.185,136079008.6412
2025-01-15 23:30:00,100112.0,100500.0,99845.3,100465.0,2182.015,218591923.032
2025-01-16 00:00:00,100465.0,100866.1,100033.4,100318.8,4366.923,438713621.3333
2025-01-16 00:30:00,100318.8,100398.9,99627.0,99839.7,2421.993,241817867.2766
2025-01-16 01:00:00,99839.7,100095.6,99784.1,99950.0,1209.475,120879558.1666
2025-01-16 01:30:00,99950.0,100177.6,99842.3,100044.8,931.482,93201775.8836
2025-01-16 02:00:00,100044.8,100097.7,99694.3,99694.4,872.53,87133338.3631
2025-01-16 02:30:00,99694.4,99850.0,99429.2,99599.9,1327.383,132200175.5311
2025-01-16 03:00:00,99599.9,99809.0,99477.7,99521.4,993.269,98967815.0632
2025-01-16 03:30:00,99521.4,99525.5,99129.8,99437.5,1659.218,164848125.3748
2025-01-16 04:00:00,99437.5,99654.5,99437.4,99578.0,583.906,58139179.574
2025-01-16 04:30:00,99578.0,99664.9,99520.2,99586.9,228.63,22767909.2084
2025-01-16 05:00:00,99586.9,99587.0,99314.2,99492.4,779.366,77517373.9774
2025-01-16 05:30:00,99492.4,99596.0,99344.6,99360.7,422.391,42001411.2228
2025-01-16 06:00:00,99360.7,99659.3,99293.1,99658.2,746.999,74299182.3963
2025-01-16 06:30:00,99658.2,99891.8,99654.4,99761.6,1170.306,116749661.4275
2025-01-16 07:00:00,99761.6,99835.0,99606.3,99691.0,551.4,54981029.5707
2025-01-16 07:30:00,99691.0,99783.6,99620.0,99783.6,512.326,51074228.3381
2025-01-16 08:00:00,99783.6,99799.0,99365.1,99522.9,871.083,86748868.2423
2025-01-16 08:30:00,99522.9,99523.0,98599.9,98923.1,4155.067,411111624.1837
2025-01-16 09:00:00,98923.1,99077.3,98600.9,98906.0,2146.607,212117427.499
2025-01-16 09:30:00,98906.0,99287.0,98785.9,99125.2,1395.137,138227018.4491
2025-01-16 10:00:00,99125.2,99350.0,99082.8,99310.9,880.567,87374617.8011
2025-01-16 10:30:00,99310.9,99380.0,99153.2,99169.7,853.338,84690306.8232
2025-01-16 11:00:00,99169.7,99300.0,98688.0,99031.0,2475.883,245113959.1896
2025-01-16 11:30:00,99031.0,99255.0,98872.9,99125.7,972.723,96371287.2839
2025-01-16 12:00:00,99125.7,99458.5,98853.2,99165.9,2030.818,201528312.9435
2025-01-16 12:30:00,99165.9,99498.2,99154.5,99354.1,1485.28,147548490.5158
2025-01-16 13:00:00,99354.1,99390.0,98747.0,98794.9,2311.756,228852602.002
2025-01-16 13:30:00,98794.9,99455.0,98793.6,99050.0,2769.094,274431377.0875
2025-01-16 14:00:00,99050.0,99369.2,98812.6,99304.6,1536.816,152207694.6247
2025-01-16 14:30:00,99304.6,99304.7,97452.7,97579.0,11095.102,1087898088.2288
2025-01-16 15:00:00,97579.0,98399.6,97291.0,98367.9,6813.674,666495423.0591
2025-01-16 15:30:00,98367.9,99271.5,98009.0,99255.6,4359.237,429719973.2683
2025-01-16 16:00:00,99255.6,99796.6,99029.5,99693.8,5583.661,555207216.859
2025-01-16 16:30:00,99693.8,99855.9,99134.7,99309.0,3205.367,318899960.748
2025-01-16 17:00:00,99309.0,99850.0,99134.2,99840.1,1562.249,155296819.4717
2025-01-16 17:30:00,99840.1,100331.8,99705.4,99798.9,3894.182,389449792.7468
2025-01-16 18:00:00,99798.9,100043.8,99425.0,99467.8,1558.437,155301652.0699
2025-01-16 18:30:00,99467.8,99600.0,99210.6,99533.0,1493.032,148427140.96
2025-01-16 19:00:00,99533.0,99833.1,99356.4,99723.1,1296.502,129193876.9486
2025-01-16 19:30:00,99723.1,100400.0,99643.4,100373.3,2580.509,258312238.6067
2025-01-16 20:00:00,100373.3,100596.1,100221.0,100586.4,2365.189,237501787.4631
2025-01-16 20:30:00,100586.4,100620.0,100236.8,100299.0,1693.683,170148327.104
2025-01-16 21:00:00,100299.0,100333.4,99657.6,99834.5,2187.577,218742181.8939
2025-01-16 21:30:00,99834.5,100212.1,99755.6,100105.9,1268.79,126918324.6679
2025-01-16 22:00:00,100105.9,100106.1,99524.0,99572.4,1075.023,107280949.3554
2025-01-16 22:30:00,99572.4,99783.4,99331.0,99775.7,1379.629,137292012.5719
2025-01-16 23:00:00,99775.7,100069.4,99684.9,99851.3,1759.017,175689708.3323
2025-01-16 23:30:00,99851.3,100072.0,99770.0,99945.8,705.92,70557481.4513
2025-01-17 00:00:00,99945.8,100411.5,99906.1,100123.7,1949.042,195231680.6256
2025-01-17 00:30:00,100123.7,100275.4,100021.7,100099.9,763.947,76491653.7286
2025-01-17 01:00:00,100099.9,100267.4,99969.9,100173.4,1324.796,132610612.2034
2025-01-17 01:30:00,100173.4,101817.6,100169.2,101644.6,6978.493,706306536.4751
2025-01-17 02:00:00,101644.6,102150.0,101434.2,101839.6,3257.625,331753225.5877
2025-01-17 02:30:00,101839.6,101894.5,100758.4,101068.3,2821.104,285644207.7979
2025-01-17 03:00:00,101068.3,101241.2,100902.2,100950.0,1146.894,115914551.8588
2025-01-17 03:30:00,100950.0,101228.7,100949.9,101016.1,802.837,81117390.2015
2025-01-17 04:00:00,101016.1,101263.2,100907.6,101150.0,851.509,86062177.3716
2025-01-17 04:30:00,101150.0,101455.0,100988.1,101439.0,825.783,83613969.5126
2025-01-17 05:00:00,101439.0,101746.8,101362.9,101595.5,1245.914,126574998.5778
2025-01-17 05:30:00,101595.5,101675.0,101274.8,101318.6,1131.238,114776059.2473
2025-01-17 06:00:00,101318.6,101576.5,101318.6,101398.5,503.238,51061197.247
2025-01-17 06:30:00,101398.5,101450.0,101283.1,101383.9,410.283,41596019.0773
2025-01-17 07:00:00,101383.9,101684.8,101383.9,101608.0,858.776,87226501.6584
2025-01-17 07:30:00,101608.0,101911.9,101366.7,101410.4,1457.069,148031269.9774
2025-01-17 08:00:00,101410.4,101889.3,101410.4,101866.9,1141.181,116050180.8032
2025-01-17 08:30:00,101866.9,102199.9,101700.0,102100.0,2932.813,299046140.402
2025-01-17 09:00:00,102100.0,102269.3,101959.9,101999.9,1613.169,164726078.886
2025-01-17 09:30:00,101999.9,102009.8,101720.0,101833.4,1032.499,105155003.2673
2025-01-17 10:00:00,101833.4,102261.3,101767.2,102214.2,1371.389,139963970.6822
2025-01-17 10:30:00,102214.2,102579.3,102149.6,102315.8,1895.411,194042117.695
2025-01-17 11:00:00,102315.8,102436.9,102054.1,102315.2,1281.567,131006803.7477
2025-01-17 11:30:00,102315.2,102368.5,102183.4,102205.4,704.652,72063999.1548
2025-01-17 12:00:00,102205.4,102650.0,102164.4,102511.2,1574.423,161328410.6825
2025-01-17 12:30:00,102511.2,102957.2,102370.0,102727.8,3466.871,356176916.3677
2025-01-17 13:00:00,102727.8,102968.4,102480.2,102521.7,2017.023,207133808.2329
2025-01-17 13:30:00,102521.7,102828.0,102401.3,102443.3,2076.064,212979661.3188
2025-01-17 14:00:00,102443.3,102756.5,102437.9,102727.5,1209.987,124175821.7338
2025-01-17 14:30:00,102727.5,103358.0,102228.4,103357.9,9377.294,964338456.1906
2025-01-17 15:00:00,103357.9,104219.8,103270.0,103929.6,9828.82,1020446162.1562
2025-01-17 15:30:00,103929.6,104082.5,103609.6,103988.4,4281.906,444751328.7503
2025-01-17 16:00:00,103988.4,104742.3,103802.0,104557.4,5719.134,597113811.4792
2025-01-17 16:30:00,104557.4,104999.5,104452.1,104950.3,3839.594,402287845.8971
2025-01-17 17:00:00,104950.3,105278.0,104582.1,104988.9,4474.337,469398361.3756
2025-01-17 17:30:00,104988.9,105120.3,103980.0,104106.7,4366.459,455929858.6492
2025-01-17 18:00:00,104106.7,104703.7,104007.0,104563.1,2217.64,231536173.5294
2025-01-17 18:30:00,104563.1,104895.0,104456.6,104800.4,2010.974,210605684.6187
2025-01-17 19:00:00,104800.4,105752.3,104637.1,105374.1,4633.086,487879316.5933
2025-01-17 19:30:00,105374.1,105815.8,105067.0,105788.5,4464.532,470963929.3785
2025-01-17 20:00:00,105788.5,105806.4,105201.0,105248.1,3071.562,323780900.978
2025-01-17 20:30:00,105248.1,105284.8,104444.0,104642.8,3978.709,417317629.2759
2025-01-17 21:00:00,104642.8,104988.2,104509.5,104929.3,2027.506,212366405.0373
2025-01-17 21:30:00,104929.3,104985.6,104391.4,104559.4,1557.808,163041687.302
2025-01-17 22:00:00,104559.4,104651.7,104282.3,104550.7,1050.83,109739849.738
2025-01-17 22:30:00,104550.7,104599.8,104140.4,104366.0,903.232,94266938.5812
2025-01-17 23:00:00,104366.0,104498.2,104203.1,104388.1,949.152,99055370.4261
2025-01-17 23:30:00,104388.1,104388.2,104026.0,104048.8,731.179,76164802.2334
2025-01-18 00:00:00,104048.8,104435.0,104034.1,104184.0,1371.765,142994386.9535
2025-01-18 00:30:00,104184.0,104617.0,104173.7,104610.7,877.643,91687442.9383
2025-01-18 01:00:00,104610.7,104610.8,104259.7,104519.8,851.361,88896737.1514
2025-01-18 01:30:00,104519.8,104519.9,104056.0,104223.1,1115.388,116263110.5289
2025-01-18 02:00:00,104223.1,104417.2,104223.0,104340.8,412.265,43018773.4289
2025-01-18 02:30:00,104340.8,104468.8,104192.4,104285.1,396.862,41406601.8624
2025-01-18 03:00:00,104285.1,104421.3,104030.0,104147.4,879.217,91622668.7675
2025-01-18 03:30:00,104147.4,104204.0,103008.0,103530.0,4462.388,461942522.7175
2025-01-18 04:00:00,103530.0,103683.0,102630.0,102988.8,3688.995,380286637.6522
2025-01-18 04:30:00,102988.8,103563.3,102977.8,103563.2,1867.401,192983994.3292
2025-01-18 05:00:00,103563.2,103750.2,103270.6,103640.1,2091.857,216625697.9606
2025-01-18 05:30:00,103640.1,103663.5,102778.3,102788.0,1887.498,194805504.3975
2025-01-18 06:00:00,102788.0,103376.5,102780.1,103153.4,1421.582,146600829.5783
2025-01-18 06:30:00,103153.4,103632.1,102964.6,103408.9,1725.677,178437652.6392
2025-01-18 07:00:00,103408.9,103475.0,102918.1,103154.8,1250.407,129001152.6003
2025-01-18 07:30:00,103154.8,103154.9,102545.5,102773.7,1762.859,181174619.1765
2025-01-18 08:00:00,102773.7,102784.8,102244.0,102771.4,2794.264,286328559.15
2025-01-18 08:30:00,102771.4,103299.9,102755.3,103228.4,2008.206,206984648.3597
2025-01-18 09:00:00,103228.4,103429.9,103110.2,103413.6,1627.399,168034445.3092
2025-01-18 09:30:00,103413.6,103414.8,103005.9,103127.8,1035.346,106796249.1919
2025-01-18 10:00:00,103127.8,103262.5,102811.2,103114.1,1333.449,137392339.3979
2025-01-18 10:30:00,103114.1,103256.0,102800.1,103144.7,1137.088,117207899.1772
2025-01-18 11:00:00,103144.7,103360.4,102900.0,103329.0,891.257,91933562.9236
2025-01-18 11:30:00,103329.0,103851.9,103200.0,103538.9,1884.272,195113803.4469
2025-01-18 12:00:00,103538.9,103999.9,103445.9,103551.9,1317.474,136633493.9127
2025-01-18 12:30:00,103551.9,103650.5,103337.6,103412.2,934.322,96688376.3931
2025-01-18 13:00:00,103412.2,103507.8,103076.7,103464.0,944.249,97542752.2156
2025-01-18 13:30:00,103464.0,104377.3,103420.0,104314.3,2285.038,237491212.6887
2025-01-18 14:00:00,104314.3,104525.0,104038.1,104137.0,2069.832,215794695.1229
2025-01-18 14:30:00,104137.0,104138.1,103666.0,103932.4,1871.919,194468146.5442
2025-01-18 15:00:00,103932.4,104298.3,103709.3,104215.6,1290.43,134284157.0334
2025-01-18 15:30:00,104215.6,104963.0,104170.7,104521.4,2557.839,267748813.0939
2025-01-18 16:00:00,104521.4,104692.3,103733.3,103940.1,2680.579,279409589.3419
2025-01-18 16:30:00,103940.1,104152.9,103107.3,103198.0,3018.002,312343792.8266
2025-01-18 17:00:00,103198.0,104053.0,103197.9,103855.0,1860.522,192906722.1778
2025-01-18 17:30:00,103855.0,104184.5,103737.7,103769.2,1285.716,133680080.0085
2025-01-18 18:00:00,103769.2,104109.2,103759.6,103977.0,1267.338,131737956.9621
2025-01-18 18:30:00,103977.0,104373.1,103892.2,104052.0,1650.521,171886406.7693
2025-01-18 19:00:00,104052.0,104257.0,104029.8,104122.5,902.507,93988764.6326
2025-01-18 19:30:00,104122.5,104483.6,104080.0,104366.0,1219.442,127252014.9522
2025-01-18 20:00:00,104366.0,104486.8,103753.9,103890.7,1441.237,150007536.1149
2025-01-18 20:30:00,103890.7,104060.2,103734.2,103995.7,985.169,102369410.9502
2025-01-18 21:00:00,103995.7,104238.5,103949.0,104100.6,992.093,103272947.5097
2025-01-18 21:30:00,104100.6,104100.6,103826.1,103847.9,919.326,95557710.5721
2025-01-18 22:00:00,103847.9,104173.5,103826.0,104173.5,384.15,39948691.7475
2025-01-18 22:30:00,104173.5,104290.1,104098.7,104262.2,354.715,36960873.121
2025-01-18 23:00:00,104262.2,104738.6,104262.2,104416.0,1476.651,154334885.8833
2025-01-18 23:30:00,104416.0,104651.7,104326.3,104520.0,537.124,56106093.1653
2025-01-19 00:00:00,104520.0,104520.0,104148.1,104214.2,1004.764,104823430.3706
2025-01-19 00:30:00,104214.2,104383.0,104074.1,104079.9,523.606,54575094.89
2025-01-19 01:00:00,104079.9,104390.2,103970.9,104389.6,699.059,72829617.6584
2025-01-19 01:30:00,104389.6,104655.4,104389.4,104452.6,899.942,94059235.9346
2025-01-19 02:00:00,104452.6,105279.7,104451.9,105157.2,1652.365,173379899.6176
2025-01-19 02:30:00,105157.2,105431.1,104759.4,104835.0,1721.168,180880201.4131
2025-01-19 03:00:00,104835.0,104961.3,104503.4,104746.0,1186.848,124259929.137
2025-01-19 03:30:00,104746.0,105154.0,104712.9,104955.1,1096.372,115040014.3194
2025-01-19 04:00:00,104955.1,105221.4,104630.1,105025.4,1317.635,138318937.3795
2025-01-19 04:30:00,105025.4,105052.0,104777.7,105004.0,891.042,93499131.039
2025-01-19 05:00:00,105004.0,105004.1,104227.7,104709.5,1953.719,204316829.712
2025-01-19 05:30:00,104709.5,105115.8,104631.4,105099.8,914.756,95963951.1426
2025-01-19 06:00:00,105099.8,105309.6,104984.5,105284.1,862.224,90631393.3747
2025-01-19 06:30:00,105284.1,105618.8,105187.8,105539.1,1305.103,137533765.526
2025-01-19 07:00:00,105539.1,105580.6,105175.4,105230.5,969.135,102087888.0039
2025-01-19 07:30:00,105230.5,105292.9,104932.4,105158.7,1033.819,108667397.3288
2025-01-19 08:00:00,105158.7,105158.7,104587.6,104606.3,1612.087,168888410.6762
2025-01-19 08:30:00,104606.3,104944.0,104290.6,104400.8,1909.654,199620802.5622
2025-01-19 09:00:00,104400.8,104484.2,103427.9,104280.7,4632.674,481773091.921
2025-01-19 09:30:00,104280.7,105442.4,104217.7,105273.8,2889.191,302789765.847
2025-01-19 10:00:00,105273.8,105285.1,104382.1,104488.0,1741.969,182590738.9499
2025-01-19 10:30:00,104488.0,105173.9,104450.0,104807.6,1215.463,127475467.4513
2025-01-19 11:00:00,104807.6,105345.4,104807.6,104915.1,1520.775,159835337.4031
2025-01-19 11:30:00,104915.1,105028.6,104186.0,104344.9,1977.131,206670386.8724
2025-01-19 12:00:00,104344.9,104870.5,104281.3,104416.0,2247.37,234999107.951
2025-01-19 12:30:00,104416.0,105029.3,104315.1,104908.2,1278.325,133850403.9416
2025-01-19 13:00:00,104908.2,105295.2,104834.3,105026.5,1498.487,157526550.6934
2025-01-19 13:30:00,105026.5,105219.6,104847.7,104953.8,1104.648,115995760.1629
2025-01-19 14:00:00,104953.8,105700.0,104765.6,105434.7,2492.604,262092399.2229
2025-01-19 14:30:00,105434.7,105588.4,104858.9,105128.9,2039.722,214540734.7584
2025-01-19 15:00:00,105128.9,105213.6,104486.0,105017.8,1944.77,203718256.4184
2025-01-19 15:30:00,105017.8,105200.0,104645.5,104904.0,1411.244,148085246.7959
2025-01-19 16:00:00,104904.0,105127.4,104675.9,105116.3,1168.17,122489483.9063
2025-01-19 16:30:00,105116.3,105202.2,104784.7,104909.2,860.329,90274505.5063
2025-01-19 17:00:00,104909.2,104921.9,104511.2,104514.1,2179.406,228066548.2314
2025-01-19 17:30:00,104514.1,105125.0,104471.3,105100.0,1733.492,181614701.2267
2025-01-19 18:00:00,105100.0,105251.7,105023.6,105074.5,1275.144,134072304.8435
2025-01-19 18:30:00,105074.5,105113.1,104878.4,105024.6,762.353,80054077.2197
2025-01-19 19:00:00,105024.6,105323.8,104960.4,105192.2,1133.129,119199010.4896
2025-01-19 19:30:00,105192.2,106250.0,105156.5,106231.4,3534.592,373817924.4212
2025-01-19 20:00:00,106231.4,106396.1,105500.0,105884.5,3579.494,379778140.431
2025-01-19 20:30:00,105884.5,106476.5,105800.0,106294.3,2145.846,227758840.6027
2025-01-19 21:00:00,106294.3,106394.8,104061.3,104420.0,4939.597,519822863.3442
2025-01-19 21:30:00,104420.0,105312.5,103654.7,103680.0,6683.695,697398150.7454
2025-01-19 22:00:00,103680.0,104488.0,102649.3,104168.4,9162.536,948673433.6404
2025-01-19 22:30:00,104168.4,104193.5,101038.2,103400.0,8162.546,836666984.2215
2025-01-19 23:00:00,103400.0,103400.0,100270.1,100517.3,12535.041,1270526162.3296
2025-01-19 23:30:00,100517.3,101992.1,99600.0,101310.7,14010.628,1411748371.9912
2025-01-20 00:00:00,101310.7,101678.6,100651.3,101067.8,5341.53,540123082.7415
2025-01-20 00:30:00,101067.8,101205.9,99500.1,99757.6,8505.864,852395265.6776
2025-01-20 01:00:00,99757.6,100488.0,99600.0,100266.3,6208.302,620987591.2558
2025-01-20 01:30:00,100266.3,100956.8,99926.5,100671.6,3728.839,374451165.4936
2025-01-20 02:00:00,100671.6,101689.5,100563.5,101687.5,3374.097,341143459.6477
2025-01-20 02:30:00,101687.5,102305.5,101350.0,101911.0,4054.072,412972230.9061
2025-01-20 03:00:00,101911.0,102199.1,101422.1,101647.4,2406.362,244876023.4289
2025-01-20 03:30:00,101647.4,101930.9,101400.0,101880.0,1700.871,172924473.1496
2025-01-20 04:00:00,101880.0,102052.1,101523.9,101741.0,1614.657,164291267.8947
2025-01-20 04:30:00,101741.0,102796.0,101650.0,102200.1,2323.632,237742241.5162
2025-01-20 05:00:00,102200.1,102827.7,102080.4,102458.0,2027.559,207889680.479
2025-01-20 05:30:00,102458.0,102740.0,102270.0,102333.3,1203.445,123298272.5158
2025-01-20 06:00:00,102333.3,102786.5,102205.4,102640.7,1272.166,130387728.5827
2025-01-20 06:30:00,102640.7,109951.7,102591.0,107542.7,28490.582,3048829767.7552
2025-01-20 07:00:00,107542.7,109614.0,107420.3,108781.2,21561.464,2342739134.439
2025-01-20 07:30:00,108781.2,109004.8,106963.4,107172.9,6945.138,750187131.8566
2025-01-20 08:00:00,107172.9,108341.8,107153.9,108052.6,4213.041,454260040.3358
2025-01-20 08:30:00,108052.6,108426.0,107837.0,108348.4,2254.121,243827408.6398
2025-01-20 09:00:00,108348.4,109237.2,108000.0,108276.9,4844.071,526463690.0928
2025-01-20 09:30:00,108276.9,108376.0,107583.0,108178.5,3076.691,332166341.0895
2025-01-20 10:00:00,108178.5,108784.1,107943.2,108534.1,2062.719,223486474.8044
2025-01-20 10:30:00,108534.1,108688.0,107800.0,108000.1,2905.67,314782419.8007
2025-01-20 11:00:00,108000.1,108599.8,107827.3,108451.1,1732.835,187497835.8074
2025-01-20 11:30:00,108451.1,108562.5,108080.0,108271.9,1215.44,131627779.1952
2025-01-20 12:00:00,108271.9,108767.6,105517.8,106664.3,14856.441,1585733523.8036
2025-01-20 12:30:00,106664.3,107367.0,106025.1,106947.6,5320.792,568058761.461
2025-01-20 13:00:00,106947.6,107499.9,106668.1,107373.8,2979.833,319240511.0
2025-01-20 13:30:00,107373.8,108166.0,107141.3,108005.9,4590.366,494689153.0867
2025-01-20 14:00:00,108005.9,108180.0,107450.5,107535.3,2437.792,262799545.1505
2025-01-20 14:30:00,107535.3,108134.7,107319.9,107926.0,2451.594,264146180.8151
2025-01-20 15:00:00,107926.0,108057.1,106300.1,107061.6,6491.627,694365131.919
2025-01-20 15:30:00,107061.6,107069.9,104500.0,105000.0,9795.487,1035095121.4965
2025-01-20 16:00:00,105000.0,105858.4,103723.6,105637.1,10819.602,1134781077.1786
2025-01-20 16:30:00,105637.1,107089.2,105291.1,106703.9,7248.851,770787101.3919
2025-01-20 17:00:00,106703.9,106805.6,101666.0,104185.2,37057.692,3862213739.8906
2025-01-20 17:30:00,104185.2,104798.0,100519.0,102978.4,38358.487,3932752415.834
2025-01-20 18:00:00,102978.4,104177.0,102727.0,103750.3,6485.218,671227914.7002
2025-01-20 18:30:00,103750.3,104500.0,103487.8,103928.8,4354.352,453322688.66
2025-01-20 19:00:00,103928.8,103967.8,103001.1,103235.1,4039.509,417871367.7054
2025-01-20 19:30:00,103235.1,104000.0,102714.5,103693.3,3138.791,324475339.2724
2025-01-20 20:00:00,103693.3,104337.8,103351.3,103960.4,3447.996,357936515.4723
2025-01-20 20:30:00,103960.4,104343.2,103640.2,103649.6,1366.677,142079104.6373
2025-01-20 21:00:00,103649.6,104079.0,103603.1,103714.7,1125.86,116896004.4842
2025-01-20 21:30:00,103714.7,103900.1,102567.5,102599.9,2612.865,269564111.1496
2025-01-20 22:00:00,102599.9,103217.0,101832.9,103093.8,4326.421,443837736.061
2025-01-20 22:30:00,103093.8,103816.0,102930.9,103589.5,2135.506,220836312.9878
2025-01-20 23:00:00,103589.5,103688.5,102230.5,103222.0,3381.388,348106876.1083
2025-01-20 23:30:00,103222.0,103376.3,101700.0,102258.7,5705.22,584528461.1916
2025-01-21 00:00:00,102258.7,102575.9,101700.0,101967.7,3971.835,405698289.58
2025-01-21 00:30:00,101967.7,102678.9,101050.0,101180.9,5094.095,518784839.6555
2025-01-21 01:00:00,101180.9,102219.6,100200.3,100442.1,6862.413,694762622.717
2025-01-21 01:30:00,100442.1,101867.9,100000.0,101485.3,6609.86,667328247.5629
2025-01-21 02:00:00,101485.3,102781.8,101041.1,102415.4,3775.7,385316092.477
2025-01-21 02:30:00,102415.4,102644.2,101794.0,102522.1,1991.083,203683076.6023
2025-01-21 03:00:00,102522.1,103250.0,102285.8,102875.7,2593.779,266582928.3675
2025-01-21 03:30:00,102875.7,103229.8,102735.8,102915.8,1510.452,155592081.1737
2025-01-21 04:00:00,102915.8,102949.9,102344.2,102685.3,2263.273,232263060.6292
2025-01-21 04:30:00,102685.3,102685.3,101871.2,102324.9,2476.386,253088789.8246
2025-01-21 05:00:00,102324.9,102514.3,101815.9,101998.0,1338.957,136627939.4065
2025-01-21 05:30:00,101998.0,102056.1,101329.3,101358.1,2227.506,226189958.7163
2025-01-21 06:00:00,101358.1,101977.4,101073.9,101797.4,2344.627,238355728.4089
2025-01-21 06:30:00,101797.4,102171.7,101336.6,102161.9,2104.362,214129173.3988
2025-01-21 07:00:00,102161.9,102464.0,102009.6,102408.1,1588.111,162440358.2953
2025-01-21 07:30:00,102408.1,102408.1,101729.2,101962.7,1756.443,179330274.2093
2025-01-21 08:00:00,101962.7,102479.7,101707.6,102235.3,1579.397,161358371.5201
2025-01-21 08:30:00,102235.3,102488.0,101979.1,102432.7,1157.543,118357752.8737
2025-01-21 09:00:00,102432.7,102875.0,102039.4,102313.7,2268.519,232557890.2376
2025-01-21 09:30:00,102313.7,102787.4,102264.9,102680.1,955.904,98047725.3548
2025-01-21 10:00:00,102680.1,103250.0,102538.0,103170.0,2751.713,283077058.4968
2025-01-21 10:30:00,103170.0,103386.7,102951.7,103145.9,1736.051,179033810.8148
2025-01-21 11:00:00,103145.9,103835.6,103067.5,103648.3,2274.349,235471194.2338
2025-01-21 11:30:00,103648.3,103978.9,103450.0,103745.9,1753.041,181965021.2937
2025-01-21 12:00:00,103745.9,104777.0,103605.0,104450.4,4357.052,454546396.1925
2025-01-21 12:30:00,104450.4,104685.1,104286.2,104504.7,2120.302,221520632.0473
2025-01-21 13:00:00,104504.7,104983.7,104125.8,104643.7,3367.544,352363958.2935
2025-01-21 13:30:00,104643.7,104833.6,104356.6,104455.7,1596.818,167007034.5457
2025-01-21 14:00:00,104455.7,105293.1,104383.0,105230.0,2528.312,265143659.1448
2025-01-21 14:30:00,105230.0,105340.4,103000.0,103271.2,11110.586,1152739388.8111
2025-01-21 15:00:00,103271.2,103806.5,102777.1,103719.9,5256.726,542665837.2768
2025-01-21 15:30:00,103719.9,104097.5,103333.3,103931.7,3330.307,345387190.4982
2025-01-21 16:00:00,103931.7,106579.7,103800.0,105400.2,12712.612,1341711160.5362
2025-01-21 16:30:00,105400.2,105872.8,104800.0,104965.9,4644.075,488953045.3745
2025-01-21 17:00:00,104965.9,105832.5,104878.2,105670.9,2448.189,258037510.6045
2025-01-21 17:30:00,105670.9,106418.4,105522.0,106169.9,4809.703,509829711.3216
2025-01-21 18:00:00,106169.9,106534.5,105874.4,106386.6,2754.477,292598532.6615
2025-01-21 18:30:00,106386.6,107265.6,106241.0,106848.1,4722.307,504763321.6656
2025-01-21 19:00:00,106848.1,107000.0,106257.0,106877.3,2926.418,311981957.1117
2025-01-21 19:30:00,106877.3,107229.5,106475.1,107008.2,1926.73,205801944.6568
2025-01-21 20:00:00,107008.2,107211.0,106647.5,106991.2,2231.311,238630496.9747
2025-01-21 20:30:00,106991.2,107059.1,105900.0,106100.0,3686.237,391564154.9551
2025-01-21 21:00:00,106100.0,106366.3,105701.7,106202.0,2429.337,257652735.8644
2025-01-21 21:30:00,106202.0,106826.8,106185.8,106768.8,1952.403,207952562.4441
2025-01-21 22:00:00,106768.8,106771.8,106350.4,106441.9,1701.269,181293716.6363
2025-01-21 22:30:00,106441.9,106470.4,105939.5,105972.1,1307.871,138876222.725
2025-01-21 23:00:00,105972.1,106100.0,105330.3,105700.1,4190.335,443013665.4633
2025-01-21 23:30:00,105700.1,106297.9,105697.4,106133.3,1570.861,166508102.126
2025-01-22 00:00:00,106133.3,106332.6,105784.6,105972.6,2441.47,258942782.7331
2025-01-22 00:30:00,105972.6,106046.6,105764.3,105926.2,1174.273,124356276.876
2025-01-22 01:00:00,105926.2,106387.4,105602.0,105660.0,1604.319,169976038.7018
2025-01-22 01:30:00,105660.0,105897.3,105423.6,105785.5,1446.715,152835281.6597
2025-01-22 02:00:00,105785.5,106197.9,105644.8,106007.4,871.206,92270215.1073
2025-01-22 02:30:00,106007.4,106119.3,105554.2,105579.4,688.03,72842640.7772
2025-01-22 03:00:00,105579.4,105908.6,105554.3,105819.6,646.912,68419887.6462
2025-01-22 03:30:00,105819.6,105819.6,105570.5,105588.9,647.781,68459422.1996
2025-01-22 04:00:00,105588.9,105794.3,105550.9,105736.5,428.135,45251380.3485
2025-01-22 04:30:00,105736.5,105808.8,105251.7,105571.8,1025.621,108191217.7783
2025-01-22 05:00:00,105571.8,105857.1,105481.5,105609.2,754.269,79724372.2133
2025-01-22 05:30:00,105609.2,105762.6,105490.1,105687.3,552.038,58308377.4516
2025-01-22 06:00:00,105687.3,106020.0,105355.0,105508.9,1828.354,193337146.4056
2025-01-22 06:30:00,105508.9,105600.0,105163.8,105370.4,1321.061,139179631.5112
2025-01-22 07:00:00,105370.4,105671.4,105303.0,105464.5,802.406,84635486.7082
2025-01-22 07:30:00,105464.5,105464.6,105029.4,105063.5,1369.103,144002102.549
2025-01-22 08:00:00,105063.5,105162.4,104707.6,104819.5,2126.635,223185906.9678
2025-01-22 08:30:00,104819.5,105376.5,104700.0,105264.4,2319.063,243811609.863
2025-01-22 09:00:00,105264.4,105264.4,104898.1,105003.1,1141.161,119864113.7963
2025-01-22 09:30:00,105003.1,105200.0,104931.2,104987.7,862.776,90616404.4348
2025-01-22 10:00:00,104987.7,104995.3,104606.8,104967.5,1499.957,157217649.9731
2025-01-22 10:30:00,104967.5,105148.4,104860.0,105117.6,691.154,72591626.6006
2025-01-22 11:00:00,105117.6,105242.9,104751.3,104789.7,1248.295,131061024.5651
2025-01-22 11:30:00,104789.7,105463.2,104764.3,105112.6,1920.655,202003552.808
2025-01-22 12:00:00,105112.6,105568.0,105055.6,105357.2,1475.867,155493575.3351
2025-01-22 12:30:00,105357.2,105468.8,105251.8,105265.1,772.037,81340412.8187
2025-01-22 13:00:00,105265.1,105355.4,104854.8,104908.4,1531.037,160816251.8338
2025-01-22 13:30:00,104908.4,104953.7,103800.1,104065.7,5456.991,569316447.634
2025-01-22 14:00:00,104065.7,104666.0,103676.0,104635.8,4551.279,473880155.7737
2025-01-22 14:30:00,104635.8,104979.4,103625.7,104391.7,6662.684,694878837.8177
2025-01-22 15:00:00,104391.7,105150.6,104103.2,104360.1,3613.767,378163854.9184
2025-01-22 15:30:00,104360.1,104650.0,103934.3,104152.5,2704.438,281940348.6189
2025-01-22 16:00:00,104152.5,104206.7,103649.0,103970.8,3529.042,366582480.5169
2025-01-22 16:30:00,103970.8,104037.0,103310.0,103688.6,3484.085,361057664.5508
2025-01-22 17:00:00,103688.6,104431.8,103655.1,104242.9,2663.29,277325734.009
2025-01-22 17:30:00,104242.9,104593.5,104113.3,104327.7,1571.484,163996391.8068
2025-01-22 18:00:00,104327.7,104690.3,104050.0,104293.3,1554.553,162307150.0691
2025-01-22 18:30:00,104293.3,104591.9,103730.5,103880.1,1337.401,139327544.0684
2025-01-22 19:00:00,103880.1,104708.0,103833.1,104463.6,1410.18,147190253.0922
2025-01-22 19:30:00,104463.6,104742.0,104268.6,104613.8,1098.608,114873510.1832
2025-01-22 20:00:00,104613.8,104830.0,104275.6,104432.0,1578.969,165057316.854
2025-01-22 20:30:00,104432.0,104585.5,103988.6,104275.3,1736.27,180992888.8581
2025-01-22 21:00:00,104275.3,104342.0,103572.7,103887.5,1761.167,182955026.3691
2025-01-22 21:30:00,103887.5,104120.0,103866.7,104060.9,538.816,56040221.3681
2025-01-22 22:00:00,104060.9,104095.2,103733.7,103968.6,648.463,67375521.261
2025-01-22 22:30:00,103968.6,104487.3,103762.7,103834.1,1627.73,169609949.5613
2025-01-22 23:00:00,103834.1,104105.9,103633.9,103806.2,1265.107,131358027.4846
2025-01-22 23:30:00,103806.2,103956.2,103610.0,103670.4,786.014,81556301.5645
2025-01-23 00:00:00,103670.4,103780.0,103050.0,103347.3,1935.364,200168506.4901
2025-01-23 00:30:00,103347.3,103617.9,103008.8,103268.1,1660.016,171424914.5325
2025-01-23 01:00:00,103268.1,103552.6,103061.2,103511.1,1199.129,123788421.2857
2025-01-23 01:30:00,103511.1,103641.3,102497.8,102910.7,4282.086,440499908.3997
2025-01-23 02:00:00,102910.7,102965.3,102071.4,102359.3,3888.718,398174529.9196
2025-01-23 02:30:00,102359.3,102742.9,102077.7,102616.6,1695.639,173715112.3913
2025-01-23 03:00:00,102616.6,102964.0,102568.1,102925.5,1122.248,115406243.4468
2025-01-23 03:30:00,102925.5,102979.8,102150.0,102411.6,1585.347,162595828.3886
2025-01-23 04:00:00,102411.6,102455.6,101731.0,101786.1,2696.15,275094978.5625
2025-01-23 04:30:00,101786.1,102104.9,101527.8,102011.0,2810.455,286106416.4367
2025-01-23 05:00:00,102011.0,102220.0,101937.9,101983.1,1314.687,134197136.5301
2025-01-23 05:30:00,101983.1,102593.4,101978.2,102490.6,1210.868,123959440.6224
2025-01-23 06:00:00,102490.6,102933.4,102490.6,102817.0,1352.249,138939405.6145
2025-01-23 06:30:00,102817.0,102817.0,102150.4,102228.0,1200.093,122946311.858
2025-01-23 07:00:00,102228.0,102488.8,102047.6,102294.5,1077.724,110208903.7169
2025-01-23 07:30:00,102294.5,102735.8,102105.1,102659.0,940.568,96396183.4222
2025-01-23 08:00:00,102659.0,102669.6,102229.2,102347.2,763.703,78243541.2452
2025-01-23 08:30:00,102347.2,102475.1,102000.2,102173.4,1269.189,129752006.3767
2025-01-23 09:00:00,102173.4,102438.0,102141.5,102270.3,612.138,62623958.7293
2025-01-23 09:30:00,102270.3,102270.3,101587.9,101627.7,2389.192,243324544.0998
2025-01-23 10:00:00,101627.7,102040.7,101550.3,101904.7,1373.422,139780869.2671
2025-01-23 10:30:00,101904.7,101975.0,101205.1,101651.7,3061.192,310604835.5184
2025-01-23 11:00:00,101651.7,102118.0,101648.6,101994.7,1544.449,157363812.7259
2025-01-23 11:30:00,101994.7,102165.8,101803.3,101921.5,1032.875,105316985.3871
2025-01-23 12:00:00,101921.5,102117.3,101372.1,101678.4,2103.963,213956719.8305
2025-01-23 12:30:00,101678.4,101910.8,101424.0,101601.5,1459.698,148347089.5538
2025-01-23 13:00:00,101601.5,101772.8,101277.8,101501.0,1455.301,147789911.3713
2025-01-23 13:30:00,101501.0,102696.6,101490.9,102475.0,3871.682,395659825.5428
2025-01-23 14:00:00,102475.0,102490.3,101959.2,102410.1,1838.035,187940649.9708
2025-01-23 14:30:00,102410.1,106053.4,102332.2,105199.7,24160.126,2527702365.9124
2025-01-23 15:00:00,105199.7,105785.8,102600.0,104189.8,31131.172,3230669044.809
2025-01-23 15:30:00,104189.8,105409.0,104179.6,105235.5,10187.978,1068383569.9502
2025-01-23 16:00:00,105235.5,106875.0,104960.1,105943.4,17396.288,1842651024.2847
2025-01-23 16:30:00,105943.4,106429.9,104902.8,105104.1,8787.751,928066832.4796
2025-01-23 17:00:00,105104.1,105427.8,104143.0,105240.7,6057.378,634422642.0266
2025-01-23 17:30:00,105240.7,106231.9,105174.8,105911.3,4277.123,452338965.7416
2025-01-23 18:00:00,105911.3,106147.2,105150.0,105739.4,2673.386,282307936.4004
2025-01-23 18:30:00,105739.4,105922.6,105061.1,105395.5,2434.206,256786525.1143
2025-01-23 19:00:00,105395.5,105479.9,104374.2,104833.2,3919.284,410860000.9708
2025-01-23 19:30:00,104833.2,104868.3,103350.0,103736.6,5221.546,543383999.7491
2025-01-23 20:00:00,103736.6,106400.0,103100.0,105716.4,34616.576,3638216761.5951
2025-01-23 20:30:00,105716.4,105799.7,102526.1,103235.6,20243.84,2111671602.8143
2025-01-23 21:00:00,103235.6,103363.5,102147.3,102660.0,6643.46,683048131.8835
2025-01-23 21:30:00,102660.0,103200.0,102240.1,103006.9,3567.941,366776679.3502
2025-01-23 22:00:00,103006.9,104100.0,102913.4,104092.2,4233.12,438731142.001
2025-01-23 22:30:00,104092.2,104686.7,103641.0,103937.8,2883.152,300304859.2399
2025-01-23 23:00:00,103937.8,104481.0,103713.8,104257.4,1577.15,164332523.4785
2025-01-23 23:30:00,104257.4,104298.4,103818.0,103862.4,913.842,95079849.1186
2025-01-24 00:00:00,103862.4,104114.3,103475.0,103617.0,1548.448,160694663.3929
2025-01-24 00:30:00,103617.0,103733.0,103374.3,103413.0,790.247,81828530.6328
2025-01-24 01:00:00,103413.0,103873.0,103373.0,103577.1,1212.659,125622223.7815
2025-01-24 01:30:00,103577.1,103619.0,103017.7,103183.3,1161.281,119917068.7232
2025-01-24 02:00:00,103183.3,103437.2,102950.0,103326.8,869.959,89787131.73
2025-01-24 02:30:00,103326.8,103492.8,102910.0,102973.6,861.309,88850846.7537
2025-01-24 03:00:00,102973.6,103767.0,102691.8,103415.8,2109.901,217857853.2274
2025-01-24 03:30:00,103415.8,104240.0,103371.7,103831.5,2435.43,253060288.2933
2025-01-24 04:00:00,103831.5,104093.6,103747.6,103942.2,1084.798,112745603.6198
2025-01-24 04:30:00,103942.2,104900.0,103854.0,104577.8,2099.884,219311197.8484
2025-01-24 05:00:00,104577.8,105039.3,104474.7,104834.4,1765.584,185030481.1154
2025-01-24 05:30:00,104834.4,105258.7,104771.2,105178.3,1074.426,112808780.6113
2025-01-24 06:00:00,105178.3,105316.0,104744.0,104877.7,1268.565,133160993.9752
2025-01-24 06:30:00,104877.7,104957.5,104582.0,104948.9,804.026,84246036.2379
2025-01-24 07:00:00,104948.9,105150.0,104630.0,104701.4,1004.202,105319591.513
2025-01-24 07:30:00,104701.4,105047.3,104636.8,105008.8,1010.048,105919033.1862
2025-01-24 08:00:00,105008.8,105538.9,104891.5,105507.4,1391.0,146323167.8137
2025-01-24 08:30:00,105507.4,105620.6,105226.8,105473.3,1292.219,136214972.551
2025-01-24 09:00:00,105473.3,105733.4,105353.4,105584.6,1232.32,130070244.3469
2025-01-24 09:30:00,105584.6,105599.8,104978.1,105112.4,1876.951,197510136.9178
2025-01-24 10:00:00,105112.4,105292.8,105003.5,105235.4,754.281,79310395.9069
2025-01-24 10:30:00,105235.4,105406.2,105083.4,105382.2,1187.275,124981791.7183
2025-01-24 11:00:00,105382.2,105499.3,105300.1,105348.1,720.266,75908067.6044
2025-01-24 11:30:00,105348.1,105431.9,105192.4,105384.1,650.253,68464355.8406
2025-01-24 12:00:00,105384.1,105572.1,105140.0,105289.5,1125.351,118540489.6493
2025-01-24 12:30:00,105289.5,105506.8,105270.2,105505.0,524.528,55284950.6568
2025-01-24 13:00:00,105505.0,105775.7,104859.0,105239.9,2211.632,232779957.6522
2025-01-24 13:30:00,105239.9,105250.0,104934.9,105077.8,1080.168,113531936.0846
2025-01-24 14:00:00,105077.8,105284.6,104800.0,105229.3,1154.609,121286748.7992
2025-01-24 14:30:00,105229.3,106319.3,104622.3,105728.7,7309.55,772315893.6392
2025-01-24 15:00:00,105728.7,105977.0,105215.2,105632.5,3077.384,325104462.9045
2025-01-24 15:30:00,105632.5,105949.0,105375.0,105827.8,1958.226,207032522.6415
2025-01-24 16:00:00,105827.8,106118.3,105674.8,105961.7,2919.889,309392306.1368
2025-01-24 16:30:00,105961.7,106176.3,105532.2,105611.9,1866.063,197678266.8866
2025-01-24 17:00:00,105611.9,106483.3,105569.9,106448.8,2718.647,288360599.9123
2025-01-24 17:30:00,106448.8,106681.7,106184.9,106432.4,2221.146,236400477.0793
2025-01-24 18:00:00,106432.4,107118.6,106392.7,106889.9,4714.784,503639017.3742
2025-01-24 18:30:00,106889.9,106968.4,106048.0,106304.3,2650.854,282334679.0356
2025-01-24 19:00:00,106304.3,106596.0,105762.7,106343.1,1990.818,211369597.2987
2025-01-24 19:30:00,106343.1,106407.2,105642.9,105734.3,1978.173,209386418.7032
2025-01-24 20:00:00,105734.3,105755.3,105077.6,105170.3,2357.629,248519404.7948
2025-01-24 20:30:00,105170.3,105366.9,104681.1,104814.5,3182.411,334205797.3349
2025-01-24 21:00:00,104814.5,105327.3,104814.5,105233.4,1548.71,162768125.9519
2025-01-24 21:30:00,105233.4,105355.0,104993.2,105069.0,930.894,97873838.1853
2025-01-24 22:00:00,105069.0,105420.1,104888.0,104927.1,1299.409,136667532.3569
2025-01-24 22:30:00,104927.1,105182.7,104641.3,104720.7,932.614,97836473.8959
2025-01-24 23:00:00,104720.7,104877.5,104386.7,104527.9,2435.906,254691264.1437
2025-01-24 23:30:00,104527.9,104813.2,104398.7,104800.1,627.683,65704418.3956
2025-01-25 00:00:00,104800.1,104802.8,104466.1,104573.8,823.27,86146485.8562
2025-01-25 00:30:00,104573.8,104705.4,104308.6,104372.4,865.118,90397281.0519
2025-01-25 01:00:00,104372.4,104710.0,104340.0,104666.2,661.497,69153578.7441
2025-01-25 01:30:00,104666.2,104771.7,104621.6,104677.3,473.717,49600424.0039
2025-01-25 02:00:00,104677.3,104797.0,104487.8,104622.9,508.311,53179992.6797
2025-01-25 02:30:00,104622.9,104685.3,104416.4,104514.3,412.73,43148226.2059
2025-01-25 03:00:00,104514.3,104729.5,104411.4,104657.0,399.16,41734665.0278
2025-01-25 03:30:00,104657.0,105227.3,104657.0,105146.5,1548.622,162560635.0294
2025-01-25 04:00:00,105146.5,105165.5,104800.2,104868.1,318.312,33413535.3959
2025-01-25 04:30:00,104868.1,104868.1,104564.6,104614.6,433.786,45418987.0291
2025-01-25 05:00:00,104614.6,104657.0,104325.1,104586.4,808.587,84478360.4715
2025-01-25 05:30:00,104586.4,104630.1,104205.8,104326.4,766.805,80060279.234
2025-01-25 06:00:00,104326.4,104437.8,104175.0,104322.7,775.788,80902051.5967
2025-01-25 06:30:00,104322.7,104342.0,104190.0,104267.0,523.268,54555149.2974
2025-01-25 07:00:00,104267.0,104477.0,104230.0,104404.9,395.16,41245620.9839
2025-01-25 07:30:00,104404.9,104452.1,104328.0,104349.9,302.681,31592520.2049
2025-01-25 08:00:00,104349.9,104450.0,104244.0,104290.5,346.817,36189617.6331
2025-01-25 08:30:00,104290.5,104318.6,104051.5,104300.0,713.445,74334875.9853
2025-01-25 09:00:00,104300.0,104385.1,104225.0,104257.6,384.16,40072608.1838
2025-01-25 09:30:00,104257.6,104400.0,104228.4,104308.7,318.147,33191519.7955
2025-01-25 10:00:00,104308.7,104401.6,104036.9,104224.1,871.001,90772511.9022
2025-01-25 10:30:00,104224.1,104640.0,104211.6,104479.9,742.306,77565511.6784
2025-01-25 11:00:00,104479.9,104571.8,104337.3,104386.9,505.88,52846522.8856
2025-01-25 11:30:00,104386.9,104631.0,104368.0,104619.1,435.441,45520387.4597
2025-01-25 12:00:00,104619.1,104622.0,104405.7,104407.1,394.831,41259967.3466
2025-01-25 12:30:00,104407.1,104741.1,104407.1,104688.7,550.914,57640158.1601
2025-01-25 13:00:00,104688.7,104800.0,104614.6,104685.0,738.696,77366233.3001
2025-01-25 13:30:00,104685.0,104758.3,104576.6,104662.4,414.649,43401294.4034
2025-01-25 14:00:00,104662.4,104681.2,104472.4,104558.8,401.553,41986923.3296
2025-01-25 14:30:00,104558.8,104605.1,104422.3,104538.9,334.205,34925971.1019
2025-01-25 15:00:00,104538.9,105072.0,104538.9,104880.1,1552.084,162751026.6726
2025-01-25 15:30:00,104880.1,104993.4,104700.5,104846.5,640.029,67092246.4703
2025-01-25 16:00:00,104846.5,104962.8,104675.0,104741.0,458.64,48077241.4107
2025-01-25 16:30:00,104741.0,104768.7,104530.1,104620.0,739.131,77333930.8218
2025-01-25 17:00:00,104620.0,104790.0,104380.2,104722.0,885.087,92562435.7148
2025-01-25 17:30:00,104722.0,104894.7,104505.0,104848.9,762.038,79770471.3402
2025-01-25 18:00:00,104848.9,105058.3,104790.0,105001.9,867.365,91025891.3524
2025-01-25 18:30:00,105001.9,105276.1,104873.7,104949.2,1069.013,112332271.3605
2025-01-25 19:00:00,104949.2,105138.0,104930.8,104950.7,657.908,69118481.6452
2025-01-25 19:30:00,104950.7,105026.8,104857.2,104997.8,365.131,38313091.7119
2025-01-25 20:00:00,104997.8,105151.4,104987.0,105039.4,305.977,32147837.4043
2025-01-25 20:30:00,105039.4,105145.0,104919.0,104920.6,353.896,37172613.2315
2025-01-25 21:00:00,104920.6,104963.3,104809.4,104933.0,365.358,38325752.1228
2025-01-25 21:30:00,104933.0,105079.0,104831.0,105065.6,417.205,43787966.9238
2025-01-25 22:00:00,105065.6,105237.4,104981.3,104981.3,543.045,57086597.0018
2025-01-25 22:30:00,104981.3,105142.6,104973.1,105044.5,138.804,14580597.6731
2025-01-25 23:00:00,105044.5,105100.0,104809.1,104949.0,476.315,49983339.067
2025-01-25 23:30:00,104949.0,104949.0,104638.9,104709.4,770.93,80781665.9723
2025-01-26 00:00:00,104709.4,104825.0,104611.4,104639.2,551.214,57734563.2163
2025-01-26 00:30:00,104639.2,104718.8,104466.9,104580.7,420.19,43948419.9572
2025-01-26 01:00:00,104580.7,104681.7,104495.8,104667.7,274.839,28745642.069
2025-01-26 01:30:00,104667.7,104746.8,104521.0,104586.4,210.285,22002640.0199
2025-01-26 02:00:00,104586.4,104674.6,104491.0,104674.6,209.196,21873616.2501
2025-01-26 02:30:00,104674.6,104693.6,104535.1,104666.0,155.621,16280412.7167
2025-01-26 03:00:00,104666.0,104813.9,104665.9,104750.6,376.709,39460383.7498
2025-01-26 03:30:00,104750.6,105217.5,104737.4,105024.5,1203.373,126404054.3481
2025-01-26 04:00:00,105024.5,105591.5,104936.5,105328.6,957.371,100801096.0409
2025-01-26 04:30:00,105328.6,105362.2,105050.4,105142.8,804.518,84618539.2602
2025-01-26 05:00:00,105142.8,105175.6,105024.8,105028.7,202.047,21230948.3081
2025-01-26 05:30:00,105028.7,105162.0,104985.0,105065.8,310.523,32626229.4034
2025-01-26 06:00:00,105065.8,105082.7,104989.4,105032.0,121.85,12799500.8045
2025-01-26 06:30:00,105032.0,105055.5,104930.1,104969.4,174.777,18347731.6204
2025-01-26 07:00:00,104969.4,105066.7,104903.9,104966.8,226.628,23791106.0866
2025-01-26 07:30:00,104966.8,105021.0,104919.8,104966.0,159.059,16696653.5572
2025-01-26 08:00:00,104966.0,105200.0,104850.2,104950.8,442.331,46452548.9765
2025-01-26 08:30:00,104950.8,105132.2,104830.0,104994.5,528.882,55524220.5066
2025-01-26 09:00:00,104994.5,104994.5,104773.2,104818.6,425.522,44627012.4888
2025-01-26 09:30:00,104818.6,104826.8,104400.0,104597.6,2096.012,219176196.8947
2025-01-26 10:00:00,104597.6,104672.3,104471.9,104597.5,457.947,47891150.6458
2025-01-26 10:30:00,104597.5,104685.8,104424.1,104670.2,516.098,53950398.7695
2025-01-26 11:00:00,104670.2,104818.6,104630.5,104661.7,569.472,59648775.6236
2025-01-26 11:30:00,104661.7,104799.2,104620.1,104773.6,243.982,25549983.7769
2025-01-26 12:00:00,104773.6,104773.6,104654.6,104724.4,235.207,24629444.5878
2025-01-26 12:30:00,104724.4,104864.9,104670.2,104864.9,289.223,30298926.2055
2025-01-26 13:00:00,104864.9,105000.0,104798.9,104894.9,832.441,87328983.5339
2025-01-26 13:30:00,104894.9,105028.0,104794.8,104924.5,426.05,44688565.1211
2025-01-26 14:00:00,104924.5,104924.5,104770.0,104809.8,201.55,21127159.2377
2025-01-26 14:30:00,104809.8,104975.3,104808.1,104910.2,313.407,32884310.5588
2025-01-26 15:00:00,104910.2,105053.7,104850.0,104983.5,378.699,39752991.6642
2025-01-26 15:30:00,104983.5,105021.0,104924.4,104934.4,334.174,35083391.7688
2025-01-26 16:00:00,104934.4,104989.0,104861.5,104919.9,257.886,27055883.3297
2025-01-26 16:30:00,104919.9,105000.0,104894.3,104895.4,275.188,28881797.5358
2025-01-26 17:00:00,104895.4,104989.0,104880.1,104902.9,212.201,22266067.1566
2025-01-26 17:30:00,104902.9,105017.2,104902.9,104911.0,191.082,20058715.1076
2025-01-26 18:00:00,104911.0,105241.7,104872.6,105169.8,978.659,102859037.1803
2025-01-26 18:30:00,105169.8,105243.6,105059.4,105157.0,317.044,33340054.7325
2025-01-26 19:00:00,105157.0,105225.7,105022.1,105049.2,265.885,27944864.8495
2025-01-26 19:30:00,105049.2,105150.3,105009.6,105056.7,236.642,24866594.395
2025-01-26 20:00:00,105056.7,105188.4,104913.9,105142.4,396.241,41616694.4137
2025-01-26 20:30:00,105142.4,105159.1,104902.0,104935.9,235.062,24682924.9398
2025-01-26 21:00:00,104935.9,104976.6,104680.1,104870.4,1048.195,109855043.9891
2025-01-26 21:30:00,104870.4,104891.9,104511.1,104527.0,899.479,94127223.4579
2025-01-26 22:00:00,104527.0,104643.2,104300.0,104489.0,1370.217,143108912.4085
2025-01-26 22:30:00,104489.0,104697.0,104263.5,104283.6,1080.959,112959702.5762
2025-01-26 23:00:00,104283.6,104283.7,102612.5,103080.0,7609.57,785767282.8057
2025-01-26 23:30:00,103080.0,103080.1,102457.1,102553.7,3407.115,350035379.0273
2025-01-27 00:00:00,102553.7,103217.8,102263.1,102800.0,3243.634,333376966.3736
2025-01-27 00:30:00,102800.0,102867.1,101536.9,101680.4,5073.006,517813873.4778
2025-01-27 01:00:00,101680.4,102027.8,101087.4,101611.1,4813.382,488877168.12
2025-01-27 01:30:00,101611.1,101920.0,101232.7,101235.3,2004.598,203610399.056
2025-01-27 02:00:00,101235.3,101636.1,100775.0,101275.7,3713.703,375736028.8502
2025-01-27 02:30:00,101275.7,101300.0,100803.1,100942.0,2171.741,219401281.3835
2025-01-27 03:00:00,100942.0,101799.4,100667.7,101764.1,2932.292,296885681.0209
2025-01-27 03:30:00,101764.1,101764.1,101240.0,101345.0,967.8,98165051.092
2025-01-27 04:00:00,101345.0,101347.1,100524.8,100869.6,2761.545,278676034.8359
2025-01-27 04:30:00,100869.6,100954.3,100213.7,100360.5,2911.638,292591744.8003
2025-01-27 05:00:00,100360.5,100677.0,100230.7,100413.8,1403.273,140985968.8743
2025-01-27 05:30:00,100413.8,100480.0,99670.1,100319.3,4174.325,417573114.3061
2025-01-27 06:00:00,100319.3,100448.3,99704.0,99941.5,2445.168,244752407.0065
2025-01-27 06:30:00,99941.5,99941.5,98630.0,98898.1,7409.117,734716221.7529
2025-01-27 07:00:00,98898.1,99191.4,97694.2,97735.9,6793.419,668621438.9114
2025-01-27 07:30:00,97735.9,99355.8,97719.9,98986.3,6590.843,650081235.917
2025-01-27 08:00:00,98986.3,99309.6,98630.3,99080.7,2661.557,263480367.4038
2025-01-27 08:30:00,99080.7,99083.2,98634.4,98979.9,1973.396,195074253.2988
2025-01-27 09:00:00,98979.9,99478.6,98750.0,98756.6,2454.884,243407751.8451
2025-01-27 09:30:00,98756.6,99379.5,98741.5,99366.9,1407.147,139491384.7955
2025-01-27 10:00:00,99366.9,99416.6,98887.1,99055.9,1142.314,113285954.3638
2025-01-27 10:30:00,99055.9,99108.3,98208.0,98343.0,3906.973,385323786.9571
2025-01-27 11:00:00,98343.0,99103.3,98280.2,99015.6,2411.651,238185554.0248
2025-01-27 11:30:00,99015.6,99335.6,98700.0,98700.0,1545.997,153048365.517
2025-01-27 12:00:00,98700.0,99222.0,98655.6,99064.5,2036.208,201570063.2703
2025-01-27 12:30:00,99064.5,100845.4,98970.3,100565.0,6245.194,624566605.5962
2025-01-27 13:00:00,100565.0,101605.0,100257.9,100831.7,7931.395,801444314.5774
2025-01-27 13:30:00,100831.7,101177.1,99951.6,100445.4,3976.227,399857553.4096
2025-01-27 14:00:00,100445.4,100785.0,100011.4,100715.0,2512.653,252321966.7337
2025-01-27 14:30:00,100715.0,102270.4,100347.6,101857.3,8997.265,912666742.3364
2025-01-27 15:00:00,101857.3,102068.1,100791.1,101598.2,5829.198,591724484.8586
2025-01-27 15:30:00,101598.2,101787.9,101037.6,101055.2,2449.085,248444192.2255
2025-01-27 16:00:00,101055.2,101195.5,100508.9,100770.1,2608.263,263104048.3243
2025-01-27 16:30:00,100770.1,100770.1,99519.1,99694.7,6361.898,635475092.227
2025-01-27 17:00:00,99694.7,100010.4,98980.0,99523.1,4419.329,439445615.308
2025-01-27 17:30:00,99523.1,99922.0,99088.8,99100.8,3415.268,340147195.9687
2025-01-27 18:00:00,99100.8,99713.4,99006.0,99119.9,2190.992,217678972.052
2025-01-27 18:30:00,99119.9,99492.0,98793.3,99140.4,2407.728,238652004.7635
2025-01-27 19:00:00,99140.4,99739.5,99118.1,99640.1,2733.868,271785909.949
2025-01-27 19:30:00,99640.1,99910.7,99348.4,99649.9,1371.413,136634352.8156
2025-01-27 20:00:00,99649.9,100381.0,99549.6,100300.0,2089.017,208792955.1087
2025-01-27 20:30:00,100300.0,101719.7,100300.0,101336.1,4254.71,429812821.594
2025-01-27 21:00:00,101336.1,102376.8,101271.0,101620.0,4842.821,493801177.2202
2025-01-27 21:30:00,101620.0,101676.7,100885.8,101298.0,2229.253,225821589.1078
2025-01-27 22:00:00,101298.0,101632.8,101217.9,101418.8,975.133,98961453.9994
2025-01-27 22:30:00,101418.8,101893.3,101381.8,101581.7,1002.397,101910215.8806
2025-01-27 23:00:00,101581.7,102066.6,101581.7,101689.1,1371.203,139670232.5073
2025-01-27 23:30:00,101689.1,102135.9,101673.6,102024.2,901.138,91790926.9002
2025-01-28 00:00:00,102024.2,102910.4,102010.2,102125.0,2990.633,306503492.0437
2025-01-28 00:30:00,102125.0,102296.0,101731.8,101815.2,1552.039,158319702.934
2025-01-28 01:00:00,101815.2,101955.9,101400.0,101428.3,1314.825,133690675.9824
2025-01-28 01:30:00,101428.3,101786.6,101335.0,101335.0,997.987,101352237.0682
2025-01-28 02:00:00,101335.0,102051.9,101280.0,101924.8,1085.788,110370973.362
2025-01-28 02:30:00,101924.8,102397.7,101789.2,102350.3,1159.863,118473498.7213
2025-01-28 03:00:00,102350.3,102446.7,101975.0,102290.2,992.8,101496347.2405
2025-01-28 03:30:00,102290.2,102840.0,102238.2,102594.9,1614.344,165594498.7445
2025-01-28 04:00:00,102594.9,102967.0,102544.9,102966.9,1098.776,112919215.2491
2025-01-28 04:30:00,102966.9,103329.9,102866.0,102867.2,2553.148,263226249.4525
2025-01-28 05:00:00,102867.2,103130.0,102774.7,102998.6,704.336,72517827.6948
2025-01-28 05:30:00,102998.6,103300.0,102872.4,102966.0,1009.989,104146438.4421
2025-01-28 06:00:00,102966.0,103160.8,102733.9,102808.9,904.425,93073707.7754
2025-01-28 06:30:00,102808.9,102873.1,102558.5,102698.2,1187.829,122006016.541
2025-01-28 07:00:00,102698.2,103280.0,102458.4,103204.5,1581.931,162794744.1373
2025-01-28 07:30:00,103204.5,103264.8,102571.8,102745.3,1561.504,160587014.3605
2025-01-28 08:00:00,102745.3,102974.8,102542.4,102788.3,1154.538,118674173.8838
2025-01-28 08:30:00,102788.3,102836.4,102586.2,102790.8,702.15,72121310.7576
2025-01-28 09:00:00,102790.8,102900.0,102322.7,102417.1,1630.186,167232194.3692
2025-01-28 09:30:00,102417.1,102920.9,102389.9,102910.8,1173.218,120431030.4933
2025-01-28 10:00:00,102910.8,103178.1,102760.0,102891.1,1200.418,123616015.0361
2025-01-28 10:30:00,102891.1,102948.1,102537.1,102691.5,1046.203,107481521.3333
2025-01-28 11:00:00,102691.5,102888.0,102592.0,102632.1,570.251,58591025.4527
2025-01-28 11:30:00,102632.1,102816.2,102507.6,102703.8,769.824,79018683.1665
2025-01-28 12:00:00,102703.8,102940.0,102550.1,102630.1,909.32,93440663.4083
2025-01-28 12:30:00,102630.1,102683.4,102417.7,102549.7,1060.011,108698298.5516
2025-01-28 13:00:00,102549.7,102893.7,102510.0,102765.3,592.616,60891334.9479
2025-01-28 13:30:00,102765.3,102765.3,102407.2,102549.3,1040.746,106750241.3786
2025-01-28 14:00:00,102549.3,102571.6,101767.0,102524.4,4659.46,475935758.9976
2025-01-28 14:30:00,102524.4,102859.8,102003.5,102590.3,5953.637,609872650.0451
2025-01-28 15:00:00,102590.3,103275.0,102563.9,103176.0,5036.001,518587545.8737
2025-01-28 15:30:00,103176.0,103800.0,102404.3,102718.8,7130.482,735648407.525
2025-01-28 16:00:00,102718.8,102863.0,101865.2,101981.2,3782.499,386955460.9935
2025-01-28 16:30:00,101981.2,102535.2,101925.0,102200.0,2244.76,229468602.4599
2025-01-28 17:00:00,102200.0,103050.0,102151.9,102806.9,3248.357,333751416.2943
2025-01-28 17:30:00,102806.9,102888.0,102300.0,102513.6,1369.824,140438009.6575
2025-01-28 18:00:00,102513.6,103077.6,102317.2,102793.5,2384.638,245077033.7766
2025-01-28 18:30:00,102793.5,102896.1,102100.0,102143.6,1600.773,163891436.2121
2025-01-28 19:00:00,102143.6,102341.5,101739.8,102179.0,3088.152,314965020.0266
2025-01-28 19:30:00,102179.0,102615.0,101984.0,102375.4,1255.139,128482074.203
2025-01-28 20:00:00,102375.4,102490.0,101900.0,101912.8,1119.063,114323241.4063
2025-01-28 20:30:00,101912.8,102100.0,101161.6,101216.3,2901.556,294769804.3197
2025-01-28 21:00:00,101216.3,101490.8,101045.0,101413.8,1804.766,182790586.6453
2025-01-28 21:30:00,101413.8,101439.2,100207.0,100268.1,4053.398,408247723.7995
2025-01-28 22:00:00,100268.1,101080.0,100205.7,100678.3,2788.958,280581618.0657
2025-01-28 22:30:00,100678.3,101342.8,100501.2,101218.7,1385.444,139933801.4209
2025-01-28 23:00:00,101218.7,101375.6,100850.0,100906.2,1424.008,144022678.9845
2025-01-28 23:30:00,100906.2,101396.4,100675.6,101278.0,1073.015,108418770.3588
2025-01-29 00:00:00,101278.0,101628.3,101265.3,101417.5,1243.23,126081103.5189
2025-01-29 00:30:00,101417.5,101769.9,101320.0,101642.2,1052.207,106909684.5174
2025-01-29 01:00:00,101642.2,101938.4,101564.8,101607.0,842.353,85720260.9034
2025-01-29 01:30:00,101607.0,101882.1,101400.0,101781.0,856.555,87075449.8397
2025-01-29 02:00:00,101781.0,102266.0,101750.0,101807.8,1597.82,162990746.8828
2025-01-29 02:30:00,101807.8,101925.0,101650.0,101740.1,435.218,44280962.6973
2025-01-29 03:00:00,101740.1,102034.0,101719.6,101953.5,785.46,80035184.8322
2025-01-29 03:30:00,101953.5,102106.3,101825.5,101970.4,894.72,91249679.7718
2025-01-29 04:00:00,101970.4,102103.3,101899.9,102087.5,533.955,54472315.6841
2025-01-29 04:30:00,102087.5,102139.0,101931.0,101953.4,353.299,36044634.9691
2025-01-29 05:00:00,101953.4,102338.2,101927.3,102129.7,864.825,88371271.2981
2025-01-29 05:30:00,102129.7,102247.8,102075.3,102214.7,287.987,29423495.3056
2025-01-29 06:00:00,102214.7,102550.0,102183.5,102476.9,1102.963,112921561.434
2025-01-29 06:30:00,102476.9,102847.4,102476.9,102762.4,1616.179,165926025.5239
2025-01-29 07:00:00,102762.4,102768.4,102403.1,102493.4,953.874,97790388.6013
2025-01-29 07:30:00,102493.4,102703.4,102437.5,102700.1,978.404,100359135.4759
2025-01-29 08:00:00,102700.1,102974.0,102629.1,102836.9,1343.383,138113724.2637
2025-01-29 08:30:00,102836.9,102928.9,102660.0,102699.8,889.556,91402303.0011
2025-01-29 09:00:00,102699.8,102748.2,102307.5,102325.7,1523.336,156176737.9138
2025-01-29 09:30:00,102325.7,102506.3,102259.2,102290.0,550.194,56329106.7232
2025-01-29 10:00:00,102290.0,102670.4,102150.0,102507.1,1244.505,127445093.7829
2025-01-29 10:30:00,102507.1,102694.3,102423.1,102499.7,528.537,54205307.5421
2025-01-29 11:00:00,102499.7,102569.7,102365.1,102563.1,515.253,52786030.1632
2025-01-29 11:30:00,102563.1,102763.9,102478.8,102591.5,864.334,88701427.8766
2025-01-29 12:00:00,102591.5,102781.2,102340.5,102382.7,827.327,84867990.4052
2025-01-29 12:30:00,102382.7,102479.0,102168.8,102202.4,1138.738,116491789.8667
2025-01-29 13:00:00,102202.4,102306.8,101800.0,101859.9,2563.455,261432499.1614
2025-01-29 13:30:00,101859.9,102084.0,101651.0,101801.1,2232.873,227403435.1318
2025-01-29 14:00:00,101801.1,102140.0,101710.1,102115.1,1156.906,117962541.7062
2025-01-29 14:30:00,102115.1,102340.0,101516.2,101995.8,4021.759,409972090.2617
2025-01-29 15:00:00,101995.8,102504.1,101816.5,101934.7,2796.886,285763457.2969
2025-01-29 15:30:00,101934.7,102075.0,101736.1,101919.3,1060.349,108061619.3112
2025-01-29 16:00:00,101919.3,102070.0,101618.7,101831.8,1112.271,113266483.3457
2025-01-29 16:30:00,101831.8,102108.9,101770.0,102043.5,1177.606,120084526.0816
2025-01-29 17:00:00,102043.5,102399.0,101956.5,102362.0,1370.162,140092322.9964
2025-01-29 17:30:00,102362.0,102737.0,102318.9,102367.6,1568.191,160798935.056
2025-01-29 18:00:00,102367.6,102561.4,101950.0,102545.0,1644.132,168079941.2611
2025-01-29 18:30:00,102545.0,102973.3,102544.9,102803.8,1949.59,200413165.0073
2025-01-29 19:00:00,102803.8,102860.4,101335.9,101480.9,8176.757,833741607.8969
2025-01-29 19:30:00,101480.9,103985.2,101401.6,103536.1,14672.518,1513649828.5141
2025-01-29 20:00:00,103536.1,104687.4,102800.0,104324.9,7550.778,782871336.139
2025-01-29 20:30:00,104324.9,104777.0,103901.0,104158.1,4017.3,419002029.567
2025-01-29 21:00:00,104158.1,104348.1,103678.3,104080.9,3154.709,328132005.9446
2025-01-29 21:30:00,104080.9,104366.6,103666.6,103679.0,1526.676,158758896.2686
2025-01-29 22:00:00,103679.0,103801.4,103333.4,103737.2,1908.118,197574542.7781
2025-01-29 22:30:00,103737.2,104000.0,103375.6,103444.1,1138.517,118076073.2195
2025-01-29 23:00:00,103444.1,104329.5,103409.0,104166.6,1830.425,190319023.572
2025-01-29 23:30:00,104166.6,104172.5,103588.5,103700.0,844.961,87721975.1417
2025-01-30 00:00:00,103700.0,103778.8,103433.7,103498.7,1183.546,122602520.5084
2025-01-30 00:30:00,103498.7,104113.2,103235.0,103986.9,2310.772,239515388.8944
2025-01-30 01:00:00,103986.9,104470.0,103892.4,104324.5,1372.045,142957248.6476
2025-01-30 01:30:00,104324.5,104543.3,104100.0,104237.0,1321.818,137876435.1152
2025-01-30 02:00:00,104237.0,104328.6,103903.5,104328.5,1056.516,109962979.4393
2025-01-30 02:30:00,104328.5,104661.0,104261.2,104646.2,2188.312,228589701.5866
2025-01-30 03:00:00,104646.2,104728.8,104462.3,104651.8,1073.473,112310722.9324
2025-01-30 03:30:00,104651.8,105293.9,104650.0,105166.3,3748.14,393496132.5313
2025-01-30 04:00:00,105166.3,105264.1,104861.1,105042.6,1418.362,148964573.359
2025-01-30 04:30:00,105042.6,105582.2,104824.4,105451.2,1528.68,160893199.37
2025-01-30 05:00:00,105451.2,105502.1,105202.9,105285.9,1303.0,137270033.7877
2025-01-30 05:30:00,105285.9,105357.4,105001.0,105357.4,745.573,78415331.0199
2025-01-30 06:00:00,105357.4,105540.0,105171.7,105177.7,1077.905,113608286.7548
2025-01-30 06:30:00,105177.7,105274.4,105130.0,105159.7,627.189,65968262.5357
2025-01-30 07:00:00,105159.7,105329.7,104818.0,104976.2,1036.599,108837399.3532
2025-01-30 07:30:00,104976.2,105132.2,104777.0,105100.0,1030.585,108105394.8798
2025-01-30 08:00:00,105100.0,105309.0,104901.0,105137.5,1021.18,107382810.4713
2025-01-30 08:30:00,105137.5,105265.2,104984.9,105026.5,788.394,82889994.1327
2025-01-30 09:00:00,105026.5,105281.1,104990.7,105276.7,492.801,51812521.1806
2025-01-30 09:30:00,105276.7,105534.0,105262.3,105397.0,1210.811,127643459.6351
2025-01-30 10:00:00,105397.0,105397.1,105076.6,105228.4,931.59,98008937.8651
2025-01-30 10:30:00,105228.4,105356.1,105148.9,105314.9,375.615,39536224.9296
2025-01-30 11:00:00,105314.9,105315.0,105045.0,105100.0,546.722,57487705.4231
2025-01-30 11:30:00,105100.0,105383.3,105081.5,105281.5,917.518,96597773.8639
2025-01-30 12:00:00,105281.5,105295.2,104970.7,105029.4,867.397,91147260.1125
2025-01-30 12:30:00,105029.4,105094.9,104840.0,104986.4,1050.664,110281468.1267
2025-01-30 13:00:00,104986.4,105328.7,104907.7,105241.0,1350.092,141967634.1676
2025-01-30 13:30:00,105241.0,105310.4,104803.5,104840.9,1584.278,166397643.6138
2025-01-30 14:00:00,104840.9,105000.0,104628.0,104870.3,2104.368,220525134.3521
2025-01-30 14:30:00,104870.3,106221.5,104721.7,105883.0,6717.109,709503349.7209
2025-01-30 15:00:00,105883.0,106421.1,105342.9,105454.9,6063.481,642277447.1008
2025-01-30 15:30:00,105454.9,106122.0,105393.4,105516.5,2624.27,277480569.5841
2025-01-30 16:00:00,105516.5,105959.7,105410.9,105895.9,1925.81,203578276.686
2025-01-30 16:30:00,105895.9,105970.0,105570.0,105653.7,848.596,89732994.7996
2025-01-30 17:00:00,105653.7,105654.1,105060.2,105090.8,1885.345,198564376.7623
2025-01-30 17:30:00,105090.8,105288.9,104851.2,105242.9,2285.909,240155275.0616
2025-01-30 18:00:00,105242.9,105285.2,104711.0,104861.2,1614.59,169596735.8824
2025-01-30 18:30:00,104861.2,105530.0,104831.9,105529.9,1740.181,183287175.2286
2025-01-30 19:00:00,105529.9,105588.0,105183.5,105369.5,986.141,103950928.2443
2025-01-30 19:30:00,105369.5,105742.0,105207.4,105676.0,829.875,87544484.8475
2025-01-30 20:00:00,105676.0,105789.0,105579.0,105592.7,939.638,99302451.8688
2025-01-30 20:30:00,105592.7,105617.6,104769.7,104850.2,2942.165,309325447.5905
2025-01-30 21:00:00,104850.2,105141.8,104733.3,104950.3,1109.834,116463187.7004
2025-01-30 21:30:00,104950.3,105157.5,104863.4,104984.6,487.279,51180185.9293
2025-01-30 22:00:00,104984.6,105086.9,104918.4,105034.4,221.72,23283712.2007
2025-01-30 22:30:00,105034.4,105294.1,105025.2,105040.5,454.01,47736819.0831
2025-01-30 23:00:00,105040.5,105205.0,104996.1,105149.6,453.472,47661034.7341
2025-01-30 23:30:00,105149.6,105150.0,104633.0,104684.6,852.65,89375151.4439
2025-01-31 00:00:00,104684.6,104807.7,104310.1,104715.5,2578.412,269595255.0394
2025-01-31 00:30:00,104715.5,104976.2,104626.4,104852.4,708.36,74255357.7148
2025-01-31 01:00:00,104852.4,104862.4,104355.7,104459.4,834.011,87233883.3504
2025-01-31 01:30:00,104459.4,104729.9,104459.4,104679.6,563.544,58950941.7445
2025-01-31 02:00:00,104679.6,104802.9,104255.0,104318.2,1024.362,107048267.8667
2025-01-31 02:30:00,104318.2,104438.2,104200.0,104285.8,1029.807,107425699.7042
2025-01-31 03:00:00,104285.8,104285.9,103875.0,104055.0,2091.994,217669141.1499
2025-01-31 03:30:00,104055.0,104322.0,103938.3,104273.2,1164.197,121226336.2683
2025-01-31 04:00:00,104273.2,104490.0,104105.1,104447.6,757.393,79008821.2951
2025-01-31 04:30:00,104447.6,104473.3,103911.0,103960.1,869.45,90556019.3349
2025-01-31 05:00:00,103960.1,104437.5,103952.8,104362.8,851.865,88823230.5621
2025-01-31 05:30:00,104362.8,104400.0,104206.6,104266.2,468.416,48848186.5188
2025-01-31 06:00:00,104266.2,104500.0,104246.0,104491.6,541.193,56506161.693
2025-01-31 06:30:00,104491.6,104695.6,104460.0,104467.7,797.615,83403321.399
2025-01-31 07:00:00,104467.7,104761.1,104422.3,104640.0,1021.206,106850479.835
2025-01-31 07:30:00,104640.0,104640.1,103975.0,104146.1,1948.828,203095957.6466
2025-01-31 08:00:00,104146.1,104280.0,103974.0,104022.6,1205.08,125478196.9421
2025-01-31 08:30:00,104022.6,104200.0,103958.4,103965.0,890.257,92633857.6445
2025-01-31 09:00:00,103965.0,104172.0,103863.0,104132.0,1131.151,117609818.4303
2025-01-31 09:30:00,104132.0,104264.0,104055.0,104205.4,798.174,83150046.8683
2025-01-31 10:00:00,104205.4,104276.9,104033.0,104108.6,582.173,60650023.9133
2025-01-31 10:30:00,104108.6,104398.3,104059.2,104238.4,397.959,41486293.1892
2025-01-31 11:00:00,104238.4,104796.0,104238.4,104774.8,1476.639,154436591.8555
2025-01-31 11:30:00,104774.8,104775.1,104484.8,104675.0,871.306,91173878.4752
2025-01-31 12:00:00,104675.0,104884.4,104552.8,104658.3,1054.571,110427053.3015
2025-01-31 12:30:00,104658.3,104735.1,104501.9,104663.4,707.534,74008830.7514
2025-01-31 13:00:00,104663.4,104995.8,104663.3,104809.0,1206.293,126491349.4037
2025-01-31 13:30:00,104809.0,104890.0,104500.3,104610.0,1038.083,108613394.985
2025-01-31 14:00:00,104610.0,104710.0,104412.5,104667.8,855.565,89461507.3381
2025-01-31 14:30:00,104667.8,104821.7,104050.1,104403.5,3368.531,351390572.2261
2025-01-31 15:00:00,104403.5,105180.8,104403.5,105114.8,3405.741,356969477.6333
2025-01-31 15:30:00,105114.8,105998.0,105062.0,105404.7,4870.864,514248277.5851
2025-01-31 16:00:00,105404.7,105535.7,104650.0,104760.0,2775.017,291745673.1051
2025-01-31 16:30:00,104760.0,105054.7,104750.0,105025.2,1594.356,167299433.4509
2025-01-31 17:00:00,105025.2,105025.2,104487.2,104964.4,1667.565,174638571.2229
2025-01-31 17:30:00,104964.4,104985.7,104520.3,104523.0,687.064,71940644.9346
2025-01-31 18:00:00,104523.0,104774.0,103920.0,103942.8,2944.0,306970270.3035
2025-01-31 18:30:00,103942.8,103942.8,102530.0,102569.9,9596.897,989730412.1216
2025-01-31 19:00:00,102569.9,102975.1,102058.5,102452.6,6191.781,634731522.759
2025-01-31 19:30:00,102452.6,102612.1,102061.0,102232.0,2705.328,276795795.4309
2025-01-31 20:00:00,102232.0,102254.2,101600.0,101880.0,5110.45,520945063.043
2025-01-31 20:30:00,101880.0,102274.6,101540.6,101614.5,4165.99,424267724.0997
2025-01-31 21:00:00,101614.5,101878.8,101508.1,101537.7,2430.546,247060672.749
2025-01-31 21:30:00,101537.7,102087.4,101468.4,102074.4,3189.787,324810218.8268
2025-01-31 22:00:00,102074.4,102287.1,101829.5,102280.6,1365.841,139357291.2974
2025-01-31 22:30:00,102280.6,102419.9,101974.0,102200.1,1421.213,145271508.6988
2025-01-31 23:00:00,102200.1,102200.8,101873.4,102200.8,756.111,77167272.2292
2025-01-31 23:30:00,102200.8,102377.7,102013.5,102377.6,547.307,55947171.7041
2025-02-01 00:00:00,102377.6,102502.4,102188.6,102200.0,1215.113,124375688.7665
2025-02-01 00:30:00,102200.0,102480.8,102117.5,102429.3,577.231,59089448.2436
2025-02-01 01:00:00,102429.3,102642.1,102400.0,102642.0,589.65,60460742.2778
2025-02-01 01:30:00,102642.0,102699.0,102451.2,102504.1,604.617,62024197.0561
2025-02-01 02:00:00,102504.1,102735.0,102339.7,102633.4,734.205,75312178.6027
2025-02-01 02:30:00,102633.4,102649.0,102333.3,102396.1,455.364,46680595.0491
2025-02-01 03:00:00,102396.1,102460.5,102217.1,102283.3,631.962,64667810.7756
2025-02-01 03:30:00,102283.3,102308.5,102124.9,102173.1,881.919,90132350.212
2025-02-01 04:00:00,102173.1,102222.0,102033.0,102159.5,1130.051,115442761.3812
2025-02-01 04:30:00,102159.5,102413.9,102159.4,102244.1,973.22,99532702.3707
2025-02-01 05:00:00,102244.1,102413.1,102168.3,102413.0,364.914,37335527.6293
2025-02-01 05:30:00,102413.0,102517.3,102366.6,102427.7,318.306,32607743.1264
2025-02-01 06:00:00,102427.7,102500.0,102233.9,102297.8,346.853,35512259.0268
2025-02-01 06:30:00,102297.8,102383.9,102100.9,102343.2,577.715,59051272.9585
2025-02-01 07:00:00,102343.2,102422.7,102206.3,102249.0,323.98,33151309.3474
2025-02-01 07:30:00,102249.0,102318.1,102112.0,102112.1,694.564,70949716.4452
2025-02-01 08:00:00,102112.1,102222.9,101873.4,101949.2,986.069,100620767.6536
2025-02-01 08:30:00,101949.2,101999.0,101782.4,101961.8,1146.194,116809709.5777
2025-02-01 09:00:00,101961.8,101961.9,101750.0,101806.0,652.623,66446633.7414
2025-02-01 09:30:00,101806.0,101827.5,101350.1,101621.8,2443.562,248140519.2006
2025-02-01 10:00:00,101621.8,101863.5,101621.8,101811.6,897.101,91272243.4962
2025-02-01 10:30:00,101811.6,101924.5,101559.8,101588.5,747.164,76017451.6329
2025-02-01 11:00:00,101588.5,101972.0,101588.5,101918.9,663.582,67558818.1391
2025-02-01 11:30:00,101918.9,101992.6,101814.6,101966.9,495.581,50509379.4972
2025-02-01 12:00:00,101966.9,102125.0,101939.0,102098.4,917.259,93612208.5989
2025-02-01 12:30:00,102098.4,102233.0,102075.4,102197.0,976.38,99779212.3845
2025-02-01 13:00:00,102197.0,102197.0,102096.6,102185.0,543.092,55485205.5465
2025-02-01 13:30:00,102185.0,102188.0,101763.0,101821.7,1258.199,128337127.9335
2025-02-01 14:00:00,101821.7,102084.3,101764.0,102057.4,647.728,66007213.2767
2025-02-01 14:30:00,102057.4,102111.0,101798.0,101798.0,1004.505,102339458.6563
2025-02-01 15:00:00,101798.0,102006.9,101670.3,101966.5,852.798,86837322.9649
2025-02-01 15:30:00,101966.5,102141.6,101901.5,102023.4,1469.27,149939868.228
2025-02-01 16:00:00,102023.4,102165.6,101852.6,102047.0,636.129,64894423.909
2025-02-01 16:30:00,102047.0,102070.0,101818.2,101846.3,334.345,34087670.9056
2025-02-01 17:00:00,101846.3,102220.0,101846.3,102145.5,679.943,69411459.8602
2025-02-01 17:30:00,102145.5,102219.4,102022.5,102197.3,316.176,32293486.4452
2025-02-01 18:00:00,102197.3,102215.5,102035.3,102098.1,460.596,47049170.0126
2025-02-01 18:30:00,102098.1,102142.5,101906.6,101948.7,393.604,40147148.8185
2025-02-01 19:00:00,101948.7,101974.3,101750.0,101763.3,1001.967,102007119.7045
2025-02-01 19:30:00,101763.3,101812.3,101404.0,101622.6,1951.224,198277825.1031
2025-02-01 20:00:00,101622.6,101622.6,101063.0,101161.4,2739.725,277500070.3149
2025-02-01 20:30:00,101161.4,101464.8,100918.1,101284.1,2018.648,204194976.3162
2025-02-01 21:00:00,101284.1,101525.0,101118.0,101416.5,1178.04,119469240.4947
2025-02-01 21:30:00,101416.5,101432.0,100925.0,101136.2,1320.33,133611596.1477
2025-02-01 22:00:00,101136.2,101370.1,100551.9,100671.7,2307.351,232872887.5102
2025-02-01 22:30:00,100671.7,100903.0,100450.0,100600.6,2468.391,248358582.9364
2025-02-01 23:00:00,100600.6,100625.0,100215.1,100453.1,2158.025,216599796.4268
2025-02-01 23:30:00,100453.1,100806.9,100390.8,100576.5,1792.973,180442086.3148
2025-02-02 00:00:00,100576.5,101120.0,100430.4,101088.0,1376.225,138695837.9186
2025-02-02 00:30:00,101088.0,101238.0,100992.9,101188.0,861.473,87128366.338
2025-02-02 01:00:00,101188.0,101410.0,101127.0,101322.6,615.753,62371576.4987
2025-02-02 01:30:00,101322.6,101335.1,101101.9,101196.5,497.255,50336207.4202
2025-02-02 02:00:00,101196.5,101217.5,100715.9,100875.0,1176.291,118725336.8768
2025-02-02 02:30:00,100875.0,100875.1,100352.1,100390.0,1114.549,112109729.0749
2025-02-02 03:00:00,100390.0,100703.3,99382.0,99554.3,5864.572,585858669.557
2025-02-02 03:30:00,99554.3,99699.9,99100.3,99157.1,3222.177,320423183.7834
2025-02-02 04:00:00,99157.1,99615.5,98958.0,99474.6,3003.051,298105920.3071
2025-02-02 04:30:00,99474.6,99812.2,99406.8,99492.6,1019.892,101623918.879
2025-02-02 05:00:00,99492.6,99953.2,99441.0,99770.9,1275.428,127210243.487
2025-02-02 05:30:00,99770.9,100301.4,99755.8,100201.8,1491.486,149286345.4435
2025-02-02 06:00:00,100201.8,100434.1,100049.0,100413.2,2168.408,217370266.6008
2025-02-02 06:30:00,100413.2,100413.2,100181.0,100218.1,838.731,84125734.1329
2025-02-02 07:00:00,100218.1,100229.4,99725.5,99837.6,1444.832,144504399.639
2025-02-02 07:30:00,99837.6,99918.6,99550.0,99569.9,1486.844,148250870.8863
2025-02-02 08:00:00,99569.9,99784.0,99263.8,99692.7,2170.691,215958976.05
2025-02-02 08:30:00,99692.7,100057.8,99601.3,99775.7,1458.884,145703373.0491
2025-02-02 09:00:00,99775.7,99775.7,99297.8,99502.0,1304.292,129792721.9616
2025-02-02 09:30:00,99502.0,99801.0,99423.7,99619.9,649.787,64737711.3853
2025-02-02 10:00:00,99619.9,99622.0,99175.4,99309.3,2170.526,215569534.805
2025-02-02 10:30:00,99309.3,99552.6,99218.0,99373.8,1066.052,105986657.0335
2025-02-02 11:00:00,99373.8,99550.0,98916.4,98948.1,1839.345,182437224.4348
2025-02-02 11:30:00,98948.1,99230.3,98580.0,98824.4,3412.342,337446099.2777
2025-02-02 12:00:00,98824.4,99140.0,98700.0,98790.0,1570.731,155379977.0644
2025-02-02 12:30:00,98790.0,98792.5,98100.0,98135.3,4974.871,489845438.5645
2025-02-02 13:00:00,98135.3,98767.0,98115.0,98678.3,2313.357,227763701.1744
2025-02-02 13:30:00,98678.3,98800.0,98464.0,98757.5,1646.978,162448141.3478
2025-02-02 14:00:00,98757.5,99363.0,98655.0,99355.0,2858.312,283237672.5968
2025-02-02 14:30:00,99355.0,99364.6,99113.6,99150.5,966.214,95894688.5298
2025-02-02 15:00:00,99150.5,99232.2,98750.8,98773.7,1414.275,140007255.1041
2025-02-02 15:30:00,98773.7,99360.0,98671.3,99292.7,1401.877,138989499.0414
2025-02-02 16:00:00,99292.7,99308.6,98765.1,98800.8,1441.484,142765183.2888
2025-02-02 16:30:00,98800.8,98914.4,98000.0,98220.9,3993.141,392952197.1914
2025-02-02 17:00:00,98220.9,98530.0,97555.0,97800.7,6326.176,619927342.4092
2025-02-02 17:30:00,97800.7,98079.5,96969.1,97201.6,6653.246,648438661.1441
2025-02-02 18:00:00,97201.6,97897.5,96947.3,97799.7,3860.054,376020044.4779
2025-02-02 18:30:00,97799.7,97838.3,96625.0,97048.2,6810.894,661246073.1122
2025-02-02 19:00:00,97048.2,97548.3,96785.0,97472.8,2676.212,260216773.5864
2025-02-02 19:30:00,97472.8,98645.7,97456.8,98223.3,4251.534,417165284.9792
2025-02-02 20:00:00,98223.3,98575.0,98034.8,98123.5,1486.985,146267370.1022
2025-02-02 20:30:00,98123.5,98212.2,97610.0,97747.9,1389.448,135962272.202
2025-02-02 21:00:00,97747.9,97920.2,96857.0,96896.0,2461.198,239567956.1219
2025-02-02 21:30:00,96896.0,97275.3,96468.7,96985.2,3792.501,367057820.4991
2025-02-02 22:00:00,96985.2,97698.3,96930.0,97363.6,2457.094,239247130.2875
2025-02-02 22:30:00,97363.6,97985.9,95994.3,97965.4,6599.127,638909362.1488
2025-02-02 23:00:00,97965.4,97965.5,96500.1,96987.6,5604.786,544861475.4473
2025-02-02 23:30:00,96987.6,97762.9,96705.6,97645.7,2731.268,265889604.38
2025-02-03 00:00:00,97645.7,97737.5,95953.2,97027.8,7373.635,714091190.6602
2025-02-03 00:30:00,97027.8,97149.7,95386.9,96448.0,13709.094,1319711711.92
2025-02-03 01:00:00,96448.0,96876.0,94979.4,95115.8,10137.67,968937114.9587
2025-02-03 01:30:00,95115.8,95419.9,91807.7,93387.6,32705.797,3057240498.6053
2025-02-03 02:00:00,93387.6,94883.0,91166.6,93833.9,27061.918,2523934819.561
2025-02-03 02:30:00,93833.9,94123.6,93157.4,93510.5,5774.829,540755435.5117
2025-02-03 03:00:00,93510.5,94615.7,93383.0,94384.4,5335.947,502544256.2961
2025-02-03 03:30:00,94384.4,94456.0,93715.9,93998.2,2752.239,258823393.5861
2025-02-03 04:00:00,93998.2,94433.4,93110.6,93310.1,3095.415,290415510.4386
2025-02-03 04:30:00,93310.1,93475.0,92609.9,92756.0,4400.059,409384796.9416
2025-02-03 05:00:00,92756.0,93643.2,92700.1,93526.3,3981.759,370439954.4481
2025-02-03 05:30:00,93526.3,94225.0,93421.8,94165.9,2064.069,193592237.3833
2025-02-03 06:00:00,94165.9,94403.7,93700.0,94380.9,2000.373,188031780.5402
2025-02-03 06:30:00,94380.9,94550.0,93600.0,93855.8,2230.356,209829730.808
2025-02-03 07:00:00,93855.8,94281.8,93785.6,94138.6,1038.141,97648586.7047
2025-02-03 07:30:00,94138.6,95336.0,93956.0,95247.1,3742.14,354827077.9437
2025-02-03 08:00:00,95247.1,95492.9,94836.9,95330.3,2767.633,263428741.4027
2025-02-03 08:30:00,95330.3,95549.0,94770.1,95278.3,2373.365,225757922.1488
2025-02-03 09:00:00,95278.3,95885.5,95202.0,95823.9,3617.936,345853970.1348
2025-02-03 09:30:00,95823.9,95865.9,95162.7,95221.9,1696.31,162036966.9305
2025-02-03 10:00:00,95221.9,95372.9,94703.0,95007.9,3072.791,291908593.1256
2025-02-03 10:30:00,95007.9,95668.7,94882.5,95655.0,1503.239,143230467.4248
2025-02-03 11:00:00,95655.0,95655.8,95232.0,95353.5,1305.155,124583366.7258
2025-02-03 11:30:00,95353.5,95353.5,94870.1,95052.3,2167.924,206058306.6326
2025-02-03 12:00:00,95052.3,95549.6,94873.9,95300.0,2197.808,209246623.4043
2025-02-03 12:30:00,95300.0,95368.4,94703.0,94706.7,2321.211,220560617.5187
2025-02-03 13:00:00,94706.7,95057.3,94319.8,94319.8,3882.172,367594822.2323
2025-02-03 13:30:00,94319.8,95347.8,94319.8,94591.6,2750.17,260999762.8886
2025-02-03 14:00:00,94591.6,94816.4,94091.0,94710.0,4892.788,461861693.0838
2025-02-03 14:30:00,94710.0,96658.0,94310.0,96542.5,15169.232,1454721506.2084
2025-02-03 15:00:00,96542.5,98529.5,96110.0,98275.8,13305.823,1295581052.28
2025-02-03 15:30:00,98275.8,99468.8,97750.1,98804.0,8963.5,884610722.8434
2025-02-03 16:00:00,98804.0,99008.6,98098.3,98647.2,5521.903,544095197.6068
2025-02-03 16:30:00,98647.2,98948.3,98398.2,98491.1,2162.808,213443346.0573
2025-02-03 17:00:00,98491.1,98859.5,97979.5,98480.0,2437.964,239860360.8801
2025-02-03 17:30:00,98480.0,99288.9,98004.8,99150.3,5585.544,550854522.3134
2025-02-03 18:00:00,99150.3,99585.5,98895.9,99418.4,4090.153,405925754.2593
2025-02-03 18:30:00,99418.4,99899.9,99184.4,99765.6,2666.417,265755713.5636
2025-02-03 19:00:00,99765.6,100838.2,99524.9,100424.7,5242.971,525420646.3024
2025-02-03 19:30:00,100424.7,101840.0,100404.1,101831.8,5967.156,604558939.8158
2025-02-03 20:00:00,101831.8,101840.0,100950.2,101640.8,5247.357,532409500.2583
2025-02-03 20:30:00,101640.8,101899.7,100999.9,101030.0,3507.415,355645638.9127
2025-02-03 21:00:00,101030.0,101317.5,100867.2,101135.0,2605.672,263351755.7222
2025-02-03 21:30:00,101135.0,101900.0,101052.6,101732.5,3151.625,320314100.9071
2025-02-03 22:00:00,101732.5,102457.8,101541.8,101932.8,4321.576,440721798.2246
2025-02-03 22:30:00,101932.8,101975.0,101428.8,101653.1,1612.331,163907082.5069
2025-02-03 23:00:00,101653.1,101787.7,101357.4,101488.3,1088.413,110515950.8721
2025-02-03 23:30:00,101488.3,101600.0,101200.0,101294.8,1129.386,114508354.876
2025-02-04 00:00:00,101294.8,101616.3,101232.3,101266.5,1074.549,109013744.8695
2025-02-04 00:30:00,101266.5,101513.5,101005.0,101024.0,933.762,94484268.3034
2025-02-04 01:00:00,101024.0,101198.8,100700.1,101195.4,1319.591,133206053.1842
2025-02-04 01:30:00,101195.4,101684.7,101041.3,101338.1,1401.907,142116306.3728
2025-02-04 02:00:00,101338.1,101393.3,100965.0,101020.9,693.312,70105896.7972
2025-02-04 02:30:00,101020.9,101246.5,100750.1,100796.4,749.199,75685468.3823
2025-02-04 03:00:00,100796.4,100997.0,100575.0,100600.8,962.408,96964114.1603
2025-02-04 03:30:00,100600.8,100723.6,100500.0,100580.5,931.281,93697268.6819
2025-02-04 04:00:00,100580.5,100727.0,100120.3,100234.9,1532.943,153827754.3501
2025-02-04 04:30:00,100234.9,100309.0,99986.9,100028.7,1293.979,129530250.8986
2025-02-04 05:00:00,100028.7,100072.2,98367.4,98806.4,9378.543,929179762.6911
2025-02-04 05:30:00,98806.4,99261.2,98170.6,98807.4,4664.917,460196136.0353
2025-02-04 06:00:00,98807.4,99650.0,98773.5,99009.0,4068.949,403761591.6072
2025-02-04 06:30:00,99009.0,99518.5,98973.8,99328.4,1423.315,141345392.5148
2025-02-04 07:00:00,99328.4,99440.0,98959.0,98994.8,1522.35,151052990.301
2025-02-04 07:30:00,98994.8,99089.5,98280.0,98409.6,2697.706,266002452.4762
2025-02-04 08:00:00,98409.6,98704.2,98075.0,98596.5,2561.796,252005014.8532
2025-02-04 08:30:00,98596.5,98617.4,97800.0,98256.1,3517.412,345008098.4675
2025-02-04 09:00:00,98256.1,98739.8,98220.4,98600.0,1669.81,164514255.6677
2025-02-04 09:30:00,98600.0,98766.0,98263.4,98312.3,988.761,97445754.4679
2025-02-04 10:00:00,98312.3,98800.0,98302.7,98722.6,1289.662,127226451.1577
2025-02-04 10:30:00,98722.6,98940.1,98488.6,98741.5,1161.271,114634920.3948
2025-02-04 11:00:00,98741.5,99445.5,98711.0,99283.1,2581.366,256022501.418
2025-02-04 11:30:00,99283.1,99326.3,98850.0,98923.4,1124.19,111421523.8245
2025-02-04 12:00:00,98923.4,99392.3,98923.4,99259.1,1031.336,102309188.604
2025-02-04 12:30:00,99259.1,99758.1,99121.5,99325.8,2865.573,284980672.2126
2025-02-04 13:00:00,99325.8,99518.9,99205.7,99436.6,1069.989,106328042.0404
2025-02-04 13:30:00,99436.6,99494.4,98900.0,98984.2,2537.755,251822980.5973
2025-02-04 14:00:00,98984.2,99247.6,98508.5,99214.6,4215.458,417061934.6789
2025-02-04 14:30:00,99214.6,100381.1,99021.5,99940.0,8635.912,863026879.165
2025-02-04 15:00:00,99940.0,100205.9,98248.5,98958.0,9591.909,950687472.9534
2025-02-04 15:30:00,98958.0,99582.0,98688.1,99310.1,2758.842,273648298.4267
2025-02-04 16:00:00,99310.1,99913.2,99010.0,99722.5,2602.606,258999112.8679
2025-02-04 16:30:00,99722.5,99770.1,98999.1,99018.9,1811.397,179952209.9577
2025-02-04 17:00:00,99018.9,99598.8,98788.0,98844.1,2656.553,263454695.3322
2025-02-04 17:30:00,98844.1,99250.0,98844.1,99128.9,1055.442,104600249.6489
2025-02-04 18:00:00,99128.9,99213.5,98734.0,99035.7,812.532,80434869.576
2025-02-04 18:30:00,99035.7,99558.1,98904.3,99375.1,1417.825,140890631.4907
2025-02-04 19:00:00,99375.1,100681.0,99284.5,100380.5,4618.173,462568988.7471
2025-02-04 19:30:00,100380.5,100765.5,98755.6,98828.6,8642.198,861283308.7018
2025-02-04 20:00:00,98828.6,99464.7,97921.1,98225.1,12017.492,1184988086.1537
2025-02-04 20:30:00,98225.1,98977.7,98103.1,98588.6,2652.325,261627455.3023
2025-02-04 21:00:00,98588.6,98605.8,97160.0,97206.7,6300.622,616379649.7236
2025-02-04 21:30:00,97206.7,97270.8,96354.5,96463.0,5313.431,514511337.3017
2025-02-04 22:00:00,96463.0,97198.0,96086.1,96887.9,4913.111,474503266.4092
2025-02-04 22:30:00,96887.9,97961.1,96709.6,97641.6,3505.953,341367326.0278
2025-02-04 23:00:00,97641.6,97935.2,97429.4,97480.0,1878.521,183535211.4256
2025-02-04 23:30:00,97480.0,98173.6,97395.3,97706.0,1921.612,187825762.093
2025-02-05 00:00:00,97706.0,98144.3,97651.8,98108.4,1280.02,125317799.0162
2025-02-05 00:30:00,98108.4,98364.2,97875.9,98217.3,1294.202,127034605.5621
2025-02-05 01:00:00,98217.3,98900.0,98175.0,98185.5,2820.542,277957006.7618
2025-02-05 01:30:00,98185.5,98334.3,97587.3,97805.3,2424.522,237451763.9011
2025-02-05 02:00:00,97805.3,97999.1,97094.2,97383.9,2987.363,291212734.7162
2025-02-05 02:30:00,97383.9,98166.8,97353.4,97945.9,2221.788,217188249.3806
2025-02-05 03:00:00,97945.9,98078.9,97738.4,97884.8,912.243,89308992.0393
2025-02-05 03:30:00,97884.8,98289.9,97884.8,98000.3,1008.058,98862366.0981
2025-02-05 04:00:00,98000.3,98150.0,97795.5,97877.4,727.304,71253207.0134
2025-02-05 04:30:00,97877.4,98309.6,97862.3,98008.1,1113.978,109304750.2997
2025-02-05 05:00:00,98008.1,98150.7,97818.0,97911.0,628.843,61593037.1235
2025-02-05 05:30:00,97911.0,98280.0,97655.6,98100.0,1204.476,117994189.3772
2025-02-05 06:00:00,98100.0,98187.0,97735.2,97850.0,1395.024,136610475.1735
2025-02-05 06:30:00,97850.0,97875.0,97500.0,97618.3,1156.142,112912788.0377
2025-02-05 07:00:00,97618.3,97632.5,97313.9,97611.1,1190.192,115980055.416
2025-02-05 07:30:00,97611.1,97956.8,97463.7,97814.3,1349.291,131843556.4081
2025-02-05 08:00:00,97814.3,98014.7,97670.8,97761.7,776.812,76004390.2833
2025-02-05 08:30:00,97761.7,97800.0,97525.4,97582.1,787.366,76885028.3208
2025-02-05 09:00:00,97582.1,97923.8,97482.2,97729.0,899.919,87965412.0714
2025-02-05 09:30:00,97729.0,97729.1,97209.6,97361.9,1451.351,141345437.3125
2025-02-05 10:00:00,97361.9,97893.7,97325.0,97892.1,1037.515,101299258.7983
2025-02-05 10:30:00,97892.1,98000.0,97700.1,97708.0,1591.366,155751862.9383
2025-02-05 11:00:00,97708.0,98160.3,97599.7,97865.6,2411.63,236081447.3368
2025-02-05 11:30:00,97865.6,98198.4,97850.8,98186.2,1614.897,158413530.1416
2025-02-05 12:00:00,98186.2,98706.3,98141.7,98531.0,3180.972,313100649.9678
2025-02-05 12:30:00,98531.0,98622.4,97975.9,98034.0,1596.308,156934174.586
2025-02-05 13:00:00,98034.0,98527.3,97930.5,98400.0,1612.96,158374345.5059
2025-02-05 13:30:00,98400.0,98656.9,98354.3,98548.8,1006.317,99151815.9504
2025-02-05 14:00:00,98548.8,98749.0,98351.0,98709.1,1284.718,126631567.5084
2025-02-05 14:30:00,98709.1,99170.0,98082.2,98253.6,4047.998,399374017.3585
2025-02-05 15:00:00,98253.6,98514.5,97700.1,98459.6,3834.022,376175040.04
2025-02-05 15:30:00,98459.6,98525.0,97854.8,98064.2,2173.345,213123020.3174
2025-02-05 16:00:00,98064.2,98110.4,97260.4,97745.0,3171.455,309601792.1255
2025-02-05 16:30:00,97745.0,98265.9,97477.7,97945.9,2385.64,233415239.5112
2025-02-05 17:00:00,97945.9,98234.1,97354.0,97570.7,1677.998,163925939.5169
2025-02-05 17:30:00,97570.7,97715.0,97295.4,97503.5,1814.513,176917727.3908
2025-02-05 18:00:00,97503.5,97654.9,96768.2,97080.0,3239.333,314420476.5765
2025-02-05 18:30:00,97080.0,97297.1,96455.0,96672.2,3007.534,291054948.8828
2025-02-05 19:00:00,96672.2,97165.0,96450.0,97133.3,2036.906,197257630.3173
2025-02-05 19:30:00,97133.3,97485.4,96990.3,97331.8,1877.047,182576489.2623
2025-02-05 20:00:00,97331.8,97671.8,97331.8,97600.4,876.834,85530191.5122
2025-02-05 20:30:00,97600.4,97660.0,96851.5,97275.9,2015.798,196057625.8837
2025-02-05 21:00:00,97275.9,97515.3,97072.4,97257.9,740.472,72026332.0813
2025-02-05 21:30:00,97257.9,97476.9,96737.9,96880.0,988.606,95982315.8668
2025-02-05 22:00:00,96880.0,97018.0,96410.5,96509.8,1356.244,131129507.2254
2025-02-05 22:30:00,96509.8,96807.3,96227.8,96413.4,1149.065,110829204.3593
2025-02-05 23:00:00,96413.4,96811.4,96229.6,96282.5,1341.664,129499213.4774
2025-02-05 23:30:00,96282.5,96625.7,96100.1,96568.5,1414.527,136321621.2965
2025-02-06 00:00:00,96568.5,96891.8,96363.1,96637.9,1342.09,129692821.4812
2025-02-06 00:30:00,96637.9,96942.3,96534.0,96780.0,887.884,85914579.0756
2025-02-06 01:00:00,96780.0,97176.5,96590.5,96980.5,1437.146,139398192.7585
2025-02-06 01:30:00,96980.5,97172.0,96794.0,97118.3,944.006,91561538.0513
2025-02-06 02:00:00,97118.3,97410.2,97057.2,97178.9,847.847,82429424.317
2025-02-06 02:30:00,97178.9,97367.9,97076.2,97317.1,357.913,34803494.3933
2025-02-06 03:00:00,97317.1,97363.9,97027.6,97204.3,485.86,47217880.2604
2025-02-06 03:30:00,97204.3,97480.4,97120.0,97308.9,598.433,58246740.764
2025-02-06 04:00:00,97308.9,97809.9,97230.0,97665.2,1135.92,110821688.9949
2025-02-06 04:30:00,97665.2,97665.3,97479.3,97580.0,449.078,43810394.3894
2025-02-06 05:00:00,97580.0,97744.7,97563.6,97713.0,421.462,41150200.8205
2025-02-06 05:30:00,97713.0,97845.4,97653.7,97789.5,456.397,44617202.1169
2025-02-06 06:00:00,97789.5,98230.0,97657.8,98014.5,1607.999,157526282.9463
2025-02-06 06:30:00,98014.5,98400.0,98002.3,98342.0,1186.789,116586012.3932
2025-02-06 07:00:00,98342.0,98342.0,98033.0,98144.7,915.558,89860278.9644
2025-02-06 07:30:00,98144.7,98271.2,97933.2,98164.9,890.08,87324028.2586
2025-02-06 08:00:00,98164.9,98299.9,98008.3,98016.8,714.88,70158441.8264
2025-02-06 08:30:00,98016.8,98169.1,97816.5,98093.1,1061.668,104053969.1768
2025-02-06 09:00:00,98093.1,98678.4,98069.0,98418.7,1917.218,188781945.0059
2025-02-06 09:30:00,98418.7,98690.0,98412.9,98557.5,1108.799,109257304.6172
2025-02-06 10:00:00,98557.5,98956.4,98557.4,98828.8,1501.337,148293957.477
2025-02-06 10:30:00,98828.8,99035.7,98612.5,98983.1,1529.591,151151125.9594
2025-02-06 11:00:00,98983.1,99014.6,98450.0,98596.0,1823.234,179873669.2287
2025-02-06 11:30:00,98596.0,99099.0,98362.7,98829.0,1921.104,189788439.1464
2025-02-06 12:00:00,98829.0,99000.0,98466.1,98606.0,1462.268,144293017.7586
2025-02-06 12:30:00,98606.0,98608.5,98244.7,98316.8,1447.802,142467858.0066
2025-02-06 13:00:00,98316.8,98444.6,98121.5,98217.0,1663.165,163387752.6189
2025-02-06 13:30:00,98217.0,98750.0,98217.0,98573.4,2640.097,260205670.1947
2025-02-06 14:00:00,98573.4,98712.3,98050.0,98240.0,1800.375,177000354.7434
2025-02-06 14:30:00,98240.0,98881.3,97726.8,97784.9,5947.527,584358533.5736
2025-02-06 15:00:00,97784.9,98000.0,97470.6,97539.9,3755.539,367068456.9905
2025-02-06 15:30:00,97539.9,97586.9,96880.0,97292.6,5222.69,507510291.7184
2025-02-06 16:00:00,97292.6,97499.0,96855.0,97004.9,2861.306,278116381.3451
2025-02-06 16:30:00,97004.9,97060.8,96343.0,96539.1,3425.282,331015605.1326
2025-02-06 17:00:00,96539.1,96828.7,96335.6,96760.4,2515.613,242972476.3598
2025-02-06 17:30:00,96760.4,97189.9,96589.1,96670.1,1906.283,184662482.3977
2025-02-06 18:00:00,96670.1,96796.7,96102.0,96120.1,2660.766,256333828.3802
2025-02-06 18:30:00,96120.1,96540.0,95822.0,96278.0,3244.838,312075732.6912
2025-02-06 19:00:00,96278.0,96897.6,95888.0,96421.4,2495.859,240542540.9687
2025-02-06 19:30:00,96421.4,96423.5,95631.8,95953.5,2699.62,258941822.2463
2025-02-06 20:00:00,95953.5,96411.9,95750.0,96362.9,1347.306,129563535.1911
2025-02-06 20:30:00,96362.9,97050.0,96340.1,96895.0,2221.489,214947482.8986
2025-02-06 21:00:00,96895.0,96914.5,96316.5,96489.9,1180.694,114061213.2395
2025-02-06 21:30:00,96489.9,96830.8,96071.8,96770.0,1238.742,119550482.7363
2025-02-06 22:00:00,96770.0,96785.1,96099.8,96549.3,1715.901,165323988.6008
2025-02-06 22:30:00,96549.3,96922.3,96320.1,96921.9,678.955,65575337.8379
2025-02-06 23:00:00,96921.9,96924.6,96433.7,96563.4,1270.181,122728148.2734
2025-02-06 23:30:00,96563.4,96617.6,96155.5,96500.0,626.044,60332181.3328
2025-02-07 00:00:00,96500.0,96893.1,96491.0,96736.0,947.34,91611619.2579
2025-02-07 00:30:00,96736.0,96788.7,96365.7,96458.3,665.182,64210689.0444
2025-02-07 01:00:00,96458.3,96815.6,96458.3,96687.5,419.435,40553833.804
2025-02-07 01:30:00,96687.5,97791.7,96504.1,97341.7,2886.527,280888080.0489
2025-02-07 02:00:00,97341.7,97560.7,97024.8,97350.0,2194.36,213516522.9227
2025-02-07 02:30:00,97350.0,97595.8,97300.0,97527.1,686.913,66926882.4238
2025-02-07 03:00:00,97527.1,97729.9,97349.8,97375.9,902.194,87983340.4651
2025-02-07 03:30:00,97375.9,97410.0,97190.3,97407.6,654.843,63712626.4755
2025-02-07 04:00:00,97407.6,97700.0,97331.0,97579.0,484.988,47324468.4378
2025-02-07 04:30:00,97579.0,97833.3,97378.4,97382.5,915.93,89418702.2648
2025-02-07 05:00:00,97382.5,97494.5,97150.0,97181.6,780.32,75895871.3785
2025-02-07 05:30:00,97181.6,97371.5,97100.0,97309.9,583.004,56696117.1821
2025-02-07 06:00:00,97309.9,97320.0,96660.0,96778.7,1621.152,157236274.9345
2025-02-07 06:30:00,96778.7,96947.5,96532.6,96715.9,1948.579,188466309.6467
2025-02-07 07:00:00,96715.9,97175.0,96666.2,96899.9,1273.273,123449121.4878
2025-02-07 07:30:00,96899.9,96978.1,96563.6,96694.9,1151.618,111404998.6871
2025-02-07 08:00:00,96694.9,96909.8,96560.9,96807.1,823.427,79671023.639
2025-02-07 08:30:00,96807.1,97208.0,96800.0,96978.3,942.083,91421805.5211
2025-02-07 09:00:00,96978.3,97346.1,96978.3,97230.1,720.129,69995431.9051
2025-02-07 09:30:00,97230.1,97329.3,97105.8,97235.1,501.233,48741087.5345
2025-02-07 10:00:00,97235.1,97440.0,97195.8,97383.2,572.099,55679242.6505
2025-02-07 10:30:00,97383.2,97439.9,97202.0,97221.6,539.872,52539635.8213
2025-02-07 11:00:00,97221.6,97678.8,97221.6,97604.1,1508.893,147194754.9895
2025-02-07 11:30:00,97604.1,97718.4,97545.0,97706.0,789.742,77094865.9664
2025-02-07 12:00:00,97706.0,97874.3,97416.1,97652.1,1812.444,177002758.6989
2025-02-07 12:30:00,97652.1,97999.9,97652.0,97920.8,1408.02,137825530.1224
2025-02-07 13:00:00,97920.8,97977.5,97450.0,97650.0,2355.344,230045701.3352
2025-02-07 13:30:00,97650.0,98812.7,97139.1,98778.1,10016.155,981862665.6171
2025-02-07 14:00:00,98778.1,99983.4,98627.6,99634.9,9685.569,963365376.3586
2025-02-07 14:30:00,99634.9,100120.0,99135.2,99681.7,6663.734,664465334.9668
2025-02-07 15:00:00,99681.7,99681.7,97500.0,98466.4,12148.665,1196444832.9742
2025-02-07 15:30:00,98466.4,99198.3,97950.0,98245.5,7098.04,698973602.3284
2025-02-07 16:00:00,98245.5,98550.0,97621.5,98019.9,5455.392,535010839.6246
2025-02-07 16:30:00,98019.9,98300.0,97633.9,97785.8,5071.996,496555775.0414
2025-02-07 17:00:00,97785.8,98117.8,97000.0,97394.2,7272.905,709302788.9842
2025-02-07 17:30:00,97394.2,97706.8,97220.9,97373.1,2394.908,233425755.0346
2025-02-07 18:00:00,97373.1,97948.2,97255.0,97839.9,1644.603,160712276.4916
2025-02-07 18:30:00,97839.9,98306.3,97589.1,97701.4,2216.501,217182065.2184
2025-02-07 19:00:00,97701.4,97784.8,97163.1,97424.0,2020.222,196818368.313
2025-02-07 19:30:00,97424.0,97482.4,96823.1,96852.7,2030.634,197018807.8545
2025-02-07 20:00:00,96852.7,96890.9,96112.7,96128.8,4451.234,429121773.7736
2025-02-07 20:30:00,96128.8,96199.9,95556.5,95711.5,4431.887,424979299.1346
2025-02-07 21:00:00,95711.5,96099.1,95653.7,95756.1,2425.264,232478183.0742
2025-02-07 21:30:00,95756.1,96010.6,95640.4,95950.0,1230.081,117854183.6917
2025-02-07 22:00:00,95950.0,95953.0,95610.5,95815.1,1447.377,138537101.6262
2025-02-07 22:30:00,95815.1,96043.3,95583.8,96000.0,1151.56,110317504.8654
2025-02-07 23:00:00,96000.0,96192.9,95804.9,96140.1,1225.833,117703451.1973
2025-02-07 23:30:00,96140.1,96458.3,96064.0,96440.6,1070.043,103070632.2659
2025-02-08 00:00:00,96440.6,96791.4,96273.0,96638.0,1210.412,116820575.8129
2025-02-08 00:30:00,96638.0,96773.0,96517.7,96604.2,765.381,73955977.2512
2025-02-08 01:00:00,96604.2,96700.0,96324.3,96604.9,653.844,63128354.6226
2025-02-08 01:30:00,96604.9,96739.3,96425.2,96471.6,463.492,44772239.1602
2025-02-08 02:00:00,96471.6,96699.0,96351.7,96663.5,476.712,46005904.624
2025-02-08 02:30:00,96663.5,96780.0,96449.8,96718.3,462.762,44722761.7597
2025-02-08 03:00:00,96718.3,96840.0,96501.0,96532.8,703.697,68051080.4256
2025-02-08 03:30:00,96532.8,96673.9,96501.0,96646.8,233.069,22512263.7228
2025-02-08 04:00:00,96646.8,96646.8,96466.7,96468.6,268.434,25912996.989
2025-02-08 04:30:00,96468.6,96468.7,96177.0,96266.0,674.398,64952018.1295
2025-02-08 05:00:00,96266.0,96294.9,96056.8,96157.7,734.751,70654643.5096
2025-02-08 05:30:00,96157.7,96328.0,96025.0,96159.8,489.445,47073426.9096
2025-02-08 06:00:00,96159.8,96177.5,96011.0,96093.5,655.268,62969819.0878
2025-02-08 06:30:00,96093.5,96118.6,95850.2,95951.6,821.007,78814189.0807
2025-02-08 07:00:00,95951.6,96040.3,95723.8,95952.9,1390.899,133309326.1426
2025-02-08 07:30:00,95952.9,96247.0,95952.8,96160.0,1017.724,97836238.7068
2025-02-08 08:00:00,96160.0,96247.0,96023.1,96145.2,436.077,41917739.6916
2025-02-08 08:30:00,96145.2,96179.9,95842.6,95856.8,806.816,77413041.5956
2025-02-08 09:00:00,95856.8,96153.4,95856.8,96153.4,371.486,35675942.1227
2025-02-08 09:30:00,96153.4,96153.4,95982.0,96119.9,197.597,18982338.4552
2025-02-08 10:00:00,96119.9,96231.2,96084.3,96179.9,409.762,39405506.7821
2025-02-08 10:30:00,96179.9,96250.0,95965.0,95997.1,476.474,45776902.586
2025-02-08 11:00:00,95997.1,96093.5,95843.7,95844.1,533.819,51223186.3584
2025-02-08 11:30:00,95844.1,96080.0,95819.4,96080.0,470.965,45174918.1413
2025-02-08 12:00:00,96080.0,96210.0,95919.8,95971.0,743.565,71436329.9303
2025-02-08 12:30:00,95971.0,96065.0,95865.0,96010.9,352.171,33792870.7472
2025-02-08 13:00:00,96010.9,96168.1,95965.1,96145.0,493.001,47370882.1953
2025-02-08 13:30:00,96145.0,96444.0,96100.0,96191.2,1373.944,132258289.9746
2025-02-08 14:00:00,96191.2,96320.0,95904.9,95978.3,739.39,71045941.9232
2025-02-08 14:30:00,95978.3,96071.6,95905.6,96057.4,484.207,46478247.1208
2025-02-08 15:00:00,96057.4,96158.3,95872.5,95879.9,547.425,52554079.1166
2025-02-08 15:30:00,95879.9,95880.0,95635.8,95802.9,1614.476,154574969.6649
2025-02-08 16:00:00,95802.9,95970.6,95703.0,95921.2,818.0,78427516.7728
2025-02-08 16:30:00,95921.2,96089.6,95864.8,96086.0,551.511,52930881.2808
2025-02-08 17:00:00,96086.0,96333.0,96071.7,96141.6,822.948,79159812.0929
2025-02-08 17:30:00,96141.6,96345.0,96135.9,96309.0,569.941,54854600.6694
2025-02-08 18:00:00,96309.0,96413.6,96182.9,96340.1,462.51,44544325.5312
2025-02-08 18:30:00,96340.1,96480.0,96332.4,96468.2,408.869,39418475.7009
2025-02-08 19:00:00,96468.2,96639.6,96350.0,96593.6,650.075,62749459.2062
2025-02-08 19:30:00,96593.6,96700.0,96431.0,96541.4,666.761,64388673.4156
2025-02-08 20:00:00,96541.4,96582.9,96327.4,96426.7,348.036,33554650.0743
2025-02-08 20:30:00,96426.7,96440.4,96315.3,96418.0,227.261,21901936.9109
2025-02-08 21:00:00,96418.0,96532.0,96302.0,96369.0,223.154,21513776.2048
2025-02-08 21:30:00,96369.0,96564.2,96323.1,96494.9,261.659,25237169.207
2025-02-08 22:00:00,96494.9,96664.8,96423.4,96538.4,404.632,39063812.3069
2025-02-08 22:30:00,96538.4,96540.8,96327.5,96429.8,352.116,33946260.5335
2025-02-08 23:00:00,96429.8,96591.2,96407.8,96516.6,347.327,33523023.1163
2025-02-08 23:30:00,96516.6,96655.4,96384.9,96406.8,499.015,48173649.0137
2025-02-09 00:00:00,96406.8,96482.6,96325.0,96361.7,337.067,32493614.4564
2025-02-09 00:30:00,96361.7,96560.8,96314.4,96519.8,262.851,25352121.1574
2025-02-09 01:00:00,96519.8,96854.5,96450.0,96810.8,960.295,92886501.8337
2025-02-09 01:30:00,96810.8,96970.8,96551.2,96929.4,889.78,86120908.143
2025-02-09 02:00:00,96929.4,97020.6,96680.0,96680.0,1165.34,112883345.5458
2025-02-09 02:30:00,96680.0,96789.9,96634.0,96673.5,253.714,24536716.397
2025-02-09 03:00:00,96673.5,96879.9,96645.0,96858.6,368.041,35616291.7514
2025-02-09 03:30:00,96858.6,97266.8,96825.5,97266.8,1235.736,119954083.2724
2025-02-09 04:00:00,97266.8,97275.0,96913.4,97001.2,587.872,57061242.6286
2025-02-09 04:30:00,97001.2,97256.6,96939.0,97169.0,367.478,35687411.8436
2025-02-09 05:00:00,97169.0,97180.0,96984.0,96988.5,442.049,42905329.1009
2025-02-09 05:30:00,96988.5,97035.0,96943.3,96978.9,478.753,46439511.707
2025-02-09 06:00:00,96978.9,97000.0,96727.0,96855.3,1274.918,123484502.8862
2025-02-09 06:30:00,96855.3,97027.1,96761.6,96950.3,480.098,46523343.9759
2025-02-09 07:00:00,96950.3,96999.9,96875.0,96990.0,254.644,24688758.922
2025-02-09 07:30:00,96990.0,97083.6,96954.6,97013.9,446.944,43364905.7441
2025-02-09 08:00:00,97013.9,97250.0,97013.8,97173.2,625.067,60725721.5677
2025-02-09 08:30:00,97173.2,97173.2,97000.3,97030.0,347.649,33750589.7663
2025-02-09 09:00:00,97030.0,97039.0,96844.3,96952.7,670.334,64967627.2306
2025-02-09 09:30:00,96952.7,96981.8,96847.7,96880.4,255.241,24735204.4702
2025-02-09 10:00:00,96880.4,96880.5,96600.4,96760.0,1322.876,127942207.9501
2025-02-09 10:30:00,96760.0,96879.9,96715.4,96728.0,388.602,37616388.4993
2025-02-09 11:00:00,96728.0,96999.4,96720.0,96735.4,593.983,57509300.3925
2025-02-09 11:30:00,96735.4,96735.4,96503.1,96513.4,824.516,79656722.6423
2025-02-09 12:00:00,96513.4,96657.1,96322.9,96565.7,947.921,91478223.117
2025-02-09 12:30:00,96565.7,96567.0,96360.0,96487.9,572.9,55249618.9148
2025-02-09 13:00:00,96487.9,96512.6,96119.2,96163.0,1315.258,126624384.9167
2025-02-09 13:30:00,96163.0,96263.1,95782.3,95849.9,2712.179,260335775.6749
2025-02-09 14:00:00,95849.9,96259.9,95681.0,96012.5,2289.311,219772022.6615
2025-02-09 14:30:00,96012.5,96104.6,95939.4,96070.6,673.396,64654716.449
2025-02-09 15:00:00,96070.6,96509.0,96062.6,96340.6,2295.644,220981443.6952
2025-02-09 15:30:00,96340.6,96625.4,96272.4,96447.5,899.365,86767237.194
2025-02-09 16:00:00,96447.5,96510.0,96325.3,96389.9,499.619,48167025.7967
2025-02-09 16:30:00,96389.9,96488.8,96268.1,96401.8,321.501,30994192.8509
2025-02-09 17:00:00,96401.8,96546.1,96125.0,96179.7,782.175,75317744.6821
2025-02-09 17:30:00,96179.7,96200.0,95900.0,96128.7,813.386,78125739.7407
2025-02-09 18:00:00,96128.7,96128.7,95951.4,96020.5,675.045,64816853.4881
2025-02-09 18:30:00,96020.5,96249.8,96020.5,96173.8,304.761,29302448.8836
2025-02-09 19:00:00,96173.8,96236.3,96000.0,96010.2,351.647,33788219.6062
2025-02-09 19:30:00,96010.2,96106.4,95805.2,96016.6,914.255,87728992.1328
2025-02-09 20:00:00,96016.6,96559.1,96000.1,96454.7,736.603,70931051.0917
2025-02-09 20:30:00,96454.7,96740.9,96177.2,96276.9,1267.162,122205266.561
2025-02-09 21:00:00,96276.9,96310.3,95900.0,95920.3,653.123,62758365.6551
2025-02-09 21:30:00,95920.3,95957.7,94651.2,95120.0,7819.145,744279997.1023
2025-02-09 22:00:00,95120.0,95666.0,94696.1,95665.9,3039.46,289425970.7766
2025-02-09 22:30:00,95665.9,96400.0,95410.1,95775.6,3033.06,290881006.4252
2025-02-09 23:00:00,95775.6,96118.9,95668.1,96009.6,1440.517,138243126.6049
2025-02-09 23:30:00,96009.6,96548.0,96007.0,96428.6,1280.029,123296859.6622
2025-02-10 00:00:00,96428.6,97100.0,96421.0,96674.2,3151.685,305185779.9175
2025-02-10 00:30:00,96674.2,96912.7,96578.4,96683.8,822.646,79571540.0202
2025-02-10 01:00:00,96683.8,96798.0,96083.0,96154.4,1551.777,149568642.3113
2025-02-10 01:30:00,96154.4,96337.1,95202.8,95543.4,3579.855,342420281.4977
2025-02-10 02:00:00,95543.4,95731.3,95368.9,95548.0,1809.886,173000959.324
2025-02-10 02:30:00,95548.0,96032.8,95472.0,95766.1,1118.077,107077163.4868
2025-02-10 03:00:00,95766.1,96408.0,95725.1,96332.3,1198.524,115157683.4432
2025-02-10 03:30:00,96332.3,97049.9,96332.3,96764.3,3842.37,371997624.2235
2025-02-10 04:00:00,96764.3,97042.3,96570.2,96999.0,1665.358,161292470.9008
2025-02-10 04:30:00,96999.0,97130.8,96745.5,96896.0,1354.262,131252467.3032
2025-02-10 05:00:00,96896.0,97198.2,96731.0,96973.2,1752.853,169972630.2305
2025-02-10 05:30:00,96973.2,97631.8,96865.6,96983.1,3021.945,293924742.9517
2025-02-10 06:00:00,96983.1,97172.3,96755.0,96970.0,1598.278,154944074.6963
2025-02-10 06:30:00,96970.0,97150.0,96911.1,97115.3,641.076,62217112.8302
2025-02-10 07:00:00,97115.3,97329.4,97074.1,97149.9,1591.47,154758292.9714
2025-02-10 07:30:00,97149.9,97464.8,97073.7,97405.1,1308.425,127312747.7775
2025-02-10 08:00:00,97405.1,97874.8,97318.8,97667.8,2221.653,217006075.8806
2025-02-10 08:30:00,97667.8,97843.5,97510.0,97644.8,1091.985,106690263.5418
2025-02-10 09:00:00,97644.8,97812.0,97600.0,97637.1,1325.327,129529564.4076
2025-02-10 09:30:00,97637.1,97665.6,97425.7,97639.9,1178.547,114955768.3346
2025-02-10 10:00:00,97639.9,97937.3,97553.6,97880.0,1348.262,131840429.475
2025-02-10 10:30:00,97880.0,97890.4,97650.0,97698.9,924.158,90346664.627
2025-02-10 11:00:00,97698.9,97828.0,97580.0,97792.9,678.734,66330340.5753
2025-02-10 11:30:00,97792.9,97865.0,97604.5,97629.9,493.719,48263453.49
2025-02-10 12:00:00,97629.9,97758.4,97427.8,97537.0,851.449,83079394.7888
2025-02-10 12:30:00,97537.0,97537.0,97135.4,97322.0,1632.217,158831492.3361
2025-02-10 13:00:00,97322.0,97625.4,97305.9,97452.6,806.46,78599678.5729
2025-02-10 13:30:00,97452.6,98343.4,97375.1,98185.4,4021.686,393806586.5183
2025-02-10 14:00:00,98185.4,98283.0,97504.5,97698.0,2472.35,241804633.8569
2025-02-10 14:30:00,97698.0,97995.9,97003.7,97245.2,4536.081,441793395.0058
2025-02-10 15:00:00,97245.2,97542.6,96892.9,97032.2,2282.941,221931311.2028
2025-02-10 15:30:00,97032.2,97249.9,96812.1,97188.9,1984.624,192554682.2158
2025-02-10 16:00:00,97188.9,97397.1,96960.6,96999.9,1162.448,112921679.6577
2025-02-10 16:30:00,96999.9,97343.4,96842.1,97269.6,1758.89,170702773.634
2025-02-10 17:00:00,97269.6,97333.1,96826.4,97249.9,1290.39,125234859.1319
2025-02-10 17:30:00,97249.9,97483.8,97143.0,97459.7,885.125,86126287.3855
2025-02-10 18:00:00,97459.7,97530.6,97114.3,97438.0,771.095,75058015.8432
2025-02-10 18:30:00,97438.0,97528.5,97209.2,97527.8,519.805,50602906.9773
2025-02-10 19:00:00,97527.8,97610.3,97430.5,97550.1,782.435,76317080.5759
2025-02-10 19:30:00,97550.1,97611.0,97199.9,97338.5,934.123,90913841.4819
2025-02-10 20:00:00,97338.5,97431.2,97185.0,97244.4,493.646,48026250.8898
2025-02-10 20:30:00,97244.4,97450.0,97212.0,97300.6,402.14,39148826.9716
2025-02-10 21:00:00,97300.6,97318.3,97085.0,97267.6,447.146,43468232.6797
2025-02-10 21:30:00,97267.6,97359.5,97104.5,97354.3,342.532,33305647.2358
2025-02-10 22:00:00,97354.3,97476.7,97242.0,97456.0,400.127,38947254.4852
2025-02-10 22:30:00,97456.0,97456.0,97241.0,97341.9,461.849,44962214.958
2025-02-10 23:00:00,97341.9,97418.5,97200.0,97210.1,433.866,42212661.3207
2025-02-10 23:30:00,97210.1,97403.7,97210.1,97384.2,225.86,21975471.9718
2025-02-11 00:00:00,97384.2,97822.0,97379.2,97728.9,1478.785,144360607.362
2025-02-11 00:30:00,97728.9,98150.0,97693.4,97749.1,1502.207,147071607.1991
2025-02-11 01:00:00,97749.1,98074.7,97740.0,97927.8,1001.697,98103135.0741
2025-02-11 01:30:00,97927.8,98072.1,97868.1,97963.5,582.634,57092161.4153
2025-02-11 02:00:00,97963.5,98084.8,97583.4,97604.1,1094.835,107067168.063
2025-02-11 02:30:00,97604.1,97844.8,97410.1,97740.4,1359.604,132684301.8251
2025-02-11 03:00:00,97740.4,97740.5,97480.5,97538.2,416.453,40634340.9601
2025-02-11 03:30:00,97538.2,97600.6,97450.0,97571.8,405.276,39521703.0052
2025-02-11 04:00:00,97571.8,97620.0,97505.2,97585.0,461.318,45006116.8799
2025-02-11 04:30:00,97585.0,98111.0,97582.1,98019.4,1770.497,173499239.8531
2025-02-11 05:00:00,98019.4,98250.0,97960.4,98194.0,1477.928,145064174.3135
2025-02-11 05:30:00,98194.0,98459.0,98077.9,98380.0,1273.135,125138941.1551
2025-02-11 06:00:00,98380.0,98407.4,98087.7,98248.9,767.911,75422839.5535
2025-02-11 06:30:00,98248.9,98446.4,98187.5,98387.9,541.379,53233534.2606
2025-02-11 07:00:00,98387.9,98388.0,98271.1,98383.0,441.587,43425080.7081
2025-02-11 07:30:00,98383.0,98430.0,98222.9,98230.0,628.982,61855738.9327
2025-02-11 08:00:00,98230.0,98298.7,98066.6,98077.8,750.548,73669942.1382
2025-02-11 08:30:00,98077.8,98282.3,98077.7,98190.4,408.701,40130571.0512
2025-02-11 09:00:00,98190.4,98269.9,98042.9,98142.9,402.838,39542697.4362
2025-02-11 09:30:00,98142.9,98179.9,97857.9,97956.2,947.366,92828287.0285
2025-02-11 10:00:00,97956.2,98090.0,97838.0,97862.6,680.29,66656513.3967
2025-02-11 10:30:00,97862.6,97990.2,97856.7,97908.0,651.508,63810639.7737
2025-02-11 11:00:00,97908.0,98047.7,97826.2,98038.1,465.666,45608552.8697
2025-02-11 11:30:00,98038.1,98186.8,97910.1,98092.4,554.489,54375797.4051
2025-02-11 12:00:00,98092.4,98102.8,97604.3,97647.7,2125.616,207953234.0977
2025-02-11 12:30:00,97647.7,97789.9,97607.2,97711.8,618.239,60406522.3601
2025-02-11 13:00:00,97711.8,97800.0,97428.0,97491.1,1171.431,114335536.9542
2025-02-11 13:30:00,97491.1,97558.4,96600.0,96750.6,6307.102,611974675.7513
2025-02-11 14:00:00,96750.6,97067.9,96551.3,96827.6,3789.965,366889643.6419
2025-02-11 14:30:00,96827.6,97274.3,96708.0,96922.5,2741.931,265960654.4222
2025-02-11 15:00:00,96922.5,97219.1,96574.7,96891.9,2477.773,240080011.5985
2025-02-11 15:30:00,96891.9,97085.1,96774.0,96982.0,905.808,87804750.235
2025-02-11 16:00:00,96982.0,97009.3,96410.0,96608.7,2117.7,204704853.8506
2025-02-11 16:30:00,96608.7,96639.0,96263.2,96324.4,2453.898,236612550.3767
2025-02-11 17:00:00,96324.4,96343.5,96030.0,96224.8,3008.994,289373719.9121
2025-02-11 17:30:00,96224.8,96270.9,95914.4,96115.5,1753.685,168465742.0699
2025-02-11 18:00:00,96115.5,96134.3,95569.9,95640.4,2895.481,277332214.5948
2025-02-11 18:30:00,95640.4,96019.0,95354.4,95427.4,3612.556,345447949.439
2025-02-11 19:00:00,95427.4,95612.8,94900.0,94985.7,4628.715,440618040.9156
2025-02-11 19:30:00,94985.7,95257.0,94821.9,94985.9,3712.18,352653272.4163
2025-02-11 20:00:00,94985.9,95280.0,94871.0,95233.2,2263.756,215260806.8856
2025-02-11 20:30:00,95233.2,95390.5,94914.1,95264.2,2350.232,223703778.5087
2025-02-11 21:00:00,95264.2,95725.0,95219.2,95660.8,2067.103,197362073.1333
2025-02-11 21:30:00,95660.8,96400.0,95585.8,96337.3,3218.83,309224440.5863
2025-02-11 22:00:00,96337.3,96450.0,96082.9,96191.7,1528.121,147128133.7002
2025-02-11 22:30:00,96191.7,96191.8,95292.0,95549.6,2618.543,250746036.345
2025-02-11 23:00:00,95549.6,95905.5,95461.2,95881.8,1368.092,130899052.3462
2025-02-11 23:30:00,95881.8,95935.0,95680.1,95748.6,655.854,62826778.824
2025-02-12 00:00:00,95748.6,95946.0,95622.9,95866.1,1113.47,106666428.3385
2025-02-12 00:30:00,95866.1,96085.2,95688.4,96020.6,651.883,62539233.0711
2025-02-12 01:00:00,96020.6,96138.5,95769.3,95910.5,620.262,59521776.2836
2025-02-12 01:30:00,95910.5,96234.5,95800.0,96177.5,488.385,46916593.71
2025-02-12 02:00:00,96177.5,96190.4,95901.1,95978.1,505.581,48535718.0574
2025-02-12 02:30:00,95978.1,96030.0,95266.6,95531.7,1724.657,164848837.2222
2025-02-12 03:00:00,95531.7,95720.0,95050.0,95654.0,2312.243,220541198.7808
2025-02-12 03:30:00,95654.0,95669.4,95238.2,95256.0,1085.79,103693303.11
2025-02-12 04:00:00,95256.0,95578.2,95219.8,95332.6,664.209,63350509.611
2025-02-12 04:30:00,95332.6,95560.0,95255.0,95512.9,1276.411,121799144.4651
2025-02-12 05:00:00,95512.9,95886.0,95460.1,95851.2,1206.494,115487287.7103
2025-02-12 05:30:00,95851.2,95864.6,95691.3,95848.9,547.178,52410851.4785
2025-02-12 06:00:00,95848.9,95920.0,95709.3,95751.3,878.134,84146000.0318
2025-02-12 06:30:00,95751.3,95866.5,95650.0,95792.1,399.956,38300006.8775
2025-02-12 07:00:00,95792.1,96063.1,95770.0,96048.0,751.427,72083144.2018
2025-02-12 07:30:00,96048.0,96130.0,95908.4,96025.7,920.741,88417479.244
2025-02-12 08:00:00,96025.7,96220.0,96006.5,96189.0,986.275,94832928.8199
2025-02-12 08:30:00,96189.0,96429.9,96163.7,96317.1,790.16,76092618.0411
2025-02-12 09:00:00,96317.1,96338.7,95988.5,96102.4,1331.675,128039523.0212
2025-02-12 09:30:00,96102.4,96169.0,95996.5,96092.7,693.952,66687346.9481
2025-02-12 10:00:00,96092.7,96145.9,95973.4,96052.6,568.32,54585266.3977
2025-02-12 10:30:00,96052.6,96158.9,95865.0,95933.3,677.68,65051864.0772
2025-02-12 11:00:00,95933.3,96211.3,95933.3,96163.0,702.716,67546962.5497
2025-02-12 11:30:00,96163.0,96344.0,96000.0,96045.3,705.022,67817586.0774
2025-02-12 12:00:00,96045.3,96300.0,96045.2,96165.5,972.55,93522574.7956
2025-02-12 12:30:00,96165.5,96224.0,95875.3,95932.4,915.601,87964855.7247
2025-02-12 13:00:00,95932.4,96600.0,95725.0,96446.0,4186.009,402633619.4502
2025-02-12 13:30:00,96446.0,96559.0,94001.2,94912.2,22702.254,2153613221.3565
2025-02-12 14:00:00,94912.2,95150.0,94522.3,94651.2,4039.975,383173796.892
2025-02-12 14:30:00,94651.2,95650.0,94446.0,95589.9,6130.523,583980594.6044
2025-02-12 15:00:00,95589.9,95973.9,94675.0,95553.6,8175.185,779011544.2357
2025-02-12 15:30:00,95553.6,95826.2,95419.4,95767.2,2759.233,263943474.7136
2025-02-12 16:00:00,95767.2,95768.6,95060.0,95332.7,3297.05,314535555.1392
2025-02-12 16:30:00,95332.7,97095.0,95311.0,96954.7,7066.673,681144319.9876
2025-02-12 17:00:00,96954.7,97500.0,96732.3,97499.9,7005.844,680145998.2753
2025-02-12 17:30:00,97499.9,97675.0,97067.6,97321.3,3750.504,365250544.7893
2025-02-12 18:00:00,97321.3,97418.7,96579.0,96756.7,2314.917,224398570.0148
2025-02-12 18:30:00,96756.7,97023.2,96564.3,96872.4,1171.429,113419063.9059
2025-02-12 19:00:00,96872.4,96930.9,96301.0,96710.0,1904.133,183932047.2228
2025-02-12 19:30:00,96710.0,97250.0,96709.0,97170.3,1239.593,120233180.6659
2025-02-12 20:00:00,97170.3,97600.0,96932.7,97381.0,1627.424,158398726.4317
2025-02-12 20:30:00,97381.0,97392.0,96881.3,96994.6,1122.082,108951418.6213
2025-02-12 21:00:00,96994.6,97573.8,96805.3,97399.9,2081.077,202397614.6711
2025-02-12 21:30:00,97399.9,97878.0,97399.9,97606.9,1634.836,159647502.6847
2025-02-12 22:00:00,97606.9,97924.4,97369.2,97902.5,1465.349,143112056.6424
2025-02-12 22:30:00,97902.5,98089.1,97529.4,97772.3,2320.939,227179826.8991
2025-02-12 23:00:00,97772.3,97981.2,97646.0,97669.2,1228.744,120242975.5642
2025-02-12 23:30:00,97669.2,97860.7,97555.0,97828.1,872.608,85212707.4301
2025-02-13 00:00:00,97828.1,97828.1,97500.0,97671.5,874.299,85357511.4714
2025-02-13 00:30:00,97671.5,97792.2,97523.2,97782.9,677.297,66142956.5919
2025-02-13 01:00:00,97782.9,97892.8,97700.5,97859.6,485.614,47493578.5543
2025-02-13 01:30:00,97859.6,98047.0,97726.7,97939.8,821.252,80412016.6559
2025-02-13 02:00:00,97939.8,97939.8,97600.1,97605.0,580.825,56772103.1655
2025-02-13 02:30:00,97605.0,97695.4,97328.3,97442.2,820.592,80009849.5614
2025-02-13 03:00:00,97442.2,97595.6,97418.0,97444.9,437.659,42678719.9069
2025-02-13 03:30:00,97444.9,97567.6,97409.6,97462.7,211.661,20634592.8432
2025-02-13 04:00:00,97462.7,97524.3,97263.5,97299.3,519.182,50550792.6767
2025-02-13 04:30:00,97299.3,97299.4,96720.9,96904.1,1970.374,191160698.8356
2025-02-13 05:00:00,96904.1,96907.5,96453.3,96782.5,2046.681,197822248.2407
2025-02-13 05:30:00,96782.5,96782.5,96571.9,96622.4,664.083,64210803.5427
2025-02-13 06:00:00,96622.4,96725.3,96340.0,96484.4,1481.15,142929569.5037
2025-02-13 06:30:00,96484.4,96484.4,95788.0,96006.2,4388.933,421502897.6607
2025-02-13 07:00:00,96006.2,96197.9,95875.0,96017.0,1531.173,147027630.2279
2025-02-13 07:30:00,96017.0,96154.6,95885.7,96023.0,1337.285,128413142.8855
2025-02-13 08:00:00,96023.0,96135.3,95804.0,96000.0,1208.924,116014337.739
2025-02-13 08:30:00,96000.0,96040.1,95610.0,95904.1,1688.826,161846479.2771
2025-02-13 09:00:00,95904.1,96161.4,95719.3,96092.5,1408.597,135287923.935
2025-02-13 09:30:00,96092.5,96257.0,96056.5,96213.6,1497.07,144001960.9872
2025-02-13 10:00:00,96213.6,96307.4,96100.0,96174.1,717.322,69001102.0193
2025-02-13 10:30:00,96174.1,96244.2,96106.5,96132.0,721.519,69368228.0364
2025-02-13 11:00:00,96132.0,96250.0,96056.5,96084.1,657.852,63260522.0739
2025-02-13 11:30:00,96084.1,96084.2,95310.1,95890.0,4769.312,456878278.9643
2025-02-13 12:00:00,95890.0,96023.0,95659.1,95836.9,1309.437,125494699.2694
2025-02-13 12:30:00,95836.9,96036.7,95727.8,95779.7,811.038,77780469.2772
2025-02-13 13:00:00,95779.7,95972.1,95587.1,95785.5,1148.008,109992252.8222
2025-02-13 13:30:00,95785.5,96260.3,95711.9,96029.9,4444.032,426715140.9624
2025-02-13 14:00:00,96029.9,96064.6,95694.9,95900.1,1503.69,144127241.9233
2025-02-13 14:30:00,95900.1,96050.0,95250.0,95812.4,5682.79,543676304.6638
2025-02-13 15:00:00,95812.4,96439.5,95500.1,95928.1,4793.097,459884655.4843
2025-02-13 15:30:00,95928.1,96383.3,95701.1,95941.2,2997.937,287911872.8304
2025-02-13 16:00:00,95941.2,95955.5,95312.5,95401.1,3204.018,306328690.1329
2025-02-13 16:30:00,95401.1,95585.9,95156.1,95302.4,2939.568,280328300.0209
2025-02-13 17:00:00,95302.4,95844.5,95247.5,95761.2,2024.974,193592783.6593
2025-02-13 17:30:00,95761.2,95977.3,95608.5,95645.0,1560.296,149500396.7329
2025-02-13 18:00:00,95645.0,95742.0,95289.6,95655.3,1432.117,136782944.062
2025-02-13 18:30:00,95655.3,95949.9,95432.0,95935.2,1379.4,132013552.1228
2025-02-13 19:00:00,95935.2,96347.9,95787.4,95835.4,2939.345,282486289.1737
2025-02-13 19:30:00,95835.4,95860.6,95531.3,95594.3,1308.757,125196960.4471
2025-02-13 20:00:00,95594.3,96203.0,95553.2,96104.0,1644.884,157854155.5609
2025-02-13 20:30:00,96104.0,96265.4,95977.0,96228.0,1833.581,176292547.5823
2025-02-13 21:00:00,96228.0,96540.5,96216.1,96390.7,1363.858,131463084.3523
2025-02-13 21:30:00,96390.7,96808.5,96320.1,96444.4,2356.47,227572475.6097
2025-02-13 22:00:00,96444.4,96568.7,96367.8,96440.6,537.354,51842116.6465
2025-02-13 22:30:00,96440.6,96500.0,96228.1,96376.9,816.039,78648294.3613
2025-02-13 23:00:00,96376.9,96440.0,96283.7,96413.2,645.667,62224134.7392
2025-02-13 23:30:00,96413.2,96596.9,96380.1,96570.7,596.749,57594868.3652
2025-02-14 00:00:00,96570.7,96847.9,96500.0,96825.4,833.875,80616603.3674
2025-02-14 00:30:00,96825.4,96995.8,96527.6,96723.2,1102.904,106689597.3007
2025-02-14 01:00:00,96723.2,96869.3,96614.3,96648.0,676.892,65487078.9875
2025-02-14 01:30:00,96648.0,96686.7,96330.7,96505.4,1056.684,101940863.9038
2025-02-14 02:00:00,96505.4,96800.0,96412.1,96648.0,1039.905,100542349.4561
2025-02-14 02:30:00,96648.0,96733.0,96479.4,96499.5,397.682,38420658.4277
2025-02-14 03:00:00,96499.5,96719.8,96491.3,96611.0,790.432,76374785.8743
2025-02-14 03:30:00,96611.0,97173.8,96610.9,97109.0,1728.097,167561644.4652
2025-02-14 04:00:00,97109.0,97216.8,96817.7,96848.0,1221.409,118472959.7564
2025-02-14 04:30:00,96848.0,96885.3,96723.2,96730.0,478.809,46351081.6392
2025-02-14 05:00:00,96730.0,96874.1,96730.0,96774.2,341.277,33030404.3118
2025-02-14 05:30:00,96774.2,96774.2,96512.6,96650.0,640.553,61903705.486
2025-02-14 06:00:00,96650.0,96827.1,96586.1,96717.1,736.634,71240211.6718
2025-02-14 06:30:00,96717.1,96832.9,96567.1,96799.8,540.401,52261665.6939
2025-02-14 07:00:00,96799.8,96999.9,96785.7,96999.8,1114.506,108012501.9779
2025-02-14 07:30:00,96999.8,97045.9,96907.8,96907.8,811.526,78695430.4922
2025-02-14 08:00:00,96907.8,96986.9,96761.2,96970.4,946.441,91679638.9683
2025-02-14 08:30:00,96970.4,96991.2,96757.8,96849.9,506.776,49087902.2123
2025-02-14 09:00:00,96849.9,97039.5,96798.7,97002.9,672.673,65222256.7143
2025-02-14 09:30:00,97002.9,97123.7,96965.8,97075.4,942.438,91467741.6875
2025-02-14 10:00:00,97075.4,97171.7,96927.5,96967.1,731.438,71016168.1828
2025-02-14 10:30:00,96967.1,97096.8,96927.1,96973.3,426.811,41398280.3609
2025-02-14 11:00:00,96973.3,97090.0,96810.0,96810.0,758.698,73585860.9726
2025-02-14 11:30:00,96810.0,96926.2,96760.1,96843.9,943.006,91313999.0773
2025-02-14 12:00:00,96843.9,96844.0,96580.0,96690.0,1198.237,115863066.167
2025-02-14 12:30:00,96690.0,96800.1,96440.7,96615.0,1202.629,116173309.7057
2025-02-14 13:00:00,96615.0,96669.9,96405.3,96459.8,1011.413,97636977.5224
2025-02-14 13:30:00,96459.8,96950.0,96459.8,96754.8,2000.117,193552847.9166
2025-02-14 14:00:00,96754.8,96885.8,96566.0,96582.7,825.729,79880408.1565
2025-02-14 14:30:00,96582.7,97569.9,96540.0,97260.0,4951.177,481232906.1503
2025-02-14 15:00:00,97260.0,97377.6,96200.0,96379.9,5579.537,539389693.6022
2025-02-14 15:30:00,96379.9,97077.4,96314.9,96886.3,2542.324,245976968.5453
2025-02-14 16:00:00,96886.3,97000.0,96436.8,96724.4,2361.928,228372333.5623
2025-02-14 16:30:00,96724.4,97688.1,96601.0,97626.0,3473.573,337558017.9479
2025-02-14 17:00:00,97626.0,97626.0,97100.1,97332.1,3478.34,338801555.7288
2025-02-14 17:30:00,97332.1,98821.0,97261.6,98506.2,6002.599,589661870.6305
2025-02-14 18:00:00,98506.2,98720.0,98125.0,98255.8,3722.306,366448421.2635
2025-02-14 18:30:00,98255.8,98472.8,98146.7,98171.0,1638.193,161074500.1719
2025-02-14 19:00:00,98171.0,98417.3,98127.0,98146.4,1225.223,120452676.6185
2025-02-14 19:30:00,98146.4,98270.2,97640.2,97911.2,2774.433,271762363.8374
2025-02-14 20:00:00,97911.2,98262.8,97788.2,97942.2,1489.668,146025314.8973
2025-02-14 20:30:00,97942.2,97976.4,96926.8,97136.0,3557.054,346460230.9852
2025-02-14 21:00:00,97136.0,97297.0,96639.0,97034.6,3546.584,343762310.8096
2025-02-14 21:30:00,97034.6,97464.4,97006.3,97407.7,1450.156,141050170.218
2025-02-14 22:00:00,97407.7,97491.1,97258.1,97412.2,655.249,63813863.02
2025-02-14 22:30:00,97412.2,97412.2,96885.2,97083.4,1274.8,123768430.2575
2025-02-14 23:00:00,97083.4,97348.9,96943.0,97264.0,753.774,73245706.1795
2025-02-14 23:30:00,97264.0,97471.4,97239.9,97450.1,726.977,70790695.3651
2025-02-15 00:00:00,97450.1,97482.9,97282.2,97315.2,1033.807,100666913.5329
2025-02-15 00:30:00,97315.2,97442.2,97175.8,97422.8,614.614,59792302.885
2025-02-15 01:00:00,97422.8,97688.8,97400.0,97631.8,1024.631,99980028.9867
2025-02-15 01:30:00,97631.8,97788.3,97527.1,97746.7,1035.22,101114912.4004
2025-02-15 02:00:00,97746.7,97870.9,97629.7,97629.8,586.972,57389875.7813
2025-02-15 02:30:00,97629.8,97815.8,97580.2,97808.0,903.548,88256179.5251
2025-02-15 03:00:00,97808.0,97933.0,97761.0,97767.7,371.77,36377977.8427
2025-02-15 03:30:00,97767.7,97767.7,97596.0,97625.6,614.951,60061241.8756
2025-02-15 04:00:00,97625.6,97746.8,97551.0,97635.2,400.568,39121019.0305
2025-02-15 04:30:00,97635.2,97643.7,97427.8,97480.2,614.482,59912362.6007
2025-02-15 05:00:00,97480.2,97540.8,97387.6,97525.0,235.143,22920378.1363
2025-02-15 05:30:00,97525.0,97598.9,97482.5,97550.9,250.834,24465795.602
2025-02-15 06:00:00,97550.9,97617.3,97466.1,97573.3,558.987,54517164.9655
2025-02-15 06:30:00,97573.3,97575.0,97363.2,97436.1,412.719,40214250.0251
2025-02-15 07:00:00,97436.1,97470.6,97303.1,97408.3,406.051,39538535.3721
2025-02-15 07:30:00,97408.3,97442.2,97303.5,97303.5,470.962,45859785.4553
2025-02-15 08:00:00,97303.5,97457.2,97258.1,97408.9,497.86,48467613.226
2025-02-15 08:30:00,97408.9,97500.0,97399.9,97469.3,307.623,29981258.7901
2025-02-15 09:00:00,97469.3,97560.0,97400.1,97415.6,339.678,33116937.6776
2025-02-15 09:30:00,97415.6,97553.4,97381.5,97520.0,246.056,23989363.3336
2025-02-15 10:00:00,97520.0,97541.0,97400.0,97535.9,240.113,23399194.0293
2025-02-15 10:30:00,97535.9,97695.2,97477.7,97620.0,427.299,41707097.536
2025-02-15 11:00:00,97620.0,97641.2,97444.0,97551.0,324.08,31605475.7109
2025-02-15 11:30:00,97551.0,97624.9,97455.6,97581.6,308.019,30048460.5914
2025-02-15 12:00:00,97581.6,97613.3,97491.2,97605.0,216.446,21118266.3151
2025-02-15 12:30:00,97605.0,97791.1,97490.1,97714.8,1190.34,116236196.9266
2025-02-15 13:00:00,97714.8,97790.7,97633.0,97759.8,442.674,43259928.4783
2025-02-15 13:30:00,97759.8,97898.8,97620.9,97666.0,641.661,62731085.9167
2025-02-15 14:00:00,97666.0,97714.9,97503.3,97521.6,810.732,79121406.918
2025-02-15 14:30:00,97521.6,97590.0,97370.0,97560.3,811.419,79089192.0671
2025-02-15 15:00:00,97560.3,97703.0,97535.2,97569.6,487.936,47632719.8859
2025-02-15 15:30:00,97569.6,97676.9,97507.0,97599.3,265.425,25903775.3028
2025-02-15 16:00:00,97599.3,97677.8,97516.7,97559.7,312.312,30478687.5766
2025-02-15 16:30:00,97559.7,97559.7,97425.3,97498.9,327.466,31921635.4176
2025-02-15 17:00:00,97498.9,97538.3,97304.9,97372.0,683.957,66625595.5992
2025-02-15 17:30:00,97372.0,97378.4,97268.9,97367.1,706.864,68783808.8626
2025-02-15 18:00:00,97367.1,97498.7,97322.3,97403.6,647.214,63044698.1007
2025-02-15 18:30:00,97403.6,97540.2,97395.3,97491.8,411.571,40121276.7757
2025-02-15 19:00:00,97491.8,97608.8,97491.8,97598.4,311.433,30385226.8507
2025-02-15 19:30:00,97598.4,97598.4,97475.0,97486.8,260.079,25366675.815
2025-02-15 20:00:00,97486.8,97601.8,97466.0,97530.2,786.118,76675656.0024
2025-02-15 20:30:00,97530.2,97530.2,97349.9,97486.6,542.784,52869454.3291
2025-02-15 21:00:00,97486.6,97650.3,97486.6,97588.0,746.974,72885332.1183
2025-02-15 21:30:00,97588.0,97652.3,97532.5,97647.6,306.174,29884722.3894
2025-02-15 22:00:00,97647.6,97700.0,97400.8,97412.0,291.731,28479242.9592
2025-02-15 22:30:00,97412.0,97527.8,97367.5,97504.9,567.81,55331614.0249
2025-02-15 23:00:00,97504.9,97598.0,97369.6,97559.6,2310.365,225124433.8767
2025-02-15 23:30:00,97559.6,97594.6,97477.0,97533.9,321.053,31307238.0316
2025-02-16 00:00:00,97533.9,97666.0,97517.1,97628.7,288.004,28113217.5718
2025-02-16 00:30:00,97628.7,97678.7,97533.4,97546.0,323.528,31577298.4076
2025-02-16 01:00:00,97546.0,97599.6,97500.0,97544.9,209.554,20442557.5286
2025-02-16 01:30:00,97544.9,97620.0,97495.2,97603.0,120.15,11723302.4525
2025-02-16 02:00:00,97603.0,97609.3,97499.0,97599.5,434.705,42407684.3973
2025-02-16 02:30:00,97599.5,97608.8,97425.6,97480.4,476.109,46424245.9074
2025-02-16 03:00:00,97480.4,97480.4,97299.8,97434.9,768.119,74824503.6743
2025-02-16 03:30:00,97434.9,97490.8,97371.5,97490.7,490.609,47802487.8347
2025-02-16 04:00:00,97490.7,97530.0,97430.8,97445.1,207.285,20207420.7838
2025-02-16 04:30:00,97445.1,97508.2,97422.9,97480.7,411.897,40146554.9529
2025-02-16 05:00:00,97480.7,97490.8,97424.7,97464.4,225.512,21976358.1138
2025-02-16 05:30:00,97464.4,97620.2,97425.2,97547.0,436.314,42556631.7177
2025-02-16 06:00:00,97547.0,97547.0,97487.7,97544.9,186.017,18138766.0094
2025-02-16 06:30:00,97544.9,97565.0,97384.5,97429.7,213.672,20826378.24
2025-02-16 07:00:00,97429.7,97429.8,97310.3,97329.6,403.477,39282153.4298
2025-02-16 07:30:00,97329.6,97371.9,97164.0,97200.9,623.497,60634234.2913
2025-02-16 08:00:00,97200.9,97283.6,97150.0,97208.7,486.532,47300067.3891
2025-02-16 08:30:00,97208.7,97258.8,97080.0,97116.1,506.57,49208978.6889
2025-02-16 09:00:00,97116.1,97159.6,97012.0,97138.9,661.279,64195292.5591
2025-02-16 09:30:00,97138.9,97320.1,97120.6,97314.7,525.957,51141240.568
2025-02-16 10:00:00,97314.7,97341.9,97193.1,97206.4,371.055,36089341.0819
2025-02-16 10:30:00,97206.4,97276.1,97120.0,97133.0,356.185,34621958.3331
2025-02-16 11:00:00,97133.0,97247.8,97110.5,97233.3,211.425,20544547.7788
2025-02-16 11:30:00,97233.3,97290.7,97166.3,97288.2,177.129,17223893.3854
2025-02-16 12:00:00,97288.2,97288.3,97153.4,97210.1,257.048,24987312.2548
2025-02-16 12:30:00,97210.1,97210.1,97061.3,97087.1,363.654,35318007.9456
2025-02-16 13:00:00,97087.1,97206.3,96950.1,97059.9,1161.718,112767534.0612
2025-02-16 13:30:00,97059.9,97138.9,96713.8,96809.6,1639.994,158864376.3673
2025-02-16 14:00:00,96809.6,96908.0,96636.0,96794.4,1520.344,147081852.4087
2025-02-16 14:30:00,96794.4,96987.3,96700.0,96926.5,1070.744,103696912.5563
2025-02-16 15:00:00,96926.5,97038.6,96860.9,97020.0,879.434,85271889.625
2025-02-16 15:30:00,97020.0,97020.0,96850.1,96850.1,380.351,36868942.7172
2025-02-16 16:00:00,96850.1,97044.6,96824.2,97018.4,467.054,45271865.842
2025-02-16 16:30:00,97018.4,97070.6,96900.0,97005.0,231.724,22474462.0778
2025-02-16 17:00:00,97005.0,97119.4,96974.8,97035.1,293.29,28465329.4531
2025-02-16 17:30:00,97035.1,97035.1,96863.1,96921.2,424.7,41164945.1872
2025-02-16 18:00:00,96921.2,96936.8,96669.0,96718.2,902.244,87323161.8213
2025-02-16 18:30:00,96718.2,96923.1,96500.0,96818.2,2076.364,200899366.0564
2025-02-16 19:00:00,96818.2,96941.2,96715.8,96889.8,955.634,92536337.3971
2025-02-16 19:30:00,96889.8,97069.0,96882.1,97021.5,602.403,58441934.4869
2025-02-16 20:00:00,97021.5,97137.8,96941.4,97000.1,559.688,54318273.504
2025-02-16 20:30:00,97000.1,97000.1,96807.0,96856.3,411.305,39853525.1057
2025-02-16 21:00:00,96856.3,96977.7,96796.3,96933.0,354.141,34307485.4325
2025-02-16 21:30:00,96933.0,97247.2,96915.7,97131.1,1049.489,101916150.4141
2025-02-16 22:00:00,97131.1,97147.7,96613.3,96847.2,1013.071,98147982.1764
2025-02-16 22:30:00,96847.2,96900.0,96513.0,96827.9,1123.156,108639171.6141
2025-02-16 23:00:00,96827.9,96833.3,96108.5,96170.5,3318.969,319744818.3208
2025-02-16 23:30:00,96170.5,96195.9,96000.0,96060.1,2171.795,208684081.1676
2025-02-17 00:00:00,96060.1,96400.0,95980.1,96369.9,1511.884,145413566.135
2025-02-17 00:30:00,96369.9,96380.0,96132.0,96257.1,942.086,90688650.6974
2025-02-17 01:00:00,96257.1,96382.0,96026.7,96185.9,840.356,80852781.7617
2025-02-17 01:30:00,96185.9,96480.0,96167.4,96445.1,883.357,85098991.2438
2025-02-17 02:00:00,96445.1,96580.0,96266.0,96407.5,635.513,61280013.5067
2025-02-17 02:30:00,96407.5,96423.9,96102.9,96169.1,620.563,59723401.9185
2025-02-17 03:00:00,96169.1,96174.6,96003.5,96137.0,795.333,76421387.1103
2025-02-17 03:30:00,96137.0,96234.5,96100.0,96165.4,361.656,34773609.2343
2025-02-17 04:00:00,96165.4,96172.5,95936.0,96172.5,794.425,76298511.455
2025-02-17 04:30:00,96172.5,96208.3,95971.8,95971.9,675.207,64863719.4119
2025-02-17 05:00:00,95971.9,96270.1,95730.3,95980.1,2064.819,198149609.5842
2025-02-17 05:30:00,95980.1,96237.7,95966.1,96193.4,568.696,54675537.8972
2025-02-17 06:00:00,96193.4,96386.8,96168.0,96345.7,862.168,83039533.0717
2025-02-17 06:30:00,96345.7,96420.0,96221.7,96347.0,672.401,64774360.5094
2025-02-17 07:00:00,96347.0,96429.0,96060.5,96120.7,751.352,72283204.2043
2025-02-17 07:30:00,96120.7,96138.1,95859.9,96023.0,1219.376,117029789.0121
2025-02-17 08:00:00,96023.0,96170.0,95888.9,96013.0,634.661,60964079.4409
2025-02-17 08:30:00,96013.0,96268.0,95921.6,96112.2,1486.933,142866806.6391
2025-02-17 09:00:00,96112.2,96237.1,96038.4,96203.8,683.458,65717199.3093
2025-02-17 09:30:00,96203.8,96271.0,96109.5,96120.3,628.852,60485227.3355
2025-02-17 10:00:00,96120.3,96357.6,96106.3,96234.1,1126.616,108470037.6094
2025-02-17 10:30:00,96234.1,96234.1,96007.9,96062.2,816.507,78453181.7032
2025-02-17 11:00:00,96062.2,96255.9,96010.1,96125.1,564.242,54252076.4399
2025-02-17 11:30:00,96125.1,96148.9,95950.6,96019.8,847.041,81329743.5493
2025-02-17 12:00:00,96019.8,96324.3,96015.1,96250.7,918.22,88344474.8854
2025-02-17 12:30:00,96250.7,96479.7,96160.1,96415.3,917.071,88344338.2112
2025-02-17 13:00:00,96415.3,96447.6,96251.9,96289.6,678.144,65330208.175
2025-02-17 13:30:00,96289.6,96364.9,96203.0,96364.9,375.267,36134643.17
2025-02-17 14:00:00,96364.9,96988.3,96350.3,96553.8,3280.418,317264190.9057
2025-02-17 14:30:00,96553.8,96764.2,96548.0,96752.8,1133.26,109542341.907
2025-02-17 15:00:00,96752.8,96850.0,96428.8,96480.6,1391.207,134444131.0139
2025-02-17 15:30:00,96480.6,96480.7,95514.7,95613.5,6466.68,620322749.9429
2025-02-17 16:00:00,95613.5,95895.0,95410.0,95458.1,3066.779,293327278.926
2025-02-17 16:30:00,95458.1,95644.0,95260.0,95286.4,2229.453,212689723.7049
2025-02-17 17:00:00,95286.4,95696.7,95269.7,95344.2,1884.092,179900081.9992
2025-02-17 17:30:00,95344.2,95650.3,95234.2,95431.4,1318.965,125909668.2128
2025-02-17 18:00:00,95431.4,95728.9,95309.1,95459.7,1059.055,101159262.7102
2025-02-17 18:30:00,95459.7,95459.7,95208.9,95294.9,1226.443,116893578.2869
2025-02-17 19:00:00,95294.9,95445.8,95160.0,95380.0,1560.332,148693381.654
2025-02-17 19:30:00,95380.0,95553.0,95318.3,95500.1,949.65,90648122.6218
2025-02-17 20:00:00,95500.1,95830.8,95448.5,95752.7,950.661,90927854.9051
2025-02-17 20:30:00,95752.7,96230.6,95671.3,95920.7,1957.61,187929740.2386
2025-02-17 21:00:00,95920.7,96081.8,95868.1,96073.9,1149.712,110347704.4795
2025-02-17 21:30:00,96073.9,96370.0,96020.0,96362.9,1542.757,148376355.0861
2025-02-17 22:00:00,96362.9,96369.9,96052.0,96096.7,775.898,74623485.8287
2025-02-17 22:30:00,96096.7,96112.3,95810.0,95837.9,642.026,61601891.6833
2025-02-17 23:00:00,95837.9,95965.9,95713.5,95719.9,680.036,65168390.4619
2025-02-17 23:30:00,95719.9,95846.2,95654.6,95735.0,594.319,56903715.5452
2025-02-18 00:00:00,95735.0,95996.0,95511.0,95551.6,1244.79,119206377.9545
2025-02-18 00:30:00,95551.6,95710.0,95500.0,95593.1,502.424,48026451.6912
2025-02-18 01:00:00,95593.1,96090.0,95557.5,95959.4,1198.861,114979788.8484
2025-02-18 01:30:00,95959.4,96249.5,95947.3,96215.2,973.152,93505302.5892
2025-02-18 02:00:00,96215.2,96274.0,96032.5,96169.7,798.842,76818061.3032
2025-02-18 02:30:00,96169.7,96228.0,95972.0,96018.1,620.388,59604516.8867
2025-02-18 03:00:00,96018.1,96196.5,95955.0,96153.5,670.409,64434631.8627
2025-02-18 03:30:00,96153.5,96245.2,96109.6,96150.7,400.358,38511392.2688
2025-02-18 04:00:00,96150.7,96251.5,96041.3,96061.8,503.321,48396121.998
2025-02-18 04:30:00,96061.8,96190.4,95921.7,96026.0,438.461,42115090.2849
2025-02-18 05:00:00,96026.0,96063.5,95703.6,95824.4,928.367,88989216.4676
2025-02-18 05:30:00,95824.4,95880.1,95489.4,95553.9,1246.341,119200210.2614
2025-02-18 06:00:00,95553.9,95592.8,95240.0,95384.8,2052.918,195794832.3974
2025-02-18 06:30:00,95384.8,95555.2,95193.6,95340.1,2223.741,212020282.4809
2025-02-18 07:00:00,95340.1,95545.0,95262.4,95527.6,1118.806,106765739.1992
2025-02-18 07:30:00,95527.6,95677.8,95371.8,95410.1,799.606,76362030.7008
2025-02-18 08:00:00,95410.1,95495.1,95207.0,95411.1,961.35,91621369.6604
2025-02-18 08:30:00,95411.1,95536.1,94988.0,95191.1,2481.803,236120651.4658
2025-02-18 09:00:00,95191.1,95736.9,95107.2,95600.1,2033.48,194152472.5927
2025-02-18 09:30:00,95600.1,95749.2,95540.6,95741.8,684.683,65478352.4828
2025-02-18 10:00:00,95741.8,95835.0,95587.2,95676.0,671.947,64316426.8977
2025-02-18 10:30:00,95676.0,95835.0,95634.0,95706.8,464.366,44459149.9898
2025-02-18 11:00:00,95706.8,95706.9,95517.1,95696.3,436.199,41708072.4732
2025-02-18 11:30:00,95696.3,95743.0,95530.0,95594.4,387.075,37015293.3035
2025-02-18 12:00:00,95594.4,95946.8,95559.8,95899.2,819.384,78498998.8649
2025-02-18 12:30:00,95899.2,96249.4,95875.3,96147.2,1950.375,187464164.6163
2025-02-18 13:00:00,96147.2,96441.4,96142.8,96200.6,1967.125,189349272.0341
2025-02-18 13:30:00,96200.6,96293.6,96064.4,96192.8,902.983,86865752.3764
2025-02-18 14:00:00,96192.8,96730.9,96083.4,96468.1,2251.491,217097994.7755
2025-02-18 14:30:00,96468.1,96582.9,95350.1,95501.8,5744.858,550760139.0709
2025-02-18 15:00:00,95501.8,95698.2,95313.0,95357.6,2803.563,267610044.7796
2025-02-18 15:30:00,95357.6,95678.8,95153.0,95518.1,2383.731,227501865.2092
2025-02-18 16:00:00,95518.1,95613.1,95206.1,95222.1,1672.606,159555899.0726
2025-02-18 16:30:00,95222.1,95233.0,94550.0,94599.9,7030.985,666561456.8705
2025-02-18 17:00:00,94599.9,94838.2,94389.7,94476.7,2462.281,232896920.0944
2025-02-18 17:30:00,94476.7,94490.0,94024.4,94069.5,4565.522,430185713.6931
2025-02-18 18:00:00,94069.5,94310.1,93700.0,94004.3,5483.829,515335382.7204
2025-02-18 18:30:00,94004.3,94004.4,93550.0,93882.5,4471.8,419272978.3947
2025-02-18 19:00:00,93882.5,93882.5,93318.1,93632.7,4483.06,419276164.0402
2025-02-18 19:30:00,93632.7,94370.5,93560.0,94066.0,3018.541,283809157.907
2025-02-18 20:00:00,94066.0,94444.5,93918.5,94183.6,1633.439,153858987.7864
2025-02-18 20:30:00,94183.6,94319.9,93682.3,94164.9,2139.292,201039966.2475
2025-02-18 21:00:00,94164.9,95320.4,94083.9,95141.5,6814.206,646615449.5762
2025-02-18 21:30:00,95141.5,95208.5,94674.6,95040.0,1938.636,184002375.037
2025-02-18 22:00:00,95040.0,95400.0,94840.3,95377.8,1167.782,111087532.8099
2025-02-18 22:30:00,95377.8,95507.6,95152.1,95264.4,1701.138,162187965.2286
2025-02-18 23:00:00,95264.4,95592.6,95223.3,95536.0,1143.391,109122189.0972
2025-02-18 23:30:00,95536.0,95650.0,95311.0,95618.8,882.318,84225500.3711
2025-02-19 00:00:00,95618.8,95800.0,95373.0,95435.5,1469.567,140489920.4318
2025-02-19 00:30:00,95435.5,95601.0,95223.4,95303.9,1145.347,109316786.1433
2025-02-19 01:00:00,95303.9,95349.3,95008.6,95176.6,1106.398,105286956.8023
2025-02-19 01:30:00,95176.6,95439.0,95108.7,95438.9,869.148,82799476.0228
2025-02-19 02:00:00,95438.9,95696.9,95414.6,95519.3,974.82,93133707.3185
2025-02-19 02:30:00,95519.3,95923.4,95506.7,95793.7,1017.197,97405202.5364
2025-02-19 03:00:00,95793.7,95800.0,95544.5,95670.2,678.178,64885251.5019
2025-02-19 03:30:00,95670.2,95774.3,95571.5,95678.0,477.431,45686066.1766
2025-02-19 04:00:00,95678.0,95736.9,95472.0,95506.0,561.529,53675014.1188
2025-02-19 04:30:00,95506.0,95582.6,95191.9,95192.0,1195.907,114060090.8437
2025-02-19 05:00:00,95192.0,95266.1,95018.5,95082.9,1779.085,169253274.2254
2025-02-19 05:30:00,95082.9,95320.3,95082.8,95248.0,791.897,75418145.0371
2025-02-19 06:00:00,95248.0,95369.8,95193.8,95357.7,538.579,51323455.2174
2025-02-19 06:30:00,95357.7,95649.1,95310.0,95584.4,1107.071,105731716.873
2025-02-19 07:00:00,95584.4,95743.0,95546.9,95615.9,1220.129,116703955.6226
2025-02-19 07:30:00,95615.9,95817.5,95607.6,95660.0,1041.717,99700616.2299
2025-02-19 08:00:00,95660.0,95831.1,95629.9,95786.0,706.101,67600743.7895
2025-02-19 08:30:00,95786.0,95861.8,95588.1,95596.2,940.113,89985014.3866
2025-02-19 09:00:00,95596.2,95785.0,95595.6,95753.5,597.069,57139803.6092
2025-02-19 09:30:00,95753.5,96011.0,95716.0,95913.2,1553.509,148989402.9347
2025-02-19 10:00:00,95913.2,96457.7,95912.5,96284.0,3874.317,373000502.4419
2025-02-19 10:30:00,96284.0,96336.8,96120.8,96305.6,1131.006,108850855.5281
2025-02-19 11:00:00,96305.6,96361.1,96177.9,96229.4,967.283,93143135.9358
2025-02-19 11:30:00,96229.4,96419.6,96197.4,96407.9,976.367,94018739.1388
2025-02-19 12:00:00,96407.9,96489.7,96297.0,96420.6,1311.44,126424264.0869
2025-02-19 12:30:00,96420.6,96420.6,96155.0,96157.2,1347.189,129638417.7116
2025-02-19 13:00:00,96157.2,96275.9,96157.2,96210.9,821.744,79080221.4982
2025-02-19 13:30:00,96210.9,96459.6,96175.7,96265.3,841.949,81117370.9898
2025-02-19 14:00:00,96265.3,96359.3,95975.0,96341.1,1589.719,152854826.3609
2025-02-19 14:30:00,96341.1,96676.5,95653.8,95732.0,5574.324,536255318.8696
2025-02-19 15:00:00,95732.0,96151.4,95500.0,95942.9,3881.732,371784882.0803
2025-02-19 15:30:00,95942.9,96375.4,95868.1,95904.4,2630.764,253049400.7627
2025-02-19 16:00:00,95904.4,96356.6,95903.6,96296.5,1229.969,118301288.2723
2025-02-19 16:30:00,96296.5,96327.3,96000.0,96279.9,1239.781,119220242.3785
2025-02-19 17:00:00,96279.9,96440.4,96168.0,96188.2,1006.322,96910850.5071
2025-02-19 17:30:00,96188.2,96461.0,96088.5,96359.3,932.844,89874793.9658
2025-02-19 18:00:00,96359.3,96389.7,95828.3,95990.2,1755.327,168560618.8694
2025-02-19 18:30:00,95990.2,96035.9,95592.6,95630.4,1238.82,118638084.2753
2025-02-19 19:00:00,95630.4,96178.3,95370.0,95912.8,3181.6,304589935.553
2025-02-19 19:30:00,95912.8,96190.6,95850.0,96168.6,962.998,92476474.1267
2025-02-19 20:00:00,96168.6,96462.1,96066.1,96235.9,1468.681,141428075.7492
2025-02-19 20:30:00,96235.9,96421.6,96081.1,96130.5,1091.979,105126684.5312
2025-02-19 21:00:00,96130.5,96425.4,96014.2,96380.9,1042.49,100350103.8634
2025-02-19 21:30:00,96380.9,96447.8,96172.3,96281.4,762.158,73411713.8578
2025-02-19 22:00:00,96281.4,96590.7,96272.8,96458.2,824.604,79532777.9187
2025-02-19 22:30:00,96458.2,96532.9,96302.1,96507.8,453.394,43728973.1015
2025-02-19 23:00:00,96507.8,96897.1,96494.0,96636.6,1940.887,187681979.8432
2025-02-19 23:30:00,96636.6,96691.9,96524.4,96616.4,474.258,45817012.2632
2025-02-20 00:00:00,96616.4,96666.7,96386.5,96484.4,630.611,60870197.3523
2025-02-20 00:30:00,96484.4,96828.0,96389.3,96825.9,717.246,69286883.5956
2025-02-20 01:00:00,96825.9,96974.4,96657.4,96671.1,1199.184,116071735.1297
2025-02-20 01:30:00,96671.1,96752.6,96605.3,96752.5,621.841,60111410.8708
2025-02-20 02:00:00,96752.5,96929.6,96736.8,96834.4,755.229,73135400.8883
2025-02-20 02:30:00,96834.4,97268.8,96710.8,97108.8,2149.775,208611574.0269
2025-02-20 03:00:00,97108.8,97419.9,96950.8,96958.9,2490.365,241980462.5454
2025-02-20 03:30:00,96958.9,97092.4,96958.9,97027.3,566.443,54972580.4942
2025-02-20 04:00:00,97027.3,97254.0,97015.6,97228.0,1013.271,98436227.0191
2025-02-20 04:30:00,97228.0,97333.3,97141.7,97198.5,810.353,78785907.4111
2025-02-20 05:00:00,97198.5,97200.8,97012.3,97015.3,857.526,83278502.0188
2025-02-20 05:30:00,97015.3,97118.8,96861.2,96879.6,1093.882,106070073.9648
2025-02-20 06:00:00,96879.6,96940.0,96750.0,96921.2,935.239,90563663.4849
2025-02-20 06:30:00,96921.2,96940.0,96836.3,96878.7,527.325,51092334.6338
2025-02-20 07:00:00,96878.7,96943.9,96786.8,96943.9,510.46,49442675.6021
2025-02-20 07:30:00,96943.9,97074.3,96838.5,96838.5,690.612,66980156.1831
2025-02-20 08:00:00,96838.5,96958.1,96788.0,96958.0,479.119,46397392.6128
2025-02-20 08:30:00,96958.0,97166.4,96924.9,97124.4,784.006,76103808.5584
2025-02-20 09:00:00,97124.4,97234.4,97124.4,97170.8,608.869,59169116.3531
2025-02-20 09:30:00,97170.8,97250.0,97129.3,97155.0,419.704,40789782.3034
2025-02-20 10:00:00,97155.0,97205.0,97079.0,97189.5,355.558,34538447.0685
2025-02-20 10:30:00,97189.5,97330.6,97189.4,97330.6,480.736,46750318.505
2025-02-20 11:00:00,97330.6,97348.3,97223.5,97251.5,518.884,50482697.3568
2025-02-20 11:30:00,97251.5,97253.9,97108.2,97163.9,570.441,55426432.0019
2025-02-20 12:00:00,97163.9,97483.0,97163.8,97373.6,1133.735,110398216.2405
2025-02-20 12:30:00,97373.6,97520.0,97331.3,97388.0,1268.768,123637478.8071
2025-02-20 13:00:00,97388.0,97467.0,97282.7,97367.6,737.848,71852831.2457
2025-02-20 13:30:00,97367.6,97520.0,97218.1,97510.1,1066.859,103882365.444
2025-02-20 14:00:00,97510.1,97947.0,97505.0,97753.4,3613.546,353164558.5304
2025-02-20 14:30:00,97753.4,98000.0,96813.5,96928.2,6419.405,625149658.1133
2025-02-20 15:00:00,96928.2,97218.7,96758.0,97059.7,4655.954,451544181.6374
2025-02-20 15:30:00,97059.7,97320.5,96800.0,96861.0,2437.263,236553177.8418
2025-02-20 16:00:00,96861.0,97683.6,96825.2,97662.1,3082.261,300171559.0045
2025-02-20 16:30:00,97662.1,97939.3,97462.4,97507.2,2492.489,243521256.3992
2025-02-20 17:00:00,97507.2,97936.1,97500.3,97843.8,1308.236,127872122.6775
2025-02-20 17:30:00,97843.8,97986.4,97776.4,97921.2,1156.897,113247776.1707
2025-02-20 18:00:00,97921.2,98399.9,97911.1,98248.9,3735.706,366683931.7161
2025-02-20 18:30:00,98248.9,98400.0,98087.7,98241.3,1395.566,137077207.2099
2025-02-20 19:00:00,98241.3,98489.6,98234.5,98418.6,1632.146,160543507.35
2025-02-20 19:30:00,98418.6,98418.7,98185.1,98368.7,847.743,83349028.0444
2025-02-20 20:00:00,98368.7,98680.8,98262.8,98544.4,1727.586,170224326.3824
2025-02-20 20:30:00,98544.4,98619.9,98288.1,98403.3,1266.669,124715387.6206
2025-02-20 21:00:00,98403.3,98445.4,98112.6,98139.3,1071.357,105296208.4345
2025-02-20 21:30:00,98139.3,98213.4,97954.0,98050.0,960.941,94232368.6739
2025-02-20 22:00:00,98050.0,98273.6,98003.5,98117.7,833.991,81827913.9
2025-02-20 22:30:00,98117.7,98380.4,98046.7,98064.8,808.19,79363425.1876
2025-02-20 23:00:00,98064.8,98361.8,98052.0,98257.9,827.488,81318114.94
2025-02-20 23:30:00,98257.9,98481.0,98232.2,98246.7,643.116,63256271.3562
2025-02-21 00:00:00,98246.7,98457.0,98246.7,98289.4,414.332,40755038.4422
2025-02-21 00:30:00,98289.4,98371.9,98035.1,98185.9,581.582,57098281.8351
2025-02-21 01:00:00,98185.9,98246.8,98053.3,98120.0,416.312,40855938.0583
2025-02-21 01:30:00,98120.0,98299.4,98060.0,98258.2,419.086,41152796.0953
2025-02-21 02:00:00,98258.2,98332.8,98178.5,98225.8,515.38,50650297.8213
2025-02-21 02:30:00,98225.8,98261.1,98070.0,98070.2,436.689,42865816.3826
2025-02-21 03:00:00,98070.2,98261.2,98044.7,98218.7,683.612,67092411.7571
2025-02-21 03:30:00,98218.7,98224.3,98053.0,98113.5,332.916,32661191.7731
2025-02-21 04:00:00,98113.5,98239.5,98100.1,98136.4,504.655,49543645.0904
2025-02-21 04:30:00,98136.4,98233.4,98080.5,98169.3,384.397,37739011.3358
2025-02-21 05:00:00,98169.3,98289.8,98130.0,98222.3,491.438,48267469.2519
2025-02-21 05:30:00,98222.3,98368.2,98210.2,98296.7,533.102,52405062.5335
2025-02-21 06:00:00,98296.7,98397.1,98254.1,98345.6,478.585,47069308.5616
2025-02-21 06:30:00,98345.6,98380.0,98311.1,98374.1,323.402,31804705.212
2025-02-21 07:00:00,98374.1,98568.0,98346.5,98396.0,1012.024,99647879.0166
2025-02-21 07:30:00,98396.0,98396.1,98122.1,98134.9,853.349,83839987.2547
2025-02-21 08:00:00,98134.9,98234.1,98112.0,98133.3,546.001,53593685.9677
2025-02-21 08:30:00,98133.3,98197.2,98083.8,98164.3,403.635,39615961.2329
2025-02-21 09:00:00,98164.3,98907.8,98164.3,98331.9,3320.375,327519496.2314
2025-02-21 09:30:00,98331.9,98430.9,98061.7,98294.4,1756.494,172538437.0579
2025-02-21 10:00:00,98294.4,98499.0,98200.0,98389.6,1069.138,105165638.2871
2025-02-21 10:30:00,98389.6,98628.0,98375.6,98573.4,703.156,69264167.3014
2025-02-21 11:00:00,98573.4,98747.9,98448.8,98727.8,810.327,79903277.3097
2025-02-21 11:30:00,98727.8,98788.0,98579.8,98586.3,533.892,52668635.1204
2025-02-21 12:00:00,98586.3,98845.0,98482.0,98823.2,1391.637,137321426.0522
2025-02-21 12:30:00,98823.2,98935.3,98699.0,98852.2,1660.919,164175404.5481
2025-02-21 13:00:00,98852.2,99400.5,98741.3,99169.7,5188.882,514385476.5109
2025-02-21 13:30:00,99169.7,99454.2,99169.7,99294.7,2727.84,270961602.7748
2025-02-21 14:00:00,99294.7,99338.6,98905.9,99001.2,2138.464,211930413.2388
2025-02-21 14:30:00,99001.2,99001.2,98285.0,98736.2,6881.777,678746478.3942
2025-02-21 15:00:00,98736.2,99293.6,97563.0,98162.0,10705.477,1053415723.2733
2025-02-21 15:30:00,98162.0,98274.9,97111.0,98074.8,12257.706,1196808426.0091
2025-02-21 16:00:00,98074.8,98699.9,97674.1,98269.0,5965.066,585893565.1737
2025-02-21 16:30:00,98269.0,98624.1,98056.1,98165.2,2601.802,255673072.9088
2025-02-21 17:00:00,98165.2,98409.4,97777.0,97900.1,2420.049,237251888.097
2025-02-21 17:30:00,97900.1,97900.1,96800.0,96929.4,5694.458,553424799.1691
2025-02-21 18:00:00,96929.4,97216.7,96630.0,97064.1,4332.817,420005588.1285
2025-02-21 18:30:00,97064.1,97094.1,96492.1,96510.1,3257.122,315204651.9337
2025-02-21 19:00:00,96510.1,96803.3,95791.5,95875.1,5911.105,568936090.7364
2025-02-21 19:30:00,95875.1,96275.0,95191.1,95260.0,6430.945,614770485.6399
2025-02-21 20:00:00,95260.0,95659.1,95091.6,95244.0,2842.442,270961530.8325
2025-02-21 20:30:00,95244.0,95589.0,94832.2,95086.4,3494.271,332583967.1154
2025-02-21 21:00:00,95086.4,95444.0,95045.7,95127.9,2049.073,195191942.4091
2025-02-21 21:30:00,95127.9,95531.9,95046.1,95422.9,1361.81,129823491.8825
2025-02-21 22:00:00,95422.9,95957.1,95256.7,95809.2,2213.372,211677250.5223
2025-02-21 22:30:00,95809.2,95985.2,95550.7,95883.1,1430.782,137090900.2643
2025-02-21 23:00:00,95883.1,96157.3,95702.2,96088.3,1235.184,118523573.2479
2025-02-21 23:30:00,96088.3,96244.3,96032.9,96198.4,853.302,82040860.2272
2025-02-22 00:00:00,96198.4,96207.0,95819.5,95848.3,933.969,89665529.0204
2025-02-22 00:30:00,95848.3,96259.7,95814.8,96230.9,602.256,57880766.2615
2025-02-22 01:00:00,96230.9,96400.0,96151.5,96386.8,795.472,76596855.1481
2025-02-22 01:30:00,96386.8,96494.0,96233.7,96280.2,654.463,63089503.4144
2025-02-22 02:00:00,96280.2,96325.9,96120.1,96129.9,652.209,62753306.2321
2025-02-22 02:30:00,96129.9,96483.3,96117.5,96377.0,558.299,53795781.8646
2025-02-22 03:00:00,96377.0,96386.3,96240.0,96329.0,376.13,36223501.2701
2025-02-22 03:30:00,96329.0,96337.6,96172.8,96310.0,317.122,30525692.0403
2025-02-22 04:00:00,96310.0,96460.0,96280.0,96377.3,631.09,60816265.9166
2025-02-22 04:30:00,96377.3,96500.0,96353.2,96416.8,483.447,46623359.7255
2025-02-22 05:00:00,96416.8,96525.5,96344.9,96513.3,347.392,33508690.6374
2025-02-22 05:30:00,96513.3,96569.0,96475.5,96564.0,422.344,40764788.3965
2025-02-22 06:00:00,96564.0,96639.9,96470.0,96487.4,681.678,65816836.1931
2025-02-22 06:30:00,96487.4,96535.7,96356.5,96440.4,422.327,40730545.4708
2025-02-22 07:00:00,96440.4,96560.5,96422.3,96503.8,349.46,33718673.8833
2025-02-22 07:30:00,96503.8,96530.2,96317.0,96331.1,420.495,40549535.3337
2025-02-22 08:00:00,96331.1,96399.6,96195.3,96295.1,792.426,76288907.6643
2025-02-22 08:30:00,96295.1,96330.0,96152.7,96232.1,688.81,66280636.0079
2025-02-22 09:00:00,96232.1,96453.8,96165.4,96386.0,740.297,71348198.8259
2025-02-22 09:30:00,96386.0,96546.1,96385.9,96528.2,598.041,57688387.8718
2025-02-22 10:00:00,96528.2,96600.0,96448.8,96556.9,594.888,57435752.2784
2025-02-22 10:30:00,96556.9,96590.0,96467.2,96520.0,562.077,54262877.0415
2025-02-22 11:00:00,96520.0,96579.0,96520.0,96540.5,218.534,21100893.6554
2025-02-22 11:30:00,96540.5,96623.4,96529.4,96594.7,367.126,35454964.05
2025-02-22 12:00:00,96594.7,96731.1,96574.1,96625.0,509.705,49267897.3113
2025-02-22 12:30:00,96625.0,97056.0,96624.9,96838.2,1762.733,170731232.2602
2025-02-22 13:00:00,96838.2,96924.9,96782.0,96783.2,540.512,52350629.7627
2025-02-22 13:30:00,96783.2,96793.0,96537.8,96573.0,789.065,76271552.842
2025-02-22 14:00:00,96573.0,96725.8,96571.3,96658.1,455.762,44049990.3969
2025-02-22 14:30:00,96658.1,96696.3,96526.2,96542.2,349.07,33710128.2037
2025-02-22 15:00:00,96542.2,96650.0,96542.1,96572.0,186.419,18009442.0994
2025-02-22 15:30:00,96572.0,96729.6,96502.5,96613.2,463.821,44813486.4727
2025-02-22 16:00:00,96613.2,96837.6,96613.2,96726.1,881.076,85243996.0003
2025-02-22 16:30:00,96726.1,96731.5,96369.2,96503.4,786.847,75994825.0378
2025-02-22 17:00:00,96503.4,96625.1,96465.3,96595.3,479.444,46288021.9914
2025-02-22 17:30:00,96595.3,96676.5,96523.0,96621.9,286.843,27714051.7595
2025-02-22 18:00:00,96621.9,96754.8,96621.9,96753.5,232.69,22497221.5277
2025-02-22 18:30:00,96753.5,96801.0,96400.0,96436.1,589.477,56909501.5708
2025-02-22 19:00:00,96436.1,96568.6,96344.2,96568.0,414.904,40009515.6406
2025-02-22 19:30:00,96568.0,96623.1,96537.3,96620.0,138.758,13402663.6079
2025-02-22 20:00:00,96620.0,96620.8,96500.4,96521.8,216.55,20910209.1408
2025-02-22 20:30:00,96521.8,96647.0,96498.4,96577.3,267.127,25801005.8036
2025-02-22 21:00:00,96577.3,96592.6,96512.5,96515.2,136.348,13163337.9275
2025-02-22 21:30:00,96515.2,96669.4,96513.5,96657.6,149.535,14444702.0329
2025-02-22 22:00:00,96657.6,96703.1,96622.1,96625.0,206.07,19918459.6186
2025-02-22 22:30:00,96625.0,96691.7,96595.8,96641.2,156.589,15134346.1254
2025-02-22 23:00:00,96641.2,96665.8,96465.9,96617.8,292.882,28283396.7291
2025-02-22 23:30:00,96617.8,96617.8,96546.7,96554.4,159.756,15430609.0554
2025-02-23 00:00:00,96554.4,96600.0,96493.2,96535.9,253.375,24456195.5455
2025-02-23 00:30:00,96535.9,96637.0,96527.6,96626.9,97.523,9419378.0446
2025-02-23 01:00:00,96626.9,96626.9,96473.9,96501.3,231.816,22381040.1157
2025-02-23 01:30:00,96501.3,96501.4,96351.9,96440.6,300.07,28934237.7571
2025-02-23 02:00:00,96440.6,96495.1,96392.3,96424.6,109.472,10557817.8434
2025-02-23 02:30:00,96424.6,96443.9,96376.9,96394.1,180.793,17429253.6772
2025-02-23 03:00:00,96394.1,96547.2,96378.0,96512.0,279.842,26999371.4355
2025-02-23 03:30:00,96512.0,96553.2,96415.4,96420.7,157.47,15191952.6566
2025-02-23 04:00:00,96420.7,96541.4,96389.2,96459.7,166.192,16031279.7647
2025-02-23 04:30:00,96459.7,96459.8,96410.7,96410.7,97.579,9409515.5623
2025-02-23 05:00:00,96410.7,96422.8,96260.9,96352.2,570.912,55003546.9
2025-02-23 05:30:00,96352.2,96393.1,96210.0,96216.8,386.711,37232330.9508
2025-02-23 06:00:00,96216.8,96311.3,96121.5,96276.9,642.165,61777986.1181
2025-02-23 06:30:00,96276.9,96347.2,96223.5,96328.9,224.887,21656773.7766
2025-02-23 07:00:00,96328.9,96437.9,96278.1,96384.2,318.076,30651463.3762
2025-02-23 07:30:00,96384.2,96541.6,96384.1,96500.0,477.097,46035760.6326
2025-02-23 08:00:00,96500.0,96500.1,96319.4,96330.1,329.901,31800673.2214
2025-02-23 08:30:00,96330.1,96366.8,96286.5,96359.9,283.147,27274549.9225
2025-02-23 09:00:00,96359.9,96451.8,96257.5,96293.1,239.186,23042463.0901
2025-02-23 09:30:00,96293.1,96348.1,96237.0,96263.5,286.957,27633813.5449
2025-02-23 10:00:00,96263.5,96290.4,96212.1,96225.5,228.022,21945307.6776
2025-02-23 10:30:00,96225.5,96225.5,96009.4,96192.3,805.446,77421507.4897
2025-02-23 11:00:00,96192.3,96249.7,96126.7,96178.4,341.018,32806093.7453
2025-02-23 11:30:00,96178.4,96188.4,96080.0,96120.5,321.176,30873355.5504
2025-02-23 12:00:00,96120.5,96165.0,95820.9,95827.6,1050.05,100776072.4002
2025-02-23 12:30:00,95827.6,95884.3,95639.5,95722.8,1774.115,169877224.31
2025-02-23 13:00:00,95722.8,95957.0,95703.7,95735.2,1227.641,117672566.9956
2025-02-23 13:30:00,95735.2,95962.1,95711.5,95945.0,783.883,75145558.903
2025-02-23 14:00:00,95945.0,96050.1,95899.0,95970.1,876.227,84101603.5677
2025-02-23 14:30:00,95970.1,95972.6,95525.0,95582.4,1418.442,135783969.204
2025-02-23 15:00:00,95582.4,95722.6,95526.4,95706.1,780.184,74605059.0488
2025-02-23 15:30:00,95706.1,95706.2,95358.5,95446.1,1059.721,101222201.3954
2025-02-23 16:00:00,95446.1,95621.6,95432.7,95558.9,388.032,37067519.0432
2025-02-23 16:30:00,95558.9,95619.7,95437.7,95443.8,381.484,36451171.4495
2025-02-23 17:00:00,95443.8,95488.3,95266.3,95266.5,867.215,82697387.2503
2025-02-23 17:30:00,95266.5,95769.3,95254.0,95666.2,1260.354,120361366.1427
2025-02-23 18:00:00,95666.2,95887.2,95615.4,95828.1,636.017,60910943.7884
2025-02-23 18:30:00,95828.1,95873.4,95666.7,95744.0,404.189,38708387.4058
2025-02-23 19:00:00,95744.0,95856.3,95716.6,95847.2,389.606,37320631.2814
2025-02-23 19:30:00,95847.2,95855.3,95743.7,95770.8,203.878,19534029.7074
2025-02-23 20:00:00,95770.8,95829.4,95704.0,95744.0,192.725,18456889.4405
2025-02-23 20:30:00,95744.0,95800.0,95677.5,95799.9,197.323,18892558.7466
2025-02-23 21:00:00,95799.9,95800.0,95624.7,95718.5,378.696,36243261.552
2025-02-23 21:30:00,95718.5,95791.7,95677.8,95777.7,150.724,14429203.4715
2025-02-23 22:00:00,95777.7,95777.7,95547.9,95625.7,433.706,41482309.3081
2025-02-23 22:30:00,95625.7,95949.8,95625.7,95799.2,470.756,45107724.292
2025-02-23 23:00:00,95799.2,96272.7,95783.8,95850.5,1863.552,178986698.4524
2025-02-23 23:30:00,95850.5,96340.4,95850.0,96262.6,926.757,89103997.849
2025-02-24 00:00:00,96262.6,96500.0,96190.0,96406.0,971.048,93596702.0355
2025-02-24 00:30:00,96406.0,96536.3,96160.9,96271.2,901.612,86876890.1257
2025-02-24 01:00:00,96271.2,96361.7,96080.0,96109.0,560.383,53913811.7525
2025-02-24 01:30:00,96109.0,96126.4,95750.2,95981.9,992.81,95235231.1957
2025-02-24 02:00:00,95981.9,96223.5,95818.6,95981.9,756.952,72684426.4937
2025-02-24 02:30:00,95981.9,96088.0,95768.1,95835.9,540.156,51810539.5196
2025-02-24 03:00:00,95835.9,95835.9,95468.4,95503.7,920.269,88027189.0338
2025-02-24 03:30:00,95503.7,95800.0,95267.0,95446.6,1932.441,184485743.3612
2025-02-24 04:00:00,95446.6,95591.4,95258.0,95336.2,998.779,95303150.202
2025-02-24 04:30:00,95336.2,95436.3,95088.5,95313.2,2094.37,199493199.3958
2025-02-24 05:00:00,95313.2,95569.9,95260.2,95509.4,642.189,61283701.6134
2025-02-24 05:30:00,95509.4,95780.0,95492.8,95742.3,678.67,64930198.9612
2025-02-24 06:00:00,95742.3,95770.3,95625.8,95692.4,291.148,27861854.88
2025-02-24 06:30:00,95692.4,95909.8,95690.0,95871.0,514.722,49322044.0031
2025-02-24 07:00:00,95871.0,95964.4,95696.8,95802.0,526.609,50453844.3343
2025-02-24 07:30:00,95802.0,95913.3,95718.3,95860.1,471.232,45161609.2102
2025-02-24 08:00:00,95860.1,95919.0,95396.0,95422.6,1263.531,120766397.4881
2025-02-24 08:30:00,95422.6,95597.3,95354.9,95496.1,704.05,67238851.0949
2025-02-24 09:00:00,95496.1,96081.0,95490.0,96004.1,815.795,78190532.9324
2025-02-24 09:30:00,96004.1,96189.3,95534.1,95760.1,1670.445,160210037.2377
2025-02-24 10:00:00,95760.1,95932.9,95563.9,95580.0,981.885,94007646.1906
2025-02-24 10:30:00,95580.0,95710.4,95360.1,95644.5,905.767,86512032.1416
2025-02-24 11:00:00,95644.5,95719.0,95433.2,95719.0,874.393,83573710.7706
2025-02-24 11:30:00,95719.0,95877.4,95675.5,95837.1,456.121,43687738.7886
2025-02-24 12:00:00,95837.1,95895.0,95691.0,95846.7,332.995,31898882.9972
2025-02-24 12:30:00,95846.7,95971.2,95752.3,95799.3,558.789,53563754.0862
2025-02-24 13:00:00,95799.3,96000.0,95333.4,95983.6,2578.88,246797812.6156
2025-02-24 13:30:00,95983.6,96111.6,95609.5,95609.8,968.038,92838546.4607
2025-02-24 14:00:00,95609.8,95782.7,95385.3,95386.2,1492.482,142553625.1152
2025-02-24 14:30:00,95386.2,95800.0,94580.0,94688.1,5728.669,544592105.5677
2025-02-24 15:00:00,94688.1,95020.0,94163.9,94360.0,7028.055,664421486.7156
2025-02-24 15:30:00,94360.0,94512.0,93816.4,94376.8,4569.692,430084258.4556
2025-02-24 16:00:00,94376.8,95019.3,94202.2,94825.3,3485.359,329913632.9078
2025-02-24 16:30:00,94825.3,94919.0,94338.6,94467.4,1405.033,132967139.6645
2025-02-24 17:00:00,94467.4,95262.0,94361.7,94975.1,2079.668,197403172.1659
2025-02-24 17:30:00,94975.1,95192.0,94618.0,94683.3,1440.47,136757439.294
2025-02-24 18:00:00,94683.3,94905.6,94537.2,94540.7,838.564,79415554.5909
2025-02-24 18:30:00,94540.7,94600.0,94162.9,94197.6,1204.603,113719895.0823
2025-02-24 19:00:00,94197.6,94595.1,94140.0,94416.0,951.61,89793097.6758
2025-02-24 19:30:00,94416.0,94517.2,93631.0,93984.9,2783.868,261532099.7674
2025-02-24 20:00:00,93984.9,94515.8,93857.2,94215.3,1831.576,172600529.2715
2025-02-24 20:30:00,94215.3,94607.7,93999.8,94036.1,1204.061,113636479.2177
2025-02-24 21:00:00,94036.1,94130.4,93588.0,94116.3,2352.157,220717670.9775
2025-02-24 21:30:00,94116.3,94362.9,93957.6,93987.9,774.241,72909102.5422
2025-02-24 22:00:00,93987.9,94006.7,92800.0,93439.3,8347.336,778819819.3078
2025-02-24 22:30:00,93439.3,93546.7,92230.0,92353.9,5628.098,522464170.0829
2025-02-24 23:00:00,92353.9,92811.3,91936.0,91983.2,4988.106,460563199.8205
2025-02-24 23:30:00,91983.2,92188.0,91258.7,91478.2,4995.753,458116535.5136
2025-02-25 00:00:00,91478.2,92050.0,90821.1,91600.0,5397.177,493578312.1678
2025-02-25 00:30:00,91600.0,92119.3,91363.9,91811.1,3579.695,328282196.0401
2025-02-25 01:00:00,91811.1,91995.8,91096.2,91725.6,2735.422,250572342.5808
2025-02-25 01:30:00,91725.6,92350.0,91687.2,91986.2,2168.99,199585894.5048
2025-02-25 02:00:00,91986.2,92274.3,91549.9,92054.3,1678.844,154283337.7979
2025-02-25 02:30:00,92054.3,92490.0,91922.1,92339.7,1887.999,174191098.3704
2025-02-25 03:00:00,92339.7,92498.3,91905.0,92037.8,1073.281,98951634.5411
2025-02-25 03:30:00,92037.8,92520.9,91966.1,92128.0,1068.209,98574682.116
2025-02-25 04:00:00,92128.0,92300.0,91800.0,92283.3,1269.289,116862106.9129
2025-02-25 04:30:00,92283.3,92294.6,91823.3,91887.3,1345.98,123846000.5499
2025-02-25 05:00:00,91887.3,92105.8,91700.0,91899.9,848.858,78012874.5955
2025-02-25 05:30:00,91899.9,92070.6,91820.0,92058.5,547.2,50314976.5016
2025-02-25 06:00:00,92058.5,92129.2,91525.8,91558.0,1175.868,107824462.7502
2025-02-25 06:30:00,91558.0,91688.0,91190.5,91259.8,1732.831,158402809.5901
2025-02-25 07:00:00,91259.8,91422.6,88804.9,89360.0,17628.89,1586440312.1616
2025-02-25 07:30:00,89360.0,89518.6,88093.2,89227.5,12046.7,1070066681.2343
2025-02-25 08:00:00,89227.5,89937.3,88926.0,89610.9,4260.31,381850769.7373
2025-02-25 08:30:00,89610.9,89933.2,89320.6,89375.6,2605.893,233684778.6551
2025-02-25 09:00:00,89375.6,89564.8,88500.0,88609.9,3423.04,304670419.6963
2025-02-25 09:30:00,88609.9,89139.9,88259.7,88294.4,4677.224,414930676.8552
2025-02-25 10:00:00,88294.4,88880.7,86833.0,87753.3,13456.195,1180041032.942
2025-02-25 10:30:00,87753.3,88424.3,87696.4,88176.2,4778.764,420886010.4587
2025-02-25 11:00:00,88176.2,88346.1,87617.0,87730.0,3965.472,348803771.7533
2025-02-25 11:30:00,87730.0,89350.5,87701.0,89220.0,3965.727,352010278.7468
2025-02-25 12:00:00,89220.0,89499.9,88980.1,89267.3,3020.099,269545340.3981
2025-02-25 12:30:00,89267.3,89380.0,88868.0,89357.2,2480.168,220888625.6599
2025-02-25 13:00:00,89357.2,89519.7,89000.1,89010.1,1669.77,149001288.6997
2025-02-25 13:30:00,89010.1,89182.8,88716.8,88815.2,1829.196,162655735.001
2025-02-25 14:00:00,88815.2,89376.7,88551.4,89147.1,3115.062,277030147.3572
2025-02-25 14:30:00,89147.1,89164.2,87053.3,87159.5,10367.536,911593211.3322
2025-02-25 15:00:00,87159.5,87561.0,86234.9,86614.9,13728.42,1192205048.364
2025-02-25 15:30:00,86614.9,87800.0,86055.5,87250.1,8896.588,773325257.1246
2025-02-25 16:00:00,87250.1,87348.6,86338.5,86403.7,4779.071,415168826.9504
2025-02-25 16:30:00,86403.7,87803.1,86177.0,87474.5,5799.621,505221328.8053
2025-02-25 17:00:00,87474.5,87759.8,86850.0,87542.3,3623.228,316422720.6937
2025-02-25 17:30:00,87542.3,87846.4,86879.6,87297.4,2701.005,235862069.9938
2025-02-25 18:00:00,87297.4,87834.3,86922.9,86953.4,2720.584,237679675.3963
2025-02-25 18:30:00,86953.4,87650.0,86922.9,87082.2,2559.786,223362889.698
2025-02-25 19:00:00,87082.2,87332.7,86515.7,86910.2,2752.105,238999135.6659
2025-02-25 19:30:00,86910.2,88092.0,86835.3,87959.5,3266.92,286068621.9427
2025-02-25 20:00:00,87959.5,88847.0,87618.8,88696.4,3394.183,299578056.1576
2025-02-25 20:30:00,88696.4,89028.9,87872.0,88177.2,4574.702,404670473.8949
2025-02-25 21:00:00,88177.2,88500.0,87770.1,88295.9,1921.357,169353909.9564
2025-02-25 21:30:00,88295.9,88823.6,88066.0,88823.5,2043.474,180934238.6183
2025-02-25 22:00:00,88823.5,89482.5,88741.5,88828.5,3392.305,302221828.6539
2025-02-25 22:30:00,88828.5,89053.4,88487.7,88808.9,1340.266,118938231.2482
2025-02-25 23:00:00,88808.9,89143.2,88670.0,89037.9,1153.247,102632093.2672
2025-02-25 23:30:00,89037.9,89050.0,88656.0,88665.3,918.719,81581821.4815
2025-02-26 00:00:00,88665.3,88667.8,88242.9,88455.5,1086.541,96136898.5067
2025-02-26 00:30:00,88455.5,88498.1,88131.6,88145.8,1057.616,93317083.2422
2025-02-26 01:00:00,88145.8,88460.1,88145.7,88342.8,803.938,70993126.8148
2025-02-26 01:30:00,88342.8,88833.0,88285.3,88685.7,1035.509,91713034.4786
2025-02-26 02:00:00,88685.7,88877.0,88420.0,88839.4,708.219,62809810.6671
2025-02-26 02:30:00,88839.4,89200.0,88597.5,88999.9,1232.552,109624416.4307
2025-02-26 03:00:00,88999.9,89389.9,88996.8,89130.9,1464.0,130598732.0078
2025-02-26 03:30:00,89130.9,89158.0,88875.0,88882.4,654.744,58274612.9963
2025-02-26 04:00:00,88882.4,89200.8,88875.0,89200.8,619.269,55120155.3635
2025-02-26 04:30:00,89200.8,89242.1,88678.3,88688.9,1381.465,122844051.6085
2025-02-26 05:00:00,88688.9,88881.7,88611.2,88780.3,1027.297,91170184.0765
2025-02-26 05:30:00,88780.3,88809.9,88356.6,88410.5,1047.242,92792566.9499
2025-02-26 06:00:00,88410.5,88822.3,88408.2,88712.1,956.886,84812012.9762
2025-02-26 06:30:00,88712.1,88916.9,88631.8,88914.1,564.22,50089309.0526
2025-02-26 07:00:00,88914.1,89163.2,88808.9,89004.7,1063.958,94690935.3553
2025-02-26 07:30:00,89004.7,89004.8,88404.8,88682.1,1707.137,151409064.7609
2025-02-26 08:00:00,88682.1,88770.0,88073.5,88395.8,2004.49,177101728.532
2025-02-26 08:30:00,88395.8,88549.1,88269.3,88446.4,757.105,66956724.3365
2025-02-26 09:00:00,88446.4,89042.6,88435.8,88815.1,2028.132,180171540.4503
2025-02-26 09:30:00,88815.1,89260.9,88813.4,89084.0,1566.694,139589650.8224
2025-02-26 10:00:00,89084.0,89084.0,88847.0,89012.0,971.963,86480074.8361
2025-02-26 10:30:00,89012.0,89287.0,88960.1,89216.9,695.788,62022530.1489
2025-02-26 11:00:00,89216.9,89241.3,88882.4,88912.1,591.081,52663627.9004
2025-02-26 11:30:00,88912.1,88936.0,88537.9,88589.3,1596.359,141610528.373
2025-02-26 12:00:00,88589.3,88665.2,88171.0,88328.4,1980.191,175014891.3641
2025-02-26 12:30:00,88328.4,88457.3,87608.4,87936.4,3648.36,321078214.3392
2025-02-26 13:00:00,87936.4,88087.0,87512.3,87826.3,2780.596,243992970.5025
2025-02-26 13:30:00,87826.3,87928.1,86947.8,87194.9,3698.245,323417089.8838
2025-02-26 14:00:00,87194.9,87209.4,85350.0,85831.7,15227.657,1312144547.9869
2025-02-26 14:30:00,85831.7,87681.0,85588.0,87550.0,12658.378,1097323963.4386
2025-02-26 15:00:00,87550.0,88470.2,87364.2,87590.0,10779.09,947675718.9752
2025-02-26 15:30:00,87590.0,88106.0,87319.1,87499.9,3602.247,315915689.0076
2025-02-26 16:00:00,87499.9,87752.2,86226.0,86819.7,8880.592,770945746.9306
2025-02-26 16:30:00,86819.7,87340.0,86647.3,86779.9,2983.03,259550042.8988
2025-02-26 17:00:00,86779.9,87281.5,86574.1,86978.8,2518.681,218968384.9716
2025-02-26 17:30:00,86978.8,87101.2,85630.0,86002.2,5151.52,444229509.6119
2025-02-26 18:00:00,86002.2,86450.0,85050.0,85078.5,7066.652,606231211.6261
2025-02-26 18:30:00,85078.5,85558.0,83200.0,84112.7,24761.106,2087189258.6003
2025-02-26 19:00:00,84112.7,85019.2,83722.7,84202.0,8106.898,683894032.0145
2025-02-26 19:30:00,84202.0,84560.0,83576.0,83768.7,6238.548,524189401.1755
2025-02-26 20:00:00,83768.7,84200.0,82055.6,83367.6,16625.133,1380294592.7891
2025-02-26 20:30:00,83367.6,84572.9,83050.0,84337.3,6750.832,566338235.388
2025-02-26 21:00:00,84337.3,85137.1,83879.6,84395.2,8703.193,735553714.6708
2025-02-26 21:30:00,84395.2,84607.3,83378.3,84568.2,7063.517,593313051.4946
2025-02-26 22:00:00,84568.2,85360.7,84363.0,84363.0,4896.845,415702275.0137
2025-02-26 22:30:00,84363.0,84919.8,84109.9,84387.8,2255.283,190460291.717
2025-02-26 23:00:00,84387.8,84742.3,83888.0,84141.9,1855.631,156303318.0731
2025-02-26 23:30:00,84141.9,84255.9,83868.1,84208.6,1046.253,87913927.7978
2025-02-27 00:00:00,84208.6,84628.0,84117.5,84354.1,1748.911,147563634.6031
2025-02-27 00:30:00,84354.1,84752.8,83988.1,84679.0,1879.963,158858678.4436
2025-02-27 01:00:00,84679.0,85391.8,84225.1,85172.0,3220.268,272918573.4378
2025-02-27 01:30:00,85172.0,85290.8,84668.8,84683.8,1232.731,104718617.3644
2025-02-27 02:00:00,84683.8,85158.4,84520.9,84869.7,1117.72,94788197.7382
2025-02-27 02:30:00,84869.7,84877.7,84162.1,84240.0,1691.526,142884923.1618
2025-02-27 03:00:00,84240.0,84955.5,84217.9,84691.5,1393.556,117945895.8617
2025-02-27 03:30:00,84691.5,85299.0,84663.2,85181.0,1268.761,107910110.2434
2025-02-27 04:00:00,85181.0,85325.1,84623.5,84756.5,1866.636,158528693.2072
2025-02-27 04:30:00,84756.5,85244.0,84638.6,85095.2,866.057,73561721.7179
2025-02-27 05:00:00,85095.2,85587.0,85000.9,85269.3,2300.977,196426880.0724
2025-02-27 05:30:00,85269.3,85887.0,85264.1,85815.4,2094.274,179276016.7876
2025-02-27 06:00:00,85815.4,86140.5,85630.4,86042.3,2192.568,188296100.8793
2025-02-27 06:30:00,86042.3,86668.0,85980.0,86204.3,3149.6,271932807.5069
2025-02-27 07:00:00,86204.3,86467.0,86041.8,86297.1,1539.4,132779276.818
2025-02-27 07:30:00,86297.1,86563.1,86187.6,86220.0,1808.038,156139196.2807
2025-02-27 08:00:00,86220.0,86386.5,85866.7,85923.7,2142.473,184444255.0016
2025-02-27 08:30:00,85923.7,86116.4,85836.6,86026.5,1622.452,139507325.0416
2025-02-27 09:00:00,86026.5,86314.3,85814.3,86130.1,1727.231,148604872.1591
2025-02-27 09:30:00,86130.1,86299.9,86055.2,86132.0,1238.056,106727462.0253
2025-02-27 10:00:00,86132.0,86450.0,86001.8,86349.0,1253.893,108257287.8017
2025-02-27 10:30:00,86349.0,87032.4,86250.0,86953.2,2973.558,257721129.6157
2025-02-27 11:00:00,86953.2,87043.6,86562.2,86599.6,2304.479,199948010.0914
2025-02-27 11:30:00,86599.6,86763.4,86335.4,86650.7,2126.848,184019583.5763
2025-02-27 12:00:00,86650.7,86757.1,86204.8,86443.6,1478.521,127744796.2953
2025-02-27 12:30:00,86443.6,86664.7,86219.5,86284.0,1078.175,93207495.3095
2025-02-27 13:00:00,86284.0,86492.0,86166.7,86428.0,1182.498,102079408.5201
2025-02-27 13:30:00,86428.0,86739.8,85711.1,86079.9,5750.875,495875945.2212
2025-02-27 14:00:00,86079.9,86398.9,85526.8,86290.1,4792.43,411971083.5656
2025-02-27 14:30:00,86290.1,86333.0,84920.2,84960.2,7659.412,655774029.5183
2025-02-27 15:00:00,84960.2,85728.2,84614.3,85635.6,7255.732,618508590.9552
2025-02-27 15:30:00,85635.6,86117.0,85367.0,85480.0,5882.643,503857138.101
2025-02-27 16:00:00,85480.0,85656.0,84765.4,84885.5,5231.261,446723982.9042
2025-02-27 16:30:00,84885.5,85009.3,84315.6,84434.7,3530.774,298880054.6072
2025-02-27 17:00:00,84434.7,84696.1,84300.1,84689.5,3295.457,278419467.0628
2025-02-27 17:30:00,84689.5,84988.3,84300.0,84556.3,2684.44,227180108.1858
2025-02-27 18:00:00,84556.3,84957.3,84473.0,84532.8,2119.719,179543875.7606
2025-02-27 18:30:00,84532.8,84927.7,84481.5,84600.1,1224.874,103767599.8325
2025-02-27 19:00:00,84600.1,84608.6,83953.0,83978.0,2443.472,205772474.4046
2025-02-27 19:30:00,83978.0,84150.0,83550.9,84070.2,4101.228,343800059.8486
2025-02-27 20:00:00,84070.2,84111.3,82774.0,82893.1,5699.873,474283396.4826
2025-02-27 20:30:00,82893.1,83858.4,82670.0,83504.8,6386.048,531680328.1243
2025-02-27 21:00:00,83504.8,84262.6,83208.0,83924.4,2996.675,251026160.7449
2025-02-27 21:30:00,83924.4,84416.7,83873.9,84401.3,1555.0,130980133.5836
2025-02-27 22:00:00,84401.3,84411.8,83950.0,84030.0,1086.496,91398812.8052
2025-02-27 22:30:00,84030.0,84752.7,83854.6,84692.2,2226.96,187847122.323
2025-02-27 23:00:00,84692.2,84793.8,84384.4,84571.2,1393.16,117842000.1763
2025-02-27 23:30:00,84571.2,84909.2,84468.0,84686.0,1064.782,90215292.2384
2025-02-28 00:00:00,84686.0,84875.6,84501.6,84536.1,936.096,79259496.1224
2025-02-28 00:30:00,84536.1,84665.3,84213.0,84240.6,1146.112,96758455.8329
2025-02-28 01:00:00,84240.6,84399.7,83001.0,83149.9,3662.971,306375874.7715
2025-02-28 01:30:00,83149.9,83219.6,81000.1,81613.4,17860.489,1465843777.0071
2025-02-28 02:00:00,81613.4,82835.8,81194.7,81906.5,6752.79,554050945.3556
2025-02-28 02:30:00,81906.5,81922.6,79400.9,80749.3,22629.515,1816549934.0449
2025-02-28 03:00:00,80749.3,81526.9,80578.9,80860.0,6558.097,531645234.9674
2025-02-28 03:30:00,80860.0,80998.9,80189.0,80399.9,3659.712,295033596.0369
2025-02-28 04:00:00,80399.9,80645.0,79290.5,80287.1,9117.985,729012751.9896
2025-02-28 04:30:00,80287.1,80921.9,79463.5,80354.6,6391.85,512468643.558
2025-02-28 05:00:00,80354.6,80500.0,79549.2,79748.4,6041.594,482957441.409
2025-02-28 05:30:00,79748.4,80064.1,79102.1,79953.8,7476.457,595030278.2725
2025-02-28 06:00:00,79953.8,80392.8,79162.5,79452.1,5772.041,460280102.8305
2025-02-28 06:30:00,79452.1,79840.0,78950.6,79315.2,4619.38,366534464.5429
2025-02-28 07:00:00,79315.2,80240.3,79268.8,79470.1,4565.016,364168139.4536
2025-02-28 07:30:00,79470.1,79637.5,78814.8,79176.1,5887.443,465784168.1526
2025-02-28 08:00:00,79176.1,79423.0,78308.6,78830.8,7274.607,572666427.7609
2025-02-28 08:30:00,78830.8,79214.0,78210.5,78943.3,5650.237,444791751.9335
2025-02-28 09:00:00,78943.3,80465.0,78851.5,80390.7,6005.748,478383644.0579
2025-02-28 09:30:00,80390.7,80713.4,79996.4,80292.1,4482.302,360343908.415
2025-02-28 10:00:00,80292.1,80422.9,79476.2,79904.9,3554.179,283742498.1641
2025-02-28 10:30:00,79904.9,80251.0,79531.8,79966.9,2121.354,169591001.0588
2025-02-28 11:00:00,79966.9,80612.0,79922.2,80562.8,2987.129,239786531.7291
2025-02-28 11:30:00,80562.8,80808.4,80356.1,80461.9,2624.421,211503468.9389
2025-02-28 12:00:00,80461.9,80516.6,80140.0,80170.2,2519.001,202361070.4479
2025-02-28 12:30:00,80170.2,80800.0,80038.9,80750.0,2133.592,171522541.0316
2025-02-28 13:00:00,80750.0,81380.0,80566.1,80693.0,4129.798,334308593.2285
2025-02-28 13:30:00,80693.0,81722.0,80661.7,81462.1,5859.672,476847302.6328
2025-02-28 14:00:00,81462.1,82341.5,81460.2,81806.7,6255.208,512432273.5605
2025-02-28 14:30:00,81806.7,82469.4,81010.0,82020.0,8811.246,721425865.6368
2025-02-28 15:00:00,82020.0,84250.0,81906.7,84239.9,9514.581,791677252.7498
2025-02-28 15:30:00,84239.9,84360.0,83661.3,83952.8,5221.64,438343640.5959
2025-02-28 16:00:00,83952.8,84043.1,83414.0,83576.6,4831.759,404191992.9132
2025-02-28 16:30:00,83576.6,84924.0,83541.7,84322.7,8218.758,693576189.4389
2025-02-28 17:00:00,84322.7,84365.2,83810.3,84141.8,2818.465,237004521.6048
2025-02-28 17:30:00,84141.8,84251.4,83548.6,83566.2,2658.297,222679987.1798
2025-02-28 18:00:00,83566.2,84093.8,83168.4,83800.4,4983.394,416313219.42
2025-02-28 18:30:00,83800.4,85124.4,83655.1,84427.4,7718.1,652345293.2015
2025-02-28 19:00:00,84427.4,84762.6,84200.1,84471.1,3359.679,283795649.7462
2025-02-28 19:30:00,84471.1,84799.3,84271.8,84394.0,1741.533,147199448.8891
2025-02-28 20:00:00,84394.0,84750.0,83573.6,83902.2,2279.515,191645761.9058
2025-02-28 20:30:00,83902.2,84355.3,83582.7,84154.1,2169.378,182119210.808
2025-02-28 21:00:00,84154.1,84560.0,83997.0,84220.7,1247.266,105117295.993
2025-02-28 21:30:00,84220.7,84380.0,83963.1,84211.9,1038.734,87424872.3933
2025-02-28 22:00:00,84211.9,84452.6,84067.2,84127.9,782.188,65899194.6256
2025-02-28 22:30:00,84127.9,84313.1,83844.1,84116.2,1673.753,140693091.9765
2025-02-28 23:00:00,84116.2,84248.9,83973.2,84133.1,536.11,45068323.024
2025-02-28 23:30:00,84133.1,84542.1,84094.3,84307.6,1076.178,90780034.055
2025-03-01 00:00:00,84307.6,84610.8,84209.4,84235.5,799.431,67464672.0978
2025-03-01 00:30:00,84235.5,84257.0,83760.9,83811.8,1338.967,112481722.6326
2025-03-01 01:00:00,83811.8,84080.0,83808.8,83946.0,659.791,55379791.616
2025-03-01 01:30:00,83946.0,84852.6,83854.2,84621.0,1874.551,158289773.6171
2025-03-01 02:00:00,84621.0,85041.1,84305.0,85040.0,1870.8,158375680.4176
2025-03-01 02:30:00,85040.0,85664.0,84907.3,85231.4,5050.491,430923462.1056
2025-03-01 03:00:00,85231.4,85377.0,84925.0,84995.7,1373.168,116835656.4511
2025-03-01 03:30:00,84995.7,85499.8,84965.7,85317.8,1103.718,94112143.5544
2025-03-01 04:00:00,85317.8,85949.9,85293.5,85920.0,2086.823,179020022.8343
2025-03-01 04:30:00,85920.0,86533.3,85852.9,86176.0,5987.856,516546817.7063
2025-03-01 05:00:00,86176.0,86273.1,85668.8,85784.9,3021.368,259684731.5348
2025-03-01 05:30:00,85784.9,85860.8,85542.0,85558.2,1247.519,106891980.2162
2025-03-01 06:00:00,85558.2,85631.8,85177.9,85226.0,2540.801,216984228.796
2025-03-01 06:30:00,85226.0,85257.9,84782.4,85019.3,2857.859,242840094.8756
2025-03-01 07:00:00,85019.3,85019.4,84882.6,84934.1,1314.36,111622672.1595
2025-03-01 07:30:00,84934.1,84942.0,84665.9,84683.4,1565.581,132762933.1396
2025-03-01 08:00:00,84683.4,85237.0,84683.4,85141.3,1594.145,135555246.3953
2025-03-01 08:30:00,85141.3,85296.1,84972.8,85263.5,829.097,70613018.4012
2025-03-01 09:00:00,85263.5,85474.4,85214.2,85413.7,1037.428,88551517.4254
2025-03-01 09:30:00,85413.7,85433.3,85078.5,85346.0,1090.046,92932441.2956
2025-03-01 10:00:00,85346.0,85398.0,84843.3,85262.4,1416.62,120525935.7091
2025-03-01 10:30:00,85262.4,85262.5,84740.0,84848.0,1096.366,93120606.2876
2025-03-01 11:00:00,84848.0,84924.9,84335.6,84422.0,2376.937,201020658.9321
2025-03-01 11:30:00,84422.0,84648.3,84376.0,84589.2,915.74,77435094.4537
2025-03-01 12:00:00,84589.2,84784.5,84444.8,84444.9,963.852,81540904.8189
2025-03-01 12:30:00,84444.9,84908.2,84425.0,84714.9,981.57,83126818.4137
2025-03-01 13:00:00,84714.9,84904.2,84280.0,84403.1,1827.014,154403931.4785
2025-03-01 13:30:00,84403.1,84586.5,84320.0,84487.1,1135.909,95873180.507
2025-03-01 14:00:00,84487.1,84815.0,84427.0,84517.7,947.77,80193474.5664
2025-03-01 14:30:00,84517.7,84710.3,84375.0,84667.4,641.988,54283730.1204
2025-03-01 15:00:00,84667.4,84887.2,84548.7,84766.9,793.578,67229664.0791
2025-03-01 15:30:00,84766.9,84802.6,84502.5,84747.7,575.038,48685047.2605
2025-03-01 16:00:00,84747.7,85068.8,84646.7,85020.1,1136.097,96448288.9369
2025-03-01 16:30:00,85020.1,85245.9,84869.8,85234.0,1143.681,97257782.1052
2025-03-01 17:00:00,85234.0,85234.0,84903.1,85000.0,811.859,69042524.9037
2025-03-01 17:30:00,85000.0,85328.8,84950.6,85163.9,612.852,52203413.5418
2025-03-01 18:00:00,85163.9,85280.8,85020.1,85089.2,441.35,37568089.5278
2025-03-01 18:30:00,85089.2,85292.1,85080.0,85278.3,502.356,42802814.8477
2025-03-01 19:00:00,85278.3,85338.5,85186.0,85302.0,934.176,79652475.5931
2025-03-01 19:30:00,85302.0,85582.6,85160.8,85440.1,851.961,72748467.5821
2025-03-01 20:00:00,85440.1,85555.2,85285.9,85454.0,456.41,38980526.6807
2025-03-01 20:30:00,85454.0,85543.3,85410.7,85499.6,250.37,21402423.7722
2025-03-01 21:00:00,85499.6,85544.1,85245.5,85525.2,454.141,38781337.5584
2025-03-01 21:30:00,85525.2,86121.3,85508.0,86033.4,1551.611,133142999.5933
2025-03-01 22:00:00,86033.4,86178.9,85706.8,85896.7,1618.735,139157970.9622
2025-03-01 22:30:00,85896.7,86240.5,85633.4,86085.1,823.388,70769421.7128
2025-03-01 23:00:00,86085.1,86174.0,85637.0,85649.7,853.787,73280201.9914
2025-03-01 23:30:00,85649.7,86089.6,85649.6,86024.4,700.744,60190708.1913
2025-03-02 00:00:00,86024.4,86317.2,85764.2,85931.1,1123.062,96592567.0342
2025-03-02 00:30:00,85931.1,86288.0,85894.4,85993.7,936.547,80679166.5488
2025-03-02 01:00:00,85993.7,86327.4,85987.9,86154.4,642.133,55355782.465
2025-03-02 01:30:00,86154.4,86315.7,85933.7,86311.3,988.045,85095145.2663
2025-03-02 02:00:00,86311.3,86459.0,85904.7,85965.1,1273.464,109836808.1664
2025-03-02 02:30:00,85965.1,85965.1,85573.0,85747.9,1347.778,115558934.3096
2025-03-02 03:00:00,85747.9,85990.0,85722.7,85901.7,808.292,69395315.5475
2025-03-02 03:30:00,85901.7,86186.7,85780.7,85830.9,642.692,55253524.9976
2025-03-02 04:00:00,85830.9,85851.0,85505.8,85678.2,1037.616,88891390.5242
2025-03-02 04:30:00,85678.2,85828.1,85486.9,85712.1,771.284,66082186.8692
2025-03-02 05:00:00,85712.1,85954.0,85634.5,85905.0,605.21,51940853.9207
2025-03-02 05:30:00,85905.0,86016.6,85822.3,85925.6,621.414,53389913.8003
2025-03-02 06:00:00,85925.6,86366.3,85887.7,86350.7,1160.123,99873798.473
2025-03-02 06:30:00,86350.7,86602.0,86210.4,86264.8,1984.279,171393109.2675
2025-03-02 07:00:00,86264.8,86341.0,86054.1,86225.4,645.407,55628223.6056
2025-03-02 07:30:00,86225.4,86329.5,86154.7,86213.7,528.074,45550578.7779
2025-03-02 08:00:00,86213.7,86247.3,85687.0,85736.8,1810.201,155479676.0777
2025-03-02 08:30:00,85736.8,85910.3,85661.6,85709.8,823.348,70637278.2696
2025-03-02 09:00:00,85709.8,85871.9,85613.7,85818.3,823.98,70661852.5715
2025-03-02 09:30:00,85818.3,86062.3,85818.3,85842.4,1248.859,107329093.6202
2025-03-02 10:00:00,85842.4,85898.3,85731.0,85780.1,533.82,45803103.2723
2025-03-02 10:30:00,85780.1,85962.7,85770.4,85952.3,479.244,41147841.3637
2025-03-02 11:00:00,85952.3,86075.7,85906.4,86047.3,579.688,49836941.2769
2025-03-02 11:30:00,86047.3,86177.4,86010.0,86055.0,550.043,47355071.3584
2025-03-02 12:00:00,86055.0,86064.4,85703.0,85776.9,716.044,61460084.8826
2025-03-02 12:30:00,85776.9,85967.8,85762.7,85941.7,472.818,40596180.145
2025-03-02 13:00:00,85941.7,85950.0,85573.7,85669.3,783.815,67184265.1375
2025-03-02 13:30:00,85669.3,85725.7,85414.5,85679.2,994.75,85116438.5431
2025-03-02 14:00:00,85679.2,85873.8,85033.0,85374.1,3252.889,277640293.3517
2025-03-02 14:30:00,85374.1,85588.0,85007.7,85083.1,2065.426,176046322.0106
2025-03-02 15:00:00,85083.1,87331.6,85048.0,86394.1,7059.016,609233066.8739
2025-03-02 15:30:00,86394.1,88703.4,86302.2,87416.7,22049.184,1933685064.2101
2025-03-02 16:00:00,87416.7,89596.2,87283.0,88959.4,11978.35,1061845214.8358
2025-03-02 16:30:00,88959.4,91979.4,88880.8,91199.2,22405.837,2035444064.403
2025-03-02 17:00:00,91199.2,92974.2,90633.3,92691.8,12469.685,1146722743.1175
2025-03-02 17:30:00,92691.8,95058.7,92691.8,94103.9,18623.515,1747889813.7752
2025-03-02 18:00:00,94103.9,94430.5,93186.6,93516.0,7862.956,736646968.8436
2025-03-02 18:30:00,93516.0,93551.3,92346.9,92805.8,7432.757,689868854.7141
2025-03-02 19:00:00,92805.8,93333.0,92619.4,93143.4,2128.945,198043296.3506
2025-03-02 19:30:00,93143.4,93576.0,93093.3,93517.4,1828.494,170781305.5402
2025-03-02 20:00:00,93517.4,94218.6,93507.0,94047.0,3421.951,321170824.0483
2025-03-02 20:30:00,94047.0,94468.2,93605.5,94339.9,2804.708,263821452.6721
2025-03-02 21:00:00,94339.9,94428.6,93883.2,93930.1,1759.842,165615303.2761
2025-03-02 21:30:00,93930.1,94342.2,93689.2,94304.1,1767.457,166062999.0137
2025-03-02 22:00:00,94304.1,94471.1,93911.0,94337.9,1669.75,157304035.4866
2025-03-02 22:30:00,94337.9,94772.6,94019.6,94222.8,1429.275,134907910.2878
2025-03-02 23:00:00,94222.8,94851.9,94121.4,94208.0,3480.009,329134186.361
2025-03-02 23:30:00,94208.0,94625.1,93850.0,94259.7,2260.543,213002514.2435
2025-03-03 00:00:00,94259.7,94414.2,93600.0,93846.9,2379.408,223383656.0836
2025-03-03 00:30:00,93846.9,93915.0,93300.0,93320.1,2289.063,214150392.8268
2025-03-03 01:00:00,93320.1,93427.4,92660.0,93061.1,2656.468,247095482.2846
2025-03-03 01:30:00,93061.1,93202.6,92695.2,93066.5,1511.257,140450600.1674
2025-03-03 02:00:00,93066.5,93172.5,92411.0,92416.7,1832.491,169991921.1824
2025-03-03 02:30:00,92416.7,93446.3,92416.7,93281.1,2358.664,219523633.6061
2025-03-03 03:00:00,93281.1,93414.6,92450.1,92710.6,2795.371,259515630.9408
2025-03-03 03:30:00,92710.6,92909.2,92522.0,92700.0,781.328,72443576.1819
2025-03-03 04:00:00,92700.0,92905.0,92580.5,92696.0,604.455,56044573.9937
2025-03-03 04:30:00,92696.0,92932.0,92580.0,92849.5,552.563,51266540.0391
2025-03-03 05:00:00,92849.5,93120.0,92814.5,92968.3,862.931,80240974.2918
2025-03-03 05:30:00,92968.3,93327.5,92912.9,93316.4,1001.487,93344361.6786
2025-03-03 06:00:00,93316.4,93316.4,92739.3,92814.1,803.303,74701405.0654
2025-03-03 06:30:00,92814.1,92814.1,91309.2,91623.9,7349.46,675160826.2864
2025-03-03 07:00:00,91623.9,92100.0,91150.3,91952.2,4483.047,411004606.845
2025-03-03 07:30:00,91952.2,92545.0,91850.0,92347.3,2870.305,264701545.3191
2025-03-03 08:00:00,92347.3,92379.9,91593.2,91919.5,2299.897,211696482.388
2025-03-03 08:30:00,91919.5,92171.5,91094.6,91457.0,2841.695,260224552.0168
2025-03-03 09:00:00,91457.0,91928.6,91174.0,91863.5,2731.676,250162551.609
2025-03-03 09:30:00,91863.5,92049.9,91708.1,91822.8,1626.317,149444198.8955
2025-03-03 10:00:00,91822.8,92189.3,91519.0,92005.7,1483.732,136323092.8419
2025-03-03 10:30:00,92005.7,92591.9,91948.6,92520.9,1561.855,144197202.8673
2025-03-03 11:00:00,92520.9,92888.0,92375.3,92687.7,1995.824,184895782.6117
2025-03-03 11:30:00,92687.7,92750.0,92405.8,92718.3,1013.882,93865835.7737
2025-03-03 12:00:00,92718.3,93228.9,92690.0,92822.3,2849.858,265075485.8893
2025-03-03 12:30:00,92822.3,93133.0,92611.0,92984.0,2351.768,218464475.0352
2025-03-03 13:00:00,92984.0,93280.0,92838.7,93000.7,1524.907,141919654.6691
2025-03-03 13:30:00,93000.7,93666.8,92967.9,93544.2,2944.057,274969064.7874
2025-03-03 14:00:00,93544.2,93697.0,92732.0,93163.9,3201.29,298444483.2191
2025-03-03 14:30:00,93163.9,93290.7,89155.0,89270.3,22281.072,2027764472.5961
2025-03-03 15:00:00,89270.3,91300.0,89130.0,91081.6,14141.98,1275604790.8992
2025-03-03 15:30:00,91081.6,91266.3,89952.2,90048.6,5291.218,479142291.9269
2025-03-03 16:00:00,90048.6,90789.5,89711.5,90300.4,5348.113,482565208.4167
2025-03-03 16:30:00,90300.4,90422.8,89868.0,90156.1,2761.228,248909018.5106
2025-03-03 17:00:00,90156.1,90540.0,89911.0,90325.0,1904.558,171904494.5435
2025-03-03 17:30:00,90325.0,91037.5,90047.4,90304.6,2599.753,235483129.1176
2025-03-03 18:00:00,90304.6,90457.2,87352.7,87721.0,14633.457,1299364055.5871
2025-03-03 18:30:00,87721.0,88166.5,86661.8,87120.2,16233.741,1419247923.6481
2025-03-03 19:00:00,87120.2,87700.0,86473.8,87019.4,7623.523,663214303.461
2025-03-03 19:30:00,87019.4,87457.2,85456.8,85532.1,13312.422,1149051931.4774
2025-03-03 20:00:00,85532.1,86380.8,85233.5,85764.1,10297.079,883456556.3257
2025-03-03 20:30:00,85764.1,86217.0,85128.5,86033.2,5322.865,455907196.8286
2025-03-03 21:00:00,86033.2,86536.7,85930.0,86015.6,3144.316,271157703.1431
2025-03-03 21:30:00,86015.6,86473.4,85023.4,85309.3,3901.465,334281689.7849
2025-03-03 22:00:00,85309.3,86517.4,85235.3,86340.1,3291.561,283252144.6804
2025-03-03 22:30:00,86340.1,86983.4,86070.0,86583.0,2408.827,208414940.4459
2025-03-03 23:00:00,86583.0,86740.0,85937.9,86440.7,2226.729,192183551.5797
2025-03-03 23:30:00,86440.7,86641.3,85949.2,86165.3,1528.141,131854419.0905
2025-03-04 00:00:00,86165.3,86761.1,85810.5,86378.4,2722.161,234886301.6004
2025-03-04 00:30:00,86378.4,86478.6,85844.5,85992.8,1299.941,111902112.7351
2025-03-04 01:00:00,85992.8,86142.9,85242.0,85652.2,2786.166,238534030.7859
2025-03-04 01:30:00,85652.2,85825.6,82512.9,83333.2,17868.928,1495413654.4522
2025-03-04 02:00:00,83333.2,83770.0,82378.7,83165.0,9655.39,802172931.3427
2025-03-04 02:30:00,83165.0,84350.0,83086.5,83867.7,4349.773,363946378.8655
2025-03-04 03:00:00,83867.7,84404.7,83652.0,83991.3,2906.032,244048019.846
2025-03-04 03:30:00,83991.3,84400.0,83563.8,83939.9,2546.026,213956832.6011
2025-03-04 04:00:00,83939.9,84014.0,83605.7,83765.1,1707.8,143080767.1185
2025-03-04 04:30:00,83765.1,83849.9,83278.4,83379.6,2193.771,183385085.9789
2025-03-04 05:00:00,83379.6,84569.1,83309.3,84158.4,4968.514,417028064.8067
2025-03-04 05:30:00,84158.4,84355.7,83939.5,84239.8,1370.753,115321218.4015
2025-03-04 06:00:00,84239.8,84369.8,83810.0,84192.5,1472.23,123785949.2283
2025-03-04 06:30:00,84192.5,84292.0,83533.3,83820.1,1466.93,122877309.6607
2025-03-04 07:00:00,83820.1,83967.7,83293.7,83457.5,1743.216,145631581.4111
2025-03-04 07:30:00,83457.5,83799.8,83086.3,83138.6,1906.45,158950967.9183
2025-03-04 08:00:00,83138.6,83851.3,82968.0,83548.0,2570.272,214125038.953
2025-03-04 08:30:00,83548.0,83899.9,83345.5,83857.7,1902.05,159174552.3089
2025-03-04 09:00:00,83857.7,84150.0,83590.6,83816.1,1385.033,116183103.3415
2025-03-04 09:30:00,83816.1,84135.1,83674.7,83706.7,891.715,74796484.7119
2025-03-04 10:00:00,83706.7,83802.5,83450.0,83592.0,1048.066,87640264.0732
2025-03-04 10:30:00,83592.0,84034.6,83558.7,83935.7,1286.631,107863972.2184
2025-03-04 11:00:00,83935.7,84350.0,83653.0,83999.9,1887.322,158519023.8275
2025-03-04 11:30:00,83999.9,84097.6,83764.6,83900.0,848.392,71207681.0087
2025-03-04 12:00:00,83900.0,83900.0,83222.4,83318.7,1838.193,153502873.0204
2025-03-04 12:30:00,83318.7,83941.0,83214.2,83729.5,1732.795,144992958.8336
2025-03-04 13:00:00,83729.5,83729.5,82471.3,82520.1,4761.558,394924034.3022
2025-03-04 13:30:00,82520.1,83478.2,82267.1,82775.5,5457.56,452588483.6874
2025-03-04 14:00:00,82775.5,83384.9,82520.2,82744.3,3488.921,289260151.928
2025-03-04 14:30:00,82744.3,84975.9,82023.3,83162.7,23210.499,1946586356.7384
2025-03-04 15:00:00,83162.7,83342.0,81413.7,82322.0,14574.939,1200742215.4977
2025-03-04 15:30:00,82322.0,83301.5,82118.7,82950.0,5459.225,451741511.9592
2025-03-04 16:00:00,82950.0,83113.9,82081.7,82196.5,4286.03,354195799.58
2025-03-04 16:30:00,82196.5,83781.0,81970.6,83508.4,5780.603,479156283.4971
2025-03-04 17:00:00,83508.4,84780.0,83365.5,84692.2,5706.6,479901177.4542
2025-03-04 17:30:00,84692.2,85490.0,84333.8,85409.9,6655.564,566362834.7225
2025-03-04 18:00:00,85409.9,85993.5,85183.2,85380.7,5699.274,487789598.7085
2025-03-04 18:30:00,85380.7,86900.0,85152.0,86729.2,5941.194,511386702.4488
2025-03-04 19:00:00,86729.2,88515.6,86500.9,87727.7,10676.696,936671155.591
2025-03-04 19:30:00,87727.7,88383.4,87582.4,88183.9,3915.39,344282287.9946
2025-03-04 20:00:00,88183.9,88830.5,87803.3,88388.6,4217.435,372873693.9336
2025-03-04 20:30:00,88388.6,88447.6,86648.1,86841.8,6490.694,568159109.9902
2025-03-04 21:00:00,86841.8,88946.0,86561.1,88742.0,7125.34,624785824.148
2025-03-04 21:30:00,88742.0,88770.0,87307.1,87520.0,4972.419,437542563.0252
2025-03-04 22:00:00,87520.0,87865.2,87396.6,87700.0,1647.735,144407630.151
2025-03-04 22:30:00,87700.0,87939.8,87406.4,87471.7,985.07,86403979.2326
2025-03-04 23:00:00,87471.7,87733.0,87087.0,87389.3,1331.053,116311416.346
2025-03-04 23:30:00,87389.3,87483.8,87163.3,87260.1,657.384,57426210.5183
2025-03-05 00:00:00,87260.1,87273.2,86750.0,87051.9,1373.188,119503346.0406
2025-03-05 00:30:00,87051.9,87164.7,86350.8,86785.7,2168.205,187901591.3311
2025-03-05 01:00:00,86785.7,87417.8,86580.4,87242.4,1620.766,140996666.5373
2025-03-05 01:30:00,87242.4,87789.0,87041.6,87609.5,1866.561,163224846.2092
2025-03-05 02:00:00,87609.5,87659.4,87052.4,87295.2,1549.809,135399241.1837
2025-03-05 02:30:00,87295.2,87886.0,87023.9,87450.7,1621.964,141956736.5538
2025-03-05 03:00:00,87450.7,87874.9,87283.6,87655.1,1161.615,101765028.9986
2025-03-05 03:30:00,87655.1,87830.0,86749.5,86829.0,1681.613,146751207.1893
2025-03-05 04:00:00,86829.0,87377.0,86706.1,87000.1,1925.389,167567520.3682
2025-03-05 04:30:00,87000.1,87070.4,86860.0,86908.3,640.149,55668717.8038
2025-03-05 05:00:00,86908.3,87174.0,86832.0,86947.1,603.283,52475917.843
2025-03-05 05:30:00,86947.1,87234.0,86907.8,87122.7,509.991,44400943.7077
2025-03-05 06:00:00,87122.7,87204.1,86975.5,87080.0,428.677,37325878.6268
2025-03-05 06:30:00,87080.0,87549.8,87080.0,87450.4,966.429,84435044.9403
2025-03-05 07:00:00,87450.4,87709.8,87329.5,87499.8,761.905,66677817.6187
2025-03-05 07:30:00,87499.8,87644.3,87323.0,87579.7,743.992,65100864.9579
2025-03-05 08:00:00,87579.7,87818.6,87562.3,87749.9,808.57,70902200.9422
2025-03-05 08:30:00,87749.9,87899.9,87622.6,87724.8,619.059,54339720.306
2025-03-05 09:00:00,87724.8,88657.0,87640.0,88579.3,2684.297,236886549.8288
2025-03-05 09:30:00,88579.3,88777.0,88287.0,88426.4,1641.84,145273749.2212
2025-03-05 10:00:00,88426.4,89622.0,88330.0,89578.7,2794.543,248626436.217
2025-03-05 10:30:00,89578.7,90622.8,89515.0,89882.7,7525.152,677271457.6308
2025-03-05 11:00:00,89882.7,90039.9,89601.0,89661.7,2142.235,192406120.5424
2025-03-05 11:30:00,89661.7,90100.0,89518.1,89776.5,2215.837,198958821.4006
2025-03-05 12:00:00,89776.5,90737.9,89776.5,90349.8,4128.394,372784257.9494
2025-03-05 12:30:00,90349.8,90930.0,90175.0,90320.5,3987.148,361067540.5733
2025-03-05 13:00:00,90320.5,90562.9,89384.6,89752.0,5184.686,466064388.0708
2025-03-05 13:30:00,89752.0,89965.0,89111.0,89444.5,3885.012,347889087.338
2025-03-05 14:00:00,89444.5,89827.9,89300.0,89702.2,1934.642,173304836.6292
2025-03-05 14:30:00,89702.2,89840.8,88107.7,88508.8,11135.873,990579336.5611
2025-03-05 15:00:00,88508.8,89574.1,87843.3,88071.3,8127.238,720663080.1908
2025-03-05 15:30:00,88071.3,88786.7,87986.1,88306.1,3321.872,293774792.6379
2025-03-05 16:00:00,88306.1,88400.0,87553.2,87902.5,4424.277,389003165.5482
2025-03-05 16:30:00,87902.5,89257.2,87610.0,88888.0,3780.115,334381487.8525
2025-03-05 17:00:00,88888.0,90050.2,88743.6,90003.7,4115.395,367632583.3441
2025-03-05 17:30:00,90003.7,90444.0,89281.3,89664.4,5070.921,455696746.2604
2025-03-05 18:00:00,89664.4,89924.1,88852.0,89374.9,4409.721,393855178.0228
2025-03-05 18:30:00,89374.9,89767.2,88945.7,89674.3,1957.773,174836474.2874
2025-03-05 19:00:00,89674.3,90116.0,89514.3,89718.4,2331.684,209458212.0258
2025-03-05 19:30:00,89718.4,89967.8,89430.0,89716.5,965.836,86679173.7309
2025-03-05 20:00:00,89716.5,90222.0,89631.6,89978.3,1822.864,163961477.8765
2025-03-05 20:30:00,89978.3,90528.8,89868.8,90450.0,1728.697,156054619.4988
2025-03-05 21:00:00,90450.0,90645.6,89873.3,90228.2,1852.52,167121981.5887
2025-03-05 21:30:00,90228.2,90450.0,89907.0,90313.8,1227.252,110604453.7386
2025-03-05 22:00:00,90313.8,90416.7,89966.6,89966.7,939.703,84740514.5025
2025-03-05 22:30:00,89966.7,90510.8,89966.6,90400.2,605.126,54614329.2265
2025-03-05 23:00:00,90400.2,90567.0,90260.5,90489.1,777.029,70260003.5953
2025-03-05 23:30:00,90489.1,90975.0,90489.0,90567.8,1830.653,166083777.5564
2025-03-06 00:00:00,90567.8,90779.2,90175.0,90329.9,1584.014,143296014.3761
2025-03-06 00:30:00,90329.9,90416.0,89961.3,90027.0,1509.686,136060036.4165
2025-03-06 01:00:00,90027.0,90478.6,90017.0,90300.1,1260.36,113711358.6981
2025-03-06 01:30:00,90300.1,91890.0,90110.0,91004.1,4963.225,453013745.3185
2025-03-06 02:00:00,91004.1,91820.2,91004.0,91240.8,2982.421,272566429.6392
2025-03-06 02:30:00,91240.8,91987.9,90949.1,91782.0,2489.94,227963970.756
2025-03-06 03:00:00,91782.0,91999.9,91515.0,91606.0,1357.214,124442440.9721
2025-03-06 03:30:00,91606.0,91635.0,91360.0,91573.8,1015.907,92956032.8091
2025-03-06 04:00:00,91573.8,91850.0,91482.2,91550.1,847.528,77686182.535
2025-03-06 04:30:00,91550.1,92419.3,91544.6,92252.0,3199.865,294822457.7756
2025-03-06 05:00:00,92252.0,92493.2,92073.5,92382.9,1426.957,131732440.993
2025-03-06 05:30:00,92382.9,92781.6,92321.6,92690.9,2202.564,203904787.6633
2025-03-06 06:00:00,92690.9,92731.7,92030.5,92156.8,2537.907,234216003.0244
2025-03-06 06:30:00,92156.8,92156.8,91760.0,91895.3,1838.191,168973401.5293
2025-03-06 07:00:00,91895.3,91980.1,91580.7,91644.3,1210.663,111039980.3913
2025-03-06 07:30:00,91644.3,91793.1,91236.1,91324.6,1648.11,150737259.0869
2025-03-06 08:00:00,91324.6,91545.9,91128.1,91511.9,1597.465,145939971.6353
2025-03-06 08:30:00,91511.9,91572.8,91072.6,91129.7,1294.996,118250481.2995
2025-03-06 09:00:00,91129.7,91159.3,90602.1,90704.0,2805.774,254971675.5612
2025-03-06 09:30:00,90704.0,90948.5,90592.9,90720.2,947.429,85985296.6053
2025-03-06 10:00:00,90720.2,91642.0,90570.4,91622.1,3081.954,281030815.534
2025-03-06 10:30:00,91622.1,91622.1,91160.5,91248.3,1382.205,126253536.6195
2025-03-06 11:00:00,91248.3,91416.8,90952.0,91390.6,1653.171,150699440.4672
2025-03-06 11:30:00,91390.6,91557.7,91186.9,91298.6,1229.584,112339648.5251
2025-03-06 12:00:00,91298.6,91352.0,90551.0,90812.0,2303.671,209274297.689
2025-03-06 12:30:00,90812.0,90900.0,89748.0,90054.2,4481.642,404177557.1718
2025-03-06 13:00:00,90054.2,90401.1,89900.1,90020.0,2890.816,260584419.5885
2025-03-06 13:30:00,90020.0,90433.1,89433.2,89522.1,3629.483,326551009.2994
2025-03-06 14:00:00,89522.1,89938.2,89317.6,89900.2,2661.144,238509909.5732
2025-03-06 14:30:00,89900.2,90376.7,89065.3,89771.7,7763.066,695893152.8159
2025-03-06 15:00:00,89771.7,91335.2,89581.8,90844.7,6878.756,623756782.9005
2025-03-06 15:30:00,90844.7,91427.2,90571.1,90779.9,3251.397,295745634.8974
2025-03-06 16:00:00,90779.9,91020.0,89888.0,90234.7,2986.89,270107206.4862
2025-03-06 16:30:00,90234.7,90530.4,89176.1,89283.9,3872.765,348336121.8551
2025-03-06 17:00:00,89283.9,89309.8,88308.0,88698.9,6876.272,610114693.499
2025-03-06 17:30:00,88698.9,88951.4,87933.8,88592.0,3943.276,348384520.6863
2025-03-06 18:00:00,88592.0,88921.6,88374.4,88449.0,2546.758,225797980.1655
2025-03-06 18:30:00,88449.0,88711.5,88100.0,88386.2,1869.962,165320675.4195
2025-03-06 19:00:00,88386.2,88435.6,88021.1,88068.0,1279.574,112844997.8369
2025-03-06 19:30:00,88068.0,89381.8,87800.1,88495.2,4426.677,392503940.1934
2025-03-06 20:00:00,88495.2,89337.8,88435.2,88980.1,2531.717,225116430.7255
2025-03-06 20:30:00,88980.1,89273.2,88621.9,88999.6,1691.615,150503758.5429
2025-03-06 21:00:00,88999.6,89809.2,88903.7,89288.1,2495.444,223255297.1806
2025-03-06 21:30:00,89288.1,89890.2,88985.4,89890.2,1779.77,159043384.383
2025-03-06 22:00:00,89890.2,90756.2,89434.2,89770.8,8214.264,741256158.365
2025-03-06 22:30:00,89770.8,90665.9,89576.8,90251.2,2337.416,210887044.7154
2025-03-06 23:00:00,90251.2,90530.2,90039.1,90309.9,1412.196,127495986.4463
2025-03-06 23:30:00,90309.9,90506.3,89864.0,89899.6,1475.436,132936719.0379
2025-03-07 00:00:00,89899.6,91279.5,86507.6,86989.3,21968.366,1943780058.0795
2025-03-07 00:30:00,86989.3,87222.5,84594.7,85485.4,14833.467,1272008491.0923
2025-03-07 01:00:00,85485.4,87574.5,85148.3,87073.0,9776.287,845763487.0901
2025-03-07 01:30:00,87073.0,88888.0,86766.6,88212.6,8956.919,787281819.686
2025-03-07 02:00:00,88212.6,88428.0,87308.2,87481.8,3122.047,274138848.5909
2025-03-07 02:30:00,87481.8,88203.6,87183.6,87203.8,3703.99,324822444.3185
2025-03-07 03:00:00,87203.8,87657.8,87111.1,87528.6,1682.446,147103207.1082
2025-03-07 03:30:00,87528.6,87572.1,86740.6,86952.3,2642.474,229980991.0414
2025-03-07 04:00:00,86952.3,87534.6,86806.9,87465.7,1443.616,125828604.5816
2025-03-07 04:30:00,87465.7,87843.9,87361.0,87591.8,1663.707,145833542.3206
2025-03-07 05:00:00,87591.8,88333.6,87542.2,88190.6,1606.394,141337034.9129
2025-03-07 05:30:00,88190.6,88412.3,88017.8,88191.4,1731.375,152710346.8144
2025-03-07 06:00:00,88191.4,88200.0,87917.9,87998.1,1202.405,105871441.3461
2025-03-07 06:30:00,87998.1,88325.7,87760.5,88185.9,1644.041,144800183.4911
2025-03-07 07:00:00,88185.9,88595.9,88070.3,88427.6,1519.885,134353160.5878
2025-03-07 07:30:00,88427.6,88459.9,88105.3,88324.2,1470.017,129747211.6422
2025-03-07 08:00:00,88324.2,88395.0,87957.4,88111.3,1109.272,97729635.9916
2025-03-07 08:30:00,88111.3,88470.6,87982.0,88325.0,1050.957,92733555.9419
2025-03-07 09:00:00,88325.0,89257.2,88316.7,89240.0,2363.935,209858798.6294
2025-03-07 09:30:00,89240.0,89678.3,88831.8,88899.9,3059.502,272889393.9611
2025-03-07 10:00:00,88899.9,89108.8,88708.7,88996.5,1394.663,124008288.9905
2025-03-07 10:30:00,88996.5,89250.0,88959.5,89218.5,810.365,72246180.4829
2025-03-07 11:00:00,89218.5,89417.0,88991.8,89068.8,1289.483,115012368.4252
2025-03-07 11:30:00,89068.8,89072.9,88720.5,88946.6,1416.173,125939853.923
2025-03-07 12:00:00,88946.6,89232.8,88800.0,89146.9,1386.353,123494144.5023
2025-03-07 12:30:00,89146.9,89292.7,88272.7,89040.0,4159.117,369017936.9906
2025-03-07 13:00:00,89040.0,89848.4,88974.7,89417.1,4084.045,365211320.8352
2025-03-07 13:30:00,89417.1,90350.7,88961.5,89138.9,11044.168,991778964.9895
2025-03-07 14:00:00,89138.9,89805.2,88776.1,89131.5,4055.105,362437318.1001
2025-03-07 14:30:00,89131.5,91119.0,88617.5,90445.4,11955.581,1077772993.0507
2025-03-07 15:00:00,90445.4,90795.7,89005.9,89183.3,7963.036,715233458.6224
2025-03-07 15:30:00,89183.3,89272.7,87973.6,88439.9,11971.867,1059737522.3448
2025-03-07 16:00:00,88439.9,88963.0,87250.4,87453.5,7676.92,675981686.177
2025-03-07 16:30:00,87453.5,87656.3,86598.2,87232.2,6830.17,595323236.3959
2025-03-07 17:00:00,87232.2,87564.8,86530.4,87334.7,5163.082,449454354.8962
2025-03-07 17:30:00,87334.7,88621.0,86997.0,87673.6,7435.422,652911748.8076
2025-03-07 18:00:00,87673.6,88499.0,87482.7,88129.1,5160.561,454302113.3562
2025-03-07 18:30:00,88129.1,89043.7,87964.2,88573.0,3819.17,337911446.1371
2025-03-07 19:00:00,88573.0,88893.7,88140.8,88245.6,3347.578,296029176.0921
2025-03-07 19:30:00,88245.6,88464.0,87284.7,87792.8,3957.541,347400911.2177
2025-03-07 20:00:00,87792.8,88248.3,87308.8,87481.5,2724.018,239116209.0326
2025-03-07 20:30:00,87481.5,88500.0,86487.7,86965.2,10238.577,894973159.8384
2025-03-07 21:00:00,86965.2,87359.0,85453.4,87143.6,13478.489,1163485540.7928
2025-03-07 21:30:00,87143.6,87167.1,85704.4,86273.2,4782.864,413102840.5216
2025-03-07 22:00:00,86273.2,86460.8,85575.0,86039.5,3398.616,292075883.8846
2025-03-07 22:30:00,86039.5,86821.7,85891.4,86717.4,2378.52,205634122.4442
2025-03-07 23:00:00,86717.4,86717.5,85922.8,86569.2,2558.436,220799367.2094
2025-03-07 23:30:00,86569.2,86800.3,86300.0,86758.5,1365.746,118231338.2675
2025-03-08 00:00:00,86758.5,86770.9,86501.0,86651.9,1116.344,96707022.2354
2025-03-08 00:30:00,86651.9,86886.3,86549.1,86694.9,694.961,60294277.3617
2025-03-08 01:00:00,86694.9,86756.9,86004.1,86040.2,1375.026,118660625.7326
2025-03-08 01:30:00,86040.2,86068.7,85185.9,86068.7,4379.388,374835416.5687
2025-03-08 02:00:00,86068.7,86300.0,85933.3,85956.6,1175.142,101230325.7663
2025-03-08 02:30:00,85956.6,86228.0,85908.1,86142.6,761.116,65499641.7444
2025-03-08 03:00:00,86142.6,86147.5,85410.0,85715.9,1354.331,116132182.3962
2025-03-08 03:30:00,85715.9,86032.1,85715.9,85869.9,637.74,54783746.247
2025-03-08 04:00:00,85869.9,86253.0,85617.7,86144.0,1063.289,91398649.1786
2025-03-08 04:30:00,86144.0,86466.7,86144.0,86408.3,1021.499,88216090.4229
2025-03-08 05:00:00,86408.3,86420.4,86158.0,86197.3,485.431,41880952.3432
2025-03-08 05:30:00,86197.3,86244.0,85969.6,86237.4,788.625,67899020.4561
2025-03-08 06:00:00,86237.4,86620.0,86230.0,86589.1,1259.765,108923232.5294
2025-03-08 06:30:00,86589.1,86611.9,86244.7,86435.6,692.731,59844866.1955
2025-03-08 07:00:00,86435.6,86499.6,86322.1,86336.3,355.348,30714550.9029
2025-03-08 07:30:00,86336.3,86456.8,86076.9,86165.6,750.566,64729467.6456
2025-03-08 08:00:00,86165.6,86296.5,86002.3,86138.1,808.187,69601973.0891
2025-03-08 08:30:00,86138.1,86210.0,86005.0,86030.1,463.805,39938619.635
2025-03-08 09:00:00,86030.1,86427.2,86030.0,86312.0,741.218,63958878.1723
2025-03-08 09:30:00,86312.0,86417.0,85787.8,85911.8,1172.234,100842853.9171
2025-03-08 10:00:00,85911.8,86187.5,85911.7,86187.5,597.085,51365612.569
2025-03-08 10:30:00,86187.5,86241.0,86050.0,86084.9,541.459,46647785.962
2025-03-08 11:00:00,86084.9,86089.8,85719.0,85909.0,836.357,71819850.8402
2025-03-08 11:30:00,85909.0,85948.0,85725.6,85923.9,833.83,71578592.9754
2025-03-08 12:00:00,85923.9,86231.6,85775.0,86170.4,1057.689,90983472.7266
2025-03-08 12:30:00,86170.4,86379.0,86057.2,86163.8,842.232,72625760.3747
2025-03-08 13:00:00,86163.8,86483.3,86077.0,86318.7,751.854,64842179.6194
2025-03-08 13:30:00,86318.7,86485.0,86181.9,86272.6,810.683,69991437.6193
2025-03-08 14:00:00,86272.6,86450.0,86222.7,86429.9,585.937,50590597.7568
2025-03-08 14:30:00,86429.9,86602.7,86159.1,86324.9,1172.889,101314560.3823
2025-03-08 15:00:00,86324.9,86513.5,86170.1,86508.1,538.283,46466581.8914
2025-03-08 15:30:00,86508.1,86573.1,86333.0,86363.9,363.153,31391990.3366
2025-03-08 16:00:00,86363.9,86421.6,85825.0,85893.0,1762.196,151607097.356
2025-03-08 16:30:00,85893.0,86203.8,85777.0,86105.7,989.371,85109004.0415
2025-03-08 17:00:00,86105.7,86116.8,85615.3,85880.0,1676.105,143872278.9649
2025-03-08 17:30:00,85880.0,86004.8,85788.0,85896.7,622.153,53451658.684
2025-03-08 18:00:00,85896.7,86040.7,85824.9,85979.9,317.893,27326711.9899
2025-03-08 18:30:00,85979.9,86032.6,85926.1,86004.4,288.358,24796045.7389
2025-03-08 19:00:00,86004.4,86296.2,85750.0,86277.8,883.279,75961282.2867
2025-03-08 19:30:00,86277.8,86491.0,86169.3,86189.9,915.113,79026734.6178
2025-03-08 20:00:00,86189.9,86330.9,86132.8,86165.6,357.098,30800696.1373
2025-03-08 20:30:00,86165.6,86295.2,86165.6,86245.3,136.129,11739517.7232
2025-03-08 21:00:00,86245.3,86475.0,86223.4,86474.9,233.724,20184364.8859
2025-03-08 21:30:00,86474.9,86475.0,86157.0,86195.0,493.495,42589880.1115
2025-03-08 22:00:00,86195.0,86216.2,85813.3,85996.5,943.858,81149169.0863
2025-03-08 22:30:00,85996.5,86340.6,85963.9,86311.4,718.164,61841078.0015
2025-03-08 23:00:00,86311.4,86368.3,86092.5,86237.4,1048.831,90447735.3918
2025-03-08 23:30:00,86237.4,86285.8,86026.2,86187.2,337.964,29107714.0399
2025-03-09 00:00:00,86187.2,86376.7,86080.6,86363.2,383.057,33031431.9799
2025-03-09 00:30:00,86363.2,86434.3,86276.8,86392.6,454.35,39244507.2196
2025-03-09 01:00:00,86392.6,86485.0,86253.9,86258.0,502.701,43427740.5038
2025-03-09 01:30:00,86258.0,86300.0,86053.0,86155.8,416.843,35917656.2287
2025-03-09 02:00:00,86155.8,86239.0,86066.7,86163.1,343.208,29569072.3686
2025-03-09 02:30:00,86163.1,86238.4,85955.9,85962.3,498.356,42894125.3273
2025-03-09 03:00:00,85962.3,86129.0,85910.0,86042.5,573.629,49344187.1145
2025-03-09 03:30:00,86042.5,86180.6,86042.4,86080.0,228.787,19702202.5861
2025-03-09 04:00:00,86080.0,86082.9,85891.2,86039.4,456.989,39290826.4
2025-03-09 04:30:00,86039.4,86096.0,85952.1,86023.4,212.454,18274725.1412
2025-03-09 05:00:00,86023.4,86119.8,85936.0,86067.2,370.443,31867935.3122
2025-03-09 05:30:00,86067.2,86115.5,85970.0,85992.4,184.169,15841587.4543
2025-03-09 06:00:00,85992.4,85992.4,85760.0,85899.2,734.431,63056350.5123
2025-03-09 06:30:00,85899.2,86000.7,85824.0,85865.1,576.215,49504846.0529
2025-03-09 07:00:00,85865.1,86079.3,85792.0,86070.0,645.017,55458501.3837
2025-03-09 07:30:00,86070.0,86142.5,85871.6,85971.6,519.198,44647159.2448
2025-03-09 08:00:00,85971.6,86066.8,85864.3,85871.9,379.224,32597391.5582
2025-03-09 08:30:00,85871.9,85978.4,85725.0,85750.9,432.925,37153983.7597
2025-03-09 09:00:00,85750.9,85846.0,85620.0,85764.4,1259.265,107939936.8135
2025-03-09 09:30:00,85764.4,85822.6,85338.9,85533.6,1890.498,161692891.7528
2025-03-09 10:00:00,85533.6,85589.4,85102.0,85234.9,2781.139,237390347.6192
2025-03-09 10:30:00,85234.9,85234.9,84637.9,84810.9,4817.953,409217303.4682
2025-03-09 11:00:00,84810.9,85003.6,84584.3,84767.9,2269.457,192450027.589
2025-03-09 11:30:00,84767.9,85050.0,84684.2,84954.3,2141.453,181790000.6813
2025-03-09 12:00:00,84954.3,84997.7,84156.6,84560.1,5021.625,424060203.2921
2025-03-09 12:30:00,84560.1,84761.6,84342.7,84558.6,1619.247,136921208.9582
2025-03-09 13:00:00,84558.6,84650.0,84231.8,84507.9,1516.851,128053763.6533
2025-03-09 13:30:00,84507.9,84507.9,83415.0,83422.1,4947.245,415187980.0625
2025-03-09 14:00:00,83422.1,83656.5,82940.0,83300.1,5501.073,458333923.8367
2025-03-09 14:30:00,83300.1,83772.9,83220.3,83558.3,2999.578,250432921.5426
2025-03-09 15:00:00,83558.3,83726.9,83333.0,83458.8,1988.561,166127228.6974
2025-03-09 15:30:00,83458.8,83579.1,82700.0,83037.3,4285.94,355895888.8523
2025-03-09 16:00:00,83037.3,83723.7,82578.2,83215.7,4435.041,368827677.8832
2025-03-09 16:30:00,83215.7,83240.0,82258.2,82436.6,4730.196,390827044.6279
2025-03-09 17:00:00,82436.6,82905.3,82151.4,82395.4,4362.284,359741689.8025
2025-03-09 17:30:00,82395.4,82713.7,82178.6,82319.9,2187.086,180242179.3234
2025-03-09 18:00:00,82319.9,83288.4,82220.0,82940.4,3080.512,254880163.6558
2025-03-09 18:30:00,82940.4,83290.0,82341.1,82608.1,3709.196,307239973.4675
2025-03-09 19:00:00,82608.1,82780.8,82245.9,82615.4,3558.738,293404569.3795
2025-03-09 19:30:00,82615.4,82888.0,82426.2,82545.7,2559.208,211589439.7776
2025-03-09 20:00:00,82545.7,83253.7,82512.8,83078.7,1770.089,146835014.7301
2025-03-09 20:30:00,83078.7,83461.2,82820.0,82975.0,2397.519,199324192.4125
2025-03-09 21:00:00,82975.0,82979.8,81714.0,81935.5,5151.799,423722041.3448
2025-03-09 21:30:00,81935.5,82268.6,81444.9,81774.2,3135.957,256823676.6073
2025-03-09 22:00:00,81774.2,81989.1,81114.2,81289.9,3576.154,291510805.6381
2025-03-09 22:30:00,81289.9,81389.3,80125.0,80314.9,6537.137,528014893.8783
2025-03-09 23:00:00,80314.9,80988.2,79913.4,80550.5,6861.861,551744439.3925
2025-03-09 23:30:00,80550.5,80950.0,80273.5,80692.3,2448.204,197303121.7223
2025-03-10 00:00:00,80692.3,81369.8,80333.0,80498.0,4557.262,368503236.5511
2025-03-10 00:30:00,80498.0,81434.0,79947.0,81214.9,5542.351,446657657.9668
2025-03-10 01:00:00,81214.9,81811.5,80731.2,81218.5,3520.803,286373283.5838
2025-03-10 01:30:00,81218.5,81820.2,81214.9,81691.9,2152.147,175501082.4548
2025-03-10 02:00:00,81691.9,82517.2,81453.7,82082.0,3770.068,309253124.1621
2025-03-10 02:30:00,82082.0,82675.0,82044.1,82150.0,3000.535,247149062.8275
2025-03-10 03:00:00,82150.0,82271.5,81750.0,81779.7,1903.081,155952334.1307
2025-03-10 03:30:00,81779.7,82295.0,81750.0,81994.3,1619.159,132978114.3778
2025-03-10 04:00:00,81994.3,82484.9,81951.5,82444.1,1122.409,92366729.9034
2025-03-10 04:30:00,82444.1,82600.0,82232.5,82576.4,1100.634,90709543.603
2025-03-10 05:00:00,82576.4,82739.3,82400.0,82513.6,1202.143,99234752.7949
2025-03-10 05:30:00,82513.6,82537.7,82077.7,82272.7,922.71,75906446.6189
2025-03-10 06:00:00,82272.7,82377.5,82055.0,82118.8,786.022,64605777.9699
2025-03-10 06:30:00,82118.8,82344.7,81923.3,82291.8,952.238,78186032.8288
2025-03-10 07:00:00,82291.8,82654.8,82046.5,82064.4,1538.403,126642294.4398
2025-03-10 07:30:00,82064.4,82339.9,81998.2,82272.0,965.447,79323093.6719
2025-03-10 08:00:00,82272.0,82344.7,81672.5,81994.0,1993.672,163351241.0135
2025-03-10 08:30:00,81994.0,82020.0,81085.4,81301.6,4355.777,354808380.8993
2025-03-10 09:00:00,81301.6,84050.0,81280.1,83188.4,10565.534,877175477.2378
2025-03-10 09:30:00,83188.4,83324.2,82057.0,82449.5,6270.898,518295798.899
2025-03-10 10:00:00,82449.5,82633.9,81560.0,81808.3,3876.646,318506563.547
2025-03-10 10:30:00,81808.3,82320.0,81730.0,82229.2,3455.18,283400576.9271
2025-03-10 11:00:00,82229.2,82559.1,82007.4,82559.1,1810.486,149016220.1711
2025-03-10 11:30:00,82559.1,83777.7,82363.9,83541.9,6363.676,529168249.5534
2025-03-10 12:00:00,83541.9,83743.8,82711.0,82794.3,6104.849,508256876.7287
2025-03-10 12:30:00,82794.3,83415.4,82593.0,83212.4,2873.518,238481631.5018
2025-03-10 13:00:00,83212.4,83280.0,82414.3,82615.4,2698.923,223404220.8125
2025-03-10 13:30:00,82615.4,82848.5,81366.6,81488.0,9188.327,754402154.5821
2025-03-10 14:00:00,81488.0,81488.0,79251.1,79821.8,17895.12,1435618205.1904
2025-03-10 14:30:00,79821.8,80287.0,79120.0,79795.9,9614.553,766227356.9227
2025-03-10 15:00:00,79795.9,80456.6,79513.6,80219.5,5898.22,472048474.3253
2025-03-10 15:30:00,80219.5,81072.3,79968.7,80011.0,6538.299,526364644.1629
2025-03-10 16:00:00,80011.0,80212.0,79258.7,79558.0,4078.469,325068813.8764
2025-03-10 16:30:00,79558.0,79796.7,78926.6,78958.1,4553.54,360884928.1452
2025-03-10 17:00:00,78958.1,79272.0,78300.0,79008.3,8682.772,683600133.5245
2025-03-10 17:30:00,79008.3,79083.7,78105.0,78399.0,6600.131,518534870.3276
2025-03-10 18:00:00,78399.0,79105.7,78021.0,78457.7,5397.789,423796286.337
2025-03-10 18:30:00,78457.7,78683.4,77444.0,77614.7,6936.383,541209014.1666
2025-03-10 19:00:00,77614.7,78892.0,77403.1,78545.8,6863.334,536086385.8959
2025-03-10 19:30:00,78545.8,79480.1,78537.9,79019.5,5590.808,441779132.5342
2025-03-10 20:00:00,79019.5,79099.9,78592.6,79022.6,1685.992,132970868.1581
2025-03-10 20:30:00,79022.6,79713.9,78358.1,79260.1,5235.411,414059283.7996
2025-03-10 21:00:00,79260.1,79640.7,78906.0,79525.9,3305.489,262167598.4669
2025-03-10 21:30:00,79525.9,79860.6,79343.1,79530.9,1841.709,146671539.6914
2025-03-10 22:00:00,79530.9,79815.7,79152.0,79268.0,1481.742,117631452.8539
2025-03-10 22:30:00,79268.0,79686.8,79175.6,79467.9,1351.232,107335896.009
2025-03-10 23:00:00,79467.9,79677.7,78942.0,79169.2,1617.515,128247503.6849
2025-03-10 23:30:00,79169.2,79352.6,78452.0,78563.2,2254.768,177876964.6361
2025-03-11 00:00:00,78563.2,79209.4,77252.0,77267.2,5123.484,400198015.6894
2025-03-11 00:30:00,77267.2,77671.0,76545.0,77612.9,9505.355,732459510.8306
2025-03-11 01:00:00,77612.9,77769.9,76750.0,77700.0,4584.018,354090765.395
2025-03-11 01:30:00,77700.0,79096.2,77686.1,79078.8,5605.103,440089678.6885
2025-03-11 02:00:00,79078.8,79599.9,78879.8,79227.9,3456.092,273938538.1389
2025-03-11 02:30:00,79227.9,79489.7,79020.1,79312.1,2000.052,158395431.7188
2025-03-11 03:00:00,79312.1,79936.7,79230.2,79377.1,2178.293,173345831.398
2025-03-11 03:30:00,79377.1,79671.9,79320.0,79486.6,902.964,71830002.1824
2025-03-11 04:00:00,79486.6,80212.4,79406.1,80044.3,2631.812,210310519.5737
2025-03-11 04:30:00,80044.3,80200.0,79685.3,79708.0,2078.06,165934110.6524
2025-03-11 05:00:00,79708.0,80303.6,79664.8,80142.1,2115.111,169312286.2034
2025-03-11 05:30:00,80142.1,80466.0,80010.2,80215.2,1666.147,133644163.17
2025-03-11 06:00:00,80215.2,80496.0,80137.7,80362.1,1747.623,140387967.2357
2025-03-11 06:30:00,80362.1,80396.5,80069.0,80070.3,1174.272,94243517.8959
2025-03-11 07:00:00,80070.3,80579.4,80053.7,80406.6,1544.086,124104499.64
2025-03-11 07:30:00,80406.6,80460.5,80216.3,80391.6,1335.981,107318056.5615
2025-03-11 08:00:00,80391.6,80961.1,80282.8,80885.9,2960.392,238917440.584
2025-03-11 08:30:00,80885.9,81497.0,80809.0,81069.8,4878.072,395918297.047
2025-03-11 09:00:00,81069.8,81646.0,81067.8,81634.0,2359.81,192091981.4881
2025-03-11 09:30:00,81634.0,81850.0,81387.6,81413.1,2498.023,203781381.7852
2025-03-11 10:00:00,81413.1,81778.4,81230.9,81680.0,2380.371,194030674.0806
2025-03-11 10:30:00,81680.0,81849.3,81566.2,81772.6,1901.52,155358925.5623
2025-03-11 11:00:00,81772.6,81937.3,81360.8,81790.0,2126.463,173678654.13
2025-03-11 11:30:00,81790.0,82081.9,81660.0,81685.3,1924.421,157505321.3884
2025-03-11 12:00:00,81685.3,81881.8,81280.0,81679.9,3022.835,246526061.3733
2025-03-11 12:30:00,81679.9,81736.0,81023.8,81204.1,3031.378,246448323.0545
2025-03-11 13:00:00,81204.1,82257.4,80500.0,81412.3,8871.755,721286899.8648
2025-03-11 13:30:00,81412.3,81783.7,80739.4,80848.0,8911.137,723607890.434
2025-03-11 14:00:00,80848.0,81353.8,79818.4,79888.0,14768.388,1190534601.4063
2025-03-11 14:30:00,79888.0,80526.8,79000.0,79743.8,13115.84,1044868544.4025
2025-03-11 15:00:00,79743.8,81494.4,79623.0,80840.0,9371.117,757231159.3128
2025-03-11 15:30:00,80840.0,81636.9,80754.3,81180.4,5036.913,408903019.5108
2025-03-11 16:00:00,81180.4,81559.0,80609.4,81440.0,4827.607,391292186.8611
2025-03-11 16:30:00,81440.0,81863.0,81229.4,81360.1,4092.536,333837422.4962
2025-03-11 17:00:00,81360.1,81655.2,80732.9,80843.6,3440.711,279327162.7642
2025-03-11 17:30:00,80843.6,81696.6,80734.0,81260.8,3747.139,304334808.2285
2025-03-11 18:00:00,81260.8,82860.4,81244.8,82530.0,6575.665,540845329.5161
2025-03-11 18:30:00,82530.0,83449.4,82323.5,83251.8,6264.853,519697132.5027
2025-03-11 19:00:00,83251.8,83622.9,82838.1,83149.0,5122.897,426172768.4345
2025-03-11 19:30:00,83149.0,83455.1,82928.8,83082.7,2650.021,220517611.0837
2025-03-11 20:00:00,83082.7,83156.7,82572.4,82621.1,2051.323,169945905.678
2025-03-11 20:30:00,82621.1,83049.9,82621.1,82772.0,1706.724,141392826.0672
2025-03-11 21:00:00,82772.0,83196.1,82769.5,83170.4,1208.38,100352563.659
2025-03-11 21:30:00,83170.4,83230.5,82930.0,83072.8,831.213,69067102.7792
2025-03-11 22:00:00,83072.8,83273.8,82995.9,83123.9,897.44,74611832.0533
2025-03-11 22:30:00,83123.9,83200.0,82935.8,83100.1,532.573,44232078.5124
2025-03-11 23:00:00,83100.1,83156.6,82518.8,82623.6,1565.555,129558366.7067
2025-03-11 23:30:00,82623.6,82889.2,82531.4,82889.2,787.022,65100627.8214
2025-03-12 00:00:00,82889.2,82954.2,82650.0,82816.9,963.849,79790885.5826
2025-03-12 00:30:00,82816.9,83096.0,82564.8,82723.4,1094.127,90596314.5721
2025-03-12 01:00:00,82723.4,83192.8,82707.5,83034.5,1144.188,94976732.3151
2025-03-12 01:30:00,83034.5,83738.0,83015.1,83270.6,2618.689,218406003.3118
2025-03-12 02:00:00,83270.6,83285.9,82633.6,82686.0,2778.885,230510781.7905
2025-03-12 02:30:00,82686.0,82772.1,82206.1,82402.1,2934.694,241935053.4293
2025-03-12 03:00:00,82402.1,82557.6,82235.8,82330.0,1382.722,113920870.3158
2025-03-12 03:30:00,82330.0,82446.0,82076.1,82098.2,1316.507,108270299.5467
2025-03-12 04:00:00,82098.2,82148.4,81757.3,81867.5,1916.788,157066333.6418
2025-03-12 04:30:00,81867.5,81874.5,81597.8,81775.8,1587.642,129741476.4862
2025-03-12 05:00:00,81775.8,81903.0,81574.0,81774.5,1265.785,103443589.8469
2025-03-12 05:30:00,81774.5,81995.0,81743.4,81938.7,1078.466,88298308.5256
2025-03-12 06:00:00,81938.7,81938.8,81452.7,81659.9,1513.194,123498122.4467
2025-03-12 06:30:00,81659.9,81755.1,81245.1,81382.2,1369.159,111559542.5124
2025-03-12 07:00:00,81382.2,81844.6,81286.0,81648.1,2090.105,170315168.1346
2025-03-12 07:30:00,81648.1,82538.2,81537.9,82423.7,5753.918,472261358.7017
2025-03-12 08:00:00,82423.7,82855.0,82032.4,82547.1,5952.285,490848807.7797
2025-03-12 08:30:00,82547.1,82791.5,82350.0,82671.0,1846.766,152566344.9171
2025-03-12 09:00:00,82671.0,82920.8,82250.0,82275.9,2908.203,239990317.3452
2025-03-12 09:30:00,82275.9,82677.0,82225.0,82660.2,1184.91,97733654.1367
2025-03-12 10:00:00,82660.2,82755.7,82163.5,82296.0,1736.659,143129944.4344
2025-03-12 10:30:00,82296.0,82512.5,82096.9,82480.0,1425.474,117293727.8497
2025-03-12 11:00:00,82480.0,82743.0,82419.3,82736.0,1112.322,91886537.1809
2025-03-12 11:30:00,82736.0,83082.1,82709.3,82989.9,2337.687,193748969.2888
2025-03-12 12:00:00,82989.9,83498.9,82852.5,83340.0,3834.699,318781483.1492
2025-03-12 12:30:00,83340.0,84489.8,83332.3,84026.6,15412.5,1294177270.3522
2025-03-12 13:00:00,84026.6,84177.0,83253.0,83319.1,4032.621,337301244.3416
2025-03-12 13:30:00,83319.1,83764.3,82315.8,82662.7,9043.78,751596850.8288
2025-03-12 14:00:00,82662.7,82891.3,82133.3,82445.4,6111.358,504303909.1775
2025-03-12 14:30:00,82445.4,82606.0,81474.0,81475.0,7403.604,605314214.2058
2025-03-12 15:00:00,81475.0,81541.8,80534.6,81177.7,11041.868,894183980.4647
2025-03-12 15:30:00,81177.7,81931.7,81167.2,81646.6,6548.527,534066989.9897
2025-03-12 16:00:00,81646.6,82225.0,81528.3,81790.0,4335.461,355191461.1866
2025-03-12 16:30:00,81790.0,82163.6,81593.6,81904.8,3878.24,317480694.0625
2025-03-12 17:00:00,81904.8,82837.1,81833.5,82711.2,3555.232,293126729.1762
2025-03-12 17:30:00,82711.2,82831.9,81732.2,81807.9,3252.481,267407979.7199
2025-03-12 18:00:00,81807.9,82667.3,81681.6,82486.7,3246.362,267054973.4108
2025-03-12 18:30:00,82486.7,82769.0,82302.0,82593.6,1772.678,146338107.0273
2025-03-12 19:00:00,82593.6,82995.0,82445.2,82730.4,2179.448,180401280.2835
2025-03-12 19:30:00,82730.4,83120.0,82456.0,82868.8,2661.31,220306662.6159
2025-03-12 20:00:00,82868.8,82926.8,82652.0,82829.9,697.542,57753838.119
2025-03-12 20:30:00,82829.9,83150.9,82829.9,83084.2,976.285,81089838.7952
2025-03-12 21:00:00,83084.2,83296.7,83075.0,83102.0,1020.292,84897202.7267
2025-03-12 21:30:00,83102.0,83236.0,82815.3,83061.5,1014.411,84202531.0774
2025-03-12 22:00:00,83061.5,83544.9,83052.9,83460.3,1670.452,139217484.8035
2025-03-12 22:30:00,83460.3,83660.0,83397.2,83610.4,958.467,80104505.4445
2025-03-12 23:00:00,83610.4,83711.3,83401.0,83416.5,1459.211,121887417.6776
2025-03-12 23:30:00,83416.5,83862.1,83372.5,83649.9,1325.639,110933586.1148
2025-03-13 00:00:00,83649.9,83990.0,83452.6,83676.9,1607.221,134598478.9009
2025-03-13 00:30:00,83676.9,83946.2,83414.3,83426.7,1675.453,140263128.7076
2025-03-13 01:00:00,83426.7,83784.9,83282.0,83612.1,1247.339,104183238.519
2025-03-13 01:30:00,83612.1,84232.4,83612.0,83889.9,1964.537,164912189.168
2025-03-13 02:00:00,83889.9,84343.2,83851.3,83928.4,1634.136,137364164.5676
2025-03-13 02:30:00,83928.4,84050.0,83743.4,83768.1,821.673,68930221.0724
2025-03-13 03:00:00,83768.1,84172.0,83715.0,83869.5,870.126,73045320.6173
2025-03-13 03:30:00,83869.5,83883.5,83514.9,83550.0,1426.87,119361209.3181
2025-03-13 04:00:00,83550.0,83677.9,83423.0,83434.4,1048.161,87547850.6801
2025-03-13 04:30:00,83434.4,83517.2,83183.2,83257.5,1734.937,144543651.2605
2025-03-13 05:00:00,83257.5,83500.0,83223.5,83412.6,785.707,65494227.3767
2025-03-13 05:30:00,83412.6,83421.1,83036.5,83125.6,1226.386,101981443.0344
2025-03-13 06:00:00,83125.6,83173.1,82811.1,82985.3,1285.269,106624342.4833
2025-03-13 06:30:00,82985.3,83296.4,82941.6,83250.0,975.3,81109174.5092
2025-03-13 07:00:00,83250.0,83530.0,83106.9,83389.1,1723.296,143639919.3292
2025-03-13 07:30:00,83389.1,83487.4,83089.6,83128.2,1026.189,85459345.1507
2025-03-13 08:00:00,83128.2,83227.4,82475.6,82619.1,2584.06,213994279.8114
2025-03-13 08:30:00,82619.1,83011.7,82357.7,82926.4,2310.464,190975833.532
2025-03-13 09:00:00,82926.4,83451.6,82920.9,83193.7,2379.331,197962344.9945
2025-03-13 09:30:00,83193.7,83485.5,83166.4,83388.3,1150.466,95863041.7834
2025-03-13 10:00:00,83388.3,83459.2,83053.4,83255.9,1146.555,95417158.3835
2025-03-13 10:30:00,83255.9,83356.9,82949.5,83133.8,1411.842,117350850.0523
2025-03-13 11:00:00,83133.8,83180.3,82739.7,82824.0,1151.619,95498821.7259
2025-03-13 11:30:00,82824.0,82966.8,82650.1,82924.3,1356.586,112344968.229
2025-03-13 12:00:00,82924.3,83279.0,82704.4,83215.3,1942.659,161219015.0376
2025-03-13 12:30:00,83215.3,83838.0,82233.5,82486.5,7851.914,651377447.0584
2025-03-13 13:00:00,82486.5,82939.5,82430.7,82859.1,2510.821,207685830.4109
2025-03-13 13:30:00,82859.1,83091.3,81562.5,81742.8,6256.015,514571991.4665
2025-03-13 14:00:00,81742.8,82453.7,81508.0,81849.4,6779.603,555879346.0297
2025-03-13 14:30:00,81849.4,82239.9,81793.5,81965.4,2169.459,177893679.1302
2025-03-13 15:00:00,81965.4,82150.5,81381.0,81551.5,4157.45,339466667.9553
2025-03-13 15:30:00,81551.5,81551.5,80905.2,80999.9,5336.981,433319201.5539
2025-03-13 16:00:00,80999.9,81156.4,80781.7,80891.0,4166.238,337242777.4797
2025-03-13 16:30:00,80891.0,81200.0,80590.1,80821.9,3221.185,260372026.8239
2025-03-13 17:00:00,80821.9,80840.9,80140.0,80347.0,5689.583,457447518.4555
2025-03-13 17:30:00,80347.0,80512.7,79888.0,80020.0,4333.327,347274384.1915
2025-03-13 18:00:00,80020.0,80883.3,79950.0,80848.0,4400.079,354377268.4865
2025-03-13 18:30:00,80848.0,80890.0,80500.0,80767.2,2090.196,168746401.1775
2025-03-13 19:00:00,80767.2,80992.0,80359.8,80536.7,1993.68,160807293.1559
2025-03-13 19:30:00,80536.7,80639.8,80090.7,80170.8,2832.065,227404739.9314
2025-03-13 20:00:00,80170.8,80639.5,80156.1,80611.9,1603.639,129034485.6934
2025-03-13 20:30:00,80611.9,80678.1,80230.8,80326.1,1476.223,118697846.9419
2025-03-13 21:00:00,80326.1,80614.8,80235.4,80590.1,1100.228,88485287.3254
2025-03-13 21:30:00,80590.1,80827.5,80433.5,80756.4,1284.822,103677352.9961
2025-03-13 22:00:00,80756.4,81021.8,80667.7,81000.1,1294.754,104714709.3386
2025-03-13 22:30:00,81000.1,81338.2,80916.8,81330.1,1570.575,127383380.5992
2025-03-13 23:00:00,81330.1,81428.2,81033.5,81047.5,1572.102,127725006.8308
2025-03-13 23:30:00,81047.5,81157.1,80986.0,81072.3,669.252,54260834.5315
2025-03-14 00:00:00,81072.3,81225.4,80766.6,81144.6,1694.203,137165830.0146
2025-03-14 00:30:00,81144.6,81628.2,81144.5,81435.5,1736.994,141470133.4071
2025-03-14 01:00:00,81435.5,81446.6,81150.3,81366.8,1027.359,83515779.3093
2025-03-14 01:30:00,81366.8,81832.5,81366.8,81545.6,1672.97,136640842.9258
2025-03-14 02:00:00,81545.6,81908.3,81531.0,81819.1,880.559,71949941.1099
2025-03-14 02:30:00,81819.1,82218.4,81638.1,82177.2,2671.495,218936782.8057
2025-03-14 03:00:00,82177.2,82213.1,81930.1,81979.3,1192.04,97786527.6637
2025-03-14 03:30:00,81979.3,81983.8,81700.1,81854.0,1242.798,101685776.1941
2025-03-14 04:00:00,81854.0,82000.0,81823.7,81968.3,827.516,67786828.1677
2025-03-14 04:30:00,81968.3,82001.5,81805.0,81910.4,399.178,32694723.3387
2025-03-14 05:00:00,81910.4,81975.5,81787.5,81955.1,712.184,58322926.8791
2025-03-14 05:30:00,81955.1,82186.0,81908.3,82112.3,552.262,45309001.1068
2025-03-14 06:00:00,82112.3,82150.0,81810.5,81815.9,975.04,79922982.5061
2025-03-14 06:30:00,81815.9,82012.3,81743.3,82002.0,1110.217,90892463.4994
2025-03-14 07:00:00,82002.0,82060.0,81859.7,82034.1,665.626,54564398.5794
2025-03-14 07:30:00,82034.1,82422.0,81968.3,82141.6,1897.112,156061225.2898
2025-03-14 08:00:00,82141.6,82546.0,82139.4,82423.9,1377.442,113472105.3119
2025-03-14 08:30:00,82423.9,82600.0,82265.9,82553.6,1155.488,95259197.0269
2025-03-14 09:00:00,82553.6,82899.9,82527.2,82845.9,1758.812,145487257.1858
2025-03-14 09:30:00,82845.9,82891.5,82642.4,82740.0,1376.356,113924908.3039
2025-03-14 10:00:00,82740.0,82995.5,82625.0,82943.9,1596.224,132216143.7916
2025-03-14 10:30:00,82943.9,83251.1,82840.5,83011.0,2210.274,183635258.3638
2025-03-14 11:00:00,83011.0,83185.3,82925.6,83176.6,1546.88,128493087.8296
2025-03-14 11:30:00,83176.6,83317.4,83103.9,83220.1,1271.294,105803399.5934
2025-03-14 12:00:00,83220.1,83448.4,83009.0,83358.0,1899.738,158192171.6591
2025-03-14 12:30:00,83358.0,83493.3,83111.3,83391.8,1764.92,147042176.5799
2025-03-14 13:00:00,83391.8,83555.0,83280.0,83306.1,1551.346,129425260.0896
2025-03-14 13:30:00,83306.1,83885.1,83001.8,83566.6,6224.194,519856280.947
2025-03-14 14:00:00,83566.6,83572.1,82585.4,82768.1,8493.854,704897328.8796
2025-03-14 14:30:00,82768.1,83500.0,82732.3,83499.9,3646.87,303313998.3371
2025-03-14 15:00:00,83499.9,84961.3,83499.9,84920.0,10241.358,864206518.5272
2025-03-14 15:30:00,84920.0,85299.9,84612.4,84714.7,7435.025,631712147.7255
2025-03-14 16:00:00,84714.7,84943.1,84361.2,84400.0,4304.563,364277416.7422
2025-03-14 16:30:00,84400.0,84843.2,83914.2,84770.0,5139.755,433624499.108
2025-03-14 17:00:00,84770.0,84828.4,84243.1,84368.2,2383.565,201488883.9728
2025-03-14 17:30:00,84368.2,84478.0,84163.0,84332.4,1556.683,131205419.1978
2025-03-14 18:00:00,84332.4,84633.4,84163.5,84262.1,1718.381,145017765.6917
2025-03-14 18:30:00,84262.1,84699.4,84250.1,84530.6,1488.158,125760314.0138
2025-03-14 19:00:00,84530.6,84920.0,84446.3,84599.7,2042.232,173034144.0762
2025-03-14 19:30:00,84599.7,84697.3,84430.1,84520.0,1455.874,123068481.0554
2025-03-14 20:00:00,84520.0,84527.4,83702.0,84028.6,3246.768,272961442.597
2025-03-14 20:30:00,84028.6,84300.0,83975.6,84110.8,1575.25,132533940.915
2025-03-14 21:00:00,84110.8,84285.0,83936.0,84209.4,970.813,81645093.2358
2025-03-14 21:30:00,84209.4,84244.0,84109.0,84178.3,572.47,48187124.7139
2025-03-14 22:00:00,84178.3,84418.4,84071.3,84300.0,1080.052,91021225.4213
2025-03-14 22:30:00,84300.0,84480.0,84230.0,84402.0,913.489,77044064.9677
2025-03-14 23:00:00,84402.0,84410.0,84150.0,84237.7,524.953,44221692.3728
2025-03-14 23:30:00,84237.7,84266.9,83920.0,83948.3,1031.206,86676388.4596
2025-03-15 00:00:00,83948.3,84199.9,83936.3,84199.9,976.23,82082896.6967
2025-03-15 00:30:00,84199.9,84310.0,84160.0,84259.4,600.003,50549730.1969
2025-03-15 01:00:00,84259.4,84559.1,84258.7,84313.5,837.078,70641456.2159
2025-03-15 01:30:00,84313.5,84331.8,84081.4,84323.9,838.752,70616813.0776
2025-03-15 02:00:00,84323.9,84362.1,84128.7,84268.6,775.435,65356451.5301
2025-03-15 02:30:00,84268.6,84611.8,84207.6,84509.3,911.735,76964969.9688
2025-03-15 03:00:00,84509.3,84661.8,84435.3,84600.2,826.111,69842067.2098
2025-03-15 03:30:00,84600.2,84635.8,84388.4,84459.8,859.709,72640671.9044
2025-03-15 04:00:00,84459.8,84507.1,84277.6,84376.2,918.55,77480373.3485
2025-03-15 04:30:00,84376.2,84545.0,84309.9,84435.8,580.802,49051541.8217
2025-03-15 05:00:00,84435.8,84461.4,84277.1,84304.8,494.533,41718968.4555
2025-03-15 05:30:00,84304.8,84366.6,84233.3,84233.3,340.597,28712327.096
2025-03-15 06:00:00,84233.3,84281.4,84144.4,84231.8,606.051,51033634.6739
2025-03-15 06:30:00,84231.8,84231.8,84150.0,84165.4,234.931,19776329.2271
2025-03-15 07:00:00,84165.4,84180.9,83911.7,83933.3,1386.03,116473008.6278
2025-03-15 07:30:00,83933.3,84059.5,83780.5,83811.9,1291.3,108347318.9325
2025-03-15 08:00:00,83811.9,83904.7,83591.8,83800.6,1533.727,128441031.1712
2025-03-15 08:30:00,83800.6,84006.3,83747.6,83877.4,805.306,67565971.585
2025-03-15 09:00:00,83877.4,83877.4,83680.7,83723.3,730.081,61157426.9589
2025-03-15 09:30:00,83723.3,83942.8,83708.5,83935.6,665.731,55830634.152
2025-03-15 10:00:00,83935.6,83958.9,83625.0,83688.8,955.488,80038036.6919
2025-03-15 10:30:00,83688.8,83870.0,83688.7,83870.0,489.318,41006138.5675
2025-03-15 11:00:00,83870.0,83978.5,83777.2,83968.0,588.611,49377126.5104
2025-03-15 11:30:00,83968.0,84144.2,83933.0,84055.1,1159.742,97486547.5912
2025-03-15 12:00:00,84055.1,84207.4,83972.3,84172.0,1094.155,92029309.0456
2025-03-15 12:30:00,84172.0,84242.6,84082.1,84113.2,814.788,68570305.4829
2025-03-15 13:00:00,84113.2,84345.3,84110.0,84258.2,745.907,62845950.4139
2025-03-15 13:30:00,84258.2,84429.8,84197.1,84404.7,930.456,78492411.4176
2025-03-15 14:00:00,84404.7,84404.7,84088.0,84130.9,888.888,74851746.2072
2025-03-15 14:30:00,84130.9,84219.9,84068.3,84104.1,496.081,41743074.2121
2025-03-15 15:00:00,84104.1,84362.4,84100.0,84254.8,513.074,43233892.0997
2025-03-15 15:30:00,84254.8,84361.6,84151.4,84299.5,377.178,31784573.5881
2025-03-15 16:00:00,84299.5,84373.2,84146.4,84238.5,390.341,32888395.9507
2025-03-15 16:30:00,84238.5,84457.2,84210.8,84318.3,529.061,44638413.844
2025-03-15 17:00:00,84318.3,84456.6,84227.5,84455.0,431.305,36389172.5102
2025-03-15 17:30:00,84455.0,84456.3,84345.2,84393.4,513.742,43352472.2982
2025-03-15 18:00:00,84393.4,84446.3,84281.4,84327.8,327.72,27652390.5079
2025-03-15 18:30:00,84327.8,84346.7,84100.0,84189.2,738.207,62143393.1914
2025-03-15 19:00:00,84189.2,84222.3,84061.1,84182.0,514.64,43301980.4976
2025-03-15 19:30:00,84182.0,84292.0,84137.0,84260.0,277.665,23386146.1139
2025-03-15 20:00:00,84260.0,84426.4,84259.9,84394.2,548.779,46303811.3273
2025-03-15 20:30:00,84394.2,84396.0,84320.0,84354.5,227.172,19163130.0168
2025-03-15 21:00:00,84354.5,84383.8,84200.9,84360.5,441.553,37220539.5625
2025-03-15 21:30:00,84360.5,84442.0,84329.3,84353.6,310.039,26164759.7981
2025-03-15 22:00:00,84353.6,84404.7,84315.3,84372.8,255.931,21591003.0971
2025-03-15 22:30:00,84372.8,84404.7,84278.2,84341.9,343.643,28981277.8595
2025-03-15 23:00:00,84341.9,84356.0,84257.3,84271.0,220.659,18602146.1316
2025-03-15 23:30:00,84271.0,84366.4,84234.9,84308.4,264.178,22267164.9171
2025-03-16 00:00:00,84308.4,84351.9,84217.6,84238.8,371.721,31326056.5835
2025-03-16 00:30:00,84238.8,84283.8,84183.5,84221.2,368.424,31031462.023
2025-03-16 01:00:00,84221.2,84248.6,84091.0,84149.9,468.146,39404770.5636
2025-03-16 01:30:00,84149.9,84149.9,83806.0,83845.4,1503.085,126166037.265
2025-03-16 02:00:00,83845.4,83920.0,83718.9,83920.0,851.602,71382391.4044
2025-03-16 02:30:00,83920.0,84107.3,83853.0,83928.7,763.008,64085043.9631
2025-03-16 03:00:00,83928.7,84087.9,83854.0,84080.1,638.571,53623665.7243
2025-03-16 03:30:00,84080.1,84352.5,84060.0,84293.9,857.131,72182419.3033
2025-03-16 04:00:00,84293.9,84380.0,84237.3,84240.5,515.745,43486345.5117
2025-03-16 04:30:00,84240.5,84375.0,84204.2,84360.1,464.156,39128273.3027
2025-03-16 05:00:00,84360.1,84370.0,84274.3,84367.1,239.546,20201970.7168
2025-03-16 05:30:00,84367.1,84370.8,84264.8,84353.5,208.494,17579954.3184
2025-03-16 06:00:00,84353.5,84360.0,84268.0,84274.4,201.715,17006813.2659
2025-03-16 06:30:00,84274.4,84324.0,84175.7,84180.0,373.068,31423128.9417
2025-03-16 07:00:00,84180.0,84214.8,83928.4,84095.7,1123.874,94490897.2072
2025-03-16 07:30:00,84095.7,84328.2,84095.7,84235.8,739.6,62304813.1908
2025-03-16 08:00:00,84235.8,84295.5,84122.6,84145.4,455.254,38328567.8757
2025-03-16 08:30:00,84145.4,84257.5,84143.8,84216.5,329.518,27747796.5111
2025-03-16 09:00:00,84216.5,84228.2,83888.7,83972.2,780.299,65583100.8309
2025-03-16 09:30:00,83972.2,84027.5,83756.8,83859.6,1361.897,114211357.9893
2025-03-16 10:00:00,83859.6,84020.0,83617.1,83717.6,1772.869,148560759.2875
2025-03-16 10:30:00,83717.6,83770.0,83614.2,83623.8,786.153,65794452.051
2025-03-16 11:00:00,83623.8,83667.2,82643.7,82815.8,6482.829,538429980.0799
2025-03-16 11:30:00,82815.8,82815.8,82309.1,82346.6,5418.618,446984194.3343
2025-03-16 12:00:00,82346.6,82879.9,82338.0,82818.4,3365.839,277920159.9225
2025-03-16 12:30:00,82818.4,82822.0,82520.0,82704.4,1519.72,125603970.7356
2025-03-16 13:00:00,82704.4,83081.0,82672.8,82912.6,2048.1,169763824.4323
2025-03-16 13:30:00,82912.6,83055.3,82450.1,82550.1,2022.7,167249800.6505
2025-03-16 14:00:00,82550.1,82900.0,82529.1,82845.0,1165.358,96427172.1928
2025-03-16 14:30:00,82845.0,83328.4,82666.1,83322.7,2234.517,185571265.282
2025-03-16 15:00:00,83322.7,83466.4,83015.0,83062.6,1909.079,158873706.9636
2025-03-16 15:30:00,83062.6,83399.3,82938.5,83273.5,999.321,83128965.2518
2025-03-16 16:00:00,83273.5,85136.0,83245.6,84313.1,13131.257,1107293973.8526
2025-03-16 16:30:00,84313.1,84332.8,83400.0,83601.4,4056.417,340198565.41
2025-03-16 17:00:00,83601.4,84095.5,83469.3,83556.4,2879.731,241354010.3412
2025-03-16 17:30:00,83556.4,83967.9,83444.0,83871.5,1291.187,108071211.3088
2025-03-16 18:00:00,83871.5,83999.9,83682.7,83983.4,826.147,69287541.8758
2025-03-16 18:30:00,83983.4,84060.0,83591.3,83660.1,1145.307,95938490.9898
2025-03-16 19:00:00,83660.1,83700.0,82500.1,83159.0,4991.392,414510477.5742
2025-03-16 19:30:00,83159.0,83193.9,82823.7,83066.1,1390.28,115401349.5036
2025-03-16 20:00:00,83066.1,83408.2,82968.0,83016.1,1536.783,127839252.1257
2025-03-16 20:30:00,83016.1,83183.6,82851.9,83177.9,873.823,72526423.3166
2025-03-16 21:00:00,83177.9,83183.5,82738.0,82915.9,963.266,79855613.4833
2025-03-16 21:30:00,82915.9,82916.0,82628.8,82728.2,689.615,57054475.357
2025-03-16 22:00:00,82728.2,82790.1,82143.2,82414.1,3692.138,304275681.6747
2025-03-16 22:30:00,82414.1,82450.0,82029.9,82048.1,2520.783,207260775.327
2025-03-16 23:00:00,82048.1,82418.5,81934.4,82393.9,2218.838,182320340.2018
2025-03-16 23:30:00,82393.9,82592.0,82314.2,82528.5,1398.993,115412413.6056
2025-03-17 00:00:00,82528.5,82851.3,82470.4,82832.2,1407.957,116451095.2769
2025-03-17 00:30:00,82832.2,83116.0,82755.2,83011.7,1525.167,126506654.3487
2025-03-17 01:00:00,83011.7,83213.5,82779.9,82912.2,1258.645,104423170.5661
2025-03-17 01:30:00,82912.2,83375.0,82912.2,83197.7,1100.043,91501999.435
2025-03-17 02:00:00,83197.7,83251.0,82930.4,83227.1,826.241,68653532.9414
2025-03-17 02:30:00,83227.1,83333.0,83111.0,83179.7,653.275,54353244.2421
2025-03-17 03:00:00,83179.7,83585.3,83179.7,83446.2,1336.707,111540529.1635
2025-03-17 03:30:00,83446.2,83696.8,83353.0,83630.2,948.115,79217465.3856
2025-03-17 04:00:00,83630.2,83836.2,83611.8,83679.8,1156.633,96843432.9979
2025-03-17 04:30:00,83679.8,83756.4,83480.3,83584.4,1182.585,98832087.5418
2025-03-17 05:00:00,83584.4,83584.4,83162.7,83283.1,1427.986,118999504.8054
2025-03-17 05:30:00,83283.1,83332.4,83097.2,83097.2,771.792,64206582.9657
2025-03-17 06:00:00,83097.2,83271.4,82858.0,82881.7,1211.996,100714450.2271
2025-03-17 06:30:00,82881.7,83250.0,82642.9,83185.0,1779.006,147544447.1376
2025-03-17 07:00:00,83185.0,83455.7,83170.7,83336.6,1728.304,144016117.7039
2025-03-17 07:30:00,83336.6,83600.0,83286.0,83519.1,1259.514,105090836.117
2025-03-17 08:00:00,83519.1,83544.4,83159.1,83501.0,1292.605,107743232.7111
2025-03-17 08:30:00,83501.0,83694.3,83392.0,83500.8,1118.817,93468208.3222
2025-03-17 09:00:00,83500.8,83749.3,83386.4,83712.9,1152.179,96282059.9162
2025-03-17 09:30:00,83712.9,83736.1,83504.6,83619.7,1058.067,88453825.1932
2025-03-17 10:00:00,83619.7,83646.0,83285.9,83425.1,1474.103,122956151.0116
2025-03-17 10:30:00,83425.1,83438.0,83214.1,83300.1,689.085,57415455.7686
2025-03-17 11:00:00,83300.1,83625.4,83171.4,83506.5,1327.04,110717741.6847
2025-03-17 11:30:00,83506.5,83662.9,83447.5,83473.9,695.752,58129607.5338
2025-03-17 12:00:00,83473.9,83999.9,82924.6,83150.9,5312.169,442862382.3469
2025-03-17 12:30:00,83150.9,83871.9,82965.0,83003.9,5808.604,484295760.4396
2025-03-17 13:00:00,83003.9,83235.9,82801.4,82906.4,2513.961,208667042.5234
2025-03-17 13:30:00,82906.4,83698.0,82754.8,82971.2,5311.705,441917036.9772
2025-03-17 14:00:00,82971.2,82976.3,82400.7,82735.0,5612.101,464189918.1875
2025-03-17 14:30:00,82735.0,83325.3,82665.1,82880.1,3272.945,271728245.9515
2025-03-17 15:00:00,82880.1,83548.1,82666.6,83300.6,2783.086,231470120.8556
2025-03-17 15:30:00,83300.6,83673.0,83103.4,83497.5,1872.442,156177465.4073
2025-03-17 16:00:00,83497.5,83841.5,83399.0,83592.8,2216.185,185421148.0121
2025-03-17 16:30:00,83592.8,83714.9,83079.0,83408.7,2495.924,207935457.9414
2025-03-17 17:00:00,83408.7,83964.3,83315.9,83888.0,1639.111,137288663.2441
2025-03-17 17:30:00,83888.0,84320.8,83786.6,84170.7,3425.165,288249433.1398
2025-03-17 18:00:00,84170.7,84320.8,83951.6,84093.1,1990.353,167438795.1107
2025-03-17 18:30:00,84093.1,84569.4,84055.1,84468.2,2097.926,177089030.8386
2025-03-17 19:00:00,84468.2,84608.7,84266.7,84370.2,1729.418,146036702.5852
2025-03-17 19:30:00,84370.2,84728.5,84320.9,84433.4,1514.358,128004602.1904
2025-03-17 20:00:00,84433.4,84462.7,83942.7,84083.2,1617.297,136087640.5255
2025-03-17 20:30:00,84083.2,84127.8,83787.1,83919.9,1570.52,131842035.835
2025-03-17 21:00:00,83919.9,84222.7,83899.2,83910.0,869.492,73060230.0684
2025-03-17 21:30:00,83910.0,84150.0,83829.7,84026.7,874.037,73400983.0888
2025-03-17 22:00:00,84026.7,84150.0,83946.7,84136.0,402.099,33799720.7742
2025-03-17 22:30:00,84136.0,84205.0,84006.7,84009.8,508.904,42796055.3606
2025-03-17 23:00:00,84009.8,84018.9,83781.7,83793.0,669.771,56208191.6888
2025-03-17 23:30:00,83793.0,84091.8,83686.2,83955.1,815.966,68457135.0428
2025-03-18 00:00:00,83955.1,83975.1,83700.1,83700.2,697.551,58502189.5966
2025-03-18 00:30:00,83700.2,83803.4,83653.3,83748.0,698.31,58459244.6569
2025-03-18 01:00:00,83748.0,83866.1,83144.1,83301.6,2275.477,189797453.4674
2025-03-18 01:30:00,83301.6,83301.6,82949.2,83119.7,2232.649,185460650.8122
2025-03-18 02:00:00,83119.7,83459.6,83027.1,83397.9,1310.697,109117031.075
2025-03-18 02:30:00,83397.9,83500.0,83290.5,83324.3,823.205,68651045.6212
2025-03-18 03:00:00,83324.3,83324.4,83034.3,83045.0,775.419,64491695.7772
2025-03-18 03:30:00,83045.0,83181.9,82905.8,83100.5,873.406,72510840.7506
2025-03-18 04:00:00,83100.5,83170.8,83038.0,83133.0,449.597,37368919.3341
2025-03-18 04:30:00,83133.0,83133.0,82801.6,82953.2,885.054,73395476.5308
2025-03-18 05:00:00,82953.2,83095.8,82879.5,82976.3,800.142,66421742.2269
2025-03-18 05:30:00,82976.3,83063.2,82869.9,82987.8,706.788,58647224.3258
2025-03-18 06:00:00,82987.8,82992.2,82530.0,82659.1,1658.519,137190905.1174
2025-03-18 06:30:00,82659.1,82700.7,82200.1,82403.1,2511.08,206962587.9011
2025-03-18 07:00:00,82403.1,83278.3,82309.5,83098.9,6119.288,507348554.0693
2025-03-18 07:30:00,83098.9,83158.2,82932.9,83117.7,1449.202,120364422.2478
2025-03-18 08:00:00,83117.7,83277.5,83000.0,83200.5,1103.305,91710109.1758
2025-03-18 08:30:00,83200.5,83421.3,83181.1,83246.2,1454.381,121140279.7551
2025-03-18 09:00:00,83246.2,83317.1,83024.5,83070.6,840.649,69915656.5727
2025-03-18 09:30:00,83070.6,83175.0,82750.0,82811.3,1139.189,94496133.8314
2025-03-18 10:00:00,82811.3,82912.2,82564.2,82716.5,1414.485,116978347.9525
2025-03-18 10:30:00,82716.5,82863.9,82590.9,82783.8,1066.386,88237253.7542
2025-03-18 11:00:00,82783.8,82831.5,82621.8,82673.0,619.061,51210658.7558
2025-03-18 11:30:00,82673.0,82685.0,82471.5,82546.1,1043.803,86175238.5086
2025-03-18 12:00:00,82546.1,82786.1,82459.1,82574.8,1440.098,118954145.2625
2025-03-18 12:30:00,82574.8,82574.8,82283.2,82357.0,1710.339,140982954.058
2025-03-18 13:00:00,82357.0,82437.7,82228.9,82343.0,1375.08,113214824.3021
2025-03-18 13:30:00,82343.0,82368.4,81125.8,81319.9,10890.672,888816159.4276
2025-03-18 14:00:00,81319.9,81580.0,81093.6,81579.6,4708.893,382970492.4045
2025-03-18 14:30:00,81579.6,81923.0,81451.4,81804.5,3132.232,255864655.3367
2025-03-18 15:00:00,81804.5,81890.2,81487.3,81792.5,1678.774,137072523.9772
2025-03-18 15:30:00,81792.5,82160.9,81485.0,81556.0,2931.022,239904427.2209
2025-03-18 16:00:00,81556.0,82078.6,81491.2,82069.2,1542.633,126064846.447
2025-03-18 16:30:00,82069.2,82122.4,81506.1,81813.9,1822.461,149079012.9965
2025-03-18 17:00:00,81813.9,81952.7,81492.6,81569.8,1776.668,145068108.6829
2025-03-18 17:30:00,81569.8,81817.7,81286.9,81424.8,2128.162,173457042.8137
2025-03-18 18:00:00,81424.8,81618.3,81260.4,81309.7,1197.552,97497745.7604
2025-03-18 18:30:00,81309.7,81900.0,81175.3,81844.0,2012.124,164190607.8773
2025-03-18 19:00:00,81844.0,82035.1,81708.1,81866.0,1265.434,103612146.3434
2025-03-18 19:30:00,81866.0,82427.2,81856.0,82263.2,2306.306,189486969.5914
2025-03-18 20:00:00,82263.2,82321.2,81968.0,81981.0,1065.244,87505610.2802
2025-03-18 20:30:00,81981.0,82004.8,81828.0,82004.8,738.182,60469939.6936
2025-03-18 21:00:00,82004.8,82150.0,81972.3,82070.8,543.384,44586695.4506
2025-03-18 21:30:00,82070.8,82070.8,81878.8,82008.0,460.086,37712799.0902
2025-03-18 22:00:00,82008.0,82335.5,81945.5,82211.6,1023.759,84148633.0978
2025-03-18 22:30:00,82211.6,82517.6,82164.3,82342.2,1025.813,84476308.896
2025-03-18 23:00:00,82342.2,82730.0,82342.2,82729.9,1217.017,100486219.3906
2025-03-18 23:30:00,82729.9,82782.7,82555.9,82675.7,1210.722,100096986.7766
2025-03-19 00:00:00,82675.7,82981.5,82561.2,82887.0,1690.15,139969633.6994
2025-03-19 00:30:00,82887.0,83211.9,82887.0,83071.1,1880.198,156204229.0105
2025-03-19 01:00:00,83071.1,83134.8,82754.2,82812.5,1294.376,107289904.3667
2025-03-19 01:30:00,82812.5,83078.1,82535.2,82554.2,1826.936,151237684.2218
2025-03-19 02:00:00,82554.2,82809.6,82475.5,82664.5,1407.27,116267501.0811
2025-03-19 02:30:00,82664.5,82856.2,82590.0,82830.5,696.943,57674636.7494
2025-03-19 03:00:00,82830.5,83000.0,82708.2,82759.8,770.668,63867600.8911
2025-03-19 03:30:00,82759.8,83044.6,82756.8,82997.8,843.264,69918008.0281
2025-03-19 04:00:00,82997.8,83039.9,82786.2,82793.2,545.542,45229216.3338
2025-03-19 04:30:00,82793.2,83008.8,82752.7,82922.0,520.43,43151940.0597
2025-03-19 05:00:00,82922.0,83095.7,82885.0,83006.1,799.745,66383694.7671
2025-03-19 05:30:00,83006.1,83288.3,82950.0,83205.0,1562.263,129932382.5172
2025-03-19 06:00:00,83205.0,83298.0,83128.4,83153.8,594.369,49452544.7533
2025-03-19 06:30:00,83153.8,83237.4,83072.0,83157.9,718.296,59725822.6217
2025-03-19 07:00:00,83157.9,83274.4,82997.7,83274.4,865.971,72005693.9662
2025-03-19 07:30:00,83274.4,83335.9,83082.4,83161.3,769.45,64024621.4626
2025-03-19 08:00:00,83161.3,83395.0,83149.5,83378.9,1146.561,95507590.3585
2025-03-19 08:30:00,83378.9,83478.9,83318.4,83373.6,906.943,75645331.7194
2025-03-19 09:00:00,83373.6,83577.0,83318.7,83508.7,923.296,77057931.9054
2025-03-19 09:30:00,83508.7,83580.3,83348.9,83495.1,870.404,72662629.3119
2025-03-19 10:00:00,83495.1,83646.3,83424.8,83510.4,885.611,73979779.2318
2025-03-19 10:30:00,83510.4,83795.8,83429.1,83438.4,2385.616,199499435.2801
2025-03-19 11:00:00,83438.4,83855.0,83344.0,83729.2,2122.611,177494152.6945
2025-03-19 11:30:00,83729.2,84050.0,83675.4,83836.8,3005.182,252078824.5788
2025-03-19 12:00:00,83836.8,83888.7,83551.2,83622.4,1682.163,140761859.0448
2025-03-19 12:30:00,83622.4,83777.7,83483.9,83714.4,1145.541,95795301.2452
2025-03-19 13:00:00,83714.4,84308.9,83664.0,83904.2,4178.181,351016786.9051
2025-03-19 13:30:00,83904.2,84282.3,83588.9,84057.4,3340.589,280654990.4962
2025-03-19 14:00:00,84057.4,84369.0,83915.2,83928.7,2355.993,198370319.9146
2025-03-19 14:30:00,83928.7,84295.2,83833.0,84273.8,1493.876,125604928.4879
2025-03-19 15:00:00,84273.8,84465.4,84067.0,84290.6,2361.579,199062664.9424
2025-03-19 15:30:00,84290.6,84850.0,84254.9,84694.6,3524.84,298237490.4526
2025-03-19 16:00:00,84694.6,84798.0,84425.9,84640.7,2346.473,198519909.5493
2025-03-19 16:30:00,84640.7,84683.5,84400.0,84542.9,1408.63,119052140.6885
2025-03-19 17:00:00,84542.9,84688.2,84436.0,84436.9,1124.83,95125666.6853
2025-03-19 17:30:00,84436.9,84468.0,83730.6,84205.3,5141.272,432517065.6548
2025-03-19 18:00:00,84205.3,85089.3,83505.9,84225.8,14198.329,1197870575.1902
2025-03-19 18:30:00,84225.8,85846.3,84208.6,85571.7,8710.383,741911654.6469
2025-03-19 19:00:00,85571.7,85927.6,84891.9,84977.4,7759.863,663058360.7596
2025-03-19 19:30:00,84977.4,85459.8,84950.0,85406.0,3009.398,256588408.3006
2025-03-19 20:00:00,85406.0,85811.1,85398.5,85635.8,2501.195,214217469.0184
2025-03-19 20:30:00,85635.8,85656.0,85161.0,85307.6,1691.147,144408584.5555
2025-03-19 21:00:00,85307.6,85888.0,85286.2,85600.2,2847.943,243884462.5613
2025-03-19 21:30:00,85600.2,85810.9,85449.6,85589.8,846.984,72506375.818
2025-03-19 22:00:00,85589.8,85909.6,85589.8,85750.0,1127.43,96693825.7132
2025-03-19 22:30:00,85750.0,86469.1,85743.4,86111.8,4187.746,361087133.0573
2025-03-19 23:00:00,86111.8,86777.8,86111.8,86751.5,3351.345,289697822.2014
2025-03-19 23:30:00,86751.5,86970.0,86600.0,86792.3,2677.079,232354098.1376
2025-03-20 00:00:00,86792.3,87400.0,86686.0,86738.8,5513.283,480170181.4858
2025-03-20 00:30:00,86738.8,86838.7,85909.6,85991.1,4139.388,357243551.1346
2025-03-20 01:00:00,85991.1,86324.9,85760.0,86205.2,1905.094,163947835.0538
2025-03-20 01:30:00,86205.2,86228.4,85696.5,85841.4,1696.192,145690606.551
2025-03-20 02:00:00,85841.4,85880.8,85584.0,85756.1,1403.624,120340620.7555
2025-03-20 02:30:00,85756.1,86081.8,85679.2,86024.0,1023.553,87959793.8185
2025-03-20 03:00:00,86024.0,86087.3,85840.5,85873.1,611.89,52591275.7146
2025-03-20 03:30:00,85873.1,85988.0,85790.9,85854.6,566.044,48603780.1623
2025-03-20 04:00:00,85854.6,85904.9,85689.8,85713.2,627.325,53814530.1429
2025-03-20 04:30:00,85713.2,85737.6,85366.0,85637.3,1986.201,169921018.6428
2025-03-20 05:00:00,85637.3,85675.3,85436.0,85450.0,824.619,70560956.0555
2025-03-20 05:30:00,85450.0,85810.4,85433.8,85793.1,778.221,66658054.8947
2025-03-20 06:00:00,85793.1,85963.6,85736.0,85817.0,980.238,84174627.3805
2025-03-20 06:30:00,85817.0,85840.0,85595.7,85722.1,989.469,84807904.3273
2025-03-20 07:00:00,85722.1,85937.2,85663.8,85810.7,804.7,69063574.2615
2025-03-20 07:30:00,85810.7,85872.0,85738.3,85780.7,530.738,45534573.8664
2025-03-20 08:00:00,85780.7,85950.0,85675.8,85907.5,793.298,68066086.2879
2025-03-20 08:30:00,85907.5,86291.7,85835.1,86200.1,2299.874,198066687.9041
2025-03-20 09:00:00,86200.1,86250.2,85918.3,85918.4,1035.014,89099085.414
2025-03-20 09:30:00,85918.4,85992.0,85756.6,85840.1,767.405,65907688.0318
2025-03-20 10:00:00,85840.1,85911.0,84746.4,85199.3,6929.227,590261443.0623
2025-03-20 10:30:00,85199.3,85398.8,85057.2,85124.0,1774.217,151136790.1292
2025-03-20 11:00:00,85124.0,85337.9,85118.4,85249.4,1378.192,117468346.3369
2025-03-20 11:30:00,85249.4,85493.0,85226.3,85450.2,1395.51,119199485.6075
2025-03-20 12:00:00,85450.2,85537.6,85281.3,85323.9,1171.924,100069837.6036
2025-03-20 12:30:00,85323.9,85409.9,85138.2,85296.7,1388.753,118396102.0744
2025-03-20 13:00:00,85296.7,85325.0,85028.7,85098.7,1129.196,96182791.6837
2025-03-20 13:30:00,85098.7,85808.8,85067.2,85458.5,3493.484,298666745.0027
2025-03-20 14:00:00,85458.5,86488.0,85414.5,86299.9,7068.138,608317160.6354
2025-03-20 14:30:00,86299.9,86336.4,85866.4,86139.9,3930.023,338529501.6048
2025-03-20 15:00:00,86139.9,86188.0,85229.8,85654.3,7497.159,641927828.9882
2025-03-20 15:30:00,85654.3,85681.9,84510.4,84658.5,7675.16,652073758.0504
2025-03-20 16:00:00,84658.5,84883.1,84000.0,84021.4,6996.866,590656322.6017
2025-03-20 16:30:00,84021.4,84193.2,83605.8,83764.5,5556.586,466033260.4485
2025-03-20 17:00:00,83764.5,84167.6,83688.0,83753.0,4131.556,346785667.628
2025-03-20 17:30:00,83753.0,84334.3,83747.1,84051.9,3833.408,322312640.208
2025-03-20 18:00:00,84051.9,84299.4,83911.2,83930.2,1890.21,158964693.9303
2025-03-20 18:30:00,83930.2,84189.6,83900.0,84013.0,1471.275,123638557.4933
2025-03-20 19:00:00,84013.0,84240.0,83875.0,84013.5,1181.15,99271213.3579
2025-03-20 19:30:00,84013.5,84387.0,83995.4,84129.2,1563.505,131704681.6772
2025-03-20 20:00:00,84129.2,84506.0,84094.9,84444.8,838.66,70718388.9132
2025-03-20 20:30:00,84444.8,84550.0,84375.9,84488.8,851.04,71897213.758
2025-03-20 21:00:00,84488.8,84550.0,84195.8,84388.0,1241.088,104696109.2878
2025-03-20 21:30:00,84388.0,84535.0,84257.0,84325.5,885.728,74776732.9439
2025-03-20 22:00:00,84325.5,84468.2,83939.1,83969.9,1347.817,113451068.1416
2025-03-20 22:30:00,83969.9,84276.9,83968.5,84100.0,1046.462,88017328.0698
2025-03-20 23:00:00,84100.0,84108.9,83880.0,84006.2,908.133,76279753.5358
2025-03-20 23:30:00,84006.2,84307.7,83978.1,84168.9,1181.409,99431711.8145
2025-03-21 00:00:00,84168.9,84412.1,84118.2,84217.2,1181.068,99580400.6537
2025-03-21 00:30:00,84217.2,84475.0,84186.3,84452.5,620.106,52329068.7691
2025-03-21 01:00:00,84452.5,84531.9,84335.0,84335.1,977.237,82526803.4059
2025-03-21 01:30:00,84335.1,84749.9,84327.7,84735.6,1621.28,137187347.5058
2025-03-21 02:00:00,84735.6,84800.0,84469.9,84596.5,1118.546,94675763.2307
2025-03-21 02:30:00,84596.5,84717.3,84496.6,84638.7,710.396,60105854.713
2025-03-21 03:00:00,84638.7,84686.0,84222.6,84397.3,1143.025,96425611.4264
2025-03-21 03:30:00,84397.3,84459.0,84317.3,84402.9,648.696,54744752.3427
2025-03-21 04:00:00,84402.9,84644.3,84402.8,84629.9,829.556,70135683.8584
2025-03-21 04:30:00,84629.9,84758.5,84585.7,84620.9,1368.189,115869896.8972
2025-03-21 05:00:00,84620.9,84627.0,84381.3,84381.3,758.197,64046481.1793
2025-03-21 05:30:00,84381.3,84489.0,84286.0,84420.3,725.192,61183006.676
2025-03-21 06:00:00,84420.3,84430.2,84000.0,84194.1,1718.465,144666728.4387
2025-03-21 06:30:00,84194.1,84245.5,84064.8,84165.0,823.488,69286383.0631
2025-03-21 07:00:00,84165.0,84228.1,83910.3,84046.2,1071.159,90003594.1208
2025-03-21 07:30:00,84046.2,84051.9,83700.0,83897.9,1927.836,161616654.5397
2025-03-21 08:00:00,83897.9,84118.0,83752.9,83806.4,1425.503,119627104.3284
2025-03-21 08:30:00,83806.4,83983.8,83684.6,83971.9,1506.48,126306439.5921
2025-03-21 09:00:00,83971.9,84119.0,83747.3,84078.1,1279.066,107378328.9079
2025-03-21 09:30:00,84078.1,84313.5,84038.0,84099.9,2200.569,185252301.7039
2025-03-21 10:00:00,84099.9,84251.3,83955.3,84000.0,1000.89,84155424.2983
2025-03-21 10:30:00,84000.0,84151.3,83841.7,84108.3,1091.126,91688193.4892
2025-03-21 11:00:00,84108.3,84124.9,83909.8,83909.9,593.383,49850753.5064
2025-03-21 11:30:00,83909.9,84097.7,83891.3,84001.3,567.667,47684421.1382
2025-03-21 12:00:00,84001.3,84323.5,83970.0,84231.2,1396.54,117584981.8204
2025-03-21 12:30:00,84231.2,84256.8,83333.0,83424.8,4691.492,392434070.1979
2025-03-21 13:00:00,83424.8,83760.0,83340.7,83661.7,3050.813,254959125.8212
2025-03-21 13:30:00,83661.7,84065.2,83136.3,83898.8,6503.123,543671234.5029
2025-03-21 14:00:00,83898.8,84252.0,83453.0,84050.0,3655.833,306562775.9614
2025-03-21 14:30:00,84050.0,84250.0,83867.0,84197.9,1675.181,140814650.2565
2025-03-21 15:00:00,84197.9,84240.0,83690.0,83706.6,1734.01,145467430.8599
2025-03-21 15:30:00,83706.6,83931.5,83508.0,83524.7,1747.105,146162676.2497
2025-03-21 16:00:00,83524.7,83996.1,83311.3,83891.0,3831.343,320368514.4628
2025-03-21 16:30:00,83891.0,84124.8,83730.8,84068.2,1464.345,122916776.6687
2025-03-21 17:00:00,84068.2,84077.7,83710.1,83752.1,910.23,76362649.724
2025-03-21 17:30:00,83752.1,84112.3,83666.7,83981.0,1238.254,103958007.1579
2025-03-21 18:00:00,83981.0,84100.0,83865.1,84073.4,892.614,74953283.255
2025-03-21 18:30:00,84073.4,84431.5,84050.2,84058.6,2265.611,190877186.9061
2025-03-21 19:00:00,84058.6,84165.6,83920.0,83978.7,1168.797,98206925.0698
2025-03-21 19:30:00,83978.7,84016.4,83742.6,83921.0,1530.834,128388516.8359
2025-03-21 20:00:00,83921.0,84054.0,83771.8,84048.3,658.907,55286590.2607
2025-03-21 20:30:00,84048.3,84211.2,84031.5,84172.1,629.331,52938744.5727
2025-03-21 21:00:00,84172.1,84415.8,84129.4,84307.1,808.73,68159960.3562
2025-03-21 21:30:00,84307.1,84567.3,84174.2,84358.2,1607.966,135727824.9616
2025-03-21 22:00:00,84358.2,84374.1,84202.3,84239.4,396.247,33394551.6577
2025-03-21 22:30:00,84239.4,84239.5,84062.9,84140.5,752.897,63342299.5902
2025-03-21 23:00:00,84140.5,84189.8,84058.8,84098.4,416.68,35046858.9891
2025-03-21 23:30:00,84098.4,84098.5,84002.8,84054.6,386.23,32460403.6598
2025-03-22 00:00:00,84054.6,84211.3,84015.3,84195.3,550.803,46324604.9063
2025-03-22 00:30:00,84195.3,84215.1,84023.5,84147.3,594.308,49985646.2351
2025-03-22 01:00:00,84147.3,84287.4,84146.3,84146.4,343.956,28970058.9774
2025-03-22 01:30:00,84146.4,84150.1,83950.8,84027.3,593.095,49832881.4496
2025-03-22 02:00:00,84027.3,84170.0,83968.8,84134.8,437.127,36754090.395
2025-03-22 02:30:00,84134.8,84200.0,84105.5,84142.5,209.829,17659863.9055
2025-03-22 03:00:00,84142.5,84228.8,84092.1,84200.0,285.021,23987652.0826
2025-03-22 03:30:00,84200.0,84260.0,84171.0,84214.1,235.134,19800976.9455
2025-03-22 04:00:00,84214.1,84307.3,84163.7,84206.1,415.175,34977519.5082
2025-03-22 04:30:00,84206.1,84350.0,84206.0,84321.4,276.002,23259007.1778
2025-03-22 05:00:00,84321.4,84388.7,84290.0,84298.0,462.573,39009153.3981
2025-03-22 05:30:00,84298.0,84319.1,84209.2,84289.1,347.77,29305142.0937
2025-03-22 06:00:00,84289.1,84365.4,84261.1,84261.2,219.906,18542494.3969
2025-03-22 06:30:00,84261.2,84321.7,84120.9,84296.7,658.503,55459433.1695
2025-03-22 07:00:00,84296.7,84350.0,84257.0,84266.5,167.741,14142963.9276
2025-03-22 07:30:00,84266.5,84334.1,84180.7,84238.2,265.417,22359986.8523
2025-03-22 08:00:00,84238.2,84244.6,84143.8,84172.3,312.504,26311988.0925
2025-03-22 08:30:00,84172.3,84227.9,84078.8,84180.6,391.439,32939727.2856
2025-03-22 09:00:00,84180.6,84378.4,84180.6,84302.7,526.66,44393341.819
2025-03-22 09:30:00,84302.7,84500.0,84302.7,84313.5,974.144,82232065.3976
2025-03-22 10:00:00,84313.5,84380.0,84311.8,84342.0,208.618,17595395.7574
2025-03-22 10:30:00,84342.0,84398.5,84309.2,84367.0,323.272,27271075.783
2025-03-22 11:00:00,84367.0,84375.5,84224.7,84289.5,616.379,51939087.8968
2025-03-22 11:30:00,84289.5,84295.7,84168.0,84193.9,374.045,31501394.9254
2025-03-22 12:00:00,84193.9,84259.0,84168.4,84183.0,336.798,28364846.2727
2025-03-22 12:30:00,84183.0,84211.3,84142.3,84184.7,267.023,22476654.5293
2025-03-22 13:00:00,84184.7,84200.0,84025.0,84051.5,490.734,41275187.2529
2025-03-22 13:30:00,84051.5,84145.8,84000.0,84128.9,525.777,44203422.7703
2025-03-22 14:00:00,84128.9,84171.7,84050.6,84084.2,301.985,25400607.784
2025-03-22 14:30:00,84084.2,84084.2,83957.1,83966.7,635.772,53412008.2654
2025-03-22 15:00:00,83966.7,84037.5,83932.5,83971.9,598.278,50247076.6287
2025-03-22 15:30:00,83971.9,84090.0,83940.7,84067.1,495.063,41591139.8722
2025-03-22 16:00:00,84067.1,84098.0,84017.6,84088.3,288.684,24266181.7542
2025-03-22 16:30:00,84088.3,84110.1,84036.2,84092.5,285.117,23972252.3717
2025-03-22 17:00:00,84092.5,84147.8,84073.6,84131.8,231.142,19440092.9473
2025-03-22 17:30:00,84131.8,84217.2,84102.5,84189.8,449.675,37848931.1916
2025-03-22 18:00:00,84189.8,84278.1,84151.0,84151.0,416.895,35108678.8181
2025-03-22 18:30:00,84151.0,84279.5,84151.0,84194.5,513.855,43274183.3784
2025-03-22 19:00:00,84194.5,84208.5,84148.8,84173.8,236.805,19934846.9819
2025-03-22 19:30:00,84173.8,84236.7,84119.2,84130.9,153.538,12920273.6018
2025-03-22 20:00:00,84130.9,84170.0,84103.3,84126.3,317.894,26748244.175
2025-03-22 20:30:00,84126.3,84160.3,83904.0,83904.0,802.693,67440084.247
2025-03-22 21:00:00,83904.0,84057.6,83801.1,83999.2,1056.863,88685378.6565
2025-03-22 21:30:00,83999.2,84023.8,83924.5,83974.3,290.498,24396250.713
2025-03-22 22:00:00,83974.3,84023.9,83932.4,83957.2,510.248,42849661.8359
2025-03-22 22:30:00,83957.2,83983.7,83903.9,83910.1,182.995,15359864.2181
2025-03-22 23:00:00,83910.1,83914.2,83789.2,83861.0,498.594,41805409.7469
2025-03-22 23:30:00,83861.0,83861.1,83616.0,83805.9,1228.046,102818779.116
2025-03-23 00:00:00,83805.9,83997.5,83753.2,83929.4,728.639,61121002.2835
2025-03-23 00:30:00,83929.4,84000.0,83911.6,83958.1,341.922,28709314.1573
2025-03-23 01:00:00,83958.1,84095.7,83931.3,84069.8,488.112,41014991.8924
2025-03-23 01:30:00,84069.8,84079.1,83988.6,84029.4,244.134,20517328.6816
2025-03-23 02:00:00,84029.4,84077.9,83944.8,84072.6,255.195,21436988.5785
2025-03-23 02:30:00,84072.6,84257.5,84054.1,84196.5,724.873,61010477.7957
2025-03-23 03:00:00,84196.5,84203.9,84096.6,84129.9,291.131,24497112.6038
2025-03-23 03:30:00,84129.9,84199.8,84113.0,84198.6,251.814,21193269.1408
2025-03-23 04:00:00,84198.6,84198.6,84023.4,84058.9,426.656,35870920.9554
2025-03-23 04:30:00,84058.9,84088.0,84029.1,84070.0,134.644,11317901.2606
2025-03-23 05:00:00,84070.0,84110.3,84054.2,84082.1,150.479,12653158.9516
2025-03-23 05:30:00,84082.1,84204.0,84082.0,84189.6,187.58,15785559.0413
2025-03-23 06:00:00,84189.6,84223.6,84146.1,84200.0,189.856,15982597.5121
2025-03-23 06:30:00,84200.0,84244.8,84186.8,84193.1,199.529,16803532.3315
2025-03-23 07:00:00,84193.1,84218.5,84159.5,84218.0,173.771,14629104.4442
2025-03-23 07:30:00,84218.0,84290.6,84217.9,84230.1,592.048,49885592.4045
2025-03-23 08:00:00,84230.1,84300.0,84218.4,84250.8,459.512,38722278.7224
2025-03-23 08:30:00,84250.8,84308.5,84240.3,84300.0,306.976,25873452.5954
2025-03-23 09:00:00,84300.0,84326.0,84272.5,84304.4,321.789,27126868.2488
2025-03-23 09:30:00,84304.4,84313.2,84272.8,84279.2,179.394,15122482.9631
2025-03-23 10:00:00,84279.2,84313.6,84265.6,84303.6,220.933,18622535.7688
2025-03-23 10:30:00,84303.6,84469.0,84303.6,84414.5,818.455,69082928.5336
2025-03-23 11:00:00,84414.5,84990.0,84414.4,84859.0,4339.79,367801917.2873
2025-03-23 11:30:00,84859.0,84859.0,84533.0,84632.8,1637.367,138704547.9222
2025-03-23 12:00:00,84632.8,84712.6,84526.4,84666.5,714.368,60454852.958
2025-03-23 12:30:00,84666.5,84782.0,84654.5,84681.3,592.331,50180255.1666
2025-03-23 13:00:00,84681.3,84945.0,84601.9,84918.4,1118.543,94861888.5116
2025-03-23 13:30:00,84918.4,85076.2,84800.0,85030.0,1714.326,145610397.3497
2025-03-23 14:00:00,85030.0,85167.6,84801.7,84844.2,2118.177,179986806.1184
2025-03-23 14:30:00,84844.2,85058.3,84825.3,84860.1,1039.975,88325216.6091
2025-03-23 15:00:00,84860.1,85149.9,84860.0,85041.8,1158.031,98469889.6825
2025-03-23 15:30:00,85041.8,85230.5,84950.1,85141.5,1477.252,125743902.8195
2025-03-23 16:00:00,85141.5,85297.5,85008.0,85218.6,1267.986,108024813.7508
2025-03-23 16:30:00,85218.6,85400.0,84893.6,85211.0,2656.936,226308908.3871
2025-03-23 17:00:00,85211.0,85382.9,85203.7,85203.7,918.132,78313985.3895
2025-03-23 17:30:00,85203.7,85213.4,84838.7,84982.4,1696.621,144245450.2457
2025-03-23 18:00:00,84982.4,84997.7,84755.5,84771.9,1243.213,105509802.531
2025-03-23 18:30:00,84771.9,85008.1,84771.9,84939.9,498.324,42312224.09
2025-03-23 19:00:00,84939.9,85052.1,84871.3,84942.3,470.143,39944050.6318
2025-03-23 19:30:00,84942.3,85000.0,84915.7,84971.5,205.396,17451424.1811
2025-03-23 20:00:00,84971.5,85178.7,84971.5,85176.2,527.15,44860930.0249
2025-03-23 20:30:00,85176.2,85235.3,85053.4,85053.4,684.393,58274730.8236
2025-03-23 21:00:00,85053.4,85053.4,84880.0,84971.8,600.619,51030301.4323
2025-03-23 21:30:00,84971.8,85153.8,84902.5,85144.0,349.608,29723198.9286
2025-03-23 22:00:00,85144.0,85649.9,85123.0,85465.3,3385.367,289170991.5833
2025-03-23 22:30:00,85465.3,85540.0,85221.4,85329.1,1083.009,92441519.2404
2025-03-23 23:00:00,85329.1,85750.0,85329.1,85699.2,1465.38,125396812.3883
2025-03-23 23:30:00,85699.2,86088.0,85604.0,86037.8,2277.581,195470575.7596
2025-03-24 00:00:00,86037.8,86390.0,85818.1,86364.7,2527.054,217529279.6502
2025-03-24 00:30:00,86364.7,86611.2,85935.0,85989.5,4278.791,369101826.0668
2025-03-24 01:00:00,85989.5,86003.0,85590.4,85618.3,2347.732,201422090.3438
2025-03-24 01:30:00,85618.3,85721.4,85492.5,85529.9,1126.398,96416326.4813
2025-03-24 02:00:00,85529.9,85727.5,85488.4,85682.9,937.85,80311836.3359
2025-03-24 02:30:00,85682.9,85907.5,85634.5,85830.5,1480.494,127010784.7902
2025-03-24 03:00:00,85830.5,86481.4,85823.2,86334.8,3022.238,260471434.5136
2025-03-24 03:30:00,86334.8,86543.0,86188.4,86501.1,1481.729,127946715.8472
2025-03-24 04:00:00,86501.1,86868.8,86501.0,86676.0,3574.336,309869854.5355
2025-03-24 04:30:00,86676.0,86917.6,86614.5,86806.3,1696.168,147177976.844
2025-03-24 05:00:00,86806.3,87010.0,86779.5,86848.9,1441.212,125260243.6938
2025-03-24 05:30:00,86848.9,86968.8,86799.7,86869.2,1367.56,118822087.4196
2025-03-24 06:00:00,86869.2,87269.0,86868.7,86974.2,3289.689,286453726.7412
2025-03-24 06:30:00,86974.2,87142.1,86861.7,87090.7,1302.991,113319588.351
2025-03-24 07:00:00,87090.7,87150.3,86730.0,86889.3,1697.924,147679764.825
2025-03-24 07:30:00,86889.3,86956.9,86718.1,86843.6,1361.565,118218618.0515
2025-03-24 08:00:00,86843.6,87399.9,86824.2,87359.5,2256.765,196711037.1082
2025-03-24 08:30:00,87359.5,87487.9,87202.4,87369.4,2315.219,202265894.515
2025-03-24 09:00:00,87369.4,87472.0,87147.8,87231.9,1374.099,119938563.0352
2025-03-24 09:30:00,87231.9,87324.2,87083.1,87127.2,1466.455,127879743.4372
2025-03-24 10:00:00,87127.2,87380.0,87084.5,87380.0,1165.016,101660942.694
2025-03-24 10:30:00,87380.0,87888.0,87379.9,87740.0,4180.156,366368216.5646
2025-03-24 11:00:00,87740.0,87790.0,87486.9,87511.7,1617.362,141729608.0409
2025-03-24 11:30:00,87511.7,87750.0,87481.3,87646.6,938.371,82233408.96
2025-03-24 12:00:00,87646.6,87671.5,87253.5,87309.9,4164.273,364141731.5936
2025-03-24 12:30:00,87309.9,87425.1,87216.5,87299.9,1516.49,132409719.727
2025-03-24 13:00:00,87299.9,87321.1,87109.2,87240.4,1334.76,116401901.0139
2025-03-24 13:30:00,87240.4,87679.9,87173.7,87657.8,3737.175,326791932.1088
2025-03-24 14:00:00,87657.8,88740.0,87588.7,88270.0,10824.447,955650516.8835
2025-03-24 14:30:00,88270.0,88270.1,87815.2,87933.0,5724.964,504038604.6467
2025-03-24 15:00:00,87933.0,88326.5,87632.8,87953.7,3255.818,286328459.2774
2025-03-24 15:30:00,87953.7,88296.5,87832.8,88283.9,1519.132,133797645.9344
2025-03-24 16:00:00,88283.9,88448.4,87750.0,87807.2,3500.767,308615234.9489
2025-03-24 16:30:00,87807.2,88081.6,87636.3,88007.7,3107.777,273175551.691
2025-03-24 17:00:00,88007.7,88394.5,87894.4,88380.1,1745.558,153863669.3188
2025-03-24 17:30:00,88380.1,88426.8,88125.0,88414.6,2018.71,178258533.4196
2025-03-24 18:00:00,88414.6,88442.8,88099.4,88213.6,1062.123,93780797.4979
2025-03-24 18:30:00,88213.6,88496.1,88072.8,88400.0,1753.85,154960593.983
2025-03-24 19:00:00,88400.0,88448.8,88185.1,88306.7,1414.322,124902642.6176
2025-03-24 19:30:00,88306.7,88315.8,87920.6,88165.2,2195.375,193428753.0439
2025-03-24 20:00:00,88165.2,88441.1,88062.9,88317.9,1185.718,104706449.1578
2025-03-24 20:30:00,88317.9,88317.9,87759.1,87785.9,1771.836,155793193.6477
2025-03-24 21:00:00,87785.9,88212.3,87766.7,88157.3,1162.822,102267940.2718
2025-03-24 21:30:00,88157.3,88230.4,87902.0,88067.2,689.514,60722382.9625
2025-03-24 22:00:00,88067.2,88146.9,87444.2,87549.9,2527.662,221619894.0499
2025-03-24 22:30:00,87549.9,87626.8,87283.7,87419.4,1598.803,139761243.5788
2025-03-24 23:00:00,87419.4,87489.7,86963.8,87165.0,2041.317,178023330.8863
2025-03-24 23:30:00,87165.0,87481.8,87153.3,87459.9,1498.683,130827172.701
2025-03-25 00:00:00,87459.9,87599.9,87209.0,87448.0,1542.78,134870962.1111
2025-03-25 00:30:00,87448.0,87646.3,87328.8,87565.3,974.102,85265922.9361
2025-03-25 01:00:00,87565.3,87565.3,87001.7,87035.5,1321.526,115347154.2996
2025-03-25 01:30:00,87035.5,87260.1,86763.1,87053.9,2777.553,241603079.7823
2025-03-25 02:00:00,87053.9,87058.1,86840.0,87026.7,833.021,72435779.3128
2025-03-25 02:30:00,87026.7,87028.9,86776.8,86819.6,557.225,48411499.7012
2025-03-25 03:00:00,86819.6,86954.7,86562.8,86721.6,1880.886,163116373.001
2025-03-25 03:30:00,86721.6,86795.8,86288.0,86468.5,3139.164,271452522.3161
2025-03-25 04:00:00,86468.5,86619.6,86261.0,86410.0,1515.096,131016074.1572
2025-03-25 04:30:00,86410.0,86497.8,86314.9,86497.8,938.028,81038723.6797
2025-03-25 05:00:00,86497.8,86628.5,86342.0,86562.6,1186.24,102611484.0264
2025-03-25 05:30:00,86562.6,86724.0,86498.4,86594.0,1100.977,95389637.0792
2025-03-25 06:00:00,86594.0,86759.2,86542.0,86712.0,783.684,67920384.5837
2025-03-25 06:30:00,86712.0,86832.3,86471.1,86502.0,1330.89,115273920.3817
2025-03-25 07:00:00,86502.0,86765.0,86478.9,86516.0,1435.48,124306636.5939
2025-03-25 07:30:00,86516.0,86516.0,86302.0,86408.9,1252.204,108191257.584
2025-03-25 08:00:00,86408.9,86634.8,86360.9,86575.3,852.681,73758873.2545
2025-03-25 08:30:00,86575.3,86720.0,86560.0,86662.2,603.091,52256328.0144
2025-03-25 09:00:00,86662.2,86888.6,86592.2,86829.0,1189.716,103197637.4645
2025-03-25 09:30:00,86829.0,87310.9,86813.6,87181.6,3520.998,306732770.4274
2025-03-25 10:00:00,87181.6,87244.0,86906.6,87048.9,1304.408,113546405.844
2025-03-25 10:30:00,87048.9,87173.3,86993.4,87084.8,739.949,64444000.22
2025-03-25 11:00:00,87084.8,87351.0,87015.0,87301.5,1411.876,123154354.7928
2025-03-25 11:30:00,87301.5,87479.5,87225.1,87333.4,2284.309,199604078.2109
2025-03-25 12:00:00,87333.4,87406.8,87125.0,87190.0,1290.433,112571183.9946
2025-03-25 12:30:00,87190.0,87280.3,86872.8,87056.9,1750.889,152393469.0554
2025-03-25 13:00:00,87056.9,87694.1,87023.0,87655.8,2934.198,256701305.5606
2025-03-25 13:30:00,87655.8,87964.9,87011.0,87571.1,5961.736,521754987.5661
2025-03-25 14:00:00,87571.1,87850.0,87301.8,87665.7,3629.951,317891842.2405
2025-03-25 14:30:00,87665.7,88178.8,87540.4,87951.3,4011.614,352811724.3332
2025-03-25 15:00:00,87951.3,88200.0,87726.7,87907.9,2519.184,221642332.8907
2025-03-25 15:30:00,87907.9,88003.9,87666.0,87731.2,2393.077,210078412.7195
2025-03-25 16:00:00,87731.2,87950.5,87650.1,87791.5,1329.373,116712148.6553
2025-03-25 16:30:00,87791.5,87840.5,87603.9,87765.1,1406.064,123336275.079
2025-03-25 17:00:00,87765.1,88296.5,87765.1,87880.5,2684.156,236444512.6371
2025-03-25 17:30:00,87880.5,88037.0,87805.3,87885.5,1132.964,99605760.6343
2025-03-25 18:00:00,87885.5,88007.2,87613.8,87731.3,1037.95,91134919.3024
2025-03-25 18:30:00,87731.3,87804.9,87520.0,87752.7,1257.937,110235760.7022
2025-03-25 19:00:00,87752.7,88060.8,87752.7,87847.9,1464.502,128757230.1889
2025-03-25 19:30:00,87847.9,88198.0,87756.0,88053.8,1660.177,146114359.7058
2025-03-25 20:00:00,88053.8,88500.0,87898.0,88114.2,4186.976,369677121.9432
2025-03-25 20:30:00,88114.2,88141.8,87766.5,87815.1,2297.652,202070927.8545
2025-03-25 21:00:00,87815.1,88186.0,87803.6,87915.2,1611.84,141914270.3772
2025-03-25 21:30:00,87915.2,87980.3,87671.9,87716.2,915.277,80370547.5432
2025-03-25 22:00:00,87716.2,87756.4,87205.8,87335.8,2735.581,239418657.8123
2025-03-25 22:30:00,87335.8,87620.3,87124.9,87404.7,2073.885,181290767.5632
2025-03-25 23:00:00,87404.7,87446.3,87074.2,87345.0,1726.588,150632814.8373
2025-03-25 23:30:00,87345.0,87455.0,87276.0,87362.4,653.448,57093583.651
2025-03-26 00:00:00,87362.4,87571.6,87181.3,87557.4,1069.402,93436737.1703
2025-03-26 00:30:00,87557.4,87781.9,87426.9,87606.1,1620.337,142017068.8335
2025-03-26 01:00:00,87606.1,87869.3,87525.0,87797.7,1014.357,88966534.0469
2025-03-26 01:30:00,87797.7,87815.4,87684.3,87795.7,540.979,47471226.8436
2025-03-26 02:00:00,87795.7,87800.0,87410.7,87500.0,996.109,87198451.8885
2025-03-26 02:30:00,87500.0,87536.0,87270.5,87294.1,659.494,57627657.7271
2025-03-26 03:00:00,87294.1,87374.5,87084.6,87194.4,994.951,86777105.5926
2025-03-26 03:30:00,87194.4,87194.4,86980.2,87122.2,1080.064,94054703.7187
2025-03-26 04:00:00,87122.2,87255.9,86997.9,87214.2,1189.662,103693927.9471
2025-03-26 04:30:00,87214.2,87411.8,87180.7,87285.1,1176.98,102758937.3233
2025-03-26 05:00:00,87285.1,87285.1,87183.3,87245.4,424.413,37020781.0114
2025-03-26 05:30:00,87245.4,87608.2,87245.4,87481.7,1566.644,137046654.0384
2025-03-26 06:00:00,87481.7,87559.0,87411.0,87533.0,512.997,44882539.0572
2025-03-26 06:30:00,87533.0,87896.9,87533.0,87863.0,1516.996,133086466.344
2025-03-26 07:00:00,87863.0,87996.0,87727.5,87980.7,1713.757,150539352.1135
2025-03-26 07:30:00,87980.7,88284.0,87939.2,88103.4,2961.68,261054337.9904
2025-03-26 08:00:00,88103.4,88166.4,87962.1,88009.6,1304.555,114841015.1968
2025-03-26 08:30:00,88009.6,88064.8,87846.0,87926.9,1013.86,89169943.661
2025-03-26 09:00:00,87926.9,87976.6,87790.0,87922.1,818.73,71947080.3353
2025-03-26 09:30:00,87922.1,88027.4,87850.0,87899.8,381.115,33509924.8683
2025-03-26 10:00:00,87899.8,88183.5,87891.8,88116.1,957.669,84345030.9792
2025-03-26 10:30:00,88116.1,88234.0,88049.1,88176.5,1566.172,138071591.2822
2025-03-26 11:00:00,88176.5,88216.5,88088.0,88120.0,935.049,82428809.0151
2025-03-26 11:30:00,88120.0,88156.5,87895.8,87919.5,1326.85,116782700.7121
2025-03-26 12:00:00,87919.5,87980.0,87648.0,87747.9,1637.163,143731597.8815
2025-03-26 12:30:00,87747.9,87827.8,87558.6,87774.1,1594.517,139819791.4569
2025-03-26 13:00:00,87774.1,87774.2,87438.8,87446.5,1583.55,138664996.106
2025-03-26 13:30:00,87446.5,87873.2,86650.0,86794.1,7996.256,697815313.4592
2025-03-26 14:00:00,86794.1,87242.6,86363.1,86634.8,7270.217,630988742.8152
2025-03-26 14:30:00,86634.8,86915.8,86377.2,86705.1,3473.582,300909203.8716
2025-03-26 15:00:00,86705.1,86933.2,86492.6,86578.4,2111.004,183100690.3182
2025-03-26 15:30:00,86578.4,86969.0,86550.0,86686.5,1665.302,144487445.1656
2025-03-26 16:00:00,86686.5,86900.0,86523.0,86900.0,1279.324,110909847.0623
2025-03-26 16:30:00,86900.0,87038.8,86298.5,86443.3,2469.62,213921555.1701
2025-03-26 17:00:00,86443.3,86720.0,86408.1,86548.9,1527.099,132183530.7816
2025-03-26 17:30:00,86548.9,86766.0,86424.9,86513.3,1203.916,104206057.7864
2025-03-26 18:00:00,86513.3,86696.2,86490.3,86592.2,909.684,78775466.9936
2025-03-26 18:30:00,86592.2,86696.1,86082.1,86146.2,2961.951,255582638.6081
2025-03-26 19:00:00,86146.2,86317.5,85800.1,86080.5,3740.754,321867381.1896
2025-03-26 19:30:00,86080.5,86757.6,86073.7,86518.6,3253.587,281510288.9944
2025-03-26 20:00:00,86518.6,87284.4,86460.5,87155.8,4738.565,412004708.4597
2025-03-26 20:30:00,87155.8,87358.8,87051.2,87241.0,2669.933,232829734.292
2025-03-26 21:00:00,87241.0,87256.5,86933.7,87026.2,1579.86,137571740.1876
2025-03-26 21:30:00,87026.2,87196.6,86690.0,87061.0,1806.699,157126549.443
2025-03-26 22:00:00,87061.0,87116.3,86714.8,86767.4,1406.75,122226133.1764
2025-03-26 22:30:00,86767.4,86991.4,86761.9,86787.7,729.996,63415976.0901
2025-03-26 23:00:00,86787.7,86863.3,86518.6,86636.8,1612.204,139701917.8871
2025-03-26 23:30:00,86636.8,86904.1,86636.8,86860.8,832.429,72261363.3259
2025-03-27 00:00:00,86860.8,87077.4,86747.6,87077.4,1030.01,89489534.7017
2025-03-27 00:30:00,87077.4,87295.0,87000.0,87242.2,1845.091,160793849.2206
2025-03-27 01:00:00,87242.2,87387.8,87135.1,87308.1,1517.252,132435301.8502
2025-03-27 01:30:00,87308.1,87510.9,87144.8,87340.7,1682.147,146905254.9931
2025-03-27 02:00:00,87340.7,87671.0,87296.7,87554.8,1993.847,174447096.2237
2025-03-27 02:30:00,87554.8,87727.9,87473.2,87530.0,1074.064,94091177.047
2025-03-27 03:00:00,87530.0,87622.0,87392.2,87518.3,988.612,86496325.531
2025-03-27 03:30:00,87518.3,87646.0,87511.6,87626.7,527.901,46240617.2463
2025-03-27 04:00:00,87626.7,87650.0,87400.0,87545.4,870.229,76139771.813
2025-03-27 04:30:00,87545.4,87578.0,87375.0,87480.0,553.544,48405162.1126
2025-03-27 05:00:00,87480.0,87480.0,87306.3,87403.8,1038.299,90733974.8708
2025-03-27 05:30:00,87403.8,87403.9,87230.0,87284.5,657.499,57405491.3781
2025-03-27 06:00:00,87284.5,87496.4,87255.8,87454.2,1047.927,91597434.6273
2025-03-27 06:30:00,87454.2,87521.2,87244.8,87308.3,860.855,75235292.7575
2025-03-27 07:00:00,87308.3,87357.0,87201.3,87285.4,695.907,60740541.4348
2025-03-27 07:30:00,87285.4,87388.8,87226.5,87349.9,507.568,44311298.3409
2025-03-27 08:00:00,87349.9,87446.5,87203.8,87362.7,811.523,70866465.6605
2025-03-27 08:30:00,87362.7,87565.2,87250.0,87391.7,1300.859,113735789.42
2025-03-27 09:00:00,87391.7,87486.5,87365.7,87431.2,965.823,84444792.4981
2025-03-27 09:30:00,87431.2,87515.8,87361.2,87377.8,691.184,60434050.0963
2025-03-27 10:00:00,87377.8,87570.0,87367.3,87468.4,803.742,70312265.9857
2025-03-27 10:30:00,87468.4,87515.2,87070.0,87148.2,2040.528,177972866.1205
2025-03-27 11:00:00,87148.2,87279.7,86873.0,86910.9,1604.336,139673903.8832
2025-03-27 11:30:00,86910.9,87026.4,86755.0,86900.1,2379.06,206707043.8603
2025-03-27 12:00:00,86900.1,87019.5,86717.2,86900.0,1976.466,171728581.7023
2025-03-27 12:30:00,86900.0,87055.0,86656.5,86700.0,2288.378,198791588.7085
2025-03-27 13:00:00,86700.0,86813.9,86117.0,86277.9,4615.95,399033038.8773
2025-03-27 13:30:00,86277.9,86463.6,85695.4,86339.9,9423.526,810999734.2877
2025-03-27 14:00:00,86339.9,86738.6,86142.0,86579.9,5476.948,473499548.8113
2025-03-27 14:30:00,86579.9,87275.0,86474.0,87239.8,4815.457,418719538.2442
2025-03-27 15:00:00,87239.8,87529.1,87075.0,87216.2,3958.658,345593312.38
2025-03-27 15:30:00,87216.2,87223.8,86690.1,86914.3,3449.64,299837782.7089
2025-03-27 16:00:00,86914.3,87222.0,86837.0,86962.9,1969.428,171392703.0745
2025-03-27 16:30:00,86962.9,87117.4,86740.0,86776.4,1277.416,111026139.724
2025-03-27 17:00:00,86776.4,87019.9,86776.3,86807.5,1455.767,126482036.263
2025-03-27 17:30:00,86807.5,87110.0,86728.3,86845.4,1316.629,114422201.9463
2025-03-27 18:00:00,86845.4,87100.0,86812.2,87003.2,983.764,85583790.3187
2025-03-27 18:30:00,87003.2,87387.1,86972.1,87159.4,1873.836,163463772.6645
2025-03-27 19:00:00,87159.4,87385.1,87091.3,87317.0,1287.51,112330337.2761
2025-03-27 19:30:00,87317.0,87354.9,86977.1,87019.9,1202.95,104870907.6977
2025-03-27 20:00:00,87019.9,87228.2,86884.8,87151.8,1514.602,131814837.635
2025-03-27 20:30:00,87151.8,87293.0,87128.7,87254.9,493.142,43014755.5057
2025-03-27 21:00:00,87254.9,87416.1,87186.9,87332.4,706.954,61720680.9633
2025-03-27 21:30:00,87332.4,87699.9,87320.0,87530.6,2331.901,204161703.8249
2025-03-27 22:00:00,87530.6,87570.5,87318.9,87348.5,660.755,57770860.1461
2025-03-27 22:30:00,87348.5,87400.0,87275.1,87310.2,557.554,48685792.9903
2025-03-27 23:00:00,87310.2,87331.2,87110.9,87245.0,1032.623,90041105.8568
2025-03-27 23:30:00,87245.0,87295.6,87075.6,87181.7,539.169,46994639.6483
2025-03-28 00:00:00,87181.7,87200.0,86915.0,86915.0,1058.699,92098276.6749
2025-03-28 00:30:00,86915.0,87353.5,86867.3,87291.1,1646.072,143424239.1664
2025-03-28 01:00:00,87291.1,87321.7,87075.0,87125.5,665.3,58003286.2129
2025-03-28 01:30:00,87125.5,87479.4,87077.3,87191.9,1368.772,119519183.5711
2025-03-28 02:00:00,87191.9,87288.9,87090.1,87213.7,716.125,62432522.3076
2025-03-28 02:30:00,87213.7,87213.7,86904.5,86946.4,1163.346,101263887.4102
2025-03-28 03:00:00,86946.4,86968.5,86702.6,86750.1,1685.952,146373482.1101
2025-03-28 03:30:00,86750.1,86834.4,86703.5,86744.5,650.346,56436694.409
2025-03-28 04:00:00,86744.5,86788.0,86622.2,86663.1,917.742,79561054.6659
2025-03-28 04:30:00,86663.1,86663.1,85904.0,86243.6,5938.453,511935842.7024
2025-03-28 05:00:00,86243.6,86245.3,85908.1,85927.9,2373.515,204276316.6854
2025-03-28 05:30:00,85927.9,86160.0,85780.0,86010.1,2483.909,213448488.2931
2025-03-28 06:00:00,86010.1,86210.0,85872.0,85970.0,1551.051,133492517.9651
2025-03-28 06:30:00,85970.0,85993.3,85600.1,85680.1,2856.661,245017804.7929
2025-03-28 07:00:00,85680.1,85841.7,85515.3,85581.1,2283.321,195620080.3223
2025-03-28 07:30:00,85581.1,85605.2,85108.3,85158.0,6316.628,538708399.1162
2025-03-28 08:00:00,85158.0,85398.5,85018.4,85037.4,3002.202,255836948.7967
2025-03-28 08:30:00,85037.4,85348.9,85008.8,85166.3,2203.292,187608892.6529
2025-03-28 09:00:00,85166.3,85264.7,84943.3,85264.7,2185.568,186002617.6257
2025-03-28 09:30:00,85264.7,85375.0,85020.0,85107.9,1456.063,124046892.5457
2025-03-28 10:00:00,85107.9,85209.6,84960.8,85192.5,1496.843,127361710.2907
2025-03-28 10:30:00,85192.5,85196.8,84850.0,84908.7,1824.704,155062081.5664
2025-03-28 11:00:00,84908.7,85191.0,84750.0,85060.7,3363.558,285694659.7692
2025-03-28 11:30:00,85060.7,85208.0,84880.0,85200.9,1869.547,159033423.1995
2025-03-28 12:00:00,85200.9,85416.4,85064.2,85335.0,2092.768,178315155.6971
2025-03-28 12:30:00,85335.0,85598.4,84832.1,84992.0,5124.151,436056882.2145
2025-03-28 13:00:00,84992.0,85493.8,84920.9,85286.7,2832.518,241458413.2136
2025-03-28 13:30:00,85286.7,85526.6,84851.6,84953.2,4046.033,344516025.6942
2025-03-28 14:00:00,84953.2,85074.8,84251.0,84330.5,8332.43,704153227.3041
2025-03-28 14:30:00,84330.5,84449.9,84118.0,84138.3,3599.662,303264392.8457
2025-03-28 15:00:00,84138.3,84365.4,83927.2,84218.6,4887.267,411126712.6647
2025-03-28 15:30:00,84218.6,84513.5,84000.1,84006.8,3024.797,254901439.9861
2025-03-28 16:00:00,84006.8,84184.9,83629.6,83896.4,5513.336,462304959.5766
2025-03-28 16:30:00,83896.4,83993.0,83694.5,83751.7,1946.012,163183135.7364
2025-03-28 17:00:00,83751.7,83929.6,83545.0,83725.0,2313.939,193691914.5564
2025-03-28 17:30:00,83725.0,83975.0,83642.5,83974.2,1813.709,152028014.0436
2025-03-28 18:00:00,83974.2,84131.3,83750.1,83786.7,1770.051,148673351.9744
2025-03-28 18:30:00,83786.7,83920.0,83671.1,83840.0,734.621,61554096.693
2025-03-28 19:00:00,83840.0,83860.5,83608.0,83778.0,1062.151,88910870.9327
2025-03-28 19:30:00,83778.0,83877.1,83620.0,83764.0,1417.715,118695889.8877
2025-03-28 20:00:00,83764.0,83960.1,83703.2,83867.9,988.342,82862141.7703
2025-03-28 20:30:00,83867.9,84141.3,83669.4,83768.0,1969.788,165294811.6657
2025-03-28 21:00:00,83768.0,84054.4,83652.8,83979.1,895.769,75100122.4599
2025-03-28 21:30:00,83979.1,84074.3,83789.7,84017.7,479.901,40292708.5619
2025-03-28 22:00:00,84017.7,84231.8,84017.6,84196.2,1138.11,95774906.9844
2025-03-28 22:30:00,84196.2,84440.0,84196.2,84439.9,1042.947,87931837.1543
2025-03-28 23:00:00,84439.9,84488.0,84158.8,84197.8,1250.864,105515379.2762
2025-03-28 23:30:00,84197.8,84377.9,84158.8,84375.0,450.933,38013828.0221
2025-03-29 00:00:00,84375.0,84517.0,84312.6,84481.9,570.757,48188840.8178
2025-03-29 00:30:00,84481.9,84573.8,84294.7,84349.7,763.806,64511080.4425
2025-03-29 01:00:00,84349.7,84455.2,84158.9,84184.1,1094.024,92248475.2984
2025-03-29 01:30:00,84184.1,84369.0,84153.3,84224.8,646.588,54473607.7771
2025-03-29 02:00:00,84224.8,84371.1,84087.0,84148.8,737.659,62154876.6616
2025-03-29 02:30:00,84148.8,84231.0,83731.8,83802.5,1527.281,128226661.3586
2025-03-29 03:00:00,83802.5,84041.4,83659.1,84011.8,1543.912,129415100.5519
2025-03-29 03:30:00,84011.8,84212.8,84011.8,84120.0,577.433,48579066.2089
2025-03-29 04:00:00,84120.0,84221.9,83943.4,84008.0,420.963,35393102.029
2025-03-29 04:30:00,84008.0,84058.8,83918.2,84036.4,303.618,25500139.4919
2025-03-29 05:00:00,84036.4,84059.4,83877.8,83883.7,288.707,24240174.6731
2025-03-29 05:30:00,83883.7,83989.8,83800.5,83960.1,369.23,30970057.761
2025-03-29 06:00:00,83960.1,83960.1,83625.2,83679.3,957.201,80150076.2655
2025-03-29 06:30:00,83679.3,83830.3,83670.2,83751.4,579.525,48537326.2047
2025-03-29 07:00:00,83751.4,83812.8,83613.0,83793.8,658.782,55137638.9353
2025-03-29 07:30:00,83793.8,83854.9,83613.1,83689.5,847.885,70993263.3192
2025-03-29 08:00:00,83689.5,83807.6,83624.7,83759.9,596.05,49898760.1302
2025-03-29 08:30:00,83759.9,83900.0,83751.0,83885.3,489.336,41031124.2925
2025-03-29 09:00:00,83885.3,83908.5,83697.0,83697.2,303.638,25448674.3875
2025-03-29 09:30:00,83697.2,83749.7,83204.8,83505.6,4411.894,368027508.0459
2025-03-29 10:00:00,83505.6,83528.3,83250.0,83378.4,1472.386,122795739.9813
2025-03-29 10:30:00,83378.4,83378.4,82767.1,82890.1,4389.358,364501694.6858
2025-03-29 11:00:00,82890.1,83070.7,82308.1,82456.4,6871.312,567863543.9771
2025-03-29 11:30:00,82456.4,82470.1,81958.3,82245.0,5157.477,423738796.3459
2025-03-29 12:00:00,82245.0,82488.6,82086.9,82371.7,2453.069,201894095.0937
2025-03-29 12:30:00,82371.7,82424.3,82183.7,82413.6,1148.232,94491589.477
2025-03-29 13:00:00,82413.6,82776.8,82400.0,82651.7,2215.038,183010007.368
2025-03-29 13:30:00,82651.7,82819.0,82519.6,82802.0,1112.038,91918033.2783
2025-03-29 14:00:00,82802.0,82839.9,82419.2,82504.0,1559.786,128852085.6041
2025-03-29 14:30:00,82504.0,82695.5,82462.2,82467.0,953.849,78744255.1406
2025-03-29 15:00:00,82467.0,82596.7,82442.3,82509.6,647.851,53454588.2461
2025-03-29 15:30:00,82509.6,82532.4,82335.1,82370.7,1074.161,88514990.6043
2025-03-29 16:00:00,82370.7,82642.4,82360.0,82370.0,1086.443,89626516.2972
2025-03-29 16:30:00,82370.0,82454.8,82101.9,82147.9,2495.399,205165209.739
2025-03-29 17:00:00,82147.9,82222.0,81602.9,82141.0,5405.924,442587655.0844
2025-03-29 17:30:00,82141.0,82598.4,82034.5,82292.9,3469.645,285626668.7337
2025-03-29 18:00:00,82292.9,82475.0,82171.1,82449.2,1069.561,88070599.5243
2025-03-29 18:30:00,82449.2,82640.0,82292.0,82309.9,1131.204,93307761.9108
2025-03-29 19:00:00,82309.9,82528.3,82190.8,82264.4,1047.887,86271017.8922
2025-03-29 19:30:00,82264.4,82739.9,82168.0,82728.2,1178.811,97152285.2421
2025-03-29 20:00:00,82728.2,82736.5,82450.0,82622.0,1053.119,86963688.6996
2025-03-29 20:30:00,82622.0,82799.1,82375.8,82469.1,1194.981,98640786.1348
2025-03-29 21:00:00,82469.1,82646.3,82376.1,82479.9,670.57,55329139.885
2025-03-29 21:30:00,82479.9,82610.1,82312.0,82482.0,641.944,52925712.2855
2025-03-29 22:00:00,82482.0,82482.1,82361.4,82405.0,520.517,42901615.8408
2025-03-29 22:30:00,82405.0,82419.7,82221.3,82360.2,569.871,46898189.1164
2025-03-29 23:00:00,82360.2,82514.2,82298.3,82422.0,395.606,32606159.022
2025-03-29 23:30:00,82422.0,82640.9,82362.0,82603.9,406.516,33540676.1483
2025-03-30 00:00:00,82603.9,82737.3,82521.9,82575.5,746.082,61655656.2933
2025-03-30 00:30:00,82575.5,82852.0,82457.5,82765.4,984.912,81446109.1786
2025-03-30 01:00:00,82765.4,83029.4,82714.4,82940.0,1800.065,149251994.7194
2025-03-30 01:30:00,82940.0,83037.3,82768.3,82890.7,664.698,55112879.0294
2025-03-30 02:00:00,82890.7,83208.2,82880.0,83045.8,1288.331,107044199.9854
2025-03-30 02:30:00,83045.8,83320.0,82998.5,83270.0,1149.966,95719770.2912
2025-03-30 03:00:00,83270.0,83450.0,83262.6,83289.8,1488.633,124084342.5009
2025-03-30 03:30:00,83289.8,83311.1,83004.1,83042.1,1197.506,99581140.2537
2025-03-30 04:00:00,83042.1,83192.6,83020.0,83090.0,660.056,54844068.1322
2025-03-30 04:30:00,83090.0,83280.9,83052.8,83069.4,621.683,51703672.6465
2025-03-30 05:00:00,83069.4,83167.1,83032.1,83136.7,480.873,39950278.2004
2025-03-30 05:30:00,83136.7,83182.5,82876.3,82921.3,883.369,73313979.9525
2025-03-30 06:00:00,82921.3,82997.0,82813.0,82826.7,863.844,71613777.4562
2025-03-30 06:30:00,82826.7,83258.3,82821.7,83144.7,1002.189,83276080.441
2025-03-30 07:00:00,83144.7,83277.9,83144.7,83213.1,574.283,47793021.6564
2025-03-30 07:30:00,83213.1,83230.3,83019.5,83032.9,645.449,53631369.4032
2025-03-30 08:00:00,83032.9,83239.1,83032.9,83170.9,587.981,48898223.8377
2025-03-30 08:30:00,83170.9,83365.6,83165.4,83340.0,591.326,49246001.4781
2025-03-30 09:00:00,83340.0,83366.9,83208.6,83350.1,513.802,42797614.3128
2025-03-30 09:30:00,83350.1,83474.3,83350.0,83454.0,1002.9,83666445.1521
2025-03-30 10:00:00,83454.0,83496.8,83077.5,83178.7,1539.367,128200651.4292
2025-03-30 10:30:00,83178.7,83179.3,83012.9,83084.0,1104.064,91725511.4967
2025-03-30 11:00:00,83084.0,83320.2,82920.1,83035.4,1470.439,122226064.5658
2025-03-30 11:30:00,83035.4,83161.7,82943.8,83073.1,868.048,72085627.6225
2025-03-30 12:00:00,83073.1,83202.4,82933.9,83202.3,960.342,79742927.441
2025-03-30 12:30:00,83202.3,83225.4,82952.2,83022.8,677.606,56284853.441
2025-03-30 13:00:00,83022.8,83111.5,82848.2,82879.0,862.294,71567913.6868
2025-03-30 13:30:00,82879.0,82940.6,82513.5,82646.6,3276.947,271116641.2171
2025-03-30 14:00:00,82646.6,82838.6,82566.0,82713.2,1303.064,107741243.1892
2025-03-30 14:30:00,82713.2,83012.0,82660.3,82764.0,1244.549,103113332.2344
2025-03-30 15:00:00,82764.0,83032.4,82744.0,82799.1,721.021,59763042.831
2025-03-30 15:30:00,82799.1,82880.0,82661.6,82692.9,802.054,66388266.1944
2025-03-30 16:00:00,82692.9,82775.1,82593.6,82606.7,605.925,50103744.4278
2025-03-30 16:30:00,82606.7,82635.6,82101.8,82242.0,4007.499,330061109.0179
2025-03-30 17:00:00,82242.0,82517.4,81985.8,82380.0,2776.77,228401753.5687
2025-03-30 17:30:00,82380.0,82542.2,82232.7,82375.4,789.262,65004733.3832
2025-03-30 18:00:00,82375.4,82760.0,82375.4,82730.9,1171.584,96762080.7822
2025-03-30 18:30:00,82730.9,82745.8,82531.9,82699.8,481.113,39753933.8807
2025-03-30 19:00:00,82699.8,82870.0,82546.4,82558.9,1074.896,88900829.1607
2025-03-30 19:30:00,82558.9,82630.9,82510.0,82512.0,493.58,40748980.1527
2025-03-30 20:00:00,82512.0,82610.9,82356.6,82498.8,768.443,63374861.8576
2025-03-30 20:30:00,82498.8,82628.1,82467.3,82522.5,365.178,30147896.5282
2025-03-30 21:00:00,82522.5,82676.8,82518.6,82548.0,479.395,39587141.0031
2025-03-30 21:30:00,82548.0,82549.2,82022.0,82190.2,1314.784,108098451.764
2025-03-30 22:00:00,82190.2,82200.3,81510.0,82173.5,3773.22,308760261.8478
2025-03-30 22:30:00,82173.5,82724.1,82100.0,82396.7,2544.115,209760026.4041
2025-03-30 23:00:00,82396.7,82400.0,81896.1,81917.7,1708.339,140352647.7518
2025-03-30 23:30:00,81917.7,82361.5,81892.5,82347.9,1469.912,120698188.763
2025-03-31 00:00:00,82347.9,82405.4,81915.6,81943.0,1675.032,137632136.8022
2025-03-31 00:30:00,81943.0,81951.0,81212.3,81598.6,4616.86,376270134.1315
2025-03-31 01:00:00,81598.6,82222.0,81485.4,82133.9,3098.467,253729380.8345
2025-03-31 01:30:00,82133.9,82140.1,81701.8,81915.1,1248.674,102278903.4478
2025-03-31 02:00:00,81915.1,81930.8,81582.2,81663.1,1273.264,104098638.1642
2025-03-31 02:30:00,81663.1,82122.7,81587.6,81885.8,1458.595,119425404.2477
2025-03-31 03:00:00,81885.8,81989.1,81503.6,81761.1,1452.783,118675748.7437
2025-03-31 03:30:00,81761.1,81877.4,81405.2,81486.7,1559.858,127240112.7532
2025-03-31 04:00:00,81486.7,81713.5,81355.0,81469.0,1355.786,110545343.6594
2025-03-31 04:30:00,81469.0,81825.0,81430.0,81805.3,889.956,72640060.6218
2025-03-31 05:00:00,81805.3,82279.6,81793.9,82137.1,1690.913,138828429.9666
2025-03-31 05:30:00,82137.1,82225.2,81995.8,82130.0,767.022,62971893.7066
2025-03-31 06:00:00,82130.0,82240.0,81905.0,81935.0,1588.666,130378754.3958
2025-03-31 06:30:00,81935.0,82053.0,81869.8,82016.2,1128.312,92468811.3614
2025-03-31 07:00:00,82016.2,82267.6,81888.0,82007.6,1440.677,118203252.7148
2025-03-31 07:30:00,82007.6,82039.2,81701.0,81899.3,1178.746,96440704.1772
2025-03-31 08:00:00,81899.3,82214.3,81876.8,82155.5,1316.17,108046902.5564
2025-03-31 08:30:00,82155.5,82237.0,81850.0,81872.2,846.244,69461286.5577
2025-03-31 09:00:00,81872.2,81936.8,81400.0,81458.0,2878.16,234913954.6248
2025-03-31 09:30:00,81458.0,81528.6,81280.5,81410.8,1911.628,155593066.6304
2025-03-31 10:00:00,81410.8,81749.8,81232.4,81724.0,1702.049,138718132.6755
2025-03-31 10:30:00,81724.0,82180.0,81658.8,82137.0,2288.75,187671001.006
2025-03-31 11:00:00,82137.0,82210.9,81933.3,81933.3,1602.771,131555844.0149
2025-03-31 11:30:00,81933.3,82234.1,81858.0,82169.3,1496.893,122796540.7906
2025-03-31 12:00:00,82169.3,82240.0,81874.4,82076.5,1508.728,123789029.7153
2025-03-31 12:30:00,82076.5,83128.4,81992.0,82735.0,5725.95,473409833.3814
2025-03-31 13:00:00,82735.0,82830.0,82411.1,82517.6,2147.352,177360568.5093
2025-03-31 13:30:00,82517.6,82728.0,81600.0,82465.3,8931.621,733115971.6418
2025-03-31 14:00:00,82465.3,83550.0,82461.1,82775.0,8686.828,721818931.1682
2025-03-31 14:30:00,82775.0,83735.1,82775.0,83451.0,6031.116,502853183.2897
2025-03-31 15:00:00,83451.0,83895.7,83365.7,83604.4,5125.998,428770387.6564
2025-03-31 15:30:00,83604.4,83724.9,83339.9,83377.8,3412.515,285041617.535
2025-03-31 16:00:00,83377.8,83640.5,83222.0,83562.3,2443.195,203796550.0502
2025-03-31 16:30:00,83562.3,83562.4,83191.5,83246.7,1856.731,154757202.8245
2025-03-31 17:00:00,83246.7,83500.0,83170.0,83267.5,1459.188,121593871.7197
2025-03-31 17:30:00,83267.5,83350.2,82526.0,82621.3,3393.075,280891067.9825
2025-03-31 18:00:00,82621.3,83304.0,82621.3,83299.9,2494.025,207076159.8589
2025-03-31 18:30:00,83299.9,83525.0,83210.5,83238.8,1979.569,165022432.9918
2025-03-31 19:00:00,83238.8,83393.8,82875.3,82880.0,1501.718,124895941.2867
2025-03-31 19:30:00,82880.0,82994.1,82342.0,82409.3,3081.06,254443786.1309
2025-03-31 20:00:00,82409.3,82734.6,82293.0,82704.1,2375.342,195970587.9266
2025-03-31 20:30:00,82704.1,82781.2,82304.0,82369.8,1679.013,138609241.2769
2025-03-31 21:00:00,82369.8,82715.6,82351.2,82525.1,1509.464,124565236.8242
2025-03-31 21:30:00,82525.1,82657.5,82440.1,82502.9,791.018,65299612.6718
2025-03-31 22:00:00,82502.9,82513.8,82213.1,82298.0,1382.711,113836268.4606
2025-03-31 22:30:00,82298.0,82358.5,82224.0,82355.2,599.727,49358994.5852
2025-03-31 23:00:00,82355.2,82828.8,82272.0,82303.9,1432.143,118182210.2175
2025-03-31 23:30:00,82303.9,82546.9,82232.9,82504.4,670.43,55252472.5461
2025-04-01 00:00:00,82504.4,82716.5,82375.6,82593.5,1077.801,88979020.6598
2025-04-01 00:30:00,82593.5,82769.8,82500.8,82600.0,1088.77,89980457.3979
2025-04-01 01:00:00,82600.0,82678.0,82413.1,82652.6,857.906,70798525.769
2025-04-01 01:30:00,82652.6,82691.2,82500.0,82659.9,914.977,75590516.8536
2025-04-01 02:00:00,82659.9,83005.0,82595.5,82845.6,1745.165,144605429.2338
2025-04-01 02:30:00,82845.6,83065.9,82744.3,83052.4,1064.316,88239115.9546
2025-04-01 03:00:00,83052.4,83200.0,82977.4,83042.9,1083.2,90025902.0056
2025-04-01 03:30:00,83042.9,83086.8,82888.6,82928.3,557.742,46283402.5423
2025-04-01 04:00:00,82928.3,83015.5,82851.3,83014.2,845.11,70072445.2762
2025-04-01 04:30:00,83014.2,83199.2,83014.2,83030.9,630.267,52379486.5135
2025-04-01 05:00:00,83030.9,83293.0,82971.2,83254.9,957.564,79646127.0807
2025-04-01 05:30:00,83254.9,83291.1,82958.8,82975.0,632.985,52603719.2434
2025-04-01 06:00:00,82975.0,83091.3,82851.0,83090.5,879.421,72955285.3999
2025-04-01 06:30:00,83090.5,83468.7,83074.0,83425.7,2267.252,188901956.4521
2025-04-01 07:00:00,83425.7,83538.3,83334.2,83418.5,1415.121,118058533.9527
2025-04-01 07:30:00,83418.5,83572.8,83360.0,83420.1,935.897,78130399.0712
2025-04-01 08:00:00,83420.1,84000.0,83400.0,83900.0,3249.78,272192370.4879
2025-04-01 08:30:00,83900.0,84174.6,83875.0,84066.6,3452.082,290072541.7785
2025-04-01 09:00:00,84066.6,84265.2,84056.7,84181.5,2936.893,247257408.674
2025-04-01 09:30:00,84181.5,84350.0,84150.0,84317.9,1840.968,155146534.4399
2025-04-01 10:00:00,84317.9,84471.2,84118.5,84387.9,3039.686,256355205.0734
2025-04-01 10:30:00,84387.9,84400.0,84125.3,84152.3,1855.144,156276940.747
2025-04-01 11:00:00,84152.3,84182.7,83939.9,84022.0,1992.396,167463286.9896
2025-04-01 11:30:00,84022.0,84024.4,83791.0,83895.0,1463.996,122825536.0828
2025-04-01 12:00:00,83895.0,84125.3,83876.0,84034.3,1286.512,108062903.7237
2025-04-01 12:30:00,84034.3,84034.3,83535.2,83577.7,2036.43,170484102.1283
2025-04-01 13:00:00,83577.7,83790.0,83540.9,83637.7,1989.046,166380925.971
2025-04-01 13:30:00,83637.7,83849.5,83373.4,83591.9,5122.748,428342240.4822
2025-04-01 14:00:00,83591.9,83656.3,82509.7,82937.9,8876.859,736578295.7605
2025-04-01 14:30:00,82937.9,84298.9,82901.6,84135.4,6937.436,580342527.4822
2025-04-01 15:00:00,84135.4,85183.7,84121.9,84702.6,9715.975,822900986.7543
2025-04-01 15:30:00,84702.6,85468.3,84702.6,85250.0,5260.698,448051793.5164
2025-04-01 16:00:00,85250.0,85455.0,84784.9,84880.0,4988.356,424687203.2866
2025-04-01 16:30:00,84880.0,85232.5,84750.1,85070.1,3089.764,262580210.217
2025-04-01 17:00:00,85070.1,85105.6,84849.9,85087.1,1794.232,152460948.3937
2025-04-01 17:30:00,85087.1,85297.0,85046.7,85077.1,1502.94,127979599.3527
2025-04-01 18:00:00,85077.1,85091.3,84671.4,84863.0,2252.259,190977496.6556
2025-04-01 18:30:00,84863.0,85132.8,84818.9,85069.1,1144.759,97307699.977
2025-04-01 19:00:00,85069.1,85131.9,84866.0,84866.0,1033.532,87851282.8428
2025-04-01 19:30:00,84866.0,85052.1,84762.0,84908.8,1119.4,95057385.3275
2025-04-01 20:00:00,84908.8,85079.9,84723.2,84917.8,1765.167,149952599.8826
2025-04-01 20:30:00,84917.8,85342.2,84795.7,85197.3,1769.704,150582879.6501
2025-04-01 21:00:00,85197.3,85300.0,85080.1,85153.3,636.203,54207370.0201
2025-04-01 21:30:00,85153.3,85442.8,85092.2,85191.2,850.719,72568760.3947
2025-04-01 22:00:00,85191.2,85429.8,85103.3,85177.9,773.637,65957217.4832
2025-04-01 22:30:00,85177.9,85300.7,85043.2,85066.8,909.417,77450033.898
2025-04-01 23:00:00,85066.8,85314.4,84936.9,85306.9,1170.455,99574629.3393
2025-04-01 23:30:00,85306.9,85555.0,85120.0,85130.5,1772.3,151242441.3273
2025-04-02 00:00:00,85130.5,85235.0,85037.9,85038.4,991.232,84371036.3183
2025-04-02 00:30:00,85038.4,85120.5,84888.6,84933.5,962.836,81848052.9992
2025-04-02 01:00:00,84933.5,85054.9,84821.5,84884.9,1161.446,98618108.9899
2025-04-02 01:30:00,84884.9,85184.4,84867.0,85111.1,1009.342,85857279.5784
2025-04-02 02:00:00,85111.1,85133.9,84600.0,84759.8,2288.805,194023305.1852
2025-04-02 02:30:00,84759.8,84847.1,84585.6,84679.0,1582.339,134027951.7227
2025-04-02 03:00:00,84679.0,84870.0,84630.0,84677.3,748.967,63479984.0196
2025-04-02 03:30:00,84677.3,84758.9,84463.9,84504.0,999.274,84505814.295
2025-04-02 04:00:00,84504.0,84678.1,84457.0,84580.1,652.83,55218975.0502
2025-04-02 04:30:00,84580.1,84610.9,84424.6,84562.3,1209.529,102209585.9794
2025-04-02 05:00:00,84562.3,84562.3,84127.3,84196.3,1706.227,143808096.4347
2025-04-02 05:30:00,84196.3,84308.3,84060.0,84060.0,1003.238,84445158.8919
2025-04-02 06:00:00,84060.0,84136.4,83867.2,84093.4,2181.551,183240602.0915
2025-04-02 06:30:00,84093.4,84320.8,84010.0,84075.0,1565.633,131772017.6288
2025-04-02 07:00:00,84075.0,84216.0,83965.7,84094.6,787.429,66214242.9075
2025-04-02 07:30:00,84094.6,84420.4,84070.1,84382.4,1527.787,128791402.8763
2025-04-02 08:00:00,84382.4,84571.5,84215.0,84508.7,1196.552,100979371.0748
2025-04-02 08:30:00,84508.7,84700.0,84473.8,84619.9,1548.766,131022540.5934
2025-04-02 09:00:00,84619.9,85429.6,84582.6,85043.9,4702.949,399868509.852
2025-04-02 09:30:00,85043.9,85154.7,84920.8,84989.8,1059.422,90070295.6772
2025-04-02 10:00:00,84989.8,85258.8,84901.0,85058.5,1761.89,149891070.823
2025-04-02 10:30:00,85058.5,85067.9,84789.4,84822.7,1608.717,136599635.69
2025-04-02 11:00:00,84822.7,84942.3,84712.5,84777.9,1005.315,85293920.7379
2025-04-02 11:30:00,84777.9,84843.7,84485.6,84520.0,2183.283,184760009.8541
2025-04-02 12:00:00,84520.0,84748.0,84403.5,84516.6,2539.6,214836505.2453
2025-04-02 12:30:00,84516.6,85016.8,84513.7,84995.6,1912.019,162209244.1874
2025-04-02 13:00:00,84995.6,84999.0,84550.6,84562.5,2087.924,177035599.5373
2025-04-02 13:30:00,84562.5,86066.2,84407.1,85169.7,11930.993,1019721329.4889
2025-04-02 14:00:00,85169.7,85774.0,85105.9,85692.2,5470.024,467877787.1936
2025-04-02 14:30:00,85692.2,85940.1,85380.0,85833.1,2879.769,246754740.6019
2025-04-02 15:00:00,85833.1,86592.4,85771.2,86514.1,6523.48,562726697.791
2025-04-02 15:30:00,86514.1,87297.1,86502.8,86699.3,13346.501,1159865639.586
2025-04-02 16:00:00,86699.3,86988.0,86536.9,86976.1,4212.58,365535581.6466
2025-04-02 16:30:00,86976.1,87186.3,86761.5,87013.4,2214.095,192648945.876
2025-04-02 17:00:00,87013.4,87278.0,86705.9,86710.1,3192.763,277829592.3153
2025-04-02 17:30:00,86710.1,86800.0,86307.3,86580.5,3235.206,279924056.6719
2025-04-02 18:00:00,86580.5,86688.1,86192.6,86192.6,1805.983,156080326.8619
2025-04-02 18:30:00,86192.6,86626.9,86169.0,86252.7,1362.558,117734848.4194
2025-04-02 19:00:00,86252.7,86421.1,86124.6,86299.8,1218.203,105093205.7992
2025-04-02 19:30:00,86299.8,86993.4,86185.0,86853.9,2741.684,237409572.7018
2025-04-02 20:00:00,86853.9,88560.1,85390.5,85831.3,34893.267,3035923954.5965
2025-04-02 20:30:00,85831.3,86352.8,85165.8,85622.4,13383.805,1145985240.773
2025-04-02 21:00:00,85622.4,85698.4,84168.0,84572.2,8791.623,744754571.8731
2025-04-02 21:30:00,84572.2,84847.4,84350.0,84808.1,2310.075,195399222.7722
2025-04-02 22:00:00,84808.1,84808.1,83237.2,83429.7,7387.232,619087925.7625
2025-04-02 22:30:00,83429.7,83429.8,82625.0,82777.1,6536.961,542272033.103
2025-04-02 23:00:00,82777.1,82813.0,82281.9,82800.6,5123.181,422779006.6871
2025-04-02 23:30:00,82800.6,82804.5,82430.0,82468.1,2326.495,192095852.672
2025-04-03 00:00:00,82468.1,83225.9,82107.1,82919.8,6261.311,517914031.6741
2025-04-03 00:30:00,82919.8,83350.0,82880.1,83170.6,2446.985,203438885.1042
2025-04-03 01:00:00,83170.6,83454.0,83042.1,83432.5,2073.992,172713542.7635
2025-04-03 01:30:00,83432.5,83888.0,83318.8,83714.7,3305.209,276396444.5966
2025-04-03 02:00:00,83714.7,83859.1,83272.4,83380.1,3618.281,302515961.1816
2025-04-03 02:30:00,83380.1,83730.0,83227.4,83725.6,1098.732,91702910.277
2025-04-03 03:00:00,83725.6,83735.0,83422.8,83559.5,1334.388,111439631.6944
2025-04-03 03:30:00,83559.5,83643.4,83300.8,83442.4,720.744,60135650.9559
2025-04-03 04:00:00,83442.4,83519.8,83230.0,83285.0,1208.889,100776391.3605
2025-04-03 04:30:00,83285.0,83697.0,83236.7,83517.2,1073.698,89671921.9163
2025-04-03 05:00:00,83517.2,83684.9,83401.7,83461.2,1070.428,89449699.0013
2025-04-03 05:30:00,83461.2,83480.0,83294.2,83305.3,737.215,61463440.9831
2025-04-03 06:00:00,83305.3,83387.3,83159.0,83264.3,948.724,78998112.8664
2025-04-03 06:30:00,83264.3,83334.9,82955.0,83010.5,1734.388,144183136.1232
2025-04-03 07:00:00,83010.5,83375.0,82966.0,83359.9,1549.488,128800111.3291
2025-04-03 07:30:00,83359.9,83466.9,83140.5,83422.0,1127.163,93927034.4196
2025-04-03 08:00:00,83422.0,83677.6,83408.7,83614.8,1624.718,135783798.2159
2025-04-03 08:30:00,83614.8,83774.8,83488.0,83646.2,1542.927,129013289.9584
2025-04-03 09:00:00,83646.2,83718.0,83550.2,83590.2,667.24,55804203.0531
2025-04-03 09:30:00,83590.2,83735.3,83416.7,83442.1,1108.964,92698384.1011
2025-04-03 10:00:00,83442.1,83714.4,83247.7,83278.3,1624.479,135596485.3968
2025-04-03 10:30:00,83278.3,83450.3,83116.7,83186.8,1579.614,131547994.4226
2025-04-03 11:00:00,83186.8,83320.3,83033.0,83110.1,1443.219,119999600.3576
2025-04-03 11:30:00,83110.1,83210.0,83010.7,83061.8,817.533,67927781.9082
2025-04-03 12:00:00,83061.8,83116.1,82500.0,82520.7,4337.292,359254032.7801
2025-04-03 12:30:00,82520.7,82665.9,81831.4,81904.0,6484.233,532767681.3783
2025-04-03 13:00:00,81904.0,82035.0,81724.8,81948.7,3720.931,304722967.3573
2025-04-03 13:30:00,81948.7,82750.0,81886.5,82338.5,8351.929,687838806.987
2025-04-03 14:00:00,82338.5,82364.0,81570.6,82249.4,7719.266,632686989.0722
2025-04-03 14:30:00,82249.4,82351.1,81266.6,81481.6,6034.659,493057799.6166
2025-04-03 15:00:00,81481.6,81868.5,81146.0,81670.0,4802.546,391757462.3248
2025-04-03 15:30:00,81670.0,82046.3,81630.8,81990.1,2490.563,203806016.6058
2025-04-03 16:00:00,81990.1,82409.6,81932.9,82240.2,3366.638,276668824.6773
2025-04-03 16:30:00,82240.2,82307.5,81672.8,81792.4,2304.528,188746200.6558
2025-04-03 17:00:00,81792.4,81998.1,81636.5,81735.9,1266.749,103619216.9461
2025-04-03 17:30:00,81735.9,82146.6,81588.3,81790.0,1911.607,156568839.4772
2025-04-03 18:00:00,81790.0,81925.3,81501.0,81652.0,1483.374,121151621.2049
2025-04-03 18:30:00,81652.0,82298.2,81563.2,82079.4,2904.674,238287205.1107
2025-04-03 19:00:00,82079.4,82327.8,81786.4,81900.1,2122.28,174101545.8497
2025-04-03 19:30:00,81900.1,82236.4,81854.2,81971.7,1426.74,117033747.0102
2025-04-03 20:00:00,81971.7,82103.5,81778.0,81784.5,783.736,64217965.68
2025-04-03 20:30:00,81784.5,82397.0,81758.6,82334.1,1623.84,133411061.2447
2025-04-03 21:00:00,82334.1,82569.1,82301.3,82523.9,1978.436,163161562.2255
2025-04-03 21:30:00,82523.9,82837.6,82372.8,82694.0,1401.034,115716145.3461
2025-04-03 22:00:00,82694.0,82854.2,82574.0,82738.0,1588.081,131393721.3803
2025-04-03 22:30:00,82738.0,82849.0,82607.0,82707.8,682.169,56413954.7097
2025-04-03 23:00:00,82707.8,82800.0,82472.9,82784.0,934.312,77177431.7853
2025-04-03 23:30:00,82784.0,83288.3,82770.2,83175.2,2333.785,193776886.4585
2025-04-04 00:00:00,83175.2,83346.0,83009.9,83306.2,1406.963,117041077.6697
2025-04-04 00:30:00,83306.2,83389.9,82966.7,83012.5,1469.535,122263612.9885
2025-04-04 01:00:00,83012.5,83330.4,82984.4,83079.9,1187.169,98689591.1415
2025-04-04 01:30:00,83079.9,83082.3,82561.0,82676.5,1788.539,148084351.6418
2025-04-04 02:00:00,82676.5,83150.0,82674.2,82908.3,1164.178,96571364.694
2025-04-04 02:30:00,82908.3,82974.3,82716.4,82870.0,831.882,68921739.4621
2025-04-04 03:00:00,82870.0,83029.6,82737.5,82933.1,901.551,74717841.2195
2025-04-04 03:30:00,82933.1,82939.4,82650.0,82786.5,791.259,65473607.285
2025-04-04 04:00:00,82786.5,82797.9,82585.0,82771.4,750.21,62023428.8114
2025-04-04 04:30:00,82771.4,82884.0,82657.8,82684.1,704.148,58290950.7901
2025-04-04 05:00:00,82684.1,83082.8,82603.6,83048.9,868.731,71985727.0818
2025-04-04 05:30:00,83048.9,83178.9,83006.6,83163.7,959.113,79717534.8821
2025-04-04 06:00:00,83163.7,83228.3,83100.0,83218.1,922.737,76749059.0171
2025-04-04 06:30:00,83218.1,83219.2,83000.8,83018.6,806.826,67027845.4754
2025-04-04 07:00:00,83018.6,83681.0,83018.6,83562.5,3506.777,292582900.0968
2025-04-04 07:30:00,83562.5,83999.2,83451.2,83973.7,3547.238,297300708.9559
2025-04-04 08:00:00,83973.7,84598.0,83973.6,84374.4,6225.936,524813806.0152
2025-04-04 08:30:00,84374.4,84637.4,84326.2,84391.5,2881.545,243384024.3702
2025-04-04 09:00:00,84391.5,84509.0,84115.6,84300.3,2358.442,198882293.1359
2025-04-04 09:30:00,84300.3,84736.0,84237.3,84553.0,2191.995,185267617.9839
2025-04-04 10:00:00,84553.0,84675.7,82727.0,82912.1,11833.896,988700847.244
2025-04-04 10:30:00,82912.1,83190.8,82378.5,82543.7,6527.335,540438593.4176
2025-04-04 11:00:00,82543.7,82740.9,81626.2,81727.4,7413.741,609122346.4568
2025-04-04 11:30:00,81727.4,82680.0,81605.0,82617.9,7141.214,586662403.9278
2025-04-04 12:00:00,82617.9,82617.9,82181.0,82454.4,3523.918,290275937.0988
2025-04-04 12:30:00,82454.4,83183.3,82307.6,82837.8,9146.422,756831042.5283
2025-04-04 13:00:00,82837.8,83272.0,82544.0,82562.9,4817.18,399502790.6765
2025-04-04 13:30:00,82562.9,83510.5,82103.3,83308.0,9043.902,747920378.2004
2025-04-04 14:00:00,83308.0,83497.9,82630.5,82639.4,7236.591,600560132.7771
2025-04-04 14:30:00,82639.4,82825.0,81800.0,82516.1,9310.544,766265772.9829
2025-04-04 15:00:00,82516.1,83682.0,82431.6,83176.9,10615.862,883583612.9928
2025-04-04 15:30:00,83176.9,83505.3,82558.0,82813.1,6464.151,536383043.203
2025-04-04 16:00:00,82813.1,83539.8,82691.0,82914.3,5773.506,479737698.8472
2025-04-04 16:30:00,82914.3,83530.7,82772.8,83359.3,4308.842,358446438.7016
2025-04-04 17:00:00,83359.3,83583.8,82910.0,83438.1,4352.603,362766188.1477
2025-04-04 17:30:00,83438.1,84600.0,83250.1,84454.9,9709.658,817079914.9997
2025-04-04 18:00:00,84454.9,84577.3,83697.0,83947.4,5566.183,468006391.2828
2025-04-04 18:30:00,83947.4,84279.0,83781.7,83965.1,2881.759,242108516.777
2025-04-04 19:00:00,83965.1,84426.8,83750.0,84209.0,2340.433,196881337.5953
2025-04-04 19:30:00,84209.0,84450.0,83810.1,83989.0,2710.432,227910694.8557
2025-04-04 20:00:00,83989.0,84099.2,83457.1,83764.0,3652.771,305942480.7717
2025-04-04 20:30:00,83764.0,84260.8,83743.4,84132.8,2075.639,174362502.0618
2025-04-04 21:00:00,84132.8,84266.2,84012.7,84082.5,1001.038,84203270.75
2025-04-04 21:30:00,84082.5,84418.9,83887.2,84149.1,1358.406,114364057.56
2025-04-04 22:00:00,84149.1,84242.0,84046.4,84109.4,636.547,53554772.8396
2025-04-04 22:30:00,84109.4,84124.0,83978.3,84020.3,461.44,38770757.3952
2025-04-04 23:00:00,84020.3,84079.9,83641.6,83680.1,1211.844,101584740.5392
2025-04-04 23:30:00,83680.1,83867.0,83615.5,83862.1,678.786,56854366.0272
2025-04-05 00:00:00,83862.1,83862.1,83618.0,83715.5,508.125,42552113.8474
2025-04-05 00:30:00,83715.5,83811.9,83374.6,83758.5,1604.29,134102013.5384
2025-04-05 01:00:00,83758.5,84244.0,83758.4,84152.8,1810.989,152173849.9689
2025-04-05 01:30:00,84152.8,84221.1,83894.6,83958.6,1025.702,86207949.776
2025-04-05 02:00:00,83958.6,84074.9,83793.0,83806.6,954.003,80060807.1348
2025-04-05 02:30:00,83806.6,84060.8,83762.0,83939.9,483.642,40590345.8442
2025-04-05 03:00:00,83939.9,83940.0,83692.6,83723.4,453.623,38018218.8708
2025-04-05 03:30:00,83723.4,83797.0,83598.3,83600.0,541.347,45302621.8011
2025-04-05 04:00:00,83600.0,83800.0,83591.7,83799.9,484.396,40562170.7204
2025-04-05 04:30:00,83799.9,83838.0,83580.0,83655.0,526.455,44060329.816
2025-04-05 05:00:00,83655.0,83827.8,83596.8,83827.8,442.913,37081486.1475
2025-04-05 05:30:00,83827.8,83827.8,83633.9,83654.2,232.507,19464585.2608
2025-04-05 06:00:00,83654.2,83703.4,83578.6,83582.0,510.823,42727427.1511
2025-04-05 06:30:00,83582.0,83593.1,83304.3,83436.8,1267.943,105779952.0364
2025-04-05 07:00:00,83436.8,83473.9,83328.4,83447.9,628.325,52399114.0826
2025-04-05 07:30:00,83447.9,83529.3,83350.1,83483.3,593.95,49562723.0411
2025-04-05 08:00:00,83483.3,83623.4,83341.0,83417.7,1021.682,85307807.8904
2025-04-05 08:30:00,83417.7,83541.5,83405.6,83489.7,480.441,40112746.0998
2025-04-05 09:00:00,83489.7,83737.8,83486.8,83690.4,720.265,60246382.8551
2025-04-05 09:30:00,83690.4,83832.2,83629.9,83807.0,527.494,44173909.7432
2025-04-05 10:00:00,83807.0,83872.8,83648.1,83704.6,795.409,66619303.5802
2025-04-05 10:30:00,83704.6,83721.5,83545.1,83608.0,513.027,42894844.0162
2025-04-05 11:00:00,83608.0,83648.9,83525.1,83621.7,523.276,43733903.474
2025-04-05 11:30:00,83621.7,83661.0,83410.1,83428.0,591.63,49390146.2414
2025-04-05 12:00:00,83428.0,83526.6,83381.9,83402.2,633.428,52853386.2824
2025-04-05 12:30:00,83402.2,83419.0,83088.0,83245.6,2058.651,171360748.3202
2025-04-05 13:00:00,83245.6,83311.2,82660.0,82792.8,3051.457,253011853.7145
2025-04-05 13:30:00,82792.8,82860.0,82478.0,82714.9,3054.922,252503250.8426
2025-04-05 14:00:00,82714.9,82912.9,82631.0,82834.4,1793.948,148498065.3351
2025-04-05 14:30:00,82834.4,82991.2,82736.2,82871.6,1016.445,84256976.8284
2025-04-05 15:00:00,82871.6,82871.7,82581.7,82620.0,1358.435,112355517.7761
2025-04-05 15:30:00,82620.0,82676.0,82343.0,82579.5,2177.588,179646331.1807
2025-04-05 16:00:00,82579.5,82749.0,82566.7,82625.3,805.826,66596029.7316
2025-04-05 16:30:00,82625.3,82797.0,82625.3,82718.9,625.721,51755491.1974
2025-04-05 17:00:00,82718.9,82868.0,82645.0,82861.9,825.631,68332723.179
2025-04-05 17:30:00,82861.9,82919.9,82815.9,82840.1,727.003,60247583.9535
2025-04-05 18:00:00,82840.1,83081.9,82820.0,82957.1,1535.798,127446668.9593
2025-04-05 18:30:00,82957.1,83084.0,82884.6,83010.0,635.686,52747690.4001
2025-04-05 19:00:00,83010.0,83125.5,82987.3,83026.7,614.901,51065564.314
2025-04-05 19:30:00,83026.7,83064.1,82748.4,82827.7,775.755,64269650.5032
2025-04-05 20:00:00,82827.7,83008.8,82820.4,83008.1,543.853,45096144.8183
2025-04-05 20:30:00,83008.1,83071.8,82783.1,83052.2,912.142,75673142.0753
2025-04-05 21:00:00,83052.2,83237.9,82974.7,83187.6,975.185,81055879.5566
2025-04-05 21:30:00,83187.6,83187.6,82872.5,82892.6,611.801,50785298.9194
2025-04-05 22:00:00,82892.6,83099.9,82892.5,82983.6,377.729,31350412.6785
2025-04-05 22:30:00,82983.6,83194.0,82940.1,83154.1,647.531,53790558.0073
2025-04-05 23:00:00,83154.1,83244.9,83088.2,83146.7,637.184,52998638.5318
2025-04-05 23:30:00,83146.7,83659.9,83121.5,83496.7,1856.921,154881058.1064
2025-04-06 00:00:00,83496.7,83574.8,83380.3,83499.7,848.193,70798697.4201
2025-04-06 00:30:00,83499.7,83523.5,83388.1,83488.5,650.681,54310793.8368
2025-04-06 01:00:00,83488.5,83654.9,83436.3,83620.0,741.09,61922669.1557
2025-04-06 01:30:00,83620.0,83774.3,83377.8,83390.0,1293.356,108047025.5256
2025-04-06 02:00:00,83390.0,83454.6,83315.6,83388.6,620.733,51759252.6853
2025-04-06 02:30:00,83388.6,83419.6,83249.2,83266.0,467.136,38921049.2079
2025-04-06 03:00:00,83266.0,83382.6,83206.9,83263.1,590.395,49171355.0154
2025-04-06 03:30:00,83263.1,83324.4,83131.9,83313.8,582.412,48474626.5966
2025-04-06 04:00:00,83313.8,83416.4,83202.2,83369.8,454.158,37839426.8685
2025-04-06 04:30:00,83369.8,83471.0,83350.3,83471.0,427.671,35677523.1467
2025-04-06 05:00:00,83471.0,83500.0,83396.0,83472.9,470.034,39232447.6229
2025-04-06 05:30:00,83472.9,83490.0,83292.9,83413.9,536.111,44701064.8694
2025-04-06 06:00:00,83413.9,83442.9,83328.4,83385.9,273.067,22766856.4422
2025-04-06 06:30:00,83385.9,83394.6,83075.9,83077.2,1347.606,112120592.9109
2025-04-06 07:00:00,83077.2,83181.3,83014.8,83027.4,1084.412,90088176.9765
2025-04-06 07:30:00,83027.4,83112.0,82984.0,82988.9,916.378,76097299.2404
2025-04-06 08:00:00,82988.9,83000.0,82683.2,82747.4,1612.588,133604434.0788
2025-04-06 08:30:00,82747.4,83013.8,82723.1,82986.0,1306.903,108323438.5421
2025-04-06 09:00:00,82986.0,83107.3,82887.1,83081.9,788.472,65440648.6222
2025-04-06 09:30:00,83081.9,83139.3,82997.2,83039.0,468.795,38935845.46
2025-04-06 10:00:00,83039.0,83039.0,82658.5,82791.2,1242.27,102863527.391
2025-04-06 10:30:00,82791.2,82826.7,82702.5,82826.6,565.169,46782674.9482
2025-04-06 11:00:00,82826.6,82893.7,82636.4,82747.4,1102.831,91245687.7884
2025-04-06 11:30:00,82747.4,82829.4,82617.5,82812.5,765.527,63330417.9378
2025-04-06 12:00:00,82812.5,82940.0,82707.3,82834.7,1305.505,108164967.5327
2025-04-06 12:30:00,82834.7,82854.5,82585.3,82659.5,1303.903,107808845.7018
2025-04-06 13:00:00,82659.5,82806.7,82482.6,82495.2,1481.524,122393602.0099
2025-04-06 13:30:00,82495.2,82610.8,82159.7,82264.1,3407.872,280669510.0841
2025-04-06 14:00:00,82264.1,82635.9,82177.8,82342.6,2274.572,187457431.2713
2025-04-06 14:30:00,82342.6,82765.6,82334.0,82624.9,1855.636,153184764.0809
2025-04-06 15:00:00,82624.9,82779.6,82347.0,82400.3,1646.637,135893661.3164
2025-04-06 15:30:00,82400.3,82675.9,82400.3,82507.1,733.387,60544811.0897
2025-04-06 16:00:00,82507.1,82529.0,82206.9,82297.2,1520.579,125234338.8104
2025-04-06 16:30:00,82297.2,82389.6,81867.5,81930.0,3450.078,283104130.0316
2025-04-06 17:00:00,81930.0,81952.7,81510.0,81581.7,4327.551,353730564.3561
2025-04-06 17:30:00,81581.7,81581.7,80512.3,80775.8,9787.313,793680987.5699
2025-04-06 18:00:00,80775.8,80775.8,79594.3,79667.3,11592.542,929328633.1756
2025-04-06 18:30:00,79667.3,80064.6,78643.0,79071.8,10993.792,871202691.3391
2025-04-06 19:00:00,79071.8,79810.4,78781.5,79474.0,7126.409,565443899.6064
2025-04-06 19:30:00,79474.0,79813.9,79051.7,79579.5,3869.386,307536295.8372
2025-04-06 20:00:00,79579.5,79844.0,79278.0,79325.7,2480.433,197354806.3384
2025-04-06 20:30:00,79325.7,79501.0,78437.6,78830.5,6927.116,546855628.4071
2025-04-06 21:00:00,78830.5,79641.8,78669.1,79127.7,4207.617,333176145.0766
2025-04-06 21:30:00,79127.7,79360.0,78843.4,78908.9,1761.977,139333624.719
2025-04-06 22:00:00,78908.9,79103.8,78150.8,79038.7,12336.651,970838688.9138
2025-04-06 22:30:00,79038.7,79038.8,77715.6,78032.9,7463.591,583424674.7644
2025-04-06 23:00:00,78032.9,78159.9,77083.5,77384.7,8719.07,675956281.2478
2025-04-06 23:30:00,77384.7,78687.6,77325.0,78376.1,6717.14,524901152.8749
2025-04-07 00:00:00,78376.1,78474.9,77355.0,78273.5,6447.234,502081350.8588
2025-04-07 00:30:00,78273.5,78339.8,77563.0,78273.5,3689.878,287815766.212
2025-04-07 01:00:00,78273.5,79315.8,78263.4,78997.9,5759.463,454032338.2354
2025-04-07 01:30:00,78997.9,79194.9,78569.4,79101.2,3322.124,262049943.6718
2025-04-07 02:00:00,79101.2,79198.6,78531.6,78593.6,2598.441,204996828.8461
2025-04-07 02:30:00,78593.6,78819.7,78350.0,78395.9,1908.942,149941764.1844
2025-04-07 03:00:00,78395.9,78469.1,78006.9,78292.1,2215.526,173350438.2362
2025-04-07 03:30:00,78292.1,78306.6,77303.9,77650.0,4494.537,348860929.2152
2025-04-07 04:00:00,77650.0,77947.3,76886.0,77378.4,5168.988,399967301.803
2025-04-07 04:30:00,77378.4,77490.7,76572.4,76946.0,6163.494,473971316.2523
2025-04-07 05:00:00,76946.0,77469.5,76611.9,77164.4,4604.882,355096082.4339
2025-04-07 05:30:00,77164.4,77358.9,76723.0,76917.3,1937.9,149156450.3374
2025-04-07 06:00:00,76917.3,77270.9,75599.7,75785.3,9645.269,735435770.7536
2025-04-07 06:30:00,75785.3,75857.6,74520.0,74780.0,13558.689,1017846910.4874
2025-04-07 07:00:00,74780.0,75338.1,74456.2,75022.3,6712.723,503068091.8976
2025-04-07 07:30:00,75022.3,75441.8,74806.5,75077.5,3919.906,294399380.5222
2025-04-07 08:00:00,75077.5,76434.0,75040.9,76237.9,6749.641,511497750.8349
2025-04-07 08:30:00,76237.9,76800.0,76022.9,76220.1,5271.115,402936696.1132
2025-04-07 09:00:00,76220.1,76500.9,75706.8,76200.8,3881.114,295210894.6874
2025-04-07 09:30:00,76200.8,76773.5,76138.6,76248.7,3408.261,260615333.9946
2025-04-07 10:00:00,76248.7,77550.0,76110.0,77206.1,7181.787,553077749.2571
2025-04-07 10:30:00,77206.1,77520.0,76770.0,76951.4,3984.735,307435111.5318
2025-04-07 11:00:00,76951.4,77363.4,76853.2,77046.9,2300.287,177329279.2225
2025-04-07 11:30:00,77046.9,77088.1,76389.2,76650.0,3287.878,252047001.7049
2025-04-07 12:00:00,76650.0,77463.3,76376.0,77400.3,4951.487,380661105.7719
2025-04-07 12:30:00,77400.3,77639.6,76712.8,77298.8,6437.566,497218366.2824
2025-04-07 13:00:00,77298.8,77360.4,76769.0,76833.6,3255.299,250923475.6382
2025-04-07 13:30:00,76833.6,78464.5,75739.6,78329.9,18231.571,1403146275.4515
2025-04-07 14:00:00,78329.9,81216.8,77815.4,78084.7,46517.221,3691526130.8954
2025-04-07 14:30:00,78084.7,79971.1,77852.5,78994.6,19336.237,1522244073.4256
2025-04-07 15:00:00,78994.6,79332.9,77467.0,77978.1,14477.494,1132811508.3265
2025-04-07 15:30:00,77978.1,79044.0,77965.5,78427.5,5637.922,443164099.5558
2025-04-07 16:00:00,78427.5,78450.0,77570.0,78283.9,5610.509,438083637.745
2025-04-07 16:30:00,78283.9,78554.9,77250.0,77386.0,4105.086,319718316.9335
2025-04-07 17:00:00,77386.0,78583.8,77384.0,78530.1,7857.68,613816011.7514
2025-04-07 17:30:00,78530.1,79174.0,78239.5,79033.0,5673.289,447010572.1534
2025-04-07 18:00:00,79033.0,79342.0,78512.8,78590.8,4943.229,390188868.3987
2025-04-07 18:30:00,78590.8,79107.0,78237.0,78436.4,2911.061,228924861.0378
2025-04-07 19:00:00,78436.4,78924.7,78150.0,78237.9,3136.196,246128774.3912
2025-04-07 19:30:00,78237.9,78873.3,77976.0,78091.6,4150.523,325007915.1282
2025-04-07 20:00:00,78091.6,78665.0,78057.1,78665.0,3074.731,241118669.625
2025-04-07 20:30:00,78665.0,79115.8,78664.9,78915.9,2364.769,186644373.4025
2025-04-07 21:00:00,78915.9,79202.9,78643.4,78912.0,1840.999,145366762.8947
2025-04-07 21:30:00,78912.0,79576.5,78780.6,79209.6,1672.636,132571751.5828
2025-04-07 22:00:00,79209.6,79809.0,79132.6,79764.9,1951.317,155192047.3097
2025-04-07 22:30:00,79764.9,80189.3,79637.8,79920.3,2581.614,206428213.7493
2025-04-07 23:00:00,79920.3,80054.3,79620.0,79821.1,1541.495,122988507.0948
2025-04-07 23:30:00,79821.1,79869.9,79052.9,79144.1,2264.408,179702655.1617
2025-04-08 00:00:00,79144.1,79574.2,79056.0,79322.1,1820.541,144489797.0096
2025-04-08 00:30:00,79322.1,79454.3,78960.0,78991.6,1747.7,138387309.1054
2025-04-08 01:00:00,78991.6,79742.9,78738.9,79676.8,2858.76,226280692.1909
2025-04-08 01:30:00,79676.8,80765.9,79610.0,80556.2,4795.462,385314094.6802
2025-04-08 02:00:00,80556.2,80833.6,80360.5,80424.2,2387.604,192369848.1461
2025-04-08 02:30:00,80424.2,80424.2,79869.6,79918.1,1835.512,147104440.2917
2025-04-08 03:00:00,79918.1,80156.4,79805.9,80146.0,1457.719,116562858.6869
2025-04-08 03:30:00,80146.0,80180.0,79716.0,79867.0,1548.958,123743380.7935
2025-04-08 04:00:00,79867.0,80243.3,79822.1,80207.5,1164.705,93210873.4852
2025-04-08 04:30:00,80207.5,80368.5,80060.0,80249.9,1157.606,92840425.7629
2025-04-08 05:00:00,80249.9,80268.8,79501.0,79568.6,2273.471,181301271.0788
2025-04-08 05:30:00,79568.6,79840.6,79543.9,79822.6,1070.348,85314052.3074
2025-04-08 06:00:00,79822.6,79822.7,79322.7,79363.1,1595.994,126877397.6014
2025-04-08 06:30:00,79363.1,79545.2,79242.6,79421.1,1523.649,120978261.9152
2025-04-08 07:00:00,79421.1,79685.3,79188.9,79543.9,1878.211,149218130.0251
2025-04-08 07:30:00,79543.9,79543.9,79235.6,79464.7,1433.162,113813343.899
2025-04-08 08:00:00,79464.7,79500.0,78915.8,78920.3,2776.388,219716767.0616
2025-04-08 08:30:00,78920.3,79200.0,78920.3,79129.2,1338.473,105848106.0513
2025-04-08 09:00:00,79129.2,79216.2,78829.6,78842.3,1398.06,110487177.5139
2025-04-08 09:30:00,78842.3,79160.7,78829.5,78871.7,1308.962,103369718.0332
2025-04-08 10:00:00,78871.7,79037.6,78777.2,78962.8,1237.937,97687295.1169
2025-04-08 10:30:00,78962.8,79155.4,78888.0,78989.0,1210.353,95647484.1354
2025-04-08 11:00:00,78989.0,79337.6,78934.9,79328.0,2622.351,207648891.5212
2025-04-08 11:30:00,79328.0,80044.0,79310.0,79955.8,4497.329,358308000.6707
2025-04-08 12:00:00,79955.8,80109.8,79740.4,79850.1,3411.32,272581101.1635
2025-04-08 12:30:00,79850.1,79956.0,79545.1,79802.9,2037.664,162426581.2946
2025-04-08 13:00:00,79802.9,80350.0,79734.3,80139.9,5267.972,421776517.6917
2025-04-08 13:30:00,80139.9,80340.0,79318.6,79858.5,7250.145,578173221.1947
2025-04-08 14:00:00,79858.5,80227.1,79355.0,79413.3,4726.972,377236188.8138
2025-04-08 14:30:00,79413.3,79565.2,78427.0,78432.6,6141.033,485134038.6252
2025-04-08 15:00:00,78432.6,78812.7,78128.0,78158.0,5630.734,441594824.6409
2025-04-08 15:30:00,78158.0,78640.7,78132.6,78456.0,3275.201,256819291.1039
2025-04-08 16:00:00,78456.0,78486.3,77788.8,78079.9,4677.335,365109244.451
2025-04-08 16:30:00,78079.9,78187.3,77312.7,77385.3,6944.499,539153542.6165
2025-04-08 17:00:00,77385.3,77517.8,76503.6,76624.4,8006.731,616285726.3537
2025-04-08 17:30:00,76624.4,77534.2,76512.0,77308.0,7694.799,592876994.7699
2025-04-08 18:00:00,77308.0,77682.7,77032.3,77281.9,3393.477,262477716.3868
2025-04-08 18:30:00,77281.9,77961.7,77184.0,77206.4,4363.411,338251333.6754
2025-04-08 19:00:00,77206.4,77316.4,76520.6,76824.5,4495.116,345556213.0751
2025-04-08 19:30:00,76824.5,77096.6,76316.1,76827.6,6383.875,489122234.749
2025-04-08 20:00:00,76827.6,76971.5,76558.3,76631.2,1751.557,134470058.366
2025-04-08 20:30:00,76631.2,77163.4,76577.9,77105.3,1687.05,129852546.9606
2025-04-08 21:00:00,77105.3,77251.4,76735.6,76809.9,1526.462,117527766.2146
2025-04-08 21:30:00,76809.9,77112.3,76689.1,77063.7,1087.535,83694698.6323
2025-04-08 22:00:00,77063.7,77106.9,76510.9,76642.8,2384.78,182949271.7986
2025-04-08 22:30:00,76642.8,76779.7,76200.9,76687.6,2695.618,206067833.908
2025-04-08 23:00:00,76687.6,76755.7,76252.4,76313.4,1664.302,127301311.0477
2025-04-08 23:30:00,76313.4,76503.4,76255.7,76286.9,1565.059,119522705.3888
2025-04-09 00:00:00,76286.9,76788.9,75877.6,76624.3,5259.805,401517048.4686
2025-04-09 00:30:00,76624.3,76823.1,76306.3,76478.2,1744.63,133548095.2372
2025-04-09 01:00:00,76478.2,76549.3,74565.9,74640.6,11024.632,829974620.1709
2025-04-09 01:30:00,74640.6,76228.9,74630.3,76026.1,7089.131,535370281.5416
2025-04-09 02:00:00,76026.1,76419.2,75766.6,75802.1,3504.885,266885821.2291
2025-04-09 02:30:00,75802.1,76094.8,75517.5,75622.0,2598.949,196977126.3618
2025-04-09 03:00:00,75622.0,75825.9,75433.0,75436.1,1946.117,147197770.3145
2025-04-09 03:30:00,75436.1,75699.1,74968.0,75012.1,3771.424,283779192.6531
2025-04-09 04:00:00,75012.1,76185.8,74936.6,75666.0,8101.409,611761846.6368
2025-04-09 04:30:00,75666.0,76890.3,75666.0,76383.9,5930.55,453348191.1273
2025-04-09 05:00:00,76383.9,76795.7,76185.9,76607.1,2479.123,189608645.4081
2025-04-09 05:30:00,76607.1,76707.0,76381.3,76700.0,1585.891,121356566.0208
2025-04-09 06:00:00,76700.0,77316.1,76670.0,76878.0,4589.437,353370152.0321
2025-04-09 06:30:00,76878.0,77133.4,76734.5,76799.0,1714.362,131876802.9963
2025-04-09 07:00:00,76799.0,77773.0,76783.5,77672.3,9484.436,734198095.1794
2025-04-09 07:30:00,77672.3,77910.1,77575.7,77653.9,3556.744,276543506.9607
2025-04-09 08:00:00,77653.9,77847.7,77250.1,77274.1,2842.104,220111586.5124
2025-04-09 08:30:00,77274.1,77346.6,77039.2,77264.3,2733.576,210971519.2849
2025-04-09 09:00:00,77264.3,77428.0,77144.9,77208.0,1568.602,121227957.2804
2025-04-09 09:30:00,77208.0,77522.9,77112.4,77432.0,1305.531,100980350.2012
2025-04-09 10:00:00,77432.0,77545.2,77140.0,77199.4,1163.05,89940244.0598
2025-04-09 10:30:00,77199.4,77508.8,76907.8,77154.1,2999.643,231392281.7597
2025-04-09 11:00:00,77154.1,77166.3,75840.2,76531.5,15233.694,1164133157.5495
2025-04-09 11:30:00,76531.5,76605.1,75742.3,76200.1,7127.665,542566062.3551
2025-04-09 12:00:00,76200.1,76541.0,75987.7,76249.9,3233.554,246753022.0441
2025-04-09 12:30:00,76249.9,77056.4,75982.2,76734.4,5275.263,404126850.6709
2025-04-09 13:00:00,76734.4,77140.0,76665.0,76800.1,4201.163,323056478.274
2025-04-09 13:30:00,76800.1,77827.0,76800.1,77681.5,11631.757,900277994.0271
2025-04-09 14:00:00,77681.5,78300.0,77200.1,77579.6,7915.831,615460528.4803
2025-04-09 14:30:00,77579.6,77917.5,76767.6,76850.0,5445.017,421163010.342
2025-04-09 15:00:00,76850.0,77639.5,76829.7,77374.0,4061.635,313947272.2242
2025-04-09 15:30:00,77374.0,77547.4,76987.5,77234.7,2845.602,219837368.1959
2025-04-09 16:00:00,77234.7,77850.0,77110.0,77583.2,3515.694,272817405.8023
2025-04-09 16:30:00,77583.2,78349.1,77513.4,78248.2,3467.846,270423795.7516
2025-04-09 17:00:00,78248.2,81277.5,77625.8,80807.8,32401.349,2580732109.7816
2025-04-09 17:30:00,80807.8,82283.1,80788.9,82160.8,20783.946,1693421364.8487
2025-04-09 18:00:00,82160.8,82975.2,81669.2,82534.8,14832.975,1220833269.601
2025-04-09 18:30:00,82534.8,82730.0,81741.2,81750.0,8356.473,687339664.4899
2025-04-09 19:00:00,81750.0,82545.6,81731.0,82349.9,5479.533,450007877.3243
2025-04-09 19:30:00,82349.9,82543.8,82091.2,82294.6,3201.854,263568809.8429
2025-04-09 20:00:00,82294.6,82479.2,81988.0,82029.9,2644.512,217486962.1065
2025-04-09 20:30:00,82029.9,83226.2,81972.1,83154.5,5756.497,476128464.1559
2025-04-09 21:00:00,83154.5,83560.0,82921.8,83289.7,6107.623,508814388.5642
2025-04-09 21:30:00,83289.7,83349.8,82815.5,83247.4,2706.524,224828899.3933
2025-04-09 22:00:00,83247.4,83456.6,83059.7,83327.2,1987.436,165592584.7468
2025-04-09 22:30:00,83327.2,83434.3,82907.9,83027.8,1788.752,148680236.7877
2025-04-09 23:00:00,83027.8,83138.2,82689.4,82750.1,1825.931,151397735.6957
2025-04-09 23:30:00,82750.1,82829.6,82510.5,82593.9,1289.019,106570806.8839
2025-04-10 00:00:00,82593.9,82719.2,82341.0,82406.4,1802.201,148669595.0119
2025-04-10 00:30:00,82406.4,82466.2,82036.9,82319.2,2198.227,180733594.5901
2025-04-10 01:00:00,82319.2,82576.7,82239.4,82394.6,1278.648,105394300.8139
2025-04-10 01:30:00,82394.6,82434.7,82190.0,82220.2,840.878,69240752.8228
2025-04-10 02:00:00,82220.2,82530.8,82173.9,82408.4,1000.741,82463009.2808
2025-04-10 02:30:00,82408.4,82441.1,82155.1,82165.9,1048.535,86287386.47
2025-04-10 03:00:00,82165.9,82194.8,81511.0,81631.9,3365.364,275232611.5357
2025-04-10 03:30:00,81631.9,81788.0,81440.8,81755.8,1733.647,141564875.6163
2025-04-10 04:00:00,81755.8,81938.1,81621.4,81634.8,1377.445,112645037.7601
2025-04-10 04:30:00,81634.8,82079.6,81623.5,81994.9,1405.766,115099890.2785
2025-04-10 05:00:00,81994.9,82185.1,81888.5,82129.8,1954.876,160396973.2772
2025-04-10 05:30:00,82129.8,82218.4,82017.1,82131.1,817.488,67131431.5011
2025-04-10 06:00:00,82131.1,82312.4,82024.7,82051.8,1003.03,82433342.626
2025-04-10 06:30:00,82051.8,82144.0,81803.9,82110.1,1759.265,144164183.3859
2025-04-10 07:00:00,82110.1,82211.1,81770.0,81778.9,1086.913,89169573.0026
2025-04-10 07:30:00,81778.9,81778.9,81255.5,81557.4,4220.176,343925585.9466
2025-04-10 08:00:00,81557.4,81823.0,81485.4,81724.3,1311.147,107110550.0474
2025-04-10 08:30:00,81724.3,81724.4,81387.8,81513.9,1095.892,89333373.6936
2025-04-10 09:00:00,81513.9,81876.5,81301.0,81744.1,2604.958,212536212.0716
2025-04-10 09:30:00,81744.1,82046.1,81716.6,82001.5,1727.414,141498370.5589
2025-04-10 10:00:00,82001.5,82086.9,81670.7,81676.6,1969.321,161200041.4274
2025-04-10 10:30:00,81676.6,81825.0,81535.1,81720.5,1184.671,96729733.375
2025-04-10 11:00:00,81720.5,81831.0,81457.4,81575.9,1775.65,144915064.4581
2025-04-10 11:30:00,81575.9,81905.9,81553.7,81836.0,1543.583,126257289.9655
2025-04-10 12:00:00,81836.0,82138.5,81500.4,81976.0,3007.766,245960666.9082
2025-04-10 12:30:00,81976.0,82491.1,81400.3,81670.0,7950.484,651820612.2735
2025-04-10 13:00:00,81670.0,81926.1,81449.1,81705.4,2665.236,217647624.5141
2025-04-10 13:30:00,81705.4,81819.4,80750.0,80840.0,7958.513,645822561.3113
2025-04-10 14:00:00,80840.0,81463.1,80600.1,81250.5,5505.011,445931933.1055
2025-04-10 14:30:00,81250.5,81800.0,81185.3,81234.1,4577.714,373230513.5775
2025-04-10 15:00:00,81234.1,81314.2,80204.0,80204.1,7645.823,616404296.8037
2025-04-10 15:30:00,80204.1,80257.6,78565.8,78734.1,14251.135,1129982235.6837
2025-04-10 16:00:00,78734.1,79250.0,78422.0,78812.8,9336.165,735591700.9714
2025-04-10 16:30:00,78812.8,79654.0,78796.3,79412.9,6090.288,482706107.6636
2025-04-10 17:00:00,79412.9,79650.0,78575.9,79150.1,6332.501,500493257.9079
2025-04-10 17:30:00,79150.1,79427.3,79047.0,79285.9,3704.424,293621623.3855
2025-04-10 18:00:00,79285.9,79797.2,79170.9,79696.1,3360.569,267190113.4726
2025-04-10 18:30:00,79696.1,79828.2,79303.1,79447.8,2679.323,213054302.3093
2025-04-10 19:00:00,79447.8,79748.6,79304.4,79314.8,2392.439,190312134.5604
2025-04-10 19:30:00,79314.8,80027.5,79252.8,79600.7,2965.805,235993116.9408
2025-04-10 20:00:00,79600.7,79917.1,79523.3,79560.6,1615.989,128827466.3419
2025-04-10 20:30:00,79560.6,79913.6,79549.8,79899.8,1001.154,79885759.6526
2025-04-10 21:00:00,79899.8,80000.0,79634.5,79804.0,1090.441,87035378.7102
2025-04-10 21:30:00,79804.0,79894.7,79661.4,79666.0,703.173,56092972.5716
2025-04-10 22:00:00,79666.0,79856.5,79489.8,79657.2,1400.147,111537107.467
2025-04-10 22:30:00,79657.2,79876.6,79636.0,79652.9,761.246,60727233.2187
2025-04-10 23:00:00,79652.9,79684.0,79339.2,79426.8,1411.431,112219854.55
2025-04-10 23:30:00,79426.8,79707.2,79370.0,79557.5,811.473,64570116.1799
2025-04-11 00:00:00,79557.5,79708.9,79375.0,79411.9,1439.807,114535812.7225
2025-04-11 00:30:00,79411.9,79542.9,78928.2,79001.0,2466.77,195468391.9164
2025-04-11 01:00:00,79001.0,79587.8,78972.1,79494.7,1891.755,150025245.2553
2025-04-11 01:30:00,79494.7,80407.2,79485.8,80400.0,3896.754,311743458.8856
2025-04-11 02:00:00,80400.0,80804.3,80118.0,80652.0,2596.113,208795992.3466
2025-04-11 02:30:00,80652.0,80758.3,80240.1,80253.4,1743.158,140252683.2461
2025-04-11 03:00:00,80253.4,80682.0,80253.3,80629.3,1409.355,113467027.7058
2025-04-11 03:30:00,80629.3,80886.1,80460.2,80806.2,1813.068,146374581.1718
2025-04-11 04:00:00,80806.2,81028.5,80703.2,81006.5,1840.83,148882482.8579
2025-04-11 04:30:00,81006.5,81085.3,80681.0,80851.4,1691.468,136771857.7059
2025-04-11 05:00:00,80851.4,80878.0,80481.6,80770.5,1491.47,120225979.9084
2025-04-11 05:30:00,80770.5,80866.0,80598.1,80784.3,746.7,60263676.6769
2025-04-11 06:00:00,80784.3,81173.0,80784.3,80952.5,2363.354,191518247.0546
2025-04-11 06:30:00,80952.5,81300.0,80938.1,81065.5,1663.077,134913425.6453
2025-04-11 07:00:00,81065.5,81163.0,80807.9,80865.1,1626.985,131739117.1667
2025-04-11 07:30:00,80865.1,81404.0,80857.0,81222.0,2376.439,193104350.9605
2025-04-11 08:00:00,81222.0,81936.9,80750.0,81311.7,8744.833,711302610.6356
2025-04-11 08:30:00,81311.7,81811.4,81218.1,81595.9,2979.611,243045589.4965
2025-04-11 09:00:00,81595.9,82178.0,81412.5,82022.4,2331.204,190652114.116
2025-04-11 09:30:00,82022.4,82400.0,82022.3,82400.0,3042.581,250131440.6172
2025-04-11 10:00:00,82400.0,82800.0,82269.8,82706.4,3813.568,314754819.8751
2025-04-11 10:30:00,82706.4,82950.0,82517.5,82686.8,3202.11,264876290.7596
2025-04-11 11:00:00,82686.8,82875.0,82278.0,82332.1,3140.838,259269673.8574
2025-04-11 11:30:00,82332.1,82433.8,82010.0,82114.7,3069.408,252294360.8981
2025-04-11 12:00:00,82114.7,82282.2,81806.1,82232.4,3320.291,272477814.754
2025-04-11 12:30:00,82232.4,82579.2,81975.0,82093.8,3531.936,290562968.0236
2025-04-11 13:00:00,82093.8,82195.1,81784.5,82111.2,2074.301,170026764.3107
2025-04-11 13:30:00,82111.2,83333.0,81983.5,82908.4,9062.381,750758499.8919
2025-04-11 14:00:00,82908.4,82908.5,81315.7,81434.8,8529.993,700832649.223
2025-04-11 14:30:00,81434.8,82305.6,81387.5,81867.1,4896.795,400993866.9498
2025-04-11 15:00:00,81867.1,82235.7,81675.0,82140.9,3448.448,282713303.9955
2025-04-11 15:30:00,82140.9,82684.8,82104.0,82494.8,2770.778,228471127.1807
2025-04-11 16:00:00,82494.8,82613.8,81970.0,82205.9,2868.966,235961563.5253
2025-04-11 16:30:00,82205.9,82995.0,82205.9,82755.0,3420.724,283006319.6481
2025-04-11 17:00:00,82755.0,83064.3,82660.9,82954.0,1953.58,161952035.6614
2025-04-11 17:30:00,82954.0,84035.1,82944.0,83906.0,7482.253,625928282.0714
2025-04-11 18:00:00,83906.0,84191.9,83612.7,83997.1,4008.178,336326590.5914
2025-04-11 18:30:00,83997.1,83999.9,83488.8,83573.7,1959.898,164142083.1083
2025-04-11 19:00:00,83573.7,83945.5,83527.5,83729.5,1542.266,129198422.1565
2025-04-11 19:30:00,83729.5,83959.1,83622.3,83826.1,1048.648,87851374.1291
2025-04-11 20:00:00,83826.1,83932.0,83642.5,83898.6,1955.76,163779376.1223
2025-04-11 20:30:00,83898.6,83980.0,83760.6,83791.7,872.893,73215542.4288
2025-04-11 21:00:00,83791.7,84288.0,83771.0,83862.3,2081.741,174929814.3071
2025-04-11 21:30:00,83862.3,83862.3,83581.0,83630.0,1656.125,138599770.5834
2025-04-11 22:00:00,83630.0,83677.7,83402.4,83438.7,1646.231,137478234.6882
2025-04-11 22:30:00,83438.7,83492.6,83293.7,83382.3,826.901,68946206.5363
2025-04-11 23:00:00,83382.3,83382.3,83126.3,83186.4,861.857,71741314.5719
2025-04-11 23:30:00,83186.4,83526.0,83161.2,83382.8,875.674,73024032.6195
2025-04-12 00:00:00,83382.8,83470.0,83200.1,83321.2,920.843,76729713.2408
2025-04-12 00:30:00,83321.2,83544.8,83278.4,83328.6,711.806,59375815.5556
2025-04-12 01:00:00,83328.6,83420.0,83138.0,83150.0,580.122,48289168.3224
2025-04-12 01:30:00,83150.0,83304.0,83111.0,83179.3,651.741,54221901.5682
2025-04-12 02:00:00,83179.3,83279.2,83105.1,83178.9,776.602,64581849.0449
2025-04-12 02:30:00,83178.9,83257.0,82764.0,82770.4,1643.927,136375358.8676
2025-04-12 03:00:00,82770.4,83016.6,82753.3,83016.6,839.224,69556978.0167
2025-04-12 03:30:00,83016.6,83094.9,82881.5,82933.0,659.176,54722139.9174
2025-04-12 04:00:00,82933.0,83192.0,82803.6,83159.0,1269.539,105328595.0807
2025-04-12 04:30:00,83159.0,83410.0,82881.5,83167.1,1825.872,151828579.4296
2025-04-12 05:00:00,83167.1,83454.8,83148.0,83315.9,986.539,82210664.8077
2025-04-12 05:30:00,83315.9,83463.6,83245.1,83292.4,597.504,49799059.0962
2025-04-12 06:00:00,83292.4,83700.0,83292.4,83578.4,1565.224,130724333.5787
2025-04-12 06:30:00,83578.4,83750.0,83477.0,83524.5,1080.578,90327611.3121
2025-04-12 07:00:00,83524.5,83700.8,83455.1,83569.8,750.622,62712690.9161
2025-04-12 07:30:00,83569.8,83784.4,83526.4,83684.8,1234.653,103330707.7132
2025-04-12 08:00:00,83684.8,83998.8,83473.7,83547.2,2085.849,174688996.1294
2025-04-12 08:30:00,83547.2,83672.7,83426.5,83564.6,1241.503,103714419.5234
2025-04-12 09:00:00,83564.6,83731.7,83390.2,83413.0,957.42,79961333.4573
2025-04-12 09:30:00,83413.0,83622.0,83374.1,83505.7,630.238,52621148.6762
2025-04-12 10:00:00,83505.7,83526.0,83338.0,83442.2,630.755,52624980.8478
2025-04-12 10:30:00,83442.2,83464.0,83260.1,83385.4,849.209,70773137.0813
2025-04-12 11:00:00,83385.4,83608.8,83385.4,83561.2,763.275,63737756.0685
2025-04-12 11:30:00,83561.2,83561.2,83380.4,83481.1,507.353,42347094.3626
2025-04-12 12:00:00,83481.1,83750.0,83433.5,83713.3,920.862,77006733.5655
2025-04-12 12:30:00,83713.3,83885.1,83609.6,83785.4,1362.1,114056419.7644
2025-04-12 13:00:00,83785.4,84037.9,83524.3,83817.1,2328.581,195177359.7867
2025-04-12 13:30:00,83817.1,84650.0,83655.4,84410.0,5602.779,472137806.4844
2025-04-12 14:00:00,84410.0,84990.0,84256.8,84855.3,4750.036,402002339.7685
2025-04-12 14:30:00,84855.3,85247.0,84653.2,84781.3,4148.757,352373271.207
2025-04-12 15:00:00,84781.3,85165.4,84573.5,85114.3,2628.185,222959528.6336
2025-04-12 15:30:00,85114.3,85386.4,84933.0,84977.5,3337.306,284238606.588
2025-04-12 16:00:00,84977.5,85179.6,84789.3,84948.8,2045.86,173822592.4107
2025-04-12 16:30:00,84948.8,84986.4,84553.7,84622.3,1644.102,139296541.1361
2025-04-12 17:00:00,84622.3,84775.3,84400.0,84572.1,1664.03,140657345.4582
2025-04-12 17:30:00,84572.1,84820.0,84572.0,84731.3,1273.286,107881463.9802
2025-04-12 18:00:00,84731.3,84940.0,84712.0,84940.0,772.093,65501695.1972
2025-04-12 18:30:00,84940.0,85153.0,84866.7,85130.1,1054.791,89700453.8924
2025-04-12 19:00:00,85130.1,85221.0,84935.2,85004.9,938.706,79850761.0072
2025-04-12 19:30:00,85004.9,85081.0,84777.1,84882.2,1704.775,144742828.0047
2025-04-12 20:00:00,84882.2,85249.1,84815.6,85236.0,1662.627,141460127.4091
2025-04-12 20:30:00,85236.0,85888.0,85235.9,85486.5,4728.928,404597278.0035
2025-04-12 21:00:00,85486.5,85550.6,85232.9,85367.6,1627.188,138917224.4273
2025-04-12 21:30:00,85367.6,85530.0,85225.0,85327.0,1062.302,90683455.3601
2025-04-12 22:00:00,85327.0,85669.2,85327.0,85436.8,790.197,67577364.0902
2025-04-12 22:30:00,85436.8,85545.5,85289.9,85300.0,697.664,59569879.2711
2025-04-12 23:00:00,85300.0,85381.5,85146.0,85173.0,792.153,67532876.2733
2025-04-12 23:30:00,85173.0,85393.8,85125.0,85238.4,545.044,46462116.9413
2025-04-13 00:00:00,85238.4,85464.0,85111.9,85143.7,683.847,58320464.6275
2025-04-13 00:30:00,85143.7,85532.0,84967.1,85455.0,1241.782,105832867.617
2025-04-13 01:00:00,85455.0,85807.0,85396.7,85783.3,1428.788,122376750.3117
2025-04-13 01:30:00,85783.3,86099.0,85085.0,85202.0,4202.795,359507878.6964
2025-04-13 02:00:00,85202.0,85339.5,84666.8,84776.2,2612.65,222003414.5187
2025-04-13 02:30:00,84776.2,85400.0,84750.0,85232.0,1888.68,160666521.9248
2025-04-13 03:00:00,85232.0,85454.0,85190.9,85268.0,1229.576,104894093.0299
2025-04-13 03:30:00,85268.0,85677.2,85266.7,85389.3,1303.055,111353939.7577
2025-04-13 04:00:00,85389.3,85396.8,84793.0,84987.5,2153.45,183128176.1318
2025-04-13 04:30:00,84987.5,85006.4,84441.0,84577.2,3228.59,273265171.5009
2025-04-13 05:00:00,84577.2,84765.1,84420.0,84605.5,1706.864,144320499.4047
2025-04-13 05:30:00,84605.5,84765.6,84358.4,84485.9,1354.409,114526661.9755
2025-04-13 06:00:00,84485.9,84714.6,84402.7,84649.9,835.443,70670653.1858
2025-04-13 06:30:00,84649.9,84816.4,84566.0,84566.0,785.425,66533974.9019
2025-04-13 07:00:00,84566.0,84730.8,84565.0,84655.6,623.563,52791530.6993
2025-04-13 07:30:00,84655.6,84668.8,84370.7,84372.0,782.419,66083869.4367
2025-04-13 08:00:00,84372.0,84494.1,84242.7,84487.8,1414.958,119346228.4118
2025-04-13 08:30:00,84487.8,84650.0,84441.9,84631.9,840.951,71093200.3036
2025-04-13 09:00:00,84631.9,84725.0,84453.3,84724.0,930.477,78721944.5249
2025-04-13 09:30:00,84724.0,84894.8,84633.6,84858.5,1363.12,115581964.716
2025-04-13 10:00:00,84858.5,84908.4,84514.2,84520.1,1062.649,89991739.6009
2025-04-13 10:30:00,84520.1,84720.4,84466.0,84649.6,810.63,68576913.2106
2025-04-13 11:00:00,84649.6,84727.4,84256.1,84431.3,1512.184,127672309.1065
2025-04-13 11:30:00,84431.3,84478.6,84147.0,84478.5,1488.849,125530321.1941
2025-04-13 12:00:00,84478.5,84644.4,84208.7,84230.0,1725.215,145642167.1897
2025-04-13 12:30:00,84230.0,84450.0,84189.8,84410.9,782.482,65980510.5558
2025-04-13 13:00:00,84410.9,84550.0,84030.3,84044.3,1794.584,151213925.8686
2025-04-13 13:30:00,84044.3,84144.5,83413.0,83568.8,4465.355,373984746.8896
2025-04-13 14:00:00,83568.8,83864.8,83457.6,83822.0,2278.877,190729620.2926
2025-04-13 14:30:00,83822.0,84111.9,83739.6,84048.2,2036.418,171035227.7283
2025-04-13 15:00:00,84048.2,84048.2,83660.2,83761.2,1235.277,103524697.9866
2025-04-13 15:30:00,83761.2,83893.3,83619.8,83801.8,1035.027,86669619.7575
2025-04-13 16:00:00,83801.8,84391.0,83796.9,84245.1,3532.02,297097507.3013
2025-04-13 16:30:00,84245.1,84326.2,84050.0,84176.3,1351.916,113824844.5074
2025-04-13 17:00:00,84176.3,84982.7,84136.5,84678.1,4616.874,390987272.1056
2025-04-13 17:30:00,84678.1,84879.9,84522.0,84710.0,1419.262,120276935.0925
2025-04-13 18:00:00,84710.0,84854.4,84460.5,84521.9,1435.068,121449861.0498
2025-04-13 18:30:00,84521.9,84913.5,84521.6,84694.7,1221.527,103543627.5977
2025-04-13 19:00:00,84694.7,84694.7,84281.6,84441.1,1442.24,121768567.5349
2025-04-13 19:30:00,84441.1,84520.1,82953.1,83943.6,6939.721,580319135.3862
2025-04-13 20:00:00,83943.6,84393.4,83735.1,84136.7,2081.056,175038016.0584
2025-04-13 20:30:00,84136.7,84156.0,83091.6,83449.9,3621.742,302634252.2666
2025-04-13 21:00:00,83449.9,83688.9,82987.0,83637.9,2758.91,229859236.6757
2025-04-13 21:30:00,83637.9,83783.6,82977.9,83559.5,3021.095,252061113.8023
2025-04-13 22:00:00,83559.5,83832.6,83225.0,83403.7,2382.437,198914521.4843
2025-04-13 22:30:00,83403.7,83471.3,83120.0,83288.7,1212.899,100987563.1698
2025-04-13 23:00:00,83288.7,83651.3,83117.4,83578.7,1221.06,101852153.153
2025-04-13 23:30:00,83578.7,83801.0,83308.1,83716.8,803.152,67115729.6009
2025-04-14 00:00:00,83716.8,85164.8,83637.5,84722.1,5321.441,450060408.2383
2025-04-14 00:30:00,84722.1,85020.4,84170.8,84293.0,2627.746,222265964.4319
2025-04-14 01:00:00,84293.0,84609.2,84230.1,84515.3,1665.894,140620912.9193
2025-04-14 01:30:00,84515.3,84650.0,84039.6,84191.7,1340.859,113050910.061
2025-04-14 02:00:00,84191.7,85012.3,84001.2,84994.9,2228.822,188548709.5258
2025-04-14 02:30:00,84994.9,85535.8,84956.9,85085.5,6138.431,523172983.7726
2025-04-14 03:00:00,85085.5,85133.9,84565.6,84640.4,3444.653,292253316.6375
2025-04-14 03:30:00,84640.4,84768.2,84412.1,84530.1,1237.324,104662702.1722
2025-04-14 04:00:00,84530.1,84809.5,84373.0,84765.9,1310.565,110847971.0108
2025-04-14 04:30:00,84765.9,85073.2,84697.6,84844.8,1293.326,109794112.7958
2025-04-14 05:00:00,84844.8,84967.0,84570.6,84656.8,1005.026,85150781.1975
2025-04-14 05:30:00,84656.8,84724.3,84303.6,84541.2,1876.081,158436233.4221
2025-04-14 06:00:00,84541.2,84561.3,84250.0,84309.9,918.402,77502221.5674
2025-04-14 06:30:00,84309.9,84611.2,84299.3,84585.1,794.712,67158978.0101
2025-04-14 07:00:00,84585.1,84746.4,84169.7,84443.8,1623.964,137183434.5979
2025-04-14 07:30:00,84443.8,84595.9,84330.0,84552.8,577.662,48809352.3501
2025-04-14 08:00:00,84552.8,84769.7,84400.0,84570.1,1007.128,85167439.6836
2025-04-14 08:30:00,84570.1,84931.0,84454.3,84729.2,1278.022,108290523.4544
2025-04-14 09:00:00,84729.2,84879.5,84422.0,84461.1,1073.493,90923721.2004
2025-04-14 09:30:00,84461.1,84500.3,84210.4,84405.5,1045.577,88198652.4437
2025-04-14 10:00:00,84405.5,84646.3,84266.9,84598.3,1818.111,153659048.5088
2025-04-14 10:30:00,84598.3,84784.3,84520.0,84618.2,1148.281,97218714.1751
2025-04-14 11:00:00,84618.2,84863.4,84466.1,84810.9,1386.077,117413196.1575
2025-04-14 11:30:00,84810.9,84927.7,84770.0,84890.0,977.94,82975260.4225
2025-04-14 12:00:00,84890.0,85012.0,84708.6,84992.6,1742.16,147858678.2609
2025-04-14 12:30:00,84992.6,85207.0,84889.6,85090.0,2013.724,171327248.315
2025-04-14 13:00:00,85090.0,85246.0,84912.0,84912.0,1477.541,125724083.3333
2025-04-14 13:30:00,84912.0,85021.0,84021.3,84338.0,5944.885,502112162.3714
2025-04-14 14:00:00,84338.0,85078.7,84230.0,85044.3,2976.36,251877820.4353
2025-04-14 14:30:00,85044.3,85771.1,84911.7,85380.0,6111.404,522186549.1916
2025-04-14 15:00:00,85380.0,85429.1,84375.8,84513.2,6317.868,535449256.078
2025-04-14 15:30:00,84513.2,84747.8,83639.4,84064.9,7173.494,603181528.6521
2025-04-14 16:00:00,84064.9,84460.0,83812.7,84174.4,3684.007,309983284.2094
2025-04-14 16:30:00,84174.4,84650.8,84093.4,84307.2,2573.243,217300374.1235
2025-04-14 17:00:00,84307.2,84620.0,84180.9,84489.3,2001.182,168929606.4932
2025-04-14 17:30:00,84489.3,84862.0,84374.5,84832.3,1304.679,110448221.8565
2025-04-14 18:00:00,84832.3,85030.4,84767.5,84857.8,1916.556,162725794.5119
2025-04-14 18:30:00,84857.8,84993.8,84632.8,84951.3,1325.818,112482421.7819
2025-04-14 19:00:00,84951.3,85174.0,84900.6,84918.5,1550.0,131792305.5674
2025-04-14 19:30:00,84918.5,85113.2,84718.7,84870.4,1807.837,153488510.574
2025-04-14 20:00:00,84870.4,84925.3,84485.3,84600.0,1119.511,94813267.1787
2025-04-14 20:30:00,84600.0,84908.6,84539.6,84805.9,1044.977,88552123.7634
2025-04-14 21:00:00,84805.9,84937.3,84668.0,84738.0,762.208,64625312.2817
2025-04-14 21:30:00,84738.0,84738.1,84409.6,84666.8,1007.545,85195472.0096
2025-04-14 22:00:00,84666.8,84692.4,84381.7,84439.7,754.24,63753893.7361
2025-04-14 22:30:00,84439.7,84646.1,84419.2,84458.5,475.486,40206837.2863
2025-04-14 23:00:00,84458.5,84733.6,84423.3,84605.4,481.629,40730152.2949
2025-04-14 23:30:00,84605.4,84695.9,84376.7,84547.4,670.786,56678963.84
2025-04-15 00:00:00,84547.4,84642.5,84300.9,84549.2,947.887,80057069.2675
2025-04-15 00:30:00,84549.2,84921.7,84512.2,84877.6,1429.224,121141859.9186
2025-04-15 01:00:00,84877.6,84900.0,84484.0,84880.8,765.504,64842103.049
2025-04-15 01:30:00,84880.8,85100.0,84770.0,84935.5,1655.693,140646646.5373
2025-04-15 02:00:00,84935.5,85150.0,84782.5,84815.2,1351.726,114879314.2334
2025-04-15 02:30:00,84815.2,85268.0,84657.9,85189.4,2493.773,211826201.5257
2025-04-15 03:00:00,85189.4,85288.0,85040.0,85204.1,1817.072,154742949.303
2025-04-15 03:30:00,85204.1,85397.3,85163.1,85367.3,1688.214,143999347.8656
2025-04-15 04:00:00,85367.3,85450.0,85126.0,85142.1,2065.626,176171215.1553
2025-04-15 04:30:00,85142.1,85507.8,85140.0,85461.6,1244.442,106233302.0439
2025-04-15 05:00:00,85461.6,85717.2,85451.2,85526.5,2094.939,179334451.2061
2025-04-15 05:30:00,85526.5,85873.3,85502.0,85508.8,2220.052,190266166.0696
2025-04-15 06:00:00,85508.8,85664.0,85334.9,85504.8,1803.137,154134285.7232
2025-04-15 06:30:00,85504.8,85648.2,85326.0,85365.0,1095.093,93596711.906
2025-04-15 07:00:00,85365.0,85774.4,85365.0,85667.4,1739.83,148994874.5523
2025-04-15 07:30:00,85667.4,85724.1,85601.4,85710.5,855.433,73269239.7846
2025-04-15 08:00:00,85710.5,85978.5,85650.0,85818.9,2766.209,237476585.3657
2025-04-15 08:30:00,85818.9,85912.4,85719.7,85817.4,1011.463,86784521.9859
2025-04-15 09:00:00,85817.4,85936.0,85730.0,85841.1,1130.357,97062987.0721
2025-04-15 09:30:00,85841.1,85966.9,85577.3,85965.1,1769.159,151735087.7673
2025-04-15 10:00:00,85965.1,85998.9,85642.3,85732.0,1768.494,151724892.8655
2025-04-15 10:30:00,85732.0,85748.9,85419.8,85606.4,1675.495,143369057.6499
2025-04-15 11:00:00,85606.4,85644.6,85327.3,85536.0,1374.907,117521111.8778
2025-04-15 11:30:00,85536.0,85608.6,85366.7,85549.9,933.078,79781719.2067
2025-04-15 12:00:00,85549.9,85732.3,85419.9,85466.5,1625.56,139139715.8859
2025-04-15 12:30:00,85466.5,85795.0,85405.4,85791.1,847.088,72512941.6496
2025-04-15 13:00:00,85791.1,85850.0,85561.0,85811.9,1332.587,114247064.7357
2025-04-15 13:30:00,85811.9,86444.0,85459.0,85542.8,10674.396,917624628.9599
2025-04-15 14:00:00,85542.8,85940.0,84764.5,84905.7,10956.005,934136204.5382
2025-04-15 14:30:00,84905.7,85280.0,84807.1,85104.5,3455.488,293973495.9916
2025-04-15 15:00:00,85104.5,85340.0,84958.1,85164.1,2229.27,189867184.4945
2025-04-15 15:30:00,85164.1,85213.6,84560.7,84863.3,4177.921,354393471.3271
2025-04-15 16:00:00,84863.3,85104.4,84808.6,84965.7,1761.637,149654382.3458
2025-04-15 16:30:00,84965.7,85013.3,84723.8,84806.2,1671.15,141856154.5639
2025-04-15 17:00:00,84806.2,84965.8,84657.9,84690.6,1369.89,116192520.028
2025-04-15 17:30:00,84690.6,84800.0,84360.0,84415.6,2036.026,172114908.6647
2025-04-15 18:00:00,84415.6,84557.9,84088.0,84267.3,3120.093,263031695.8839
2025-04-15 18:30:00,84267.3,84455.4,84133.4,84140.0,973.092,82007651.4689
2025-04-15 19:00:00,84140.0,84176.9,83959.8,84034.8,2413.712,202871373.9105
2025-04-15 19:30:00,84034.8,84096.4,83865.0,83943.7,1714.717,143989897.4762
2025-04-15 20:00:00,83943.7,84149.6,83860.0,83964.9,1389.327,116711003.7777
2025-04-15 20:30:00,83964.9,84080.0,83747.1,83964.2,1348.967,113160668.1416
2025-04-15 21:00:00,83964.2,84050.0,83812.6,84009.9,1186.563,99601735.7116
2025-04-15 21:30:00,84009.9,84181.7,83990.9,84120.1,1129.688,94989168.9365
2025-04-15 22:00:00,84120.1,84120.1,83777.4,83883.2,1767.427,148311577.4151
2025-04-15 22:30:00,83883.2,84012.2,83650.9,83787.5,1244.078,104222556.9726
2025-04-15 23:00:00,83787.5,83821.3,83518.5,83712.1,1609.812,134643359.6115
2025-04-15 23:30:00,83712.1,83757.4,83563.0,83603.7,845.471,70722989.0104
2025-04-16 00:00:00,83603.7,83654.1,83168.4,83445.5,2530.116,210951467.8415
2025-04-16 00:30:00,83445.5,83540.0,83079.2,83096.1,1366.799,113824055.5877
2025-04-16 01:00:00,83096.1,83557.6,83055.0,83456.7,1672.271,139341223.4988
2025-04-16 01:30:00,83456.7,83610.3,83256.0,83583.6,1040.725,86859961.3079
2025-04-16 02:00:00,83583.6,83823.9,83537.1,83800.7,1882.669,157606150.5082
2025-04-16 02:30:00,83800.7,83878.0,83665.1,83844.5,811.381,67983083.7322
2025-04-16 03:00:00,83844.5,83910.5,83738.6,83738.6,612.208,51328813.8885
2025-04-16 03:30:00,83738.6,83767.8,83608.3,83634.6,914.951,76548274.5761
2025-04-16 04:00:00,83634.6,83752.8,83450.0,83523.1,1243.532,103935201.0677
2025-04-16 04:30:00,83523.1,83581.7,83342.6,83530.4,958.531,79989151.7373
2025-04-16 05:00:00,83530.4,83760.0,83184.6,83340.8,1969.897,164438135.1728
2025-04-16 05:30:00,83340.8,83461.6,83150.0,83310.8,1588.858,132371282.9433
2025-04-16 06:00:00,83310.8,83558.0,83220.0,83426.6,1093.88,91251880.5855
2025-04-16 06:30:00,83426.6,83712.6,83417.8,83599.5,995.27,83199075.2144
2025-04-16 07:00:00,83599.5,83708.7,83281.4,83332.0,1103.773,92133448.8231
2025-04-16 07:30:00,83332.0,83422.7,83264.0,83312.8,969.421,80784598.8212
2025-04-16 08:00:00,83312.8,83727.2,83075.3,83555.2,3102.485,258583129.367
2025-04-16 08:30:00,83555.2,84093.0,83555.2,83695.2,3956.032,331484189.4735
2025-04-16 09:00:00,83695.2,83892.6,83641.8,83746.2,949.961,79574419.4196
2025-04-16 09:30:00,83746.2,83771.0,83550.5,83550.6,813.687,68062838.8404
2025-04-16 10:00:00,83550.6,83910.4,83521.1,83861.1,1339.696,112198325.8218
2025-04-16 10:30:00,83861.1,83943.7,83806.8,83895.7,629.473,52803826.492
2025-04-16 11:00:00,83895.7,84043.5,83780.1,83836.7,1394.077,117005950.8641
2025-04-16 11:30:00,83836.7,84092.0,83722.0,84004.8,1050.752,88179541.3153
2025-04-16 12:00:00,84004.8,84223.0,83940.2,84133.8,1106.823,93076827.3815
2025-04-16 12:30:00,84133.8,84165.3,83671.9,83704.2,2148.044,180121549.4286
2025-04-16 13:00:00,83704.2,83766.9,83557.6,83677.3,1510.094,126338746.4562
2025-04-16 13:30:00,83677.3,84150.0,83456.7,83680.1,4106.088,344055433.8008
2025-04-16 14:00:00,83680.1,84431.6,83655.3,84322.9,3534.381,297470325.027
2025-04-16 14:30:00,84322.9,84810.9,84225.0,84563.0,4110.856,347546524.382
2025-04-16 15:00:00,84563.0,85225.4,84460.0,85052.9,5227.12,443810193.3297
2025-04-16 15:30:00,85052.9,85131.9,84734.5,84799.9,3365.277,285762713.9694
2025-04-16 16:00:00,84799.9,85071.9,84673.6,84799.7,2269.019,192605633.1779
2025-04-16 16:30:00,84799.7,85195.3,84650.0,85005.3,2302.176,195496601.2416
2025-04-16 17:00:00,85005.3,85458.0,84980.0,85272.7,2945.513,251040557.7239
2025-04-16 17:30:00,85272.7,85522.7,83242.7,83250.0,11017.546,928045113.5312
2025-04-16 18:00:00,83250.0,84425.5,83224.4,84344.4,7825.585,656770648.2336
2025-04-16 18:30:00,84344.4,84355.0,83550.0,83979.9,3440.125,288694885.4334
2025-04-16 19:00:00,83979.9,84187.1,83750.0,83798.0,1590.729,133614659.3264
2025-04-16 19:30:00,83798.0,84450.0,83782.1,84294.1,2089.379,175986304.0994
2025-04-16 20:00:00,84294.1,84597.8,84220.1,84559.6,1101.42,92989305.2406
2025-04-16 20:30:00,84559.6,84617.0,84193.2,84259.6,967.916,81673366.5926
2025-04-16 21:00:00,84259.6,84636.3,84220.0,84536.0,841.203,71044187.7007
2025-04-16 21:30:00,84536.0,84617.8,84360.1,84508.6,759.392,64170185.4633
2025-04-16 22:00:00,84508.6,84549.4,84264.9,84314.7,624.527,52704578.1838
2025-04-16 22:30:00,84314.7,84488.0,84253.8,84411.8,556.044,46915842.5376
2025-04-16 23:00:00,84411.8,84450.0,84197.5,84197.5,540.063,45508138.6131
2025-04-16 23:30:00,84197.5,84197.6,83985.3,83986.0,1144.033,96198968.4224
2025-04-17 00:00:00,83986.0,84088.0,83889.8,83973.2,1282.119,107648988.5352
2025-04-17 00:30:00,83973.2,84175.0,83946.0,84174.9,744.627,62605495.1852
2025-04-17 01:00:00,84174.9,84337.0,84078.2,84328.0,695.83,58607389.7751
2025-04-17 01:30:00,84328.0,84450.9,84150.0,84299.2,750.956,63309852.6454
2025-04-17 02:00:00,84299.2,84299.3,84012.4,84146.5,825.085,69394212.2851
2025-04-17 02:30:00,84146.5,84244.0,83962.3,84218.3,786.958,66169132.4924
2025-04-17 03:00:00,84218.3,84250.3,83762.0,83774.9,1085.641,91165670.57
2025-04-17 03:30:00,83774.9,83993.8,83773.6,83949.2,940.981,78930482.9046
2025-04-17 04:00:00,83949.2,83960.0,83849.4,83921.2,590.988,49584066.5562
2025-04-17 04:30:00,83921.2,84149.5,83921.2,84115.5,568.209,47754259.5661
2025-04-17 05:00:00,84115.5,84319.2,84050.0,84239.4,743.188,62584233.1293
2025-04-17 05:30:00,84239.4,84457.7,84228.1,84350.4,835.217,70474785.0441
2025-04-17 06:00:00,84350.4,84614.1,84285.6,84558.0,1011.951,85435649.4137
2025-04-17 06:30:00,84558.0,84833.7,84552.6,84740.5,1742.861,147645682.5291
2025-04-17 07:00:00,84740.5,84924.4,84600.0,84884.9,1393.18,118050828.9966
2025-04-17 07:30:00,84884.9,85018.5,84566.0,84638.3,1376.632,116691966.0608
2025-04-17 08:00:00,84638.3,84736.4,84514.2,84549.3,887.28,75071606.4592
2025-04-17 08:30:00,84549.3,84609.0,84352.8,84404.9,875.617,73955266.6952
2025-04-17 09:00:00,84404.9,84438.9,84304.1,84314.6,837.485,70650567.0145
2025-04-17 09:30:00,84314.6,84491.0,84313.0,84436.9,941.612,79497474.3728
2025-04-17 10:00:00,84436.9,84474.7,84134.1,84305.3,1303.584,109841753.7433
2025-04-17 10:30:00,84305.3,84350.0,84237.3,84330.0,520.573,43881629.7416
2025-04-17 11:00:00,84330.0,84460.1,84231.5,84406.5,770.538,64993151.346
2025-04-17 11:30:00,84406.5,84726.6,84360.2,84527.3,1506.332,127380516.7479
2025-04-17 12:00:00,84527.3,84831.3,84527.2,84789.8,1651.295,139867556.2805
2025-04-17 12:30:00,84789.8,84830.1,84655.3,84747.7,1161.954,98480270.0254
2025-04-17 13:00:00,84747.7,84748.5,84418.5,84600.0,1839.795,155625945.6801
2025-04-17 13:30:00,84600.0,84650.0,84268.9,84430.9,2338.112,197453268.2126
2025-04-17 14:00:00,84430.9,84430.9,83925.6,83988.5,3075.442,258679507.8174
2025-04-17 14:30:00,83988.5,84157.8,83677.4,84050.3,3520.994,295532612.2672
2025-04-17 15:00:00,84050.3,84649.8,84050.2,84370.0,3356.55,283311408.7351
2025-04-17 15:30:00,84370.0,84662.7,84366.8,84499.4,1096.462,92701180.4183
2025-04-17 16:00:00,84499.4,84925.0,84339.5,84899.2,3906.544,330719842.3871
2025-04-17 16:30:00,84899.2,85140.8,84680.0,84889.0,3556.64,301953064.9739
2025-04-17 17:00:00,84889.0,85059.5,84748.3,84979.9,2485.252,211070252.2335
2025-04-17 17:30:00,84979.9,85182.9,84918.6,85075.4,2156.92,183512091.5903
2025-04-17 18:00:00,85075.4,85455.8,85013.8,85235.2,3039.454,259177712.4276
2025-04-17 18:30:00,85235.2,85413.6,84866.4,84866.5,2603.806,221822065.895
2025-04-17 19:00:00,84866.5,85099.5,84609.2,84658.1,1895.54,160805617.7034
2025-04-17 19:30:00,84658.1,84896.1,84452.8,84799.4,2325.26,196846565.7278
2025-04-17 20:00:00,84799.4,85075.6,84799.0,84969.8,1163.109,98807409.5382
2025-04-17 20:30:00,84969.8,85112.3,84816.5,85106.0,1019.223,86642197.741
2025-04-17 21:00:00,85106.0,85106.1,84854.4,84854.5,479.169,40715335.9388
2025-04-17 21:30:00,84854.5,85077.6,84854.4,85015.2,640.39,54419283.2905
2025-04-17 22:00:00,85015.2,85067.0,84900.7,84986.6,568.215,48297091.5926
2025-04-17 22:30:00,84986.6,84994.1,84685.0,84688.6,862.656,73154960.7589
2025-04-17 23:00:00,84688.6,84960.5,84688.6,84937.1,536.061,45479999.1719
2025-04-17 23:30:00,84937.1,84979.9,84842.5,84906.5,295.916,25121191.5616
2025-04-18 00:00:00,84906.5,84974.6,84800.7,84841.3,578.281,49091445.1706
2025-04-18 00:30:00,84841.3,84859.7,84675.2,84775.5,439.476,37250414.5693
2025-04-18 01:00:00,84775.5,85104.7,84775.5,85104.7,772.801,65647152.1105
2025-04-18 01:30:00,85104.7,85104.7,84879.0,84888.9,277.546,23574555.6207
2025-04-18 02:00:00,84888.9,84938.0,84778.3,84937.9,342.116,29030912.73
2025-04-18 02:30:00,84937.9,84947.0,84820.0,84865.9,313.904,26648194.1502
2025-04-18 03:00:00,84865.9,84871.8,84706.1,84723.3,641.307,54360425.7878
2025-04-18 03:30:00,84723.3,84810.1,84704.5,84796.7,418.653,35489850.2706
2025-04-18 04:00:00,84796.7,84810.1,84550.0,84653.1,1057.75,89505885.2724
2025-04-18 04:30:00,84653.1,84698.0,84588.6,84621.2,446.18,37768898.3146
2025-04-18 05:00:00,84621.2,84624.6,84468.9,84525.8,944.839,79881896.2889
2025-04-18 05:30:00,84525.8,84698.0,84485.0,84692.7,517.795,43808141.367
2025-04-18 06:00:00,84692.7,84738.9,84621.4,84656.1,390.115,33034982.0069
2025-04-18 06:30:00,84656.1,84690.0,84550.0,84675.9,390.318,33023577.2195
2025-04-18 07:00:00,84675.9,84690.0,84375.0,84473.8,1187.464,100327121.6777
2025-04-18 07:30:00,84473.8,84615.1,84418.9,84615.1,753.85,63734331.3581
2025-04-18 08:00:00,84615.1,84738.9,84615.1,84714.0,777.996,65886279.2279
2025-04-18 08:30:00,84714.0,84730.3,84569.9,84611.2,385.892,32666489.047
2025-04-18 09:00:00,84611.2,84617.9,84501.3,84526.7,572.538,48413700.2995
2025-04-18 09:30:00,84526.7,84600.0,84480.2,84505.4,357.422,30211665.7866
2025-04-18 10:00:00,84505.4,84611.0,84450.0,84584.8,460.511,38929394.8604
2025-04-18 10:30:00,84584.8,84594.8,84465.0,84488.8,378.675,32007063.002
2025-04-18 11:00:00,84488.8,84576.8,84420.1,84483.0,386.509,32660114.3936
2025-04-18 11:30:00,84483.0,84635.4,84460.0,84627.3,517.27,43737704.8345
2025-04-18 12:00:00,84627.3,84669.6,84522.0,84622.0,585.04,49493794.2666
2025-04-18 12:30:00,84622.0,84725.3,84576.6,84591.5,663.746,56194889.6522
2025-04-18 13:00:00,84591.5,84591.5,84462.7,84492.4,862.228,72866505.5047
2025-04-18 13:30:00,84492.4,84586.6,84419.0,84511.9,1530.681,129335463.2903
2025-04-18 14:00:00,84511.9,84570.0,84323.4,84409.8,1112.044,93901495.6998
2025-04-18 14:30:00,84409.8,84534.3,84375.0,84531.9,395.766,33429716.7995
2025-04-18 15:00:00,84531.9,84562.5,84276.1,84318.9,698.117,58924813.7068
2025-04-18 15:30:00,84318.9,84400.0,84290.0,84329.4,586.05,49426585.0261
2025-04-18 16:00:00,84329.4,84510.8,84250.0,84435.8,987.5,83346054.5852
2025-04-18 16:30:00,84435.8,84488.1,84381.5,84431.3,280.241,23663156.0884
2025-04-18 17:00:00,84431.3,84480.0,84340.6,84384.0,377.42,31857957.2863
2025-04-18 17:30:00,84384.0,84569.5,84369.0,84524.5,693.338,58591250.7336
2025-04-18 18:00:00,84524.5,84618.0,84466.8,84578.7,371.136,31384464.2233
2025-04-18 18:30:00,84578.7,84606.9,84531.0,84582.3,244.818,20702371.5492
2025-04-18 19:00:00,84582.3,84605.9,84520.0,84582.2,334.704,28306756.9392
2025-04-18 19:30:00,84582.2,84582.2,84474.5,84533.9,273.35,23102863.5125
2025-04-18 20:00:00,84533.9,84594.7,84441.4,84490.7,232.9,19683161.8891
2025-04-18 20:30:00,84490.7,84503.3,84425.1,84474.1,188.551,15924971.5722
2025-04-18 21:00:00,84474.1,84495.6,84451.5,84483.3,251.453,21242446.08
2025-04-18 21:30:00,84483.3,84647.0,84483.2,84581.2,630.506,53314605.9921
2025-04-18 22:00:00,84581.2,84600.8,84377.4,84425.8,498.737,42129250.7113
2025-04-18 22:30:00,84425.8,84490.7,84425.8,84478.0,224.316,18946461.9403
2025-04-18 23:00:00,84478.0,84478.0,84290.0,84397.9,531.222,44809512.6419
2025-04-18 23:30:00,84397.9,84445.3,84361.0,84419.6,194.041,16379094.5858
2025-04-19 00:00:00,84419.6,84440.9,84324.1,84324.1,190.587,16078879.692
2025-04-19 00:30:00,84324.1,84436.5,84324.1,84392.8,229.585,19376081.3219
2025-04-19 01:00:00,84392.8,84552.0,84376.3,84520.1,328.039,27716721.8657
2025-04-19 01:30:00,84520.1,84551.8,84443.2,84500.0,193.228,16325422.3273
2025-04-19 02:00:00,84500.0,84777.0,84450.4,84690.7,796.048,67394515.8304
2025-04-19 02:30:00,84690.7,84752.3,84549.2,84739.8,685.462,58009926.2792
2025-04-19 03:00:00,84739.8,84908.2,84739.8,84837.2,992.163,84166521.5362
2025-04-19 03:30:00,84837.2,84944.7,84732.1,84838.4,572.238,48549692.9007
2025-04-19 04:00:00,84838.4,85035.5,84833.9,85035.4,755.942,64203647.1081
2025-04-19 04:30:00,85035.4,85230.0,84957.6,84984.7,1682.195,143157177.0085
2025-04-19 05:00:00,84984.7,85142.4,84950.1,85139.9,671.782,57142783.8067
2025-04-19 05:30:00,85139.9,85140.0,85033.0,85047.0,351.8,29931572.4345
2025-04-19 06:00:00,85047.0,85071.2,84929.5,84976.9,813.063,69107037.1069
2025-04-19 06:30:00,84976.9,84977.0,84865.3,84897.0,531.942,45166401.4522
2025-04-19 07:00:00,84897.0,85182.5,84897.0,85133.3,747.149,63552668.8696
2025-04-19 07:30:00,85133.3,85235.1,85095.4,85186.9,810.736,69051131.769
2025-04-19 08:00:00,85186.9,85235.0,85085.1,85205.9,656.825,55939310.9589
2025-04-19 08:30:00,85205.9,85374.0,85150.5,85289.9,1068.67,91146067.7299
2025-04-19 09:00:00,85289.9,85426.1,85250.4,85311.5,1039.796,88775394.6031
2025-04-19 09:30:00,85311.5,85415.4,85200.0,85315.4,1179.204,100644220.9858
2025-04-19 10:00:00,85315.4,85329.8,85148.2,85176.6,692.81,59059577.5801
2025-04-19 10:30:00,85176.6,85239.0,85135.4,85230.9,496.876,42326265.4909
2025-04-19 11:00:00,85230.9,85268.0,85104.0,85151.4,463.288,39470104.3022
2025-04-19 11:30:00,85151.4,85200.0,85100.0,85194.0,394.398,33587324.9461
2025-04-19 12:00:00,85194.0,85285.3,85168.0,85280.7,281.211,23970734.1205
2025-04-19 12:30:00,85280.7,85300.0,85200.0,85266.6,241.423,20584915.1469
2025-04-19 13:00:00,85266.6,85399.0,85172.9,85363.8,1032.478,88092833.7279
2025-04-19 13:30:00,85363.8,85472.2,85263.6,85456.0,1008.511,86121412.278
2025-04-19 14:00:00,85456.0,85478.0,85344.0,85440.2,1105.875,94473312.6689
2025-04-19 14:30:00,85440.2,85487.0,85331.5,85380.8,805.539,68797134.1365
2025-04-19 15:00:00,85380.8,85520.0,85277.3,85458.7,1126.955,96263268.0703
2025-04-19 15:30:00,85458.7,85644.6,85041.6,85150.0,2578.411,220117024.6049
2025-04-19 16:00:00,85150.0,85290.9,85092.6,85092.8,900.133,76704859.0729
2025-04-19 16:30:00,85092.8,85092.8,84659.4,84813.8,2445.843,207580268.6291
2025-04-19 17:00:00,84813.8,85023.9,84797.4,84994.5,565.948,48055745.2935
2025-04-19 17:30:00,84994.5,85225.4,84931.3,85214.0,1667.026,141869405.08
2025-04-19 18:00:00,85214.0,85285.6,85122.5,85216.8,1040.78,88697571.8346
2025-04-19 18:30:00,85216.8,85295.1,85100.0,85106.0,727.969,61994565.1846
2025-04-19 19:00:00,85106.0,85175.3,84997.8,85115.8,927.781,78922661.8289
2025-04-19 19:30:00,85115.8,85115.8,85010.0,85054.7,329.971,28069733.6755
2025-04-19 20:00:00,85054.7,85177.4,84973.7,85172.1,519.098,44175279.1591
2025-04-19 20:30:00,85172.1,85236.5,85144.9,85148.1,293.186,24977687.9688
2025-04-19 21:00:00,85148.1,85350.0,85137.5,85246.0,534.075,45542630.1899
2025-04-19 21:30:00,85246.0,85338.6,85203.5,85303.6,277.435,23657555.2593
2025-04-19 22:00:00,85303.6,85308.8,85181.8,85205.0,497.816,42441858.1392
2025-04-19 22:30:00,85205.0,85371.3,85177.8,85227.2,592.012,50491421.2813
2025-04-19 23:00:00,85227.2,85227.3,85072.9,85081.1,204.626,17423160.9375
2025-04-19 23:30:00,85081.1,85144.7,85016.8,85048.5,230.203,19588003.3776
2025-04-20 00:00:00,85048.5,85200.0,85006.6,85146.6,358.498,30509307.6026
2025-04-20 00:30:00,85146.6,85189.2,85050.0,85129.9,287.904,24503339.9891
2025-04-20 01:00:00,85129.9,85286.4,85102.0,85226.2,429.658,36615075.7209
2025-04-20 01:30:00,85226.2,85275.1,85175.0,85273.9,303.242,25847167.3123
2025-04-20 02:00:00,85273.9,85290.0,85157.4,85181.2,343.757,29296630.975
2025-04-20 02:30:00,85181.2,85251.3,85164.4,85190.3,212.287,18091083.0039
2025-04-20 03:00:00,85190.3,85219.0,85134.6,85163.4,190.097,16189651.0668
2025-04-20 03:30:00,85163.4,85166.1,85068.7,85119.1,291.847,24839367.3134
2025-04-20 04:00:00,85119.1,85180.0,85059.0,85162.8,262.84,22368901.7493
2025-04-20 04:30:00,85162.8,85212.0,85124.4,85143.2,242.392,20644443.5266
2025-04-20 05:00:00,85143.2,85155.9,85107.4,85116.0,170.068,14477787.2223
2025-04-20 05:30:00,85116.0,85116.1,85050.0,85050.0,494.338,42057236.1124
2025-04-20 06:00:00,85050.0,85121.0,85024.8,85036.7,412.063,35051195.0125
2025-04-20 06:30:00,85036.7,85074.6,84800.1,84906.7,1095.123,92995076.9688
2025-04-20 07:00:00,84906.7,84906.7,84677.3,84702.1,1527.316,129451143.687
2025-04-20 07:30:00,84702.1,84789.7,84608.2,84730.1,1078.386,91330545.5745
2025-04-20 08:00:00,84730.1,84757.4,84580.8,84610.0,1084.971,91867523.1126
2025-04-20 08:30:00,84610.0,84633.9,84560.0,84584.1,845.477,71523067.2568
2025-04-20 09:00:00,84584.1,84584.1,84520.0,84520.8,851.663,72004106.9864
2025-04-20 09:30:00,84520.8,84568.3,84395.0,84485.7,1291.029,109036080.9943
2025-04-20 10:00:00,84485.7,84485.7,84336.9,84344.3,883.344,74542841.3167
2025-04-20 10:30:00,84344.3,84385.6,83921.8,84130.1,3077.385,258898298.7964
2025-04-20 11:00:00,84130.1,84210.0,83938.1,83978.9,1706.863,143492615.3059
2025-04-20 11:30:00,83978.9,84094.1,83882.7,84080.1,1289.731,108329641.569
2025-04-20 12:00:00,84080.1,84340.0,84054.3,84333.9,1495.687,125968014.2733
2025-04-20 12:30:00,84333.9,84430.0,84252.1,84313.4,839.697,70817610.7039
2025-04-20 13:00:00,84313.4,84334.9,84100.0,84293.2,1036.808,87290328.237
2025-04-20 13:30:00,84293.2,84410.0,84210.1,84269.4,658.938,55566427.4463
2025-04-20 14:00:00,84269.4,84627.6,84210.6,84511.6,1394.738,117806277.2974
2025-04-20 14:30:00,84511.6,84611.5,84476.4,84580.5,925.893,78290188.5519
2025-04-20 15:00:00,84580.5,84581.9,84285.1,84332.5,886.133,74817099.1377
2025-04-20 15:30:00,84332.5,84446.0,84246.6,84296.0,497.416,41948901.7336
2025-04-20 16:00:00,84296.0,84558.5,84222.7,84492.2,642.131,54204004.33
2025-04-20 16:30:00,84492.2,84580.6,84442.9,84559.9,629.059,53166981.5053
2025-04-20 17:00:00,84559.9,84570.2,84400.0,84439.9,279.596,23621377.6255
2025-04-20 17:30:00,84439.9,84585.7,84403.1,84538.6,614.551,51950077.7235
2025-04-20 18:00:00,84538.6,84599.7,84503.4,84520.3,455.826,38540945.6932
2025-04-20 18:30:00,84520.3,84547.7,84421.3,84533.5,448.548,37896048.0786
2025-04-20 19:00:00,84533.5,84551.8,84478.7,84507.4,337.454,28519899.415
2025-04-20 19:30:00,84507.4,84623.6,84507.4,84600.6,297.162,25132811.8316
2025-04-20 20:00:00,84600.6,85181.0,84571.3,85077.9,3310.266,281190867.7302
2025-04-20 20:30:00,85077.9,85220.0,84986.9,85086.4,1106.215,94126286.8447
2025-04-20 21:00:00,85086.4,85199.9,84870.4,84954.5,739.434,62840132.7022
2025-04-20 21:30:00,84954.5,85166.4,84902.9,84973.5,612.058,52058229.9279
2025-04-20 22:00:00,84973.5,84996.0,84629.2,84674.8,1058.481,89734854.4567
2025-04-20 22:30:00,84674.8,84798.0,84621.3,84791.2,367.846,31166232.0625
2025-04-20 23:00:00,84791.2,85281.8,84791.1,85056.4,2210.557,188087379.0509
2025-04-20 23:30:00,85056.4,85176.0,84943.3,85145.5,711.261,60493981.7153
2025-04-21 00:00:00,85145.5,86311.0,85106.1,86168.1,6736.718,577325732.2425
2025-04-21 00:30:00,86168.1,86999.9,86168.1,86584.9,8368.41,725099169.7418
2025-04-21 01:00:00,86584.9,87240.0,86584.9,87052.0,4439.531,386016623.9864
2025-04-21 01:30:00,87052.0,87407.1,87027.3,87241.1,3514.073,306534175.2271
2025-04-21 02:00:00,87241.1,87626.4,87106.2,87346.1,3223.191,281572547.4441
2025-04-21 02:30:00,87346.1,87476.0,87090.3,87321.6,1729.793,150947332.6416
2025-04-21 03:00:00,87321.6,87605.0,87321.6,87360.7,2103.643,183945713.6563
2025-04-21 03:30:00,87360.7,87422.8,87144.9,87174.8,1559.442,136059120.1002
2025-04-21 04:00:00,87174.8,87303.3,87085.2,87091.9,2007.155,175018772.2937
2025-04-21 04:30:00,87091.9,87367.6,87033.0,87338.2,1623.042,141577133.249
2025-04-21 05:00:00,87338.2,87492.5,87311.0,87431.0,1965.121,171758961.2622
2025-04-21 05:30:00,87431.0,87737.7,87330.4,87513.0,2685.763,235133555.2312
2025-04-21 06:00:00,87513.0,87661.6,87417.1,87463.4,1161.718,101664100.4478
2025-04-21 06:30:00,87463.4,87516.7,87329.8,87478.0,808.334,70667581.5098
2025-04-21 07:00:00,87478.0,87573.4,87294.5,87379.5,908.683,79462540.4978
2025-04-21 07:30:00,87379.5,87558.7,87379.4,87418.7,1233.349,107884765.8656
2025-04-21 08:00:00,87418.7,87699.2,87400.0,87610.1,2265.742,198395777.8646
2025-04-21 08:30:00,87610.1,87638.1,87530.0,87550.0,658.253,57657421.9948
2025-04-21 09:00:00,87550.0,87771.9,87277.2,87318.5,2136.657,187030632.8637
2025-04-21 09:30:00,87318.5,87483.2,87274.4,87483.2,1127.514,98513155.4875
2025-04-21 10:00:00,87483.2,87553.2,87236.5,87258.3,1011.213,88367256.9191
2025-04-21 10:30:00,87258.3,87363.0,87211.9,87300.0,1046.1,91274453.0312
2025-04-21 11:00:00,87300.0,87313.3,86615.2,86784.1,3636.835,316110430.9565
2025-04-21 11:30:00,86784.1,86980.0,86726.6,86940.4,1438.707,124978419.8026
2025-04-21 12:00:00,86940.4,87524.6,86935.4,87291.1,4026.248,351329520.968
2025-04-21 12:30:00,87291.1,87366.9,86980.3,87005.5,1623.506,141491464.5939
2025-04-21 13:00:00,87005.5,87208.6,86755.5,87208.5,2839.417,246965988.2335
2025-04-21 13:30:00,87208.5,87570.0,86884.2,87000.0,5531.343,482762071.6254
2025-04-21 14:00:00,87000.0,88430.0,86900.0,88344.4,10560.105,927247261.4097
2025-04-21 14:30:00,88344.4,88442.9,87748.5,88172.1,5862.087,516586663.2266
2025-04-21 15:00:00,88172.1,88279.2,87810.0,88180.0,2644.498,232926714.8126
2025-04-21 15:30:00,88180.0,88300.0,87860.2,87992.1,2368.753,208699263.6635
2025-04-21 16:00:00,87992.1,88219.9,87624.0,87721.9,2594.645,228140607.7998
2025-04-21 16:30:00,87721.9,87885.9,87016.0,87147.1,4411.509,385609120.7473
2025-04-21 17:00:00,87147.1,87260.0,86350.0,87101.1,9515.968,825865794.4787
2025-04-21 17:30:00,87101.1,87225.7,86671.1,86817.7,2698.262,234518123.779
2025-04-21 18:00:00,86817.7,87027.8,86606.0,86842.8,2586.233,224549243.0094
2025-04-21 18:30:00,86842.8,86994.1,86760.2,86760.3,1282.679,111425962.2252
2025-04-21 19:00:00,86760.3,87275.0,86675.6,87255.3,2708.156,235717242.7757
2025-04-21 19:30:00,87255.3,87440.0,87181.7,87359.9,2339.529,204245220.4431
2025-04-21 20:00:00,87359.9,87389.0,87116.0,87125.8,842.061,73439790.4305
2025-04-21 20:30:00,87125.8,87338.9,87102.0,87338.8,877.903,76558337.3964
2025-04-21 21:00:00,87338.8,87350.0,87123.3,87147.9,557.35,48594830.4203
2025-04-21 21:30:00,87147.9,87310.0,86786.8,87231.0,1664.541,144930938.9263
2025-04-21 22:00:00,87231.0,87248.6,86880.2,86950.8,1126.336,98022322.3009
2025-04-21 22:30:00,86950.8,87138.4,86950.8,87122.1,669.605,58286714.9237
2025-04-21 23:00:00,87122.1,87315.0,86985.3,87300.0,1208.481,105323684.1481
2025-04-21 23:30:00,87300.0,87592.6,87148.3,87471.1,1475.926,129009396.9
2025-04-22 00:00:00,87471.1,87665.8,87400.0,87556.2,1547.181,135414013.9547
2025-04-22 00:30:00,87556.2,87701.7,87013.6,87650.0,3267.546,285417463.2891
2025-04-22 01:00:00,87650.0,88842.1,87466.8,88346.2,8939.867,789420199.313
2025-04-22 01:30:00,88346.2,88497.8,88200.0,88351.3,2266.907,200271755.2991
2025-04-22 02:00:00,88351.3,88650.0,87971.4,88039.9,2521.811,222754687.0724
2025-04-22 02:30:00,88039.9,88238.9,87869.9,88141.7,1908.471,168043939.1915
2025-04-22 03:00:00,88141.7,88245.5,87800.0,88110.2,2132.0,187674999.5885
2025-04-22 03:30:00,88110.2,88257.3,88042.3,88117.4,956.057,84274644.5565
2025-04-22 04:00:00,88117.4,88337.7,88111.3,88231.0,1360.585,120039437.3937
2025-04-22 04:30:00,88231.0,88264.0,87986.5,88016.7,1275.244,112345794.6326
2025-04-22 05:00:00,88016.7,88137.0,87920.0,88103.0,723.186,63653740.1909
2025-04-22 05:30:00,88103.0,88374.8,88075.8,88348.2,1390.455,122728961.5005
2025-04-22 06:00:00,88348.2,88421.4,88021.4,88049.8,1304.885,115126810.7534
2025-04-22 06:30:00,88049.8,88198.0,87941.8,88197.1,1088.076,95783291.0377
2025-04-22 07:00:00,88197.1,88284.0,88115.7,88250.0,556.369,49078578.1821
2025-04-22 07:30:00,88250.0,88449.8,88250.0,88439.4,1267.458,112011067.9038
2025-04-22 08:00:00,88439.4,88649.2,88340.5,88357.2,2137.973,189218972.2984
2025-04-22 08:30:00,88357.2,88470.6,88280.0,88360.7,1020.916,90215249.3189
2025-04-22 09:00:00,88360.7,88497.5,88280.0,88497.4,884.951,78215004.6694
2025-04-22 09:30:00,88497.4,88575.3,88420.7,88539.0,808.007,71507337.543
2025-04-22 10:00:00,88539.0,88560.0,88200.1,88295.3,1192.121,105371503.3973
2025-04-22 10:30:00,88295.3,88548.8,88271.7,88476.3,718.817,63568677.343
2025-04-22 11:00:00,88476.3,88639.3,88435.6,88600.1,849.949,75256095.6927
2025-04-22 11:30:00,88600.1,88681.9,88442.5,88581.0,948.371,84013042.0474
2025-04-22 12:00:00,88581.0,88773.3,88492.8,88760.6,1580.886,140149861.3658
2025-04-22 12:30:00,88760.6,89193.0,88440.0,88947.6,5865.379,521203726.2332
2025-04-22 13:00:00,88947.6,89881.1,88896.9,89578.3,9044.378,808855234.9371
2025-04-22 13:30:00,89578.3,90476.4,89356.0,90191.3,12241.419,1101793940.8962
2025-04-22 14:00:00,90191.3,90490.0,89981.4,90184.5,5131.26,463226297.7137
2025-04-22 14:30:00,90184.5,90914.4,90050.4,90730.8,6723.939,609271202.3735
2025-04-22 15:00:00,90730.8,91366.9,90670.0,90863.5,8894.681,810266437.651
2025-04-22 15:30:00,90863.5,90922.5,90340.0,90876.0,5932.536,537827025.1023
2025-04-22 16:00:00,90876.0,90994.1,90566.6,90614.4,2762.542,250709024.4503
2025-04-22 16:30:00,90614.4,90799.0,90572.9,90628.7,921.589,83557299.0593
2025-04-22 17:00:00,90628.7,90982.5,90601.8,90873.8,2885.696,261995598.5497
2025-04-22 17:30:00,90873.8,91440.1,90855.6,91336.5,3913.072,356807238.1596
2025-04-22 18:00:00,91336.5,91643.4,91073.3,91136.1,3926.291,358650713.046
2025-04-22 18:30:00,91136.1,91466.0,91094.5,91437.6,1188.601,108517779.5228
2025-04-22 19:00:00,91437.6,91671.2,91388.1,91577.2,1886.747,172693628.04
2025-04-22 19:30:00,91577.2,91598.8,90865.5,91355.9,2831.241,258201046.9624
2025-04-22 20:00:00,91355.9,91440.0,91103.5,91182.6,1156.314,105529531.9359
2025-04-22 20:30:00,91182.6,91204.4,90988.7,91038.1,599.436,54609587.7359
2025-04-22 21:00:00,91038.1,91888.0,90984.1,91366.3,4636.609,424244943.6513
2025-04-22 21:30:00,91366.3,94000.0,91053.9,92997.6,16039.345,1487515778.2056
2025-04-22 22:00:00,92997.6,93297.5,92502.9,92864.0,4606.548,427886320.9821
2025-04-22 22:30:00,92864.0,93013.3,92582.8,92759.9,1943.174,180232680.4213
2025-04-22 23:00:00,92759.9,93688.0,92759.9,93572.1,4496.888,419164586.7326
2025-04-22 23:30:00,93572.1,93840.8,93318.6,93400.0,3098.014,289880531.7177
2025-04-23 00:00:00,93400.0,93873.4,93180.0,93274.0,3771.178,352652220.8977
2025-04-23 00:30:00,93274.0,93378.1,92754.3,92868.1,2188.353,203583739.0775
2025-04-23 01:00:00,92868.1,93489.3,92817.0,93253.3,2296.644,213984524.3946
2025-04-23 01:30:00,93253.3,93253.3,92561.0,92612.0,1469.921,136447219.2141
2025-04-23 02:00:00,92612.0,93222.0,92578.6,92962.2,1775.707,164883431.1111
2025-04-23 02:30:00,92962.2,92988.0,92751.1,92832.6,1068.256,99205792.2653
2025-04-23 03:00:00,92832.6,92893.7,92651.4,92890.0,777.496,72117429.9501
2025-04-23 03:30:00,92890.0,93184.7,92804.6,93128.3,995.903,92641765.3212
2025-04-23 04:00:00,93128.3,93221.5,92969.0,93024.1,869.656,80950201.2646
2025-04-23 04:30:00,93024.1,93634.5,93024.1,93608.6,1946.25,181654034.1011
2025-04-23 05:00:00,93608.6,93608.6,93300.0,93364.1,1292.716,120761081.6779
2025-04-23 05:30:00,93364.1,93534.0,93240.5,93443.0,1334.705,124650688.217
2025-04-23 06:00:00,93443.0,93820.0,93378.1,93696.2,1672.23,156574067.4384
2025-04-23 06:30:00,93696.2,93783.6,93526.4,93587.7,830.262,77732382.4624
2025-04-23 07:00:00,93587.7,93770.4,93450.0,93516.3,931.583,87150023.8431
2025-04-23 07:30:00,93516.3,94242.6,93516.2,94100.4,3401.596,319535970.4782
2025-04-23 08:00:00,94100.4,94507.0,93875.1,94187.1,4253.514,400559896.5526
2025-04-23 08:30:00,94187.1,94403.4,94077.5,94245.8,1288.946,121446688.6865
2025-04-23 09:00:00,94245.8,94364.8,94104.3,94104.3,944.524,88994353.353
2025-04-23 09:30:00,94104.3,94164.7,93860.0,93860.0,1907.239,179312225.4073
2025-04-23 10:00:00,93860.0,93860.1,93299.2,93599.0,3820.497,357478672.9166
2025-04-23 10:30:00,93599.0,93703.1,93459.1,93682.3,1299.842,121648174.9761
2025-04-23 11:00:00,93682.3,93740.0,93554.7,93562.9,843.478,78986612.6057
2025-04-23 11:30:00,93562.9,93574.2,93268.4,93426.3,1407.502,131479560.4906
2025-04-23 12:00:00,93426.3,93793.2,93379.6,93669.5,2036.021,190661977.2151
2025-04-23 12:30:00,93669.5,93800.0,93560.0,93684.8,1519.719,142402016.2333
2025-04-23 13:00:00,93684.8,94123.3,93638.8,93951.1,2669.973,250720745.8927
2025-04-23 13:30:00,93951.1,94722.9,92825.0,92975.5,18225.101,1708765085.5324
2025-04-23 14:00:00,92975.5,93600.0,92620.8,93096.0,6207.926,577923371.0527
2025-04-23 14:30:00,93096.0,93189.3,92720.0,92900.1,2923.11,271700983.0564
2025-04-23 15:00:00,92900.1,92900.1,91911.8,92123.8,6698.128,618491307.121
2025-04-23 15:30:00,92123.8,93180.0,91995.9,93133.0,4565.485,422920643.1813
2025-04-23 16:00:00,93133.0,93362.5,92862.8,93333.0,3089.409,287584591.6447
2025-04-23 16:30:00,93333.0,93729.5,93254.0,93582.9,3298.272,308469698.456
2025-04-23 17:00:00,93582.9,93900.0,93393.2,93726.3,2208.672,206976252.0972
2025-04-23 17:30:00,93726.3,93929.7,93550.0,93857.2,1342.054,125801237.5896
2025-04-23 18:00:00,93857.2,94189.1,93803.3,93855.6,1862.147,175086196.575
2025-04-23 18:30:00,93855.6,93937.2,93558.0,93562.7,1563.794,146550114.6245
2025-04-23 19:00:00,93562.7,93570.9,92911.0,92940.0,3318.973,309567954.107
2025-04-23 19:30:00,92940.0,93550.0,92909.0,93427.9,1983.603,185138031.4078
2025-04-23 20:00:00,93427.9,93839.8,93405.2,93680.6,2213.203,207329459.472
2025-04-23 20:30:00,93680.6,93809.3,93531.1,93591.8,772.75,72370745.1683
2025-04-23 21:00:00,93591.8,93876.8,93519.5,93702.1,722.139,67685385.9246
2025-04-23 21:30:00,93702.1,93751.9,93222.0,93431.9,1199.841,112171254.3247
2025-04-23 22:00:00,93431.9,93472.7,93178.3,93357.1,1055.535,98535953.2159
2025-04-23 22:30:00,93357.1,93741.8,93344.2,93741.7,829.517,77638974.6487
2025-04-23 23:00:00,93741.7,93793.3,93625.2,93649.4,732.741,68659661.3504
2025-04-23 23:30:00,93649.4,93649.4,93470.0,93635.2,546.808,51161237.8743
2025-04-24 00:00:00,93635.2,93724.8,93229.0,93260.0,1329.981,124311421.7557
2025-04-24 00:30:00,93260.0,93599.8,93200.0,93320.4,857.627,80101680.8957
2025-04-24 01:00:00,93320.4,93409.0,93012.5,93243.1,1277.097,118987717.8635
2025-04-24 01:30:00,93243.1,93576.5,93243.1,93441.0,867.836,81064753.8742
2025-04-24 02:00:00,93441.0,93594.2,93302.5,93480.2,838.402,78332884.5532
2025-04-24 02:30:00,93480.2,93507.0,92947.6,93053.3,1557.123,145094732.1622
2025-04-24 03:00:00,93053.3,93288.7,93031.4,93231.8,1221.751,113838422.3367
2025-04-24 03:30:00,93231.8,93231.8,92579.2,92621.7,2431.074,225641964.8869
2025-04-24 04:00:00,92621.7,92778.1,92321.7,92685.3,2852.649,264102068.3054
2025-04-24 04:30:00,92685.3,92780.3,92474.5,92706.0,1490.752,138078777.9554
2025-04-24 05:00:00,92706.0,92862.0,92479.1,92570.4,1028.638,95360173.9382
2025-04-24 05:30:00,92570.4,92699.7,92511.4,92540.5,461.271,42726069.7703
2025-04-24 06:00:00,92540.5,92604.9,92207.3,92586.7,1672.072,154534578.5585
2025-04-24 06:30:00,92586.7,92620.0,92277.7,92348.3,918.971,84938389.8864
2025-04-24 07:00:00,92348.3,92599.0,92242.1,92339.3,1152.514,106488819.9351
2025-04-24 07:30:00,92339.3,92423.0,92060.8,92156.4,1418.713,130779279.2532
2025-04-24 08:00:00,92156.4,92322.2,91828.5,91837.1,2154.949,198351221.5946
2025-04-24 08:30:00,91837.1,92136.1,91631.5,91984.2,3592.737,330006593.5251
2025-04-24 09:00:00,91984.2,92494.2,91937.2,92337.2,2665.032,245819145.8491
2025-04-24 09:30:00,92337.2,92543.0,92203.3,92437.1,1352.614,124939807.4938
2025-04-24 10:00:00,92437.1,92566.6,92326.0,92510.6,1295.683,119798652.0838
2025-04-24 10:30:00,92510.6,92620.0,92373.4,92512.7,1123.099,103898413.5605
2025-04-24 11:00:00,92512.7,92526.5,92235.3,92405.6,1528.636,141197742.1377
2025-04-24 11:30:00,92405.6,92595.6,92243.2,92577.5,1255.386,116040726.2471
2025-04-24 12:00:00,92577.5,92687.3,92388.4,92548.0,1208.296,111830785.691
2025-04-24 12:30:00,92548.0,92772.4,92478.6,92732.5,1274.784,118109153.9
2025-04-24 13:00:00,92732.5,92787.0,92603.7,92700.9,1107.536,102679463.0806
2025-04-24 13:30:00,92700.9,92929.2,92500.2,92770.0,3383.388,313704131.4829
2025-04-24 14:00:00,92770.0,93240.4,92566.5,92768.0,4986.299,463281213.2688
2025-04-24 14:30:00,92768.0,93360.6,92763.5,93048.0,3701.126,344462651.1383
2025-04-24 15:00:00,93048.0,93420.3,92960.0,93080.0,1931.074,180051928.6987
2025-04-24 15:30:00,93080.0,93300.0,93012.1,93160.0,1187.365,110644475.2803
2025-04-24 16:00:00,93160.0,93499.8,93160.0,93484.1,1996.66,186425681.1137
2025-04-24 16:30:00,93484.1,93554.8,93302.0,93304.7,1759.762,164486380.6666
2025-04-24 17:00:00,93304.7,93387.8,92714.9,92992.2,2627.172,244315155.1413
2025-04-24 17:30:00,92992.2,93055.6,92613.3,92965.9,1876.839,174189515.5274
2025-04-24 18:00:00,92965.9,93363.6,92952.6,93184.7,1465.792,136596185.7136
2025-04-24 18:30:00,93184.7,93430.4,93115.0,93341.9,785.021,73231530.9414
2025-04-24 19:00:00,93341.9,93489.4,93158.0,93447.1,1266.537,118246195.128
2025-04-24 19:30:00,93447.1,93624.1,93445.0,93519.4,1798.889,168274031.8444
2025-04-24 20:00:00,93519.4,93620.0,93285.3,93405.4,1594.716,149054346.7915
2025-04-24 20:30:00,93405.4,93512.9,93269.0,93353.9,735.391,68681796.8816
2025-04-24 21:00:00,93353.9,93532.3,92999.0,93135.1,1171.652,109281176.4363
2025-04-24 21:30:00,93135.1,93375.9,93110.0,93321.1,906.223,84500149.3519
2025-04-24 22:00:00,93321.1,93526.1,93244.5,93501.6,664.009,62042770.4979
2025-04-24 22:30:00,93501.6,93550.0,93261.6,93398.7,688.664,64322586.0803
2025-04-24 23:00:00,93398.7,93771.8,93338.0,93650.1,1427.702,133628650.967
2025-04-24 23:30:00,93650.1,93985.8,93619.0,93945.5,2701.768,253564285.6127
2025-04-25 00:00:00,93945.5,93998.0,93500.0,93615.4,1734.581,162528999.846
2025-04-25 00:30:00,93615.4,93896.9,93570.2,93866.9,833.537,78183244.3317
2025-04-25 01:00:00,93866.9,94400.0,93609.7,93656.7,4252.172,400039310.8216
2025-04-25 01:30:00,93656.7,93827.8,93560.4,93626.0,853.446,79964667.3477
2025-04-25 02:00:00,93626.0,93845.5,93104.4,93288.6,2418.313,225940335.9162
2025-04-25 02:30:00,93288.6,93290.0,92828.6,92942.2,2561.736,238408765.3524
2025-04-25 03:00:00,92942.2,93157.1,92775.6,93078.5,1682.987,156466661.6059
2025-04-25 03:30:00,93078.5,93332.7,93075.7,93259.9,993.698,92665540.6591
2025-04-25 04:00:00,93259.9,93439.8,93158.0,93164.0,1279.174,119382479.3769
2025-04-25 04:30:00,93164.0,93195.6,92982.6,93000.0,1077.879,100329795.2718
2025-04-25 05:00:00,93000.0,93370.8,92951.1,93344.1,1020.001,95053637.7312
2025-04-25 05:30:00,93344.1,93361.0,93161.1,93161.8,391.184,36474975.9592
2025-04-25 06:00:00,93161.8,93410.9,93153.8,93398.8,549.929,51296377.0794
2025-04-25 06:30:00,93398.8,93578.0,93380.1,93498.1,923.468,86327320.7449
2025-04-25 07:00:00,93498.1,93764.2,93454.5,93474.6,2176.947,203834006.6866
2025-04-25 07:30:00,93474.6,93835.0,93461.0,93747.9,1164.26,109028397.5858
2025-04-25 08:00:00,93747.9,93860.7,93590.7,93769.8,799.557,74917547.0691
2025-04-25 08:30:00,93769.8,93770.7,93616.8,93647.8,363.75,34075198.5686
2025-04-25 09:00:00,93647.8,93647.9,93505.3,93619.1,488.53,45718854.1976
2025-04-25 09:30:00,93619.1,93839.1,93605.6,93785.0,769.752,72147659.6346
2025-04-25 10:00:00,93785.0,93930.8,93616.7,93650.4,1260.182,118147294.2718
2025-04-25 10:30:00,93650.4,93719.2,93537.0,93597.5,963.656,90208719.5293
2025-04-25 11:00:00,93597.5,94165.6,93597.5,94145.7,2075.521,195018950.8926
2025-04-25 11:30:00,94145.7,94619.6,94040.0,94593.2,3048.75,287492013.6738
2025-04-25 12:00:00,94593.2,94979.4,94335.1,94428.1,7588.98,718731004.1227
2025-04-25 12:30:00,94428.1,94818.1,94220.3,94371.4,3207.941,303278201.2833
2025-04-25 13:00:00,94371.4,94547.0,94150.0,94173.0,1757.27,165797831.8063
2025-04-25 13:30:00,94173.0,94647.5,93888.8,94350.0,3772.487,355874435.0263
2025-04-25 14:00:00,94350.0,95311.0,94331.7,94647.4,8774.665,832375363.7782
2025-04-25 14:30:00,94647.4,95724.5,94501.3,95335.3,8869.323,844916768.856
2025-04-25 15:00:00,95335.3,95639.7,95180.0,95250.1,3623.374,345641385.5014
2025-04-25 15:30:00,95250.1,95352.5,94760.1,95012.8,3142.004,298539693.1817
2025-04-25 16:00:00,95012.8,95175.0,94670.6,95050.2,1995.29,189390660.7011
2025-04-25 16:30:00,95050.2,95325.0,94980.5,95162.5,1931.8,183917543.5184
2025-04-25 17:00:00,95162.5,95515.3,95140.0,95375.2,2236.856,213379596.671
2025-04-25 17:30:00,95375.2,95375.3,94329.6,94483.9,3892.187,368701910.8943
2025-04-25 18:00:00,94483.9,94856.6,94483.9,94806.2,1543.854,146136878.7643
2025-04-25 18:30:00,94806.2,95179.9,94772.4,94919.2,1668.424,158507333.7253
2025-04-25 19:00:00,94919.2,95263.0,94800.2,94996.8,1659.594,157716535.9373
2025-04-25 19:30:00,94996.8,95260.7,94904.0,95230.6,1076.242,102305076.0889
2025-04-25 20:00:00,95230.6,95286.5,94853.7,94902.3,821.134,78042918.3079
2025-04-25 20:30:00,94902.3,94967.0,94710.0,94809.8,1205.769,114327013.1598
2025-04-25 21:00:00,94809.8,94962.8,94600.0,94632.3,668.228,63343630.472
2025-04-25 21:30:00,94632.3,94778.7,94406.0,94557.2,876.647,82905186.0822
2025-04-25 22:00:00,94557.2,94847.0,94537.5,94780.5,644.44,61040205.7175
2025-04-25 22:30:00,94780.5,94913.6,94778.0,94794.4,462.959,43909508.0423
2025-04-25 23:00:00,94794.4,94928.9,94554.6,94689.6,873.749,82736132.8243
2025-04-25 23:30:00,94689.6,94728.6,94567.0,94596.2,480.931,45509258.9054
2025-04-26 00:00:00,94596.2,94770.0,94585.2,94670.1,556.009,52646016.8769
2025-04-26 00:30:00,94670.1,94898.9,94510.0,94852.2,1187.184,112452391.3652
2025-04-26 01:00:00,94852.2,95049.5,94709.9,94970.0,857.643,81402904.733
2025-04-26 01:30:00,94970.0,95150.0,94950.0,94977.6,616.222,58572363.1964
2025-04-26 02:00:00,94977.6,94977.6,94658.2,94824.3,665.41,63076695.2751
2025-04-26 02:30:00,94824.3,95110.0,94784.6,94939.2,497.22,47214870.4607
2025-04-26 03:00:00,94939.2,95016.7,94707.9,94751.6,407.527,38644638.6644
2025-04-26 03:30:00,94751.6,94751.6,94662.1,94689.7,428.858,40610950.6686
2025-04-26 04:00:00,94689.7,94776.5,94568.6,94581.8,517.229,48958926.8195
2025-04-26 04:30:00,94581.8,94652.5,94475.0,94488.3,591.024,55879291.7188
2025-04-26 05:00:00,94488.3,94600.0,94264.1,94502.1,1037.783,98002475.7389
2025-04-26 05:30:00,94502.1,94660.0,94502.0,94577.9,588.105,55628904.2521
2025-04-26 06:00:00,94577.9,94665.1,94540.0,94561.4,437.681,41403165.3546
2025-04-26 06:30:00,94561.4,94709.0,94554.9,94600.6,461.704,43689650.0214
2025-04-26 07:00:00,94600.6,94715.0,94586.0,94657.0,423.26,40060611.2186
2025-04-26 07:30:00,94657.0,94746.9,94498.2,94507.6,628.528,59480585.3752
2025-04-26 08:00:00,94507.6,94680.0,94366.1,94598.9,779.713,73707567.4654
2025-04-26 08:30:00,94598.9,94632.8,94206.2,94268.0,1123.223,105958591.8109
2025-04-26 09:00:00,94268.0,94380.3,94159.0,94208.2,995.672,93870131.396
2025-04-26 09:30:00,94208.2,94235.5,94067.1,94227.3,1048.831,98736108.7528
2025-04-26 10:00:00,94227.3,94325.8,94100.6,94241.0,627.138,59092842.3636
2025-04-26 10:30:00,94241.0,94357.7,94168.0,94168.0,358.662,33811174.6227
2025-04-26 11:00:00,94168.0,94215.1,94078.4,94088.7,525.963,49509922.3924
2025-04-26 11:30:00,94088.7,94200.0,93950.0,94101.0,1449.509,136311181.7394
2025-04-26 12:00:00,94101.0,94286.0,94065.9,94262.8,1120.086,105508845.555
2025-04-26 12:30:00,94262.8,94264.8,94084.0,94198.9,437.981,41248569.0757
2025-04-26 13:00:00,94198.9,94262.2,94029.8,94029.8,450.762,42437521.7674
2025-04-26 13:30:00,94029.8,94121.9,93839.8,94108.9,1262.545,118637200.2201
2025-04-26 14:00:00,94108.9,94163.3,93877.3,94068.2,826.649,77701692.5707
2025-04-26 14:30:00,94068.2,94231.3,94019.1,94200.0,741.955,69868770.6127
2025-04-26 15:00:00,94200.0,94351.9,94145.0,94342.9,926.172,87311119.6944
2025-04-26 15:30:00,94342.9,94363.4,94200.0,94333.6,373.426,35211221.1975
2025-04-26 16:00:00,94333.6,94333.6,94188.9,94283.0,459.816,43334343.4483
2025-04-26 16:30:00,94283.0,94308.6,94000.2,94241.4,679.554,63978524.8401
2025-04-26 17:00:00,94241.4,94328.5,94168.0,94277.5,276.764,26082975.4425
2025-04-26 17:30:00,94277.5,94319.4,94232.0,94276.8,162.313,15303003.5294
2025-04-26 18:00:00,94276.8,94327.4,94180.0,94282.7,374.755,35319748.0303
2025-04-26 18:30:00,94282.7,94308.2,94071.1,94096.6,283.078,26655981.0876
2025-04-26 19:00:00,94096.6,94170.3,94045.0,94170.3,293.207,27596080.8934
2025-04-26 19:30:00,94170.3,94275.4,94134.0,94251.1,208.295,19622752.0921
2025-04-26 20:00:00,94251.1,94328.5,94161.3,94189.2,272.54,25688901.8357
2025-04-26 20:30:00,94189.2,94217.2,94035.0,94035.1,471.439,44375245.3347
2025-04-26 21:00:00,94035.1,94259.1,94035.0,94161.7,467.839,44053657.0884
2025-04-26 21:30:00,94161.7,94312.4,94161.7,94312.4,344.087,32434509.5196
2025-04-26 22:00:00,94312.4,94654.2,94312.4,94584.6,1437.731,135853150.8595
2025-04-26 22:30:00,94584.6,94753.4,94550.0,94734.2,1041.736,98618679.5577
2025-04-26 23:00:00,94734.2,94870.0,94600.6,94689.4,925.22,87649674.9055
2025-04-26 23:30:00,94689.4,94689.4,94510.1,94578.3,414.782,39232378.3867
2025-04-27 00:00:00,94578.3,94976.3,94527.6,94894.0,1372.438,130133918.4906
2025-04-27 00:30:00,94894.0,94914.0,94766.7,94830.2,548.883,52057895.4817
2025-04-27 01:00:00,94830.2,95279.4,94566.7,94687.3,3130.926,297218592.0342
2025-04-27 01:30:00,94687.3,94720.0,93959.1,94075.6,3123.791,294492027.2782
2025-04-27 02:00:00,94075.6,94414.3,94000.2,94289.8,1119.276,105476180.0001
2025-04-27 02:30:00,94289.8,94386.3,94130.0,94301.8,440.079,41481581.0984
2025-04-27 03:00:00,94301.8,94417.7,94110.0,94173.2,497.483,46906321.3126
2025-04-27 03:30:00,94173.2,94251.7,94090.0,94120.0,389.229,36653283.7438
2025-04-27 04:00:00,94120.0,94250.0,94078.6,94170.7,467.636,44043281.2973
2025-04-27 04:30:00,94170.7,94178.0,93960.0,93974.3,611.132,57478662.0185
2025-04-27 05:00:00,93974.3,94128.9,93610.0,93744.0,2208.469,207200388.1624
2025-04-27 05:30:00,93744.0,93967.1,93592.8,93870.3,1246.694,116973662.6251
2025-04-27 06:00:00,93870.3,94044.0,93844.7,93961.0,476.896,44814289.8816
2025-04-27 06:30:00,93961.0,93988.1,93815.8,93969.0,318.47,29904136.3505
2025-04-27 07:00:00,93969.0,94100.0,93881.2,94056.7,597.13,56143134.3762
2025-04-27 07:30:00,94056.7,94098.6,93965.8,94022.1,387.184,36408668.3208
2025-04-27 08:00:00,94022.1,94211.9,93971.3,94154.1,674.389,63462360.026
2025-04-27 08:30:00,94154.1,94279.1,94090.0,94162.4,652.978,61503685.6272
2025-04-27 09:00:00,94162.4,94162.5,94060.5,94068.3,452.037,42539548.4127
2025-04-27 09:30:00,94068.3,94189.7,94058.0,94114.4,480.079,45187080.4926
2025-04-27 10:00:00,94114.4,94143.6,93965.7,93975.7,534.762,50303325.8936
2025-04-27 10:30:00,93975.7,94016.9,93899.0,94011.1,442.556,41584289.1513
2025-04-27 11:00:00,94011.1,94043.8,93835.5,93907.7,417.437,39203252.8723
2025-04-27 11:30:00,93907.7,94010.9,93856.6,93866.0,403.457,37897688.9975
2025-04-27 12:00:00,93866.0,93877.6,93733.1,93738.1,736.717,69107150.1958
2025-04-27 12:30:00,93738.1,93920.4,93624.0,93689.5,1531.997,143632638.3933
2025-04-27 13:00:00,93689.5,93861.5,93538.4,93761.2,1522.04,142630991.6948
2025-04-27 13:30:00,93761.2,94027.1,93739.5,94006.3,1279.186,120155548.4421
2025-04-27 14:00:00,94006.3,94130.0,93873.7,94000.0,1151.929,108295117.8215
2025-04-27 14:30:00,94000.0,94085.5,93905.4,93939.1,409.631,38497248.8381
2025-04-27 15:00:00,93939.1,93964.6,93734.7,93734.9,847.095,79492329.1292
2025-04-27 15:30:00,93734.9,93886.4,93734.9,93851.6,324.953,30486291.5337
2025-04-27 16:00:00,93851.6,93878.9,93723.3,93783.6,424.475,39811395.9857
2025-04-27 16:30:00,93783.6,93874.0,93673.5,93829.1,513.351,48139907.3954
2025-04-27 17:00:00,93829.1,94120.8,93739.6,94016.1,1057.185,99352753.169
2025-04-27 17:30:00,94016.1,94060.5,93944.1,94001.9,254.809,23951925.9551
2025-04-27 18:00:00,94001.9,94187.4,93956.2,94132.4,502.44,47288468.4078
2025-04-27 18:30:00,94132.4,94386.2,94132.3,94253.6,1129.061,106445879.979
2025-04-27 19:00:00,94253.6,94324.9,94160.5,94298.4,408.824,38527747.9017
2025-04-27 19:30:00,94298.4,94405.3,94278.6,94396.1,461.154,43515048.6681
2025-04-27 20:00:00,94396.1,94401.3,94222.1,94247.1,420.321,39636384.4124
2025-04-27 20:30:00,94247.1,94355.8,94220.0,94220.0,321.026,30271411.6725
2025-04-27 21:00:00,94220.0,94320.0,94116.1,94320.0,374.032,35234451.0551
2025-04-27 21:30:00,94320.0,94516.8,94274.5,94289.3,607.356,57335226.3488
2025-04-27 22:00:00,94289.3,94296.7,93750.1,93765.9,2284.436,214628946.1589
2025-04-27 22:30:00,93765.9,93959.0,93576.9,93887.4,1182.653,110899416.1676
2025-04-27 23:00:00,93887.4,93887.4,93605.0,93770.2,784.361,73516216.4179
2025-04-27 23:30:00,93770.2,93841.3,93630.1,93700.0,484.336,45397627.8846
2025-04-28 00:00:00,93700.0,93738.1,93224.6,93535.8,3379.174,315712030.3137
2025-04-28 00:30:00,93535.8,93745.0,93333.7,93371.5,1253.985,117292416.6405
2025-04-28 01:00:00,93371.5,93547.6,92933.0,92995.3,2967.686,276441635.9329
2025-04-28 01:30:00,92995.3,93049.9,92750.0,92902.2,2160.102,200612801.903
2025-04-28 02:00:00,92902.2,93390.5,92838.9,93336.8,2492.945,232234396.379
2025-04-28 02:30:00,93336.8,93577.0,93317.5,93570.6,1508.588,140997847.5327
2025-04-28 03:00:00,93570.6,93786.3,93420.0,93684.1,1411.966,132206939.4288
2025-04-28 03:30:00,93684.1,93943.5,93684.1,93812.3,1267.33,118896221.809
2025-04-28 04:00:00,93812.3,94130.0,93812.2,94129.9,1177.497,110625435.8102
2025-04-28 04:30:00,94129.9,94140.5,93958.6,93993.6,964.988,90738460.0269
2025-04-28 05:00:00,93993.6,94320.6,93918.8,94080.0,1125.921,105976064.5743
2025-04-28 05:30:00,94080.0,94240.0,94002.7,94185.4,1120.684,105477244.5748
2025-04-28 06:00:00,94185.4,94400.0,94185.4,94298.2,1401.399,132174678.0699
2025-04-28 06:30:00,94298.2,94641.0,94293.7,94540.0,1640.132,154956071.4476
2025-04-28 07:00:00,94540.0,94634.3,94444.2,94620.7,1330.755,125835761.9803
2025-04-28 07:30:00,94620.7,94762.7,94573.2,94650.0,1056.684,100035619.8359
2025-04-28 08:00:00,94650.0,94799.9,94554.6,94793.3,1289.287,122088026.5501
2025-04-28 08:30:00,94793.3,94793.9,94545.0,94661.5,1346.732,127456500.3094
2025-04-28 09:00:00,94661.5,94842.8,94617.7,94691.4,1343.259,127247836.1361
2025-04-28 09:30:00,94691.4,94809.9,94636.9,94685.2,1034.171,97963711.0452
2025-04-28 10:00:00,94685.2,94766.0,94280.5,94537.4,2161.94,204347616.1043
2025-04-28 10:30:00,94537.4,95169.6,94537.4,95008.5,4603.003,437192547.0903
2025-04-28 11:00:00,95008.5,95457.7,94958.2,95430.0,3188.592,303746368.7075
2025-04-28 11:30:00,95430.0,95480.2,95159.0,95274.2,2245.96,214064117.4334
2025-04-28 12:00:00,95274.2,95320.0,95017.1,95264.7,1822.711,173448744.7544
2025-04-28 12:30:00,95264.7,95564.8,95178.5,95296.2,2115.355,201773298.5253
2025-04-28 13:00:00,95296.2,95500.0,94980.6,95006.4,3220.496,306768933.3539
2025-04-28 13:30:00,95006.4,95133.4,93856.0,93919.5,8926.596,843111106.3672
2025-04-28 14:00:00,93919.5,94850.0,93796.0,94589.6,5532.186,521979548.3461
2025-04-28 14:30:00,94589.6,94710.7,94294.8,94378.1,3303.32,312058682.0728
2025-04-28 15:00:00,94378.1,94479.9,93550.0,93706.5,3658.981,343744663.8395
2025-04-28 15:30:00,93706.5,93836.4,93524.0,93782.2,3205.083,300270921.7736
2025-04-28 16:00:00,93782.2,93782.2,93381.9,93670.2,2531.315,236819041.9606
2025-04-28 16:30:00,93670.2,93970.0,93600.0,93677.4,2648.439,248420015.3663
2025-04-28 17:00:00,93677.4,93756.9,93526.1,93526.1,796.754,74620985.7959
2025-04-28 17:30:00,93526.1,94065.8,93421.4,94047.1,1912.951,179385945.374
2025-04-28 18:00:00,94047.1,94067.1,93739.5,93849.5,1018.94,95648249.6903
2025-04-28 18:30:00,93849.5,94173.9,93807.1,94140.0,958.802,90182129.0936
2025-04-28 19:00:00,94140.0,94786.8,94098.7,94623.2,2736.833,258658995.0633
2025-04-28 19:30:00,94623.2,94874.3,94620.3,94733.5,2004.524,189989959.0519
2025-04-28 20:00:00,94733.5,94759.6,94509.0,94597.5,1280.43,121139640.4382
2025-04-28 20:30:00,94597.5,94630.0,94305.5,94412.0,847.521,80040023.6847
2025-04-28 21:00:00,94412.0,94500.0,94311.4,94355.7,428.276,40426707.8216
2025-04-28 21:30:00,94355.7,94503.2,94250.8,94494.9,477.74,45079296.5618
2025-04-28 22:00:00,94494.9,94651.0,94425.3,94466.1,564.89,53402387.6653
2025-04-28 22:30:00,94466.1,94833.4,94433.1,94764.0,1041.793,98633929.5518
2025-04-28 23:00:00,94764.0,95076.6,94737.2,95015.4,2236.047,212281784.9021
2025-04-28 23:30:00,95015.4,95126.8,94878.8,94969.7,1178.639,111990125.2726
2025-04-29 00:00:00,94969.7,95071.7,94785.0,94988.1,941.388,89346133.9678
2025-04-29 00:30:00,94988.1,95193.1,94898.9,95018.7,1250.969,118902171.681
2025-04-29 01:00:00,95018.7,95390.4,94672.0,94970.1,2450.335,232843257.4442
2025-04-29 01:30:00,94970.1,95440.0,94810.0,94815.2,2605.935,247998127.4244
2025-04-29 02:00:00,94815.2,94892.8,94571.4,94770.1,1552.127,147004924.6491
2025-04-29 02:30:00,94770.1,94915.0,94450.0,94581.3,1307.105,123751781.1192
2025-04-29 03:00:00,94581.3,94697.6,94375.7,94602.1,997.941,94336098.4934
2025-04-29 03:30:00,94602.1,94769.0,94600.0,94612.8,511.347,48417253.4913
2025-04-29 04:00:00,94612.8,94831.9,94500.0,94822.3,806.051,76299379.1255
2025-04-29 04:30:00,94822.3,94837.6,94267.4,94315.1,1596.861,150823855.7915
2025-04-29 05:00:00,94315.1,94361.8,94161.0,94305.7,952.347,89763005.5765
2025-04-29 05:30:00,94305.7,94371.8,94146.8,94235.0,699.859,65948877.9534
2025-04-29 06:00:00,94235.0,94690.9,94210.3,94581.2,1181.254,111649939.4403
2025-04-29 06:30:00,94581.2,94766.5,94520.2,94729.6,671.274,63539791.2082
2025-04-29 07:00:00,94729.6,94842.0,94666.0,94837.3,722.848,68494200.3697
2025-04-29 07:30:00,94837.3,94930.4,94734.4,94879.9,768.169,72847054.3682
2025-04-29 08:00:00,94879.9,95044.4,94813.3,94888.0,1767.656,167797724.9132
2025-04-29 08:30:00,94888.0,94986.4,94761.9,94986.4,1063.796,100896583.1364
2025-04-29 09:00:00,94986.4,95060.0,94742.2,94886.2,1333.948,126624317.5353
2025-04-29 09:30:00,94886.2,94958.4,94772.9,94943.2,508.977,48295028.4283
2025-04-29 10:00:00,94943.2,95032.9,94800.2,94894.5,1317.575,125079490.6477
2025-04-29 10:30:00,94894.5,94914.2,94692.0,94759.2,771.731,73147973.0109
2025-04-29 11:00:00,94759.2,95250.0,94758.4,95175.2,1901.141,180804392.28
2025-04-29 11:30:00,95175.2,95175.3,94975.4,95084.4,1142.479,108596738.2601
2025-04-29 12:00:00,95084.4,95121.0,94829.9,94921.2,1465.945,139233483.0678
2025-04-29 12:30:00,94921.2,95010.0,94750.0,94770.0,1095.363,103908753.9038
2025-04-29 13:00:00,94770.0,94840.0,94531.4,94798.8,2801.524,265280859.3497
2025-04-29 13:30:00,94798.8,94988.8,94626.6,94751.6,2299.882,217999062.1409
2025-04-29 14:00:00,94751.6,95023.4,94466.8,94682.8,3253.566,308274604.1138
2025-04-29 14:30:00,94682.8,95266.0,94637.5,95000.0,2890.568,274706642.4776
2025-04-29 15:00:00,95000.0,95097.3,94670.6,94817.8,1562.077,148158945.4082
2025-04-29 15:30:00,94817.8,94955.7,94707.4,94792.7,1060.251,100560682.9335
2025-04-29 16:00:00,94792.7,95148.0,94751.5,95103.1,912.874,86690011.4447
2025-04-29 16:30:00,95103.1,95444.3,94863.9,94902.3,4961.132,472429378.6052
2025-04-29 17:00:00,94902.3,95207.0,94601.4,95165.3,4087.853,387847086.8522
2025-04-29 17:30:00,95165.3,95322.4,94988.0,95203.2,2668.786,253957721.1442
2025-04-29 18:00:00,95203.2,95400.0,95018.9,95369.4,2088.939,198993757.0595
2025-04-29 18:30:00,95369.4,95399.0,95202.1,95340.2,1242.047,118403658.895
2025-04-29 19:00:00,95340.2,95390.9,95222.5,95278.2,1127.922,107514524.6602
2025-04-29 19:30:00,95278.2,95338.9,95178.4,95264.1,957.912,91246625.8714
2025-04-29 20:00:00,95264.1,95362.7,94885.2,94888.1,1567.599,149101444.2036
2025-04-29 20:30:00,94888.1,94940.5,94755.1,94780.8,1803.409,171017877.3619
2025-04-29 21:00:00,94780.8,94915.9,94280.7,94525.7,3927.697,371352820.9503
2025-04-29 21:30:00,94525.7,94716.3,94382.0,94692.2,2738.165,258882167.4115
2025-04-29 22:00:00,94692.2,94692.3,93913.6,94154.6,3455.808,325601829.3233
2025-04-29 22:30:00,94154.6,94240.0,94021.8,94102.2,929.384,87489673.4824
2025-04-29 23:00:00,94102.2,94117.0,93682.0,93854.6,2778.614,260719717.2341
2025-04-29 23:30:00,93854.6,94261.8,93834.4,94200.0,1681.696,158226886.3174
2025-04-30 00:00:00,94200.0,94408.5,94076.0,94341.0,1331.403,125524761.022
2025-04-30 00:30:00,94341.0,94583.0,94290.0,94486.0,1375.91,129954610.3919
2025-04-30 01:00:00,94486.0,94578.8,94302.6,94557.0,1463.941,138292056.1683
2025-04-30 01:30:00,94557.0,94560.7,94225.2,94479.9,917.259,86590630.2154
2025-04-30 02:00:00,94479.9,94679.9,94398.2,94471.6,756.952,71579092.5274
2025-04-30 02:30:00,94471.6,94771.0,94437.9,94604.8,1323.101,125221014.6772
2025-04-30 03:00:00,94604.8,94688.1,94450.2,94610.0,872.257,82473458.9523
2025-04-30 03:30:00,94610.0,95076.8,94610.0,95000.0,2616.01,248291419.9189
2025-04-30 04:00:00,95000.0,95146.5,94835.0,94865.1,1859.82,176605587.7168
2025-04-30 04:30:00,94865.1,95050.0,94850.0,95039.8,936.938,88964485.2212
2025-04-30 05:00:00,95039.8,95082.5,94900.0,94932.3,842.202,80001252.5701
2025-04-30 05:30:00,94932.3,95025.5,94833.6,94863.1,830.052,78787953.9511
2025-04-30 06:00:00,94863.1,94929.2,94807.9,94917.8,697.546,66174337.751
2025-04-30 06:30:00,94917.8,94917.8,94716.9,94720.4,645.485,61182475.3962
2025-04-30 07:00:00,94720.4,94847.0,94700.2,94717.5,614.07,58192093.9625
2025-04-30 07:30:00,94717.5,94726.6,94453.2,94584.3,1353.607,128012512.184
2025-04-30 08:00:00,94584.3,94772.2,94481.3,94484.1,877.964,83073650.3911
2025-04-30 08:30:00,94484.1,94703.9,94484.0,94671.1,540.577,51137618.2531
2025-04-30 09:00:00,94671.1,94760.9,94620.1,94727.5,628.94,59559732.6699
2025-04-30 09:30:00,94727.5,94993.7,94727.4,94930.8,1340.361,127156186.924
2025-04-30 10:00:00,94930.8,94945.1,94804.5,94876.5,391.724,37156619.2705
2025-04-30 10:30:00,94876.5,94980.0,94842.1,94904.9,629.739,59770516.8628
2025-04-30 11:00:00,94904.9,95082.5,94890.1,95063.3,650.544,61796343.6938
2025-04-30 11:30:00,95063.3,95187.5,94994.0,95131.3,1473.203,140098027.2834
2025-04-30 12:00:00,95131.3,95174.3,94835.1,94878.9,1735.663,164883902.635
2025-04-30 12:30:00,94878.9,94988.3,94279.1,94490.2,5013.237,473935724.8644
2025-04-30 13:00:00,94490.2,94650.8,94170.5,94499.1,3273.219,309001572.1481
2025-04-30 13:30:00,94499.1,94511.2,92974.0,92994.1,9924.64,929061701.3182
2025-04-30 14:00:00,92994.1,94139.9,92852.4,94071.7,8107.465,757463965.1755
2025-04-30 14:30:00,94071.7,94320.0,93622.9,93669.0,4006.026,376482495.0511
2025-04-30 15:00:00,93669.0,93998.5,93601.2,93813.3,1824.703,171245952.9048
2025-04-30 15:30:00,93813.3,94073.2,93760.2,93951.1,1500.279,140976099.7061
2025-04-30 16:00:00,93951.1,93977.1,93465.7,93673.4,2526.965,236656969.4765
2025-04-30 16:30:00,93673.4,94148.0,93661.7,93883.4,1698.476,159535521.3136
2025-04-30 17:00:00,93883.4,94020.0,93692.0,93975.9,772.597,72497603.2067
2025-04-30 17:30:00,93975.9,94228.2,93939.3,94055.9,1176.598,110717120.5329
2025-04-30 18:00:00,94055.9,94499.9,94001.0,94104.6,2332.532,219918954.8337
2025-04-30 18:30:00,94104.6,94147.7,93940.0,94034.7,845.44,79516262.7958
2025-04-30 19:00:00,94034.7,94124.0,93700.4,93738.3,969.462,91017231.2344
2025-04-30 19:30:00,93738.3,94229.3,93711.0,94100.0,1229.394,115575350.7683
2025-04-30 20:00:00,94100.0,94696.9,94059.1,94661.3,2773.169,261941841.1803
2025-04-30 20:30:00,94661.3,94676.1,94470.4,94519.0,1194.359,112963259.2721
2025-04-30 21:00:00,94519.0,94750.0,94420.8,94584.3,1140.638,107897700.4672
2025-04-30 21:30:00,94584.3,94597.0,94334.0,94387.3,634.76,59952171.9051
2025-04-30 22:00:00,94387.3,94676.8,94312.8,94326.0,841.509,79542842.2088
2025-04-30 22:30:00,94326.0,94372.2,94013.6,94071.5,1444.749,136041546.1333
2025-04-30 23:00:00,94071.5,94284.5,93923.2,94205.4,1201.361,113086466.1373
2025-04-30 23:30:00,94205.4,94281.0,94080.4,94118.0,575.898,54227634.4175
2025-05-01 00:00:00,94118.0,94299.8,94070.7,94229.2,689.127,64910230.9616
2025-05-01 00:30:00,94229.2,94350.0,94155.1,94350.0,507.668,47859368.7546
2025-05-01 01:00:00,94350.0,94645.0,94339.8,94579.8,1116.093,105512456.8137
2025-05-01 01:30:00,94579.8,94662.7,94424.8,94597.3,1178.612,111451208.8109
2025-05-01 02:00:00,94597.3,94907.1,94565.3,94889.0,1467.177,139041655.0914
2025-05-01 02:30:00,94889.0,94940.0,94710.2,94796.0,1306.321,123882360.264
2025-05-01 03:00:00,94796.0,94964.5,94638.7,94768.0,1155.354,109515166.9071
2025-05-01 03:30:00,94768.0,94875.5,94656.8,94738.5,854.176,80931509.8272
2025-05-01 04:00:00,94738.5,94845.9,94681.8,94690.0,426.551,40419859.6045
2025-05-01 04:30:00,94690.0,94873.6,94672.1,94823.0,512.071,48532439.8171
2025-05-01 05:00:00,94823.0,94943.1,94786.8,94861.2,608.899,57767484.0661
2025-05-01 05:30:00,94861.2,95149.7,94809.5,95114.3,2048.206,194686337.3196
2025-05-01 06:00:00,95114.3,95150.0,94962.6,94979.0,1104.858,105012282.6276
2025-05-01 06:30:00,94979.0,94999.4,94763.4,94845.1,1256.721,119230692.9286
2025-05-01 07:00:00,94845.1,94980.0,94750.0,94944.9,563.99,53517302.7221
2025-05-01 07:30:00,94944.9,95050.0,94931.3,94978.6,682.629,64852130.9036
2025-05-01 08:00:00,94978.6,95110.8,94865.0,95108.8,959.342,91142981.1241
2025-05-01 08:30:00,95108.8,95173.6,95030.2,95164.4,897.56,85366337.2072
2025-05-01 09:00:00,95164.4,95317.9,95104.1,95302.4,1568.54,149384010.6476
2025-05-01 09:30:00,95302.4,95773.0,95268.6,95481.5,4240.692,405194014.813
2025-05-01 10:00:00,95481.5,96366.0,95481.5,96278.3,5989.488,575180302.1488
2025-05-01 10:30:00,96278.3,96350.0,95850.1,96125.6,3347.988,321642642.8035
2025-05-01 11:00:00,96125.6,96228.8,95789.0,95891.3,2542.222,244193108.7064
2025-05-01 11:30:00,95891.3,96200.0,95890.0,96138.2,1476.333,141814555.9011
2025-05-01 12:00:00,96138.2,96360.3,96080.0,96164.0,1947.055,187352570.6671
2025-05-01 12:30:00,96164.0,96430.0,96066.2,96330.2,2193.012,211149385.4004
2025-05-01 13:00:00,96330.2,96705.7,96244.7,96595.3,3967.527,382954838.8102
2025-05-01 13:30:00,96595.3,96616.6,95772.0,95776.0,7471.638,718110517.8757
2025-05-01 14:00:00,95776.0,96418.5,95776.0,96372.4,4448.266,427718192.7796
2025-05-01 14:30:00,96372.4,96888.0,96134.1,96788.0,4683.975,452272703.9567
2025-05-01 15:00:00,96788.0,97383.1,96715.1,97065.2,8252.329,801086390.5607
2025-05-01 15:30:00,97065.2,97139.0,96802.9,96804.4,3633.151,352238736.8404
2025-05-01 16:00:00,96804.4,97163.3,96804.3,97140.5,2316.012,224679491.0861
2025-05-01 16:30:00,97140.5,97300.0,96921.5,96951.3,2227.993,216489054.9175
2025-05-01 17:00:00,96951.3,97160.0,96767.2,96820.7,1765.297,171166332.2288
2025-05-01 17:30:00,96820.7,96950.0,96461.2,96754.0,2380.407,230079910.2039
2025-05-01 18:00:00,96754.0,96806.1,96428.6,96438.0,1113.402,107546130.816
2025-05-01 18:30:00,96438.0,96907.9,96400.2,96818.2,1672.691,161772786.0703
2025-05-01 19:00:00,96818.2,96835.0,96361.0,96416.7,1928.209,186135548.6811
2025-05-01 19:30:00,96416.7,96650.0,96401.1,96466.0,1615.084,155904536.0632
2025-05-01 20:00:00,96466.0,96852.6,96236.3,96666.0,2949.35,284707585.525
2025-05-01 20:30:00,96666.0,96737.7,96281.6,96350.1,1848.42,178352146.3795
2025-05-01 21:00:00,96350.1,96666.7,96333.0,96535.0,646.55,62413101.0122
2025-05-01 21:30:00,96535.0,96739.9,96415.5,96425.5,577.79,55793578.496
2025-05-01 22:00:00,96425.5,96600.0,96363.5,96544.2,548.531,52931793.7331
2025-05-01 22:30:00,96544.2,96544.3,96311.6,96331.9,835.098,80507526.5224
2025-05-01 23:00:00,96331.9,96430.0,96140.1,96341.8,1243.578,119697788.9471
2025-05-01 23:30:00,96341.8,96465.4,96132.9,96430.9,656.507,63230156.9352
2025-05-02 00:00:00,96430.9,96820.0,96417.1,96793.1,1430.419,138179270.0344
2025-05-02 00:30:00,96793.1,97030.0,96700.0,96987.2,2205.356,213637705.8359
2025-05-02 01:00:00,96987.2,97138.5,96898.0,96950.1,1327.301,128774907.7541
2025-05-02 01:30:00,96950.1,96969.7,96716.5,96922.4,1300.811,125984999.7046
2025-05-02 02:00:00,96922.4,96980.0,96684.3,96945.8,711.58,68869425.9803
2025-05-02 02:30:00,96945.8,96996.9,96855.8,96902.0,426.54,41348068.8897
2025-05-02 03:00:00,96902.0,97155.0,96902.0,96996.3,973.427,94450940.9594
2025-05-02 03:30:00,96996.3,97199.9,96996.2,97062.0,1190.0,115588254.4841
2025-05-02 04:00:00,97062.0,97276.6,97037.0,97061.0,1142.223,110958565.7687
2025-05-02 04:30:00,97061.0,97061.0,96833.8,96897.4,813.712,78867138.9839
2025-05-02 05:00:00,96897.4,96967.9,96738.0,96791.5,990.868,95923929.83
2025-05-02 05:30:00,96791.5,96843.0,96564.8,96651.3,1243.76,120249720.7282
2025-05-02 06:00:00,96651.3,96793.6,96551.1,96770.1,858.51,82960034.5892
2025-05-02 06:30:00,96770.1,96844.6,96511.5,96680.2,1714.509,165814505.2564
2025-05-02 07:00:00,96680.2,96698.1,96376.6,96582.0,1549.391,149547846.6748
2025-05-02 07:30:00,96582.0,96619.4,96310.0,96310.0,1597.821,154022180.3432
2025-05-02 08:00:00,96310.0,96615.0,96306.9,96572.6,1074.376,103660769.8331
2025-05-02 08:30:00,96572.6,96736.1,96450.0,96589.0,966.546,93400345.9397
2025-05-02 09:00:00,96589.0,96735.0,96396.5,96662.4,1008.79,97426925.8193
2025-05-02 09:30:00,96662.4,96705.6,96544.7,96558.1,438.007,42310573.0323
2025-05-02 10:00:00,96558.1,96859.9,96558.1,96821.9,874.046,84555704.5176
2025-05-02 10:30:00,96821.9,96882.0,96750.0,96848.3,581.711,56313596.0226
2025-05-02 11:00:00,96848.3,97050.0,96848.3,96893.4,1654.394,160371172.8554
2025-05-02 11:30:00,96893.4,96968.7,96821.9,96866.5,594.499,57594970.9855
2025-05-02 12:00:00,96866.5,96899.3,96704.8,96743.9,987.364,95566933.9887
2025-05-02 12:30:00,96743.9,97141.3,96574.9,97141.3,4591.611,444898230.0291
2025-05-02 13:00:00,97141.3,97218.3,96724.0,96911.5,2177.625,211104622.9845
2025-05-02 13:30:00,96911.5,96998.0,96624.0,96730.0,1902.519,184156593.7503
2025-05-02 14:00:00,96730.0,97190.8,96660.0,97119.9,3447.827,334333034.3268
2025-05-02 14:30:00,97119.9,97868.0,97099.3,97703.8,7145.9,696778767.2547
2025-05-02 15:00:00,97703.8,97848.5,97006.4,97098.4,4680.281,456059055.5233
2025-05-02 15:30:00,97098.4,97445.9,97029.4,97263.1,1833.862,178404943.7155
2025-05-02 16:00:00,97263.1,97746.3,97263.0,97568.7,3561.339,347441427.7028
2025-05-02 16:30:00,97568.7,97667.3,97280.0,97290.0,1976.608,192647400.2913
2025-05-02 17:00:00,97290.0,97329.0,96975.0,97249.7,1810.958,175929343.1456
2025-05-02 17:30:00,97249.7,97377.7,97159.9,97343.1,848.282,82521280.0686
2025-05-02 18:00:00,97343.1,97498.0,97313.3,97381.3,970.671,94569542.8523
2025-05-02 18:30:00,97381.3,97568.6,97079.1,97109.4,2035.611,198033572.7837
2025-05-02 19:00:00,97109.4,97115.4,96933.8,97100.0,1521.9,147646018.3649
2025-05-02 19:30:00,97100.0,97100.0,96692.8,96843.6,2243.644,217244123.2679
2025-05-02 20:00:00,96843.6,96980.0,96767.5,96933.8,856.176,82959230.4462
2025-05-02 20:30:00,96933.8,97070.0,96909.8,96953.2,755.729,73298744.4317
2025-05-02 21:00:00,96953.2,96970.9,96857.9,96864.1,405.761,39326442.1803
2025-05-02 21:30:00,96864.1,96879.6,96505.0,96651.2,1273.963,123143741.3452
2025-05-02 22:00:00,96651.2,96735.3,96500.1,96624.7,1026.886,99195096.4712
2025-05-02 22:30:00,96624.7,96727.9,96534.2,96598.0,718.276,69399617.5164
2025-05-02 23:00:00,96598.0,96743.3,96540.1,96646.6,338.464,32709928.2837
2025-05-02 23:30:00,96646.6,96840.0,96646.5,96833.5,434.273,42021237.8624
2025-05-03 00:00:00,96833.5,96865.0,96677.9,96679.1,728.256,70489052.6746
2025-05-03 00:30:00,96679.1,96739.4,96569.7,96647.4,425.529,41124403.4225
2025-05-03 01:00:00,96647.4,96665.8,96456.8,96524.5,608.602,58747030.4208
2025-05-03 01:30:00,96524.5,96524.5,96372.8,96446.3,752.085,72511987.4649
2025-05-03 02:00:00,96446.3,96610.0,96433.3,96610.0,487.494,47068712.3763
2025-05-03 02:30:00,96610.0,96656.8,96472.6,96482.6,355.737,34344753.1607
2025-05-03 03:00:00,96482.6,96500.0,96320.5,96366.1,488.929,47127227.4807
2025-05-03 03:30:00,96366.1,96454.8,96266.2,96292.9,914.067,88052026.4977
2025-05-03 04:00:00,96292.9,96481.4,96254.4,96433.0,544.72,52499684.2209
2025-05-03 04:30:00,96433.0,96540.0,96420.0,96470.6,360.496,34777238.7159
2025-05-03 05:00:00,96470.6,96513.0,96360.6,96496.3,327.691,31608448.9453
2025-05-03 05:30:00,96496.3,96548.6,96365.7,96374.0,379.353,36593151.4233
2025-05-03 06:00:00,96374.0,96374.1,96137.6,96155.3,1112.701,107090473.3231
2025-05-03 06:30:00,96155.3,96273.5,96056.8,96116.8,1075.815,103447193.4781
2025-05-03 07:00:00,96116.8,96231.0,96107.5,96169.6,563.04,54145358.2445
2025-05-03 07:30:00,96169.6,96341.6,96156.0,96283.7,777.043,74803597.7831
2025-05-03 08:00:00,96283.7,96313.0,96088.7,96313.0,924.794,88940184.4265
2025-05-03 08:30:00,96313.0,96370.3,96233.0,96242.5,493.843,47563775.5867
2025-05-03 09:00:00,96242.5,96359.8,96181.7,96270.1,481.119,46313854.9409
2025-05-03 09:30:00,96270.1,96324.3,96145.0,96216.1,433.279,41699830.6792
2025-05-03 10:00:00,96216.1,96216.1,96101.5,96108.0,477.883,45944151.0831
2025-05-03 10:30:00,96108.0,96168.7,95819.0,95867.0,2550.401,244705555.1845
2025-05-03 11:00:00,95867.0,95990.6,95825.1,95971.7,1059.621,101630074.8743
2025-05-03 11:30:00,95971.7,96044.3,95847.0,95894.6,816.064,78290018.5498
2025-05-03 12:00:00,95894.6,96010.6,95828.9,95995.9,869.418,83392596.22
2025-05-03 12:30:00,95995.9,96096.9,95938.1,96059.1,828.503,79570136.2551
2025-05-03 13:00:00,96059.1,96198.2,96043.1,96188.0,865.744,83216798.0484
2025-05-03 13:30:00,96188.0,96275.3,96125.3,96275.3,716.009,68883557.1637
2025-05-03 14:00:00,96275.3,96379.3,96226.7,96304.8,1155.824,111324240.9663
2025-05-03 14:30:00,96304.8,96339.3,96229.0,96315.3,504.141,48542935.9759
2025-05-03 15:00:00,96315.3,96455.0,96315.2,96371.1,885.052,85327960.2812
2025-05-03 15:30:00,96371.1,96435.4,96273.7,96362.4,538.86,51921291.892
2025-05-03 16:00:00,96362.4,96369.5,96150.0,96228.7,912.315,87813664.8872
2025-05-03 16:30:00,96228.7,96228.8,96035.0,96153.9,783.476,75308867.2126
2025-05-03 17:00:00,96153.9,96153.9,95783.8,96059.9,1675.701,160756970.4123
2025-05-03 17:30:00,96059.9,96134.9,95930.0,96130.0,583.246,56018501.6548
2025-05-03 18:00:00,96130.0,96219.0,96042.4,96128.4,450.326,43292262.8381
2025-05-03 18:30:00,96128.4,96128.4,96046.3,96091.5,349.577,33586699.8056
2025-05-03 19:00:00,96091.5,96210.6,96069.8,96210.5,324.25,31179684.4079
2025-05-03 19:30:00,96210.5,96315.1,96210.4,96307.6,471.596,45402185.3292
2025-05-03 20:00:00,96307.6,96351.5,96261.2,96315.3,475.2,45769116.1549
2025-05-03 20:30:00,96315.3,96331.7,96228.2,96300.5,332.602,32024247.2987
2025-05-03 21:00:00,96300.5,96371.0,96225.0,96366.9,386.881,37247491.5043
2025-05-03 21:30:00,96366.9,96408.7,96185.7,96228.9,576.325,55482316.3769
2025-05-03 22:00:00,96228.9,96306.9,96153.1,96182.1,561.712,54044798.7283
2025-05-03 22:30:00,96182.1,96226.3,96125.0,96136.9,249.191,23969103.7776
2025-05-03 23:00:00,96136.9,96146.6,95895.0,95895.0,984.882,94545481.2433
2025-05-03 23:30:00,95895.0,95990.2,95700.1,95815.5,1836.479,175968486.4917
2025-05-04 00:00:00,95815.5,96017.0,95730.1,95855.3,907.559,87026857.9107
2025-05-04 00:30:00,95855.3,95901.3,95730.0,95826.4,868.737,83219539.9308
2025-05-04 01:00:00,95826.4,95940.0,95754.8,95908.7,514.69,49344607.9278
2025-05-04 01:30:00,95908.7,96144.0,95535.4,96049.2,2134.884,204472450.1756
2025-05-04 02:00:00,96049.2,96257.0,96022.4,96144.7,849.527,81694009.8475
2025-05-04 02:30:00,96144.7,96200.0,95760.0,95834.1,1005.154,96405274.6089
2025-05-04 03:00:00,95834.1,95850.2,95611.5,95747.1,991.495,94883573.8802
2025-05-04 03:30:00,95747.1,95842.9,95650.0,95674.0,752.979,72089568.8209
2025-05-04 04:00:00,95674.0,95899.8,95673.9,95872.8,517.182,49552619.4841
2025-05-04 04:30:00,95872.8,95877.0,95689.0,95689.1,448.984,42984597.3737
2025-05-04 05:00:00,95689.1,95939.7,95649.9,95910.1,732.218,70175522.2327
2025-05-04 05:30:00,95910.1,96090.0,95861.9,96000.7,665.9,63924126.195
2025-05-04 06:00:00,96000.7,96108.8,95900.1,95912.5,448.142,43017580.9139
2025-05-04 06:30:00,95912.5,95950.0,95833.5,95871.8,224.777,21553967.1527
2025-05-04 07:00:00,95871.8,96040.8,95831.1,95872.4,284.779,27317594.3419
2025-05-04 07:30:00,95872.4,95872.4,95764.5,95840.6,366.56,35118752.3923
2025-05-04 08:00:00,95840.6,95890.7,95574.1,95636.4,667.807,63901880.1622
2025-05-04 08:30:00,95636.4,95649.8,95357.1,95605.4,1772.3,169311530.4242
2025-05-04 09:00:00,95605.4,95641.2,95410.3,95449.5,730.806,69807297.1383
2025-05-04 09:30:00,95449.5,95550.0,95391.2,95441.5,676.493,64584369.6651
2025-05-04 10:00:00,95441.5,95468.3,95233.0,95395.9,1405.831,134046932.5176
2025-05-04 10:30:00,95395.9,95485.6,95333.4,95352.5,766.169,73106248.0784
2025-05-04 11:00:00,95352.5,95509.3,95316.1,95427.1,560.399,53486108.0124
2025-05-04 11:30:00,95427.1,95463.9,95336.6,95379.9,473.667,45188337.9244
2025-05-04 12:00:00,95379.9,95545.4,95373.6,95414.8,873.654,83414059.1516
2025-05-04 12:30:00,95414.8,95561.9,95399.4,95431.3,519.962,49646889.7645
2025-05-04 13:00:00,95431.3,95563.0,95279.0,95399.4,877.316,83694371.3188
2025-05-04 13:30:00,95399.4,95408.9,95187.5,95333.6,1193.197,113688152.9872
2025-05-04 14:00:00,95333.6,95529.9,95285.0,95526.0,823.946,78646879.2909
2025-05-04 14:30:00,95526.0,95606.9,95460.4,95553.1,842.184,80477257.8847
2025-05-04 15:00:00,95553.1,95644.2,95483.5,95549.9,1190.269,113768215.712
2025-05-04 15:30:00,95549.9,95550.0,95380.8,95424.0,407.304,38875540.6986
2025-05-04 16:00:00,95424.0,95524.0,95325.8,95457.3,722.264,68915859.2169
2025-05-04 16:30:00,95457.3,95464.2,95235.0,95285.9,1121.109,106840688.7546
2025-05-04 17:00:00,95285.9,95426.2,95233.3,95287.2,894.131,85224490.0629
2025-05-04 17:30:00,95287.2,95416.4,95152.6,95356.2,849.118,80913024.3331
2025-05-04 18:00:00,95356.2,95437.9,95300.0,95404.9,360.532,34388495.7065
2025-05-04 18:30:00,95404.9,95434.0,95323.7,95323.8,265.274,25300776.3631
2025-05-04 19:00:00,95323.8,95432.0,95294.0,95431.9,353.616,33720873.7786
2025-05-04 19:30:00,95431.9,95583.0,95414.2,95525.2,735.026,70208135.4006
2025-05-04 20:00:00,95525.2,95681.7,95516.3,95668.9,773.072,73907695.6334
2025-05-04 20:30:00,95668.9,95688.7,95600.2,95665.8,412.354,39438173.092
2025-05-04 21:00:00,95665.8,95706.0,95568.5,95637.4,468.013,44757130.184
2025-05-04 21:30:00,95637.4,95694.1,95585.1,95619.6,210.687,20154362.3281
2025-05-04 22:00:00,95619.6,95633.1,95031.7,95168.0,2774.883,264138878.2797
2025-05-04 22:30:00,95168.0,95168.0,94666.0,94953.3,3481.627,330272030.2845
2025-05-04 23:00:00,94953.3,94982.3,94352.9,94368.2,3464.403,327713191.6948
2025-05-04 23:30:00,94368.2,94472.6,94100.0,94224.1,3107.883,292933095.0197
2025-05-05 00:00:00,94224.1,94679.6,94139.1,94676.4,2571.44,242653771.203
2025-05-05 00:30:00,94676.4,94745.0,94600.0,94660.6,1218.314,115346153.131
2025-05-05 01:00:00,94660.6,94694.6,94163.2,94166.9,2081.235,196416265.5947
2025-05-05 01:30:00,94166.9,94197.0,93669.0,93866.6,4481.912,420840271.9758
2025-05-05 02:00:00,93866.6,94288.0,93460.2,94226.5,4874.902,457605137.6266
2025-05-05 02:30:00,94226.5,94358.7,94159.1,94204.9,1248.134,117684266.6207
2025-05-05 03:00:00,94204.9,94262.1,93988.4,93998.5,1966.058,185051240.3706
2025-05-05 03:30:00,93998.5,94161.4,93998.5,94012.4,618.596,58187596.8425
2025-05-05 04:00:00,94012.4,94312.7,93980.1,94294.4,1147.992,108112840.1831
2025-05-05 04:30:00,94294.4,94415.4,94261.3,94378.0,869.724,82067073.4822
2025-05-05 05:00:00,94378.0,94417.2,94200.5,94386.6,594.154,56045394.7291
2025-05-05 05:30:00,94386.6,94740.1,94331.6,94692.7,1399.142,132262757.2092
2025-05-05 06:00:00,94692.7,94743.4,94521.2,94548.7,920.897,87137839.4571
2025-05-05 06:30:00,94548.7,94743.6,94544.0,94720.4,690.528,65377964.919
2025-05-05 07:00:00,94720.4,94792.6,94489.9,94539.1,966.184,91403597.5026
2025-05-05 07:30:00,94539.1,94728.8,94514.2,94719.1,693.436,65621471.7398
2025-05-05 08:00:00,94719.1,94748.3,94520.5,94520.6,818.38,77461207.9129
2025-05-05 08:30:00,94520.6,94596.5,94438.2,94516.2,718.735,67928841.5593
2025-05-05 09:00:00,94516.2,94610.2,94440.3,94569.9,455.317,43039273.9661
2025-05-05 09:30:00,94569.9,94611.2,94492.0,94526.0,437.524,41373059.1569
2025-05-05 10:00:00,94526.0,94532.8,94326.2,94326.2,1014.35,95751082.2956
2025-05-05 10:30:00,94326.2,94418.7,94013.9,94083.4,2190.068,206250237.3688
2025-05-05 11:00:00,94083.4,94245.1,93950.1,93979.0,1590.938,149716630.0871
2025-05-05 11:30:00,93979.0,94110.1,93847.7,93997.9,3364.707,316115712.0526
2025-05-05 12:00:00,93997.9,94300.0,93860.1,94280.1,2024.459,190531788.6405
2025-05-05 12:30:00,94280.1,94300.0,94190.0,94285.3,927.507,87429627.0536
2025-05-05 13:00:00,94285.3,94350.0,94064.7,94125.4,1629.914,153588468.5874
2025-05-05 13:30:00,94125.4,94221.5,93610.0,94211.2,5845.537,548861874.9146
2025-05-05 14:00:00,94211.2,94510.0,93760.0,93883.9,5258.556,494981321.0273
2025-05-05 14:30:00,93883.9,94203.3,93670.0,93824.6,2512.183,235962737.8542
2025-05-05 15:00:00,93824.6,93920.0,93559.0,93798.0,2720.309,254901005.2052
2025-05-05 15:30:00,93798.0,93893.5,93543.9,93723.1,1794.215,168089647.7236
2025-05-05 16:00:00,93723.1,94223.0,93704.7,94130.1,1690.235,158803465.1133
2025-05-05 16:30:00,94130.1,94240.7,94057.8,94160.4,1041.923,98097583.5849
2025-05-05 17:00:00,94160.4,94364.8,94010.6,94316.9,1176.149,110799036.0825
2025-05-05 17:30:00,94316.9,94586.0,94307.9,94448.7,1562.936,147618975.0202
2025-05-05 18:00:00,94448.7,94652.7,94389.0,94543.9,1159.443,109645543.1609
2025-05-05 18:30:00,94543.9,94880.8,94527.5,94693.2,2581.007,244606852.3351
2025-05-05 19:00:00,94693.2,94855.0,94553.2,94605.3,915.179,86667206.0029
2025-05-05 19:30:00,94605.3,94642.5,94236.4,94306.2,1804.467,170360683.6412
2025-05-05 20:00:00,94306.2,94320.0,94117.4,94143.2,956.519,90100862.0075
2025-05-05 20:30:00,94143.2,94214.6,93801.0,94193.7,1930.621,181441108.617
2025-05-05 21:00:00,94193.7,94634.8,94186.2,94557.9,1515.314,143128751.103
2025-05-05 21:30:00,94557.9,94786.2,94291.8,94662.4,1379.333,130398859.3594
2025-05-05 22:00:00,94662.4,94981.8,94662.3,94847.0,1690.138,160285726.9597
2025-05-05 22:30:00,94847.0,95149.0,94847.0,94999.9,2054.202,195199301.1745
2025-05-05 23:00:00,94999.9,95091.9,94848.5,94849.0,970.799,92215689.2219
2025-05-05 23:30:00,94849.0,94886.9,94680.0,94698.7,774.427,73406101.8395
2025-05-06 00:00:00,94698.7,94748.0,94521.5,94678.9,831.78,78709774.2903
2025-05-06 00:30:00,94678.9,94685.5,94371.7,94553.7,978.589,92453554.5914
2025-05-06 01:00:00,94553.7,94876.6,94430.9,94758.9,992.684,93997867.0165
2025-05-06 01:30:00,94758.9,94772.2,94260.0,94260.0,1458.235,137717203.6478
2025-05-06 02:00:00,94260.0,94366.2,94004.4,94070.8,1290.271,121471608.7287
2025-05-06 02:30:00,94070.8,94320.7,93970.0,94281.2,1922.979,181053959.7791
2025-05-06 03:00:00,94281.2,94383.7,94180.0,94345.0,636.092,59960076.2108
2025-05-06 03:30:00,94345.0,94464.0,94345.0,94417.0,613.541,57925656.3163
2025-05-06 04:00:00,94417.0,94526.5,94300.5,94519.9,418.701,39534560.2438
2025-05-06 04:30:00,94519.9,94542.0,94415.6,94536.6,377.987,35716799.1611
2025-05-06 05:00:00,94536.6,94564.5,94302.6,94320.0,529.48,49989076.7664
2025-05-06 05:30:00,94320.0,94376.0,94253.3,94291.4,455.049,42915622.0949
2025-05-06 06:00:00,94291.4,94428.6,94282.2,94374.1,279.5,26377172.7515
2025-05-06 06:30:00,94374.1,94457.5,94341.6,94457.5,270.465,25534791.0632
2025-05-06 07:00:00,94457.5,94593.5,94374.7,94385.7,547.8,51750928.1899
2025-05-06 07:30:00,94385.7,94499.0,94302.8,94351.2,722.141,68159495.9368
2025-05-06 08:00:00,94351.2,94352.7,93959.2,93996.7,1625.392,153007462.5879
2025-05-06 08:30:00,93996.7,94340.0,93996.7,94339.9,1333.058,125528789.6705
2025-05-06 09:00:00,94339.9,94340.0,94101.6,94151.1,547.195,51546083.1934
2025-05-06 09:30:00,94151.1,94193.3,94075.9,94179.4,488.874,46016044.7482
2025-05-06 10:00:00,94179.4,94288.0,94101.9,94173.0,446.623,42065511.6916
2025-05-06 10:30:00,94173.0,94207.3,93817.4,93905.0,1744.5,163909041.3552
2025-05-06 11:00:00,93905.0,94020.0,93836.7,93840.7,774.54,72763449.7573
2025-05-06 11:30:00,93840.7,93938.0,93680.0,93777.5,1565.944,146866867.5099
2025-05-06 12:00:00,93777.5,93886.5,93730.0,93785.9,943.622,88513096.0059
2025-05-06 12:30:00,93785.9,94002.4,93785.9,93900.0,1028.851,96619843.4286
2025-05-06 13:00:00,93900.0,93910.1,93674.3,93692.4,1378.541,129242800.9856
2025-05-06 13:30:00,93692.4,93968.9,93333.5,93562.9,4897.335,458391709.7536
2025-05-06 14:00:00,93562.9,94650.4,93560.1,94282.3,7482.903,704566595.6139
2025-05-06 14:30:00,94282.3,94426.7,94038.1,94104.3,2591.387,244197773.844
2025-05-06 15:00:00,94104.3,94500.0,94030.2,94468.4,1779.254,167802694.6568
2025-05-06 15:30:00,94468.4,94701.1,94414.7,94512.9,2157.849,204066406.8109
2025-05-06 16:00:00,94512.9,94777.0,94347.1,94463.3,2169.474,205146835.2641
2025-05-06 16:30:00,94463.3,94705.4,94172.6,94204.8,1781.905,168227984.5851
2025-05-06 17:00:00,94204.8,94664.6,94191.3,94648.6,1412.927,133498900.4307
2025-05-06 17:30:00,94648.6,94823.4,94453.4,94491.4,1569.164,148519882.5942
2025-05-06 18:00:00,94491.4,94899.2,94464.1,94885.4,936.342,88673476.0939
2025-05-06 18:30:00,94885.4,95049.0,94770.7,95030.0,1502.655,142617047.8623
2025-05-06 19:00:00,95030.0,95080.0,94884.4,95068.6,1788.344,169869791.641
2025-05-06 19:30:00,95068.6,95110.0,94856.1,94912.9,1516.605,144078548.4572
2025-05-06 20:00:00,94912.9,94980.0,94717.4,94721.4,897.911,85178072.3968
2025-05-06 20:30:00,94721.4,94737.5,94589.1,94640.0,1035.696,98031290.2518
2025-05-06 21:00:00,94640.0,94760.2,94401.9,94439.0,936.013,88514976.7286
2025-05-06 21:30:00,94439.0,94673.8,94438.9,94653.2,444.056,42002066.6327
2025-05-06 22:00:00,94653.2,95606.9,94634.4,95606.9,7797.676,742928881.236
2025-05-06 22:30:00,95606.9,96245.2,95550.2,96200.0,6475.755,621080164.6234
2025-05-06 23:00:00,96200.0,96799.8,96040.2,96583.4,6294.948,606895651.545
2025-05-06 23:30:00,96583.4,96880.6,96425.4,96799.0,3206.763,310078200.9579
2025-05-07 00:00:00,96799.0,97492.0,96711.0,97207.4,6175.242,599603732.2938
2025-05-07 00:30:00,97207.4,97429.4,97083.8,97385.5,2318.152,225380783.1415
2025-05-07 01:00:00,97385.5,97700.0,97355.6,97488.1,2919.157,284603600.0717
2025-05-07 01:30:00,97488.1,97515.9,97154.9,97215.7,2302.903,224109072.2995
2025-05-07 02:00:00,97215.7,97244.2,96791.0,96845.3,2135.867,207088625.2603
2025-05-07 02:30:00,96845.3,96861.6,96450.0,96587.7,2587.9,250169709.1081
2025-05-07 03:00:00,96587.7,96630.0,96157.1,96424.5,3114.436,300136332.0374
2025-05-07 03:30:00,96424.5,96569.0,96387.7,96471.1,1301.086,125537734.3814
2025-05-07 04:00:00,96471.1,96686.8,96471.0,96522.4,1012.117,97759493.1002
2025-05-07 04:30:00,96522.4,96586.7,96376.9,96550.7,1090.415,105192398.4099
2025-05-07 05:00:00,96550.7,96550.7,96362.6,96396.1,503.658,48571806.7729
2025-05-07 05:30:00,96396.1,96470.0,96278.2,96344.6,676.248,65151248.7148
2025-05-07 06:00:00,96344.6,96625.2,96320.0,96560.8,1130.583,109131597.4001
2025-05-07 06:30:00,96560.8,96560.8,96411.8,96516.8,559.491,53980595.3545
2025-05-07 07:00:00,96516.8,96780.0,96512.0,96737.5,918.418,88779721.8986
2025-05-07 07:30:00,96737.5,96964.9,96690.5,96942.3,1242.33,120300251.505
2025-05-07 08:00:00,96942.3,96952.8,96813.9,96875.2,1019.127,98729704.477
2025-05-07 08:30:00,96875.2,97044.6,96845.6,96983.8,959.297,93031824.4634
2025-05-07 09:00:00,96983.8,97023.5,96843.4,96878.6,792.069,76767636.2191
2025-05-07 09:30:00,96878.6,97001.7,96825.3,96943.9,681.587,66063979.346
2025-05-07 10:00:00,96943.9,96944.0,96790.9,96825.2,627.714,60811101.0414
2025-05-07 10:30:00,96825.2,97069.6,96780.2,96972.0,1198.857,116260303.5239
2025-05-07 11:00:00,96972.0,97013.0,96891.5,96891.8,632.283,61298479.0089
2025-05-07 11:30:00,96891.8,97010.0,96882.0,97000.0,568.176,55091001.1958
2025-05-07 12:00:00,97000.0,97150.0,96883.6,96933.3,1576.122,152913533.6953
2025-05-07 12:30:00,96933.3,96980.0,96824.0,96923.1,1037.202,100495434.9773
2025-05-07 13:00:00,96923.1,96923.1,96670.5,96684.7,1018.573,98565230.227
2025-05-07 13:30:00,96684.7,97276.2,96669.6,96961.5,3742.467,362992686.668
2025-05-07 14:00:00,96961.5,97407.6,96910.0,97391.8,2190.436,212902197.5749
2025-05-07 14:30:00,97391.8,97444.2,96750.0,96883.1,2721.26,264102630.9416
2025-05-07 15:00:00,96883.1,97016.4,96713.8,96979.7,1715.736,166200780.8981
2025-05-07 15:30:00,96979.7,97100.0,96780.9,96888.7,1820.045,176500900.5286
2025-05-07 16:00:00,96888.7,96897.2,96500.0,96500.1,2401.925,232232749.5602
2025-05-07 16:30:00,96500.1,96932.1,96500.0,96815.5,2523.616,243905653.4044
2025-05-07 17:00:00,96815.5,96856.2,96586.3,96609.9,864.249,83579236.2989
2025-05-07 17:30:00,96609.9,96680.0,96134.7,96276.7,3200.879,308568978.766
2025-05-07 18:00:00,96276.7,96643.5,95865.8,96400.3,7525.092,724111299.3988
2025-05-07 18:30:00,96400.3,96855.1,95959.2,96550.0,5706.192,550400852.3457
2025-05-07 19:00:00,96550.0,96584.4,95928.9,95960.0,2478.695,238545764.2441
2025-05-07 19:30:00,95960.0,96582.0,95724.2,96122.1,3996.866,384267795.4587
2025-05-07 20:00:00,96122.1,96383.9,96012.2,96249.9,1343.295,129235545.5703
2025-05-07 20:30:00,96249.9,96721.2,96222.7,96721.2,1441.363,139072426.2845
2025-05-07 21:00:00,96721.2,97109.9,96600.0,97109.9,2337.555,226421987.8702
2025-05-07 21:30:00,97109.9,97288.0,96932.8,97084.8,2410.382,234087956.0002
2025-05-07 22:00:00,97084.8,97266.0,96976.7,97001.7,1211.419,117664189.259
2025-05-07 22:30:00,97001.7,97243.4,96984.1,97234.1,821.268,79800584.8223
2025-05-07 23:00:00,97234.1,97369.6,97158.2,97173.5,1432.18,139302251.5762
2025-05-07 23:30:00,97173.5,97209.7,96930.4,96988.1,1130.219,109651113.276
2025-05-08 00:00:00,96988.1,97115.6,96935.9,97090.4,630.666,61192927.8956
2025-05-08 00:30:00,97090.4,97788.0,96832.1,97728.3,2830.372,275666288.3683
2025-05-08 01:00:00,97728.3,98333.0,97556.4,97933.3,8183.871,802011715.5664
2025-05-08 01:30:00,97933.3,97983.8,97653.0,97767.2,2775.66,271482471.0686
2025-05-08 02:00:00,97767.2,98555.0,97767.1,98550.0,4128.816,405632766.0035
2025-05-08 02:30:00,98550.0,98820.0,98522.0,98636.1,3490.473,344441490.2481
2025-05-08 03:00:00,98636.1,98838.5,98484.8,98756.8,1959.362,193370596.8967
2025-05-08 03:30:00,98756.8,99187.9,98666.0,99105.8,3907.941,386724438.8356
2025-05-08 04:00:00,99105.8,99393.1,99060.0,99339.9,4090.609,405985586.7344
2025-05-08 04:30:00,99339.9,99340.0,98903.1,98918.4,3121.423,309423747.8233
2025-05-08 05:00:00,98918.4,99098.4,98761.8,98907.0,1770.186,175080523.8895
2025-05-08 05:30:00,98907.0,98916.5,98704.9,98719.1,822.215,81242731.1307
2025-05-08 06:00:00,98719.1,98873.3,98698.0,98808.9,917.174,90621743.4233
2025-05-08 06:30:00,98808.9,99010.1,98775.0,99002.1,896.288,88634187.6607
2025-05-08 07:00:00,99002.1,99297.7,99002.0,99289.9,1890.729,187474688.5017
2025-05-08 07:30:00,99289.9,99340.7,99153.5,99218.0,1503.62,149209805.497
2025-05-08 08:00:00,99218.0,99694.6,99163.1,99499.9,3812.878,379380589.8507
2025-05-08 08:30:00,99499.9,99811.1,99391.6,99635.0,1992.068,198475214.131
2025-05-08 09:00:00,99635.0,99677.3,99517.3,99619.9,1160.341,115543902.168
2025-05-08 09:30:00,99619.9,99775.3,99492.9,99759.3,1318.76,131409354.0547
2025-05-08 10:00:00,99759.3,99800.0,99654.5,99791.4,1000.997,99839138.6929
2025-05-08 10:30:00,99791.4,99876.2,99716.1,99753.6,1302.887,130008196.1917
2025-05-08 11:00:00,99753.6,99760.0,99438.2,99458.5,2105.946,209703696.9978
2025-05-08 11:30:00,99458.5,99558.6,99376.0,99376.0,1196.604,119021441.4733
2025-05-08 12:00:00,99376.0,99508.8,99331.1,99378.5,1409.797,140166938.124
2025-05-08 12:30:00,99378.5,99521.0,99210.0,99257.4,2724.203,270610520.3469
2025-05-08 13:00:00,99257.4,99408.1,99215.0,99389.9,1103.177,109532693.1487
2025-05-08 13:30:00,99389.9,99604.2,99055.0,99255.5,3405.998,338253087.7234
2025-05-08 14:00:00,99255.5,99495.0,99112.3,99458.8,1814.264,180157304.4321
2025-05-08 14:30:00,99458.8,99778.9,99311.4,99323.5,3706.352,369074514.0652
2025-05-08 15:00:00,99323.5,100879.9,99276.0,100592.1,13106.739,1313270273.612
2025-05-08 15:30:00,100592.1,101500.0,100377.0,100716.5,13364.28,1349470726.2131
2025-05-08 16:00:00,100716.5,101130.0,100543.5,100831.4,4580.014,461792672.7659
2025-05-08 16:30:00,100831.4,101300.0,100675.6,101227.1,2400.691,242633572.6468
2025-05-08 17:00:00,101227.1,101687.9,101061.2,101475.3,3092.606,313592717.8744
2025-05-08 17:30:00,101475.3,101550.0,100727.7,100964.0,3826.279,386866774.3442
2025-05-08 18:00:00,100964.0,101357.4,100916.9,101269.9,1361.559,137767556.5639
2025-05-08 18:30:00,101269.9,101435.0,101198.4,101316.8,1658.695,168093903.2587
2025-05-08 19:00:00,101316.8,101316.8,100950.0,101137.2,1923.971,194537726.3724
2025-05-08 19:30:00,101137.2,101286.4,100904.0,101244.1,2072.665,209600414.4961
2025-05-08 20:00:00,101244.1,101814.5,101203.6,101519.8,3300.504,335024941.6243
2025-05-08 20:30:00,101519.8,102837.0,101519.8,102567.8,9265.029,946339581.6852
2025-05-08 21:00:00,102567.8,104253.8,102065.0,103295.5,10080.352,1040004069.0367
2025-05-08 21:30:00,103295.5,103672.6,102600.4,102809.3,4452.52,458965576.2585
2025-05-08 22:00:00,102809.3,103043.5,102365.9,102800.0,2672.729,274472655.8939
2025-05-08 22:30:00,102800.0,103210.5,102651.0,102995.7,1668.802,171794964.3651
2025-05-08 23:00:00,102995.7,103171.7,102766.8,102833.0,1566.447,161285465.2679
2025-05-08 23:30:00,102833.0,103296.5,102813.9,103240.0,1491.593,153744215.6227
2025-05-09 00:00:00,103240.0,103241.3,102769.0,102779.7,2290.071,235843372.5898
2025-05-09 00:30:00,102779.7,103023.3,102510.7,102778.4,2119.499,217695669.7845
2025-05-09 01:00:00,102778.4,102965.6,102531.8,102732.0,1049.874,107862969.6014
2025-05-09 01:30:00,102732.0,103115.7,102600.0,103070.1,998.548,102711438.2275
2025-05-09 02:00:00,103070.1,103070.1,102685.6,102685.6,922.374,94908764.358
2025-05-09 02:30:00,102685.6,102728.0,102470.5,102570.2,973.743,99915703.0828
2025-05-09 03:00:00,102570.2,102765.8,102410.0,102598.6,908.284,93221179.6615
2025-05-09 03:30:00,102598.6,102616.9,102314.2,102410.3,1123.069,115008787.1691
2025-05-09 04:00:00,102410.3,102666.4,102332.0,102515.0,859.748,88138751.5478
2025-05-09 04:30:00,102515.0,102827.9,102431.4,102789.7,839.912,86222612.7898
2025-05-09 05:00:00,102789.7,102837.0,102550.0,102692.4,608.574,62507254.5963
2025-05-09 05:30:00,102692.4,102933.3,102692.3,102933.3,1010.822,103978531.4711
2025-05-09 06:00:00,102933.3,103203.8,102878.6,103077.0,1387.749,142957590.4998
2025-05-09 06:30:00,103077.0,103215.0,102939.7,103180.0,1222.593,126012289.0854
2025-05-09 07:00:00,103180.0,103782.7,103067.9,103731.2,3387.113,350540989.1549
2025-05-09 07:30:00,103731.2,104330.1,103470.0,103598.9,4412.697,458359560.6734
2025-05-09 08:00:00,103598.9,103911.0,103344.1,103593.0,2641.67,273684011.6584
2025-05-09 08:30:00,103593.0,103874.1,102625.4,102929.2,5925.752,611018047.2377
2025-05-09 09:00:00,102929.2,103251.5,102400.1,102544.3,3791.757,389638618.9429
2025-05-09 09:30:00,102544.3,102915.1,102378.3,102882.0,1812.044,186104632.4136
2025-05-09 10:00:00,102882.0,103093.0,102763.4,103064.2,1369.71,141016239.9461
2025-05-09 10:30:00,103064.2,103440.8,102930.0,103329.7,1698.302,175322234.1696
2025-05-09 11:00:00,103329.7,103486.0,102623.3,102994.9,3231.811,333202864.5765
2025-05-09 11:30:00,102994.9,103208.0,102810.6,102909.9,1540.548,158677639.7655
2025-05-09 12:00:00,102909.9,103107.4,102764.0,103072.2,1236.54,127281958.53
2025-05-09 12:30:00,103072.2,103118.0,102835.1,102863.5,1144.946,117910118.0086
2025-05-09 13:00:00,102863.5,103130.5,102862.2,102945.4,916.491,94383394.3256
2025-05-09 13:30:00,102945.4,103735.1,102772.4,103574.5,3265.745,337613207.4743
2025-05-09 14:00:00,103574.5,103698.3,102600.0,102620.1,5534.936,570819460.19
2025-05-09 14:30:00,102620.1,103143.3,102354.0,103100.0,6884.989,707921194.2538
2025-05-09 15:00:00,103100.0,103265.2,102700.0,102828.5,2435.426,250767066.5806
2025-05-09 15:30:00,102828.5,102899.3,102650.0,102855.7,2057.174,211414584.7097
2025-05-09 16:00:00,102855.7,102919.1,102470.0,102726.4,1686.234,173177475.6643
2025-05-09 16:30:00,102726.4,102879.2,102264.1,102450.1,1989.658,204146188.6562
2025-05-09 17:00:00,102450.1,103010.0,102316.6,102992.7,2778.682,285629053.8239
2025-05-09 17:30:00,102992.7,103210.4,102909.0,103183.2,1360.275,140229601.6752
2025-05-09 18:00:00,103183.2,103226.8,102903.5,103133.8,896.45,92401196.8993
2025-05-09 18:30:00,103133.8,103338.3,103113.5,103146.9,791.418,81706634.2006
2025-05-09 19:00:00,103146.9,103247.0,102851.6,102955.1,1417.401,146011290.0596
2025-05-09 19:30:00,102955.1,103168.2,102855.3,103135.8,1324.573,136468873.7441
2025-05-09 20:00:00,103135.8,103364.0,103116.0,103279.1,1051.056,108536406.0331
2025-05-09 20:30:00,103279.1,103279.2,103084.0,103153.7,676.789,69822187.1594
2025-05-09 21:00:00,103153.7,103187.0,102736.3,102897.6,1469.015,151198353.7323
2025-05-09 21:30:00,102897.6,102953.6,102728.9,102945.0,481.317,49504977.1145
2025-05-09 22:00:00,102945.0,103027.5,102876.6,103005.0,460.088,47372726.3484
2025-05-09 22:30:00,103005.0,103031.3,102705.6,102736.7,553.995,56979389.7806
2025-05-09 23:00:00,102736.7,102927.2,102692.2,102895.2,347.226,35698392.1245
2025-05-09 23:30:00,102895.2,102944.0,102844.0,102931.2,268.036,27581549.4424
2025-05-10 00:00:00,102931.2,103084.0,102877.0,102902.3,805.724,82977024.4552
2025-05-10 00:30:00,102902.3,102955.1,102772.0,102816.4,462.78,47595592.9186
2025-05-10 01:00:00,102816.4,103042.3,102815.5,103016.8,400.351,41222377.1316
2025-05-10 01:30:00,103016.8,103079.8,102861.5,102941.8,503.204,51811073.8332
2025-05-10 02:00:00,102941.8,103034.6,102908.7,102973.2,239.949,24709502.0306
2025-05-10 02:30:00,102973.2,103239.4,102961.2,103117.1,582.221,60045920.5652
2025-05-10 03:00:00,103117.1,103132.6,102950.0,102999.0,254.833,26257660.3683
2025-05-10 03:30:00,102999.0,103189.3,102999.0,103182.8,329.423,33968063.8527
2025-05-10 04:00:00,103182.8,103182.9,103005.3,103089.8,629.427,64896186.129
2025-05-10 04:30:00,103089.8,103153.3,103030.0,103122.9,255.628,26358690.8356
2025-05-10 05:00:00,103122.9,103284.0,103054.9,103142.4,987.552,101881187.4944
2025-05-10 05:30:00,103142.4,103327.0,103059.5,103323.1,411.059,42429345.8839
2025-05-10 06:00:00,103323.1,103687.5,103323.0,103687.4,1893.297,195937774.2226
2025-05-10 06:30:00,103687.4,103955.0,103505.4,103905.6,2331.862,241816643.2692
2025-05-10 07:00:00,103905.6,104079.9,103640.0,103714.9,1817.424,188755926.9165
2025-05-10 07:30:00,103714.9,103849.0,103608.5,103727.5,1024.063,106198281.2911
2025-05-10 08:00:00,103727.5,104050.0,103696.3,103972.9,1272.596,132194286.8491
2025-05-10 08:30:00,103972.9,103986.8,103425.6,103608.0,1656.953,171760991.2927
2025-05-10 09:00:00,103608.0,103643.9,103328.1,103569.7,1713.455,177254596.3834
2025-05-10 09:30:00,103569.7,103900.0,103509.2,103747.1,895.951,92966153.6005
2025-05-10 10:00:00,103747.1,103875.7,103697.5,103723.3,474.977,49294366.8892
2025-05-10 10:30:00,103723.3,103820.5,103555.7,103562.4,841.303,87231265.4728
2025-05-10 11:00:00,103562.4,103628.8,103483.9,103517.2,653.65,67685922.4231
2025-05-10 11:30:00,103517.2,103528.1,103353.1,103399.2,752.402,77819793.2209
2025-05-10 12:00:00,103399.2,103750.0,103388.8,103700.0,894.589,92669979.7109
2025-05-10 12:30:00,103700.0,103792.8,103600.2,103659.8,658.978,68326075.2158
2025-05-10 13:00:00,103659.8,103761.7,103472.2,103540.0,1073.478,111172700.2875
2025-05-10 13:30:00,103540.0,103668.2,103491.2,103584.3,611.572,63348283.4559
2025-05-10 14:00:00,103584.3,103618.3,103380.0,103455.4,721.276,74639781.6608
2025-05-10 14:30:00,103455.4,103590.3,103422.8,103480.1,384.948,39835478.4264
2025-05-10 15:00:00,103480.1,103491.4,103382.0,103433.5,423.139,43766674.5853
2025-05-10 15:30:00,103433.5,103456.8,103053.6,103100.6,1636.512,168931516.2286
2025-05-10 16:00:00,103100.6,103480.0,103100.0,103272.4,1200.401,123947757.4367
2025-05-10 16:30:00,103272.4,103460.0,103218.5,103395.5,663.885,68605074.5213
2025-05-10 17:00:00,103395.5,103497.5,103283.6,103390.8,714.056,73842408.2781
2025-05-10 17:30:00,103390.8,103585.7,103122.0,103132.0,1479.878,152896814.9835
2025-05-10 18:00:00,103132.0,103272.8,103100.0,103180.6,520.269,53671385.4967
2025-05-10 18:30:00,103180.6,103263.1,102880.0,103198.8,1420.766,146446935.2416
2025-05-10 19:00:00,103198.8,103220.6,103038.5,103183.3,324.305,33441983.6463
2025-05-10 19:30:00,103183.3,103262.5,103100.0,103141.2,234.528,24204844.7658
2025-05-10 20:00:00,103141.2,103224.4,103017.7,103182.1,318.819,32885166.7833
2025-05-10 20:30:00,103182.1,103276.9,103118.1,103152.2,364.898,37659454.8319
2025-05-10 21:00:00,103152.2,103287.9,103115.5,103166.7,467.018,48188995.1592
2025-05-10 21:30:00,103166.7,103767.1,103166.6,103706.1,1262.462,130672811.8293
2025-05-10 22:00:00,103706.1,103779.0,103497.3,103577.5,797.252,82614167.4874
2025-05-10 22:30:00,103577.5,103800.0,103531.8,103539.0,495.525,51357457.0788
2025-05-10 23:00:00,103539.0,104986.7,103521.0,104768.2,6578.575,687477607.6821
2025-05-10 23:30:00,104768.2,104829.8,104238.0,104782.3,3189.255,333281972.1905
2025-05-11 00:00:00,104782.3,104936.7,103877.3,103892.0,3434.923,359082910.834
2025-05-11 00:30:00,103892.0,104555.0,103892.0,104394.0,1580.069,164802031.6244
2025-05-11 01:00:00,104394.0,104515.1,104100.0,104358.8,1030.585,107498984.1497
2025-05-11 01:30:00,104358.8,104474.9,103850.0,104107.7,1408.424,146686506.8477
2025-05-11 02:00:00,104107.7,104230.8,103860.0,104103.0,1105.943,115042777.0899
2025-05-11 02:30:00,104103.0,104250.0,103342.3,103713.7,3762.252,389934402.8261
2025-05-11 03:00:00,103713.7,103955.0,103593.8,103947.0,1843.692,191359923.5949
2025-05-11 03:30:00,103947.0,104161.8,103748.3,103961.9,1457.229,151584997.5744
2025-05-11 04:00:00,103961.9,104368.0,103950.6,104194.0,1427.309,148744996.0711
2025-05-11 04:30:00,104194.0,104257.2,104035.4,104129.9,635.791,66212500.4146
2025-05-11 05:00:00,104129.9,104180.0,103833.2,103850.0,1025.457,106621317.1682
2025-05-11 05:30:00,103850.0,104000.0,103767.1,103802.0,682.168,70869584.2147
2025-05-11 06:00:00,103802.0,103932.1,103672.0,103905.7,938.248,97394250.2802
2025-05-11 06:30:00,103905.7,103947.3,103573.0,103813.1,965.951,100209555.4826
2025-05-11 07:00:00,103813.1,103829.2,103535.8,103629.9,1000.888,103739512.6817
2025-05-11 07:30:00,103629.9,103663.4,103250.0,103354.3,1651.664,170854182.501
2025-05-11 08:00:00,103354.3,104001.7,103331.0,103814.0,1742.251,180813355.9787
2025-05-11 08:30:00,103814.0,103944.2,103689.3,103787.7,844.908,87701927.8786
2025-05-11 09:00:00,103787.7,104291.8,103783.2,104267.4,1266.902,131883328.1904
2025-05-11 09:30:00,104267.4,104449.6,104192.0,104300.9,888.525,92685365.6787
2025-05-11 10:00:00,104300.9,104449.9,104131.3,104448.4,1055.991,110139015.5809
2025-05-11 10:30:00,104448.4,104620.4,104291.4,104595.2,843.262,88072174.7006
2025-05-11 11:00:00,104595.2,104731.0,104333.7,104492.0,1266.447,132399863.2963
2025-05-11 11:30:00,104492.0,104640.0,104359.9,104600.9,593.452,62003274.981
2025-05-11 12:00:00,104600.9,104855.0,104581.9,104620.0,1334.228,139707406.8048
2025-05-11 12:30:00,104620.0,104767.9,104480.3,104560.1,805.845,84315131.7364
2025-05-11 13:00:00,104560.1,104622.9,104198.4,104283.5,976.855,102008495.0331
2025-05-11 13:30:00,104283.5,104484.8,103900.0,103940.0,2500.82,260612036.8629
2025-05-11 14:00:00,103940.0,104035.5,103750.0,103890.5,2448.46,254430485.4161
2025-05-11 14:30:00,103890.5,104268.2,103853.5,104145.8,1407.526,146579261.1558
2025-05-11 15:00:00,104145.8,104646.0,104045.6,104308.4,2154.437,224907911.3051
2025-05-11 15:30:00,104308.4,104400.0,103863.7,104097.0,1825.339,190067938.5376
2025-05-11 16:00:00,104097.0,104145.8,103713.3,104060.5,2020.713,209978390.2135
2025-05-11 16:30:00,104060.5,104105.2,103784.6,103961.1,656.747,68248293.2488
2025-05-11 17:00:00,103961.1,104134.9,103758.4,103885.3,901.307,93680439.6813
2025-05-11 17:30:00,103885.3,104064.0,103793.1,104006.3,790.203,82132249.528
2025-05-11 18:00:00,104006.3,104074.0,103835.3,103890.3,622.258,64680869.5527
2025-05-11 18:30:00,103890.3,104812.0,103821.2,104503.8,2750.786,287375191.9386
2025-05-11 19:00:00,104503.8,104639.2,104387.8,104507.6,1071.612,111993456.492
2025-05-11 19:30:00,104507.6,104612.6,104330.1,104402.0,526.386,54994966.8757
2025-05-11 20:00:00,104402.0,104423.3,104121.0,104351.8,658.373,68660650.7655
2025-05-11 20:30:00,104351.8,104421.6,104211.7,104242.3,414.02,43182609.9143
2025-05-11 21:00:00,104242.3,104265.0,103970.0,104174.1,1154.271,120208250.31
2025-05-11 21:30:00,104174.1,104370.4,103937.8,104343.3,792.398,82536244.7123
2025-05-11 22:00:00,104343.3,104564.6,103770.1,103919.0,2067.745,215092591.2903
2025-05-11 22:30:00,103919.0,104011.8,103540.0,103763.4,1870.68,193987062.452
2025-05-11 23:00:00,103763.4,103989.9,103725.0,103951.7,771.613,80145846.8781
2025-05-11 23:30:00,103951.7,104099.8,103733.0,104080.0,494.123,51360189.604
2025-05-12 00:00:00,104080.0,104450.1,104027.2,104374.5,1074.712,112090021.5236
2025-05-12 00:30:00,104374.5,104616.7,104289.1,104564.4,1855.939,193967605.5378
2025-05-12 01:00:00,104564.4,105133.7,104137.3,104261.6,4397.4,460723964.6136
2025-05-12 01:30:00,104261.6,104274.5,103715.8,103954.1,2069.666,215117738.7969
2025-05-12 02:00:00,103954.1,104174.4,103853.3,103921.6,1067.707,111083425.9847
2025-05-12 02:30:00,103921.6,104072.5,103666.0,103863.3,1293.702,134392999.9849
2025-05-12 03:00:00,103863.3,104032.4,103677.3,103844.4,837.785,87016011.2469
2025-05-12 03:30:00,103844.4,104076.4,103769.8,104072.7,710.184,73793233.557
2025-05-12 04:00:00,104072.7,104139.0,103800.0,103870.5,1011.55,105210754.1527
2025-05-12 04:30:00,103870.5,104101.2,103823.0,104045.2,647.796,67359864.1488
2025-05-12 05:00:00,104045.2,104057.9,103760.0,103780.4,1026.637,106634010.6776
2025-05-12 05:30:00,103780.4,103986.4,103730.8,103934.0,556.514,57801169.1892
2025-05-12 06:00:00,103934.0,104200.0,103777.0,104185.3,898.153,93410266.8426
2025-05-12 06:30:00,104185.3,104398.0,104157.6,104367.2,1097.226,114431920.0794
2025-05-12 07:00:00,104367.2,105842.1,104367.2,105422.7,12874.087,1355459277.1869
2025-05-12 07:30:00,105422.7,105670.0,104115.7,104434.5,6982.393,731510487.5447
2025-05-12 08:00:00,104434.5,104488.2,104036.7,104271.5,2608.428,271959629.2918
2025-05-12 08:30:00,104271.5,104721.2,104199.9,104577.5,1493.023,156040395.8953
2025-05-12 09:00:00,104577.5,104648.7,104346.4,104476.6,907.385,94789166.9922
2025-05-12 09:30:00,104476.6,104504.5,104330.0,104410.4,983.436,102672668.5771
2025-05-12 10:00:00,104410.4,104487.7,104107.8,104283.1,1667.012,173820522.8515
2025-05-12 10:30:00,104283.1,104500.3,104237.8,104479.7,821.651,85755568.9933
2025-05-12 11:00:00,104479.7,104585.1,104250.0,104317.4,1154.606,120587341.1587
2025-05-12 11:30:00,104317.4,104333.0,103580.0,103712.3,4030.951,418810876.1975
2025-05-12 12:00:00,103712.3,103994.4,103662.2,103953.4,2250.594,233675213.8036
2025-05-12 12:30:00,103953.4,104109.0,103830.3,103843.4,1357.09,141121783.7835
2025-05-12 13:00:00,103843.4,104358.6,103825.0,104129.9,2019.442,210324635.9883
2025-05-12 13:30:00,104129.9,104614.0,103628.9,104286.3,4949.756,515511188.6852
2025-05-12 14:00:00,104286.3,104342.8,102522.4,102900.9,8445.969,872897053.4183
2025-05-12 14:30:00,102900.9,103444.0,102506.1,102763.6,7004.069,721618977.66
2025-05-12 15:00:00,102763.6,103168.3,102334.0,102925.9,4969.22,510543659.6754
2025-05-12 15:30:00,102925.9,102943.0,102303.5,102470.1,3348.931,343520887.5182
2025-05-12 16:00:00,102470.1,102985.3,102361.4,102938.2,2640.38,271166209.3219
2025-05-12 16:30:00,102938.2,103039.2,102700.0,102804.1,1270.195,130695605.5695
2025-05-12 17:00:00,102804.1,103050.0,102640.2,102865.3,794.265,81706929.7353
2025-05-12 17:30:00,102865.3,102941.7,102475.3,102507.2,1675.057,171993624.2518
2025-05-12 18:00:00,102507.2,102611.8,101552.0,101563.1,8067.002,822720937.1709
2025-05-12 18:30:00,101563.1,101734.8,100688.0,101578.0,9599.328,971911797.5162
2025-05-12 19:00:00,101578.0,102056.6,101513.5,101609.9,2985.321,303955350.7614
2025-05-12 19:30:00,101609.9,101880.8,101421.0,101803.0,1335.541,135808152.912
2025-05-12 20:00:00,101803.0,102232.1,101723.7,102196.0,1466.472,149512531.8281
2025-05-12 20:30:00,102196.0,102847.5,102153.0,102631.2,2623.554,269019404.5242
2025-05-12 21:00:00,102631.2,102700.0,102317.9,102317.9,1034.46,106025188.7941
2025-05-12 21:30:00,102317.9,102586.3,102317.6,102456.9,562.156,57595980.5696
2025-05-12 22:00:00,102456.9,102752.9,102303.5,102702.2,1166.413,119714529.7191
2025-05-12 22:30:00,102702.2,102899.9,102685.8,102823.3,913.945,93957615.6178
2025-05-12 23:00:00,102823.3,103098.2,102823.3,103059.3,997.966,102756801.0253
2025-05-12 23:30:00,103059.3,103062.5,102746.0,102746.0,1159.942,119290336.7781
2025-05-13 00:00:00,102746.0,102746.1,102361.0,102499.1,1243.221,127495303.1152
2025-05-13 00:30:00,102499.1,102518.9,102111.2,102229.4,1327.644,135830369.8478
2025-05-13 01:00:00,102229.4,102672.1,102178.0,102424.3,1034.793,106058168.1628
2025-05-13 01:30:00,102424.3,102499.5,102024.4,102352.2,1251.097,127920026.9136
2025-05-13 02:00:00,102352.2,102660.0,101639.0,102242.0,3239.975,330581956.3729
2025-05-13 02:30:00,102242.0,102260.0,101750.0,102020.1,992.266,101177304.2612
2025-05-13 03:00:00,102020.1,102125.0,101457.7,101553.9,1136.119,115612619.1156
2025-05-13 03:30:00,101553.9,101802.0,101380.0,101666.7,1806.075,183472705.5249
2025-05-13 04:00:00,101666.7,102315.4,101560.1,102310.4,2073.091,211342194.2135
2025-05-13 04:30:00,102310.4,102716.9,102310.3,102688.6,1584.824,162467273.1142
2025-05-13 05:00:00,102688.6,102688.7,102500.0,102514.7,997.684,102332305.5906
2025-05-13 05:30:00,102514.7,102528.3,102228.0,102423.4,924.263,94599483.7442
2025-05-13 06:00:00,102423.4,102641.8,102277.7,102324.3,967.399,99138747.5245
2025-05-13 06:30:00,102324.3,102561.9,102312.4,102499.9,489.506,50155505.8279
2025-05-13 07:00:00,102499.9,102908.8,102499.7,102746.4,1286.407,132168221.4606
2025-05-13 07:30:00,102746.4,102790.5,102588.3,102627.9,850.827,87339511.3118
2025-05-13 08:00:00,102627.9,102917.8,102505.0,102539.9,1299.269,133455366.0123
2025-05-13 08:30:00,102539.9,102792.7,102527.3,102668.6,491.479,50464674.6467
2025-05-13 09:00:00,102668.6,103248.9,102668.6,103200.8,1737.869,179085684.2437
2025-05-13 09:30:00,103200.8,103466.9,103153.1,103405.3,1877.748,194092066.7339
2025-05-13 10:00:00,103405.3,103470.3,103223.1,103457.2,1277.584,132047928.1943
2025-05-13 10:30:00,103457.2,103574.6,103350.0,103515.6,1194.321,123576460.8099
2025-05-13 11:00:00,103515.6,103628.0,103411.2,103570.0,977.114,101152982.825
2025-05-13 11:30:00,103570.0,103788.0,103530.5,103683.5,1665.93,172736093.0377
2025-05-13 12:00:00,103683.5,103783.0,103409.1,103496.3,1933.402,200214624.8654
2025-05-13 12:30:00,103496.3,103933.3,103271.7,103628.9,6589.57,683319273.7674
2025-05-13 13:00:00,103628.9,103779.0,103433.0,103735.0,1955.466,202564344.2703
2025-05-13 13:30:00,103735.0,103886.4,103337.5,103657.1,2643.942,273949470.9726
2025-05-13 14:00:00,103657.1,103700.0,102745.0,103343.2,5683.749,586150435.8452
2025-05-13 14:30:00,103343.2,103343.5,102857.9,103140.1,1554.417,160233553.4786
2025-05-13 15:00:00,103140.1,103844.1,103085.7,103630.0,3510.104,363434447.5659
2025-05-13 15:30:00,103630.0,103687.7,103361.3,103628.2,1373.768,142209522.7172
2025-05-13 16:00:00,103628.2,104360.0,103485.3,104099.9,4735.738,492731735.3409
2025-05-13 16:30:00,104099.9,104213.2,103654.4,103670.1,1541.876,160239705.4661
2025-05-13 17:00:00,103670.1,103994.9,103650.0,103780.0,1275.436,132421562.7017
2025-05-13 17:30:00,103780.0,104260.2,103651.7,104204.6,1449.075,150780094.2685
2025-05-13 18:00:00,104204.6,104375.1,104108.6,104288.8,1506.717,157124835.6058
2025-05-13 18:30:00,104288.8,104333.2,104025.7,104306.7,1139.798,118764507.7211
2025-05-13 19:00:00,104306.7,104634.0,104100.0,104541.8,2499.837,261002352.0039
2025-05-13 19:30:00,104541.8,104949.9,104444.0,104751.3,4328.635,453219144.9979
2025-05-13 20:00:00,104751.3,104907.2,104344.5,104482.9,1592.292,166499321.3485
2025-05-13 20:30:00,104482.9,104670.0,104405.9,104509.9,636.191,66511344.8494
2025-05-13 21:00:00,104509.9,104571.2,104121.4,104452.2,1347.788,140629941.6347
2025-05-13 21:30:00,104452.2,104577.3,104172.4,104293.0,1116.803,116517462.1519
2025-05-13 22:00:00,104293.0,104398.8,104058.6,104190.8,1033.816,107709576.7285
2025-05-13 22:30:00,104190.8,104292.7,104039.0,104077.5,574.559,59844089.6255
2025-05-13 23:00:00,104077.5,104154.9,103820.0,103939.6,1124.84,116963589.3176
2025-05-13 23:30:00,103939.6,104252.8,103929.0,104070.6,643.464,67000980.8333
2025-05-14 00:00:00,104070.6,104073.6,103761.4,103851.8,987.663,102635967.6577
2025-05-14 00:30:00,103851.8,103960.2,103713.6,103856.7,593.785,61645602.4593
2025-05-14 01:00:00,103856.7,104000.0,103763.7,103845.7,1128.323,117211607.3733
2025-05-14 01:30:00,103845.7,104030.1,103624.5,103680.3,1288.319,133760239.1982
2025-05-14 02:00:00,103680.3,103738.7,103437.1,103545.3,1401.807,145210740.1579
2025-05-14 02:30:00,103545.3,103715.7,103514.2,103670.0,645.542,66895952.7759
2025-05-14 03:00:00,103670.0,103728.0,103457.2,103484.5,516.291,53458332.1892
2025-05-14 03:30:00,103484.5,103565.6,103400.0,103534.4,365.723,37850419.6607
2025-05-14 04:00:00,103534.4,103656.9,103420.0,103638.7,506.417,52424068.2104
2025-05-14 04:30:00,103638.7,103821.3,103568.4,103716.2,1190.229,123459252.2752
2025-05-14 05:00:00,103716.2,103860.0,103674.0,103712.1,807.081,83744544.3342
2025-05-14 05:30:00,103712.1,103953.0,103655.0,103860.2,935.274,97118888.4363
2025-05-14 06:00:00,103860.2,103914.1,103662.0,103731.9,556.934,57800412.4951
2025-05-14 06:30:00,103731.9,103769.5,103607.3,103710.0,525.245,54468032.0604
2025-05-14 07:00:00,103710.0,103716.6,103335.2,103435.7,937.498,97013341.9575
2025-05-14 07:30:00,103435.7,103752.9,103366.7,103664.3,778.434,80628482.6325
2025-05-14 08:00:00,103664.3,103835.0,103420.0,103600.0,1268.973,131495387.2702
2025-05-14 08:30:00,103600.0,103690.7,103150.0,103157.6,2674.139,276551210.1536
2025-05-14 09:00:00,103157.6,103272.0,102803.4,103271.9,3517.134,362427661.1776
2025-05-14 09:30:00,103271.9,103455.5,103125.4,103435.9,1181.658,122074440.0264
2025-05-14 10:00:00,103435.9,103886.4,103400.8,103782.6,2059.055,213397658.36
2025-05-14 10:30:00,103782.6,103832.5,103600.0,103668.2,1042.537,108144967.3318
2025-05-14 11:00:00,103668.2,103969.8,103668.2,103870.0,1228.516,127613904.8275
2025-05-14 11:30:00,103870.0,104138.6,103860.0,103908.2,1080.298,112354685.3214
2025-05-14 12:00:00,103908.2,104169.9,103861.2,103979.8,1332.786,138673132.0326
2025-05-14 12:30:00,103979.8,104169.0,103907.1,103965.0,965.891,100497290.3355
2025-05-14 13:00:00,103965.0,104078.4,103788.8,104046.8,1163.921,120969830.4912
2025-05-14 13:30:00,104046.8,104325.6,103436.0,103895.5,5902.051,613048468.6114
2025-05-14 14:00:00,103895.5,103900.0,103021.2,103021.2,5115.09,528753506.034
2025-05-14 14:30:00,103021.2,103402.6,102821.4,103190.7,4501.928,464344196.5215
2025-05-14 15:00:00,103190.7,103373.0,102770.1,103352.0,3143.818,323923783.78
2025-05-14 15:30:00,103352.0,103484.0,103141.3,103455.9,1361.124,140644218.6416
2025-05-14 16:00:00,103455.9,103592.9,103234.5,103395.4,1970.017,203807705.5058
2025-05-14 16:30:00,103395.4,103540.0,103103.5,103308.0,1260.497,130267034.8333
2025-05-14 17:00:00,103308.0,103365.9,102550.0,102825.1,3908.659,401987590.8407
2025-05-14 17:30:00,102825.1,103213.7,102788.1,103209.7,1148.457,118283105.8874
2025-05-14 18:00:00,103209.7,103409.6,102976.0,103205.6,1622.129,167433247.7841
2025-05-14 18:30:00,103205.6,103500.0,103122.6,103478.0,992.053,102515330.7708
2025-05-14 19:00:00,103478.0,103668.8,103401.5,103480.6,971.654,100601488.4989
2025-05-14 19:30:00,103480.6,103504.8,103193.1,103279.4,695.439,71893912.0016
2025-05-14 20:00:00,103279.4,103433.7,103238.6,103380.0,376.739,38929844.8886
2025-05-14 20:30:00,103380.0,103613.3,103323.2,103493.7,461.933,47801199.3522
2025-05-14 21:00:00,103493.7,103524.8,103367.6,103467.0,538.3,55692362.2382
2025-05-14 21:30:00,103467.0,103620.3,103382.5,103595.9,342.992,35510595.9622
2025-05-14 22:00:00,103595.9,103614.9,103412.9,103483.9,457.295,47318590.3626
2025-05-14 22:30:00,103483.9,103492.2,103381.2,103450.0,241.856,25013082.9089
2025-05-14 23:00:00,103450.0,103498.5,103300.0,103489.3,398.449,41201021.8887
2025-05-14 23:30:00,103489.3,103560.8,103439.6,103445.0,381.872,39526246.4443
2025-05-15 00:00:00,103445.0,103787.5,103425.4,103708.3,908.063,94112257.1032
2025-05-15 00:30:00,103708.3,103824.0,103625.9,103752.4,452.729,46964425.8935
2025-05-15 01:00:00,103752.4,103752.4,103400.0,103418.6,584.441,60524280.5902
2025-05-15 01:30:00,103418.6,103449.3,102900.0,102974.1,2024.747,208835322.9727
2025-05-15 02:00:00,102974.1,103155.8,102888.0,102962.1,943.149,97160454.6062
2025-05-15 02:30:00,102962.1,103101.4,102846.3,102982.5,624.789,64332697.9012
2025-05-15 03:00:00,102982.5,103085.5,102727.3,102864.9,1249.929,128570129.6844
2025-05-15 03:30:00,102864.9,102904.4,102650.1,102690.1,1063.845,109321633.0838
2025-05-15 04:00:00,102690.1,102856.0,102637.1,102790.6,971.757,99858054.7897
2025-05-15 04:30:00,102790.6,102915.7,102710.9,102848.2,724.788,74524862.8884
2025-05-15 05:00:00,102848.2,102876.7,102482.1,102500.4,1797.022,184353752.1367
2025-05-15 05:30:00,102500.4,102575.8,102276.0,102320.0,1605.629,164403234.4601
2025-05-15 06:00:00,102320.0,102638.6,102280.0,102588.0,1205.932,123579945.755
2025-05-15 06:30:00,102588.0,102597.7,102077.4,102209.1,1966.165,200991141.7851
2025-05-15 07:00:00,102209.1,102392.9,101825.0,101849.8,2638.339,269183073.6625
2025-05-15 07:30:00,101849.8,101950.1,101666.7,101729.2,2221.313,226119382.3106
2025-05-15 08:00:00,101729.2,102038.8,101710.7,102000.0,1326.41,135207449.2235
2025-05-15 08:30:00,102000.0,102275.0,101970.2,102216.9,1730.125,176748599.0247
2025-05-15 09:00:00,102216.9,102216.9,101830.2,101925.4,1232.768,125741973.6123
2025-05-15 09:30:00,101925.4,101942.8,101450.0,101769.0,2995.329,304506459.6578
2025-05-15 10:00:00,101769.0,101882.4,101576.8,101854.1,1021.378,103920282.8548
2025-05-15 10:30:00,101854.1,101854.1,101550.2,101754.0,855.372,86966874.7767
2025-05-15 11:00:00,101754.0,102275.0,101734.7,102209.9,1841.824,187969235.3812
2025-05-15 11:30:00,102209.9,102377.9,102136.9,102322.9,1306.204,133578173.0814
2025-05-15 12:00:00,102322.9,102561.4,102207.5,102488.7,1390.412,142370073.0759
2025-05-15 12:30:00,102488.7,102800.0,102397.2,102519.9,4115.564,422235851.8059
2025-05-15 13:00:00,102519.9,102750.0,102451.0,102539.1,930.488,95482152.7734
2025-05-15 13:30:00,102539.1,102745.8,101500.0,102098.9,5628.094,574437638.0214
2025-05-15 14:00:00,102098.9,102360.9,101766.8,101989.9,3796.092,387358438.3409
2025-05-15 14:30:00,101989.9,102029.8,101333.0,101960.0,4052.213,412020405.2026
2025-05-15 15:00:00,101960.0,102450.0,101888.1,102445.8,3359.949,343414637.4972
2025-05-15 15:30:00,102445.8,103200.0,102391.5,103191.8,5344.583,549808913.59
2025-05-15 16:00:00,103191.8,103333.0,103006.2,103119.4,3748.262,386637774.1992
2025-05-15 16:30:00,103119.4,103775.0,102978.0,103775.0,3301.988,341719523.2585
2025-05-15 17:00:00,103775.0,104097.5,103599.4,103921.7,2990.906,310525888.898
2025-05-15 17:30:00,103921.7,104203.9,103847.2,103925.0,2415.016,251158172.7623
2025-05-15 18:00:00,103925.0,103979.9,103418.7,103450.6,2275.946,236017987.6779
2025-05-15 18:30:00,103450.6,103553.4,102600.0,102646.2,4576.822,471451099.0826
2025-05-15 19:00:00,102646.2,103192.8,102500.0,102751.0,3899.198,400968138.2574
2025-05-15 19:30:00,102751.0,103184.2,102751.0,103100.0,1269.092,130714231.3563
2025-05-15 20:00:00,103100.0,103383.3,102836.5,103278.1,2219.109,228899845.5496
2025-05-15 20:30:00,103278.1,103451.3,103178.0,103392.0,957.071,98868004.3903
2025-05-15 21:00:00,103392.0,103392.0,102653.3,102979.5,2161.543,222547532.0484
2025-05-15 21:30:00,102979.5,103277.9,102781.8,103235.8,922.065,95036506.2399
2025-05-15 22:00:00,103235.8,103920.3,103190.0,103614.2,3159.858,327630480.9242
2025-05-15 22:30:00,103614.2,103676.0,103424.4,103444.0,933.366,96644542.4639
2025-05-15 23:00:00,103444.0,103607.6,103173.2,103459.6,1549.514,160193261.8047
2025-05-15 23:30:00,103459.6,103865.3,103459.6,103710.0,1228.513,127413840.8926
2025-05-16 00:00:00,103710.0,103933.8,103600.0,103689.7,1108.907,115078783.3938
2025-05-16 00:30:00,103689.7,103990.9,103612.9,103707.0,818.208,84942095.5119
2025-05-16 01:00:00,103707.0,103760.8,103405.9,103731.0,1881.553,194858473.1036
2025-05-16 01:30:00,103731.0,104078.3,103697.7,104001.9,2079.383,216128521.927
2025-05-16 02:00:00,104001.9,104304.8,103842.8,104231.2,2958.303,308022262.7466
2025-05-16 02:30:00,104231.2,104433.3,104029.5,104150.5,1484.643,154720119.0907
2025-05-16 03:00:00,104150.5,104255.2,103981.5,104204.4,872.49,90830915.0511
2025-05-16 03:30:00,104204.4,104279.5,103942.9,103971.6,869.079,90430725.6118
2025-05-16 04:00:00,103971.6,104138.1,103864.0,103884.6,681.397,70853194.8313
2025-05-16 04:30:00,103884.6,103933.8,103758.0,103864.7,782.345,81234905.4146
2025-05-16 05:00:00,103864.7,104100.0,103862.9,103979.2,1094.494,113817495.5483
2025-05-16 05:30:00,103979.2,104022.4,103770.6,103858.8,588.677,61160727.2838
2025-05-16 06:00:00,103858.8,103981.9,103818.2,103912.6,531.204,55196279.3819
2025-05-16 06:30:00,103912.6,104057.0,103890.4,103947.0,547.042,56879966.2849
2025-05-16 07:00:00,103947.0,104152.8,103800.1,104042.0,821.924,85452175.2451
2025-05-16 07:30:00,104042.0,104044.5,103653.1,103665.0,1192.859,123817781.924
2025-05-16 08:00:00,103665.0,103728.0,103042.2,103212.3,3033.689,313546523.9467
2025-05-16 08:30:00,103212.3,103412.0,103111.1,103342.2,1481.177,152975604.2244
2025-05-16 09:00:00,103342.2,103714.6,103342.2,103649.9,1500.508,155382558.4076
2025-05-16 09:30:00,103649.9,103777.1,103562.3,103755.1,872.146,90420137.6515
2025-05-16 10:00:00,103755.1,103842.8,103583.4,103666.8,1002.805,104011180.7691
2025-05-16 10:30:00,103666.8,103824.9,103666.7,103750.1,472.995,49073013.5693
2025-05-16 11:00:00,103750.1,103866.0,103542.2,103575.1,1107.887,114884677.9385
2025-05-16 11:30:00,103575.1,103675.2,103511.8,103622.0,953.105,98725033.2078
2025-05-16 12:00:00,103622.0,103736.8,103481.9,103557.4,670.992,69520582.0296
2025-05-16 12:30:00,103557.4,103670.0,103424.4,103448.8,1235.34,127896726.9947
2025-05-16 13:00:00,103448.8,103600.0,103400.8,103442.4,812.126,84050329.5007
2025-05-16 13:30:00,103442.4,104029.8,103365.1,103925.6,3066.361,318156090.361
2025-05-16 14:00:00,103925.6,103925.6,103440.9,103772.8,2545.675,263968911.0975
2025-05-16 14:30:00,103772.8,103772.8,103279.3,103529.9,1693.696,175238344.7981
2025-05-16 15:00:00,103529.9,104246.1,103529.9,103802.4,3339.709,347182605.7729
2025-05-16 15:30:00,103802.4,104137.0,103783.0,104137.0,1157.297,120293991.2414
2025-05-16 16:00:00,104137.0,104555.0,103911.3,103911.3,3742.395,390170163.6964
2025-05-16 16:30:00,103911.3,104176.0,103802.0,104103.9,1470.564,152873975.2359
2025-05-16 17:00:00,104103.9,104369.9,103970.0,104229.4,1469.419,153075418.7005
2025-05-16 17:30:00,104229.4,104268.2,103714.0,103807.6,1408.847,146414871.7482
2025-05-16 18:00:00,103807.6,104046.4,103780.0,103827.2,552.468,57410474.6112
2025-05-16 18:30:00,103827.2,103990.7,103633.0,103637.9,721.314,74852350.8633
2025-05-16 19:00:00,103637.9,103796.2,103534.1,103614.7,836.046,86633834.5187
2025-05-16 19:30:00,103614.7,103996.9,103600.8,103962.0,1090.243,113159134.2564
2025-05-16 20:00:00,103962.0,103972.6,103780.0,103823.4,681.452,70774525.8737
2025-05-16 20:30:00,103823.4,103823.4,103468.0,103642.6,1121.827,116208391.2209
2025-05-16 21:00:00,103642.6,103749.0,103513.0,103515.3,384.42,39846529.8571
2025-05-16 21:30:00,103515.3,103700.0,103441.2,103556.8,518.815,53735193.6568
2025-05-16 22:00:00,103556.8,103567.6,103356.4,103405.7,625.718,64719799.3346
2025-05-16 22:30:00,103405.7,103493.6,103364.3,103463.1,596.371,61664794.6423
2025-05-16 23:00:00,103463.1,103635.2,103463.0,103570.5,608.192,62979631.7573
2025-05-16 23:30:00,103570.5,103593.8,103374.6,103410.2,297.302,30757181.7025
2025-05-17 00:00:00,103410.2,103496.1,103223.6,103237.4,1112.02,114929216.3574
2025-05-17 00:30:00,103237.4,103369.9,103045.8,103302.2,1826.212,188440906.0067
2025-05-17 01:00:00,103302.2,103302.3,102660.0,102945.8,2661.927,273852254.2433
2025-05-17 01:30:00,102945.8,102980.1,102539.7,102775.2,1678.685,172441385.4773
2025-05-17 02:00:00,102775.2,103160.0,102680.0,103099.4,1824.135,187766724.4131
2025-05-17 02:30:00,103099.4,103308.1,103099.3,103222.4,909.97,93899217.9472
2025-05-17 03:00:00,103222.4,103305.1,103109.5,103236.4,598.976,61807867.7178
2025-05-17 03:30:00,103236.4,103536.0,103155.0,103459.9,1158.047,119737239.8716
2025-05-17 04:00:00,103459.9,103614.1,103415.4,103562.3,758.99,78574344.139
2025-05-17 04:30:00,103562.3,103622.8,103438.4,103602.3,696.084,72069704.0888
2025-05-17 05:00:00,103602.3,103669.4,103469.9,103503.3,584.649,60546582.683
2025-05-17 05:30:00,103503.3,103549.1,103285.1,103301.3,676.278,69914995.8258
2025-05-17 06:00:00,103301.3,103456.9,103288.8,103288.8,479.948,49621977.0234
2025-05-17 06:30:00,103288.8,103458.3,103240.0,103433.8,466.364,48205047.1923
2025-05-17 07:00:00,103433.8,103593.8,103405.7,103564.8,388.335,40193873.5468
2025-05-17 07:30:00,103564.8,103575.0,103370.3,103388.4,288.508,29844061.3179
2025-05-17 08:00:00,103388.4,103416.6,103087.1,103412.0,1182.973,122135660.6329
2025-05-17 08:30:00,103412.0,103526.1,103350.9,103367.9,513.602,53135861.7627
2025-05-17 09:00:00,103367.9,103498.9,102808.8,102839.4,2151.728,221704005.9836
2025-05-17 09:30:00,102839.4,103022.9,102774.2,102850.7,866.868,89181182.5371
2025-05-17 10:00:00,102850.7,102993.1,102785.4,102947.0,713.159,73386572.7484
2025-05-17 10:30:00,102947.0,102967.9,102747.7,102818.5,799.552,82209876.2924
2025-05-17 11:00:00,102818.5,102895.6,102700.1,102746.4,673.402,69194651.1428
2025-05-17 11:30:00,102746.4,103037.4,102746.3,102932.4,694.249,71459159.9844
2025-05-17 12:00:00,102932.4,103017.1,102841.3,102944.3,516.072,53120260.6827
2025-05-17 12:30:00,102944.3,102985.4,102852.1,102886.9,228.216,23485531.8202
2025-05-17 13:00:00,102886.9,103054.1,102771.8,102883.8,678.468,69816672.0572
2025-05-17 13:30:00,102883.8,102900.0,102600.2,102668.0,874.369,89801601.6346
2025-05-17 14:00:00,102668.0,103003.4,102667.9,102980.7,911.215,93726352.896
2025-05-17 14:30:00,102980.7,103136.0,102939.6,103082.8,767.525,79097009.3354
2025-05-17 15:00:00,103082.8,103141.1,102914.1,103054.8,611.287,62985950.0061
2025-05-17 15:30:00,103054.8,103071.5,102900.0,102900.0,334.071,34411008.2655
2025-05-17 16:00:00,102900.0,103068.7,102860.0,102958.6,317.937,32734970.9679
2025-05-17 16:30:00,102958.6,102968.3,102725.0,102905.8,718.349,73842181.1985
2025-05-17 17:00:00,102905.8,103225.2,102888.0,103187.3,754.716,77804382.4248
2025-05-17 17:30:00,103187.3,103250.0,103083.3,103085.0,436.59,45046606.0691
2025-05-17 18:00:00,103085.0,103325.0,103000.0,103152.6,1370.564,141390056.9193
2025-05-17 18:30:00,103152.6,103152.6,102932.0,102951.0,363.136,37408261.7666
2025-05-17 19:00:00,102951.0,103064.2,102875.0,103013.7,199.206,20514756.9392
2025-05-17 19:30:00,103013.7,103150.0,102971.7,103109.4,199.047,20518486.9549
2025-05-17 20:00:00,103109.4,103165.3,103030.2,103118.2,182.016,18764316.8105
2025-05-17 20:30:00,103118.2,103396.6,103118.2,103327.2,621.173,64164926.5712
2025-05-17 21:00:00,103327.2,103451.1,103120.8,103150.0,678.767,70105003.5307
2025-05-17 21:30:00,103150.0,103257.9,103078.7,103203.9,494.939,51066118.0139
2025-05-17 22:00:00,103203.9,103207.8,102881.8,102884.0,649.954,66940458.0814
2025-05-17 22:30:00,102884.0,103081.0,102852.8,102996.0,365.759,37670415.229
2025-05-17 23:00:00,102996.0,103165.7,102900.4,103125.5,266.375,27451323.0928
2025-05-17 23:30:00,103125.5,103166.7,103046.5,103081.2,263.507,27168948.2257
2025-05-18 00:00:00,103081.2,103266.7,103050.0,103212.7,428.274,44180977.0715
2025-05-18 00:30:00,103212.7,103377.0,103114.9,103325.7,750.463,77519240.003
2025-05-18 01:00:00,103325.7,103355.8,103149.8,103174.9,337.727,34874766.7671
2025-05-18 01:30:00,103174.9,103261.7,103100.0,103211.4,308.162,31795649.039
2025-05-18 02:00:00,103211.4,103289.6,103197.9,103251.2,124.682,12873521.2276
2025-05-18 02:30:00,103251.2,103309.1,103210.6,103287.9,212.461,21939276.6075
2025-05-18 03:00:00,103287.9,103336.8,103080.0,103080.0,579.197,59774543.2302
2025-05-18 03:30:00,103080.0,103277.3,103080.0,103233.7,302.855,31260783.7882
2025-05-18 04:00:00,103233.7,103274.3,103233.7,103252.3,136.404,14085180.8095
2025-05-18 04:30:00,103252.3,103402.9,103252.3,103319.2,358.237,37024546.4987
2025-05-18 05:00:00,103319.2,103488.6,103312.8,103396.1,677.523,70067773.0179
2025-05-18 05:30:00,103396.1,103640.0,103365.7,103606.3,974.967,100941477.7813
2025-05-18 06:00:00,103606.3,103633.7,103445.0,103456.8,596.478,61762381.2928
2025-05-18 06:30:00,103456.8,103456.9,103317.2,103419.5,458.635,47409333.3329
2025-05-18 07:00:00,103419.5,103550.1,103385.6,103550.1,417.252,43179676.3555
2025-05-18 07:30:00,103550.1,103956.4,103492.6,103883.4,1651.216,171330940.5378
2025-05-18 08:00:00,103883.4,104050.0,103778.8,103929.9,2025.848,210557908.2792
2025-05-18 08:30:00,103929.9,103949.0,103807.2,103868.6,541.194,56214035.4367
2025-05-18 09:00:00,103868.6,103980.0,103854.2,103914.8,597.651,62106841.6315
2025-05-18 09:30:00,103914.8,103950.0,103789.6,103824.9,587.25,60987681.575
2025-05-18 10:00:00,103824.9,103895.0,103747.4,103749.9,436.823,45346757.8945
2025-05-18 10:30:00,103749.9,103825.0,103747.5,103820.8,340.312,35321311.5154
2025-05-18 11:00:00,103820.8,103926.3,103808.9,103879.9,382.852,39764373.2735
2025-05-18 11:30:00,103879.9,103968.9,103751.2,103758.7,774.966,80480853.0079
2025-05-18 12:00:00,103758.7,103840.0,103666.7,103830.9,646.769,67098525.5084
2025-05-18 12:30:00,103830.9,103924.5,103816.8,103922.8,666.954,69282117.4041
2025-05-18 13:00:00,103922.8,103941.1,103882.3,103887.0,470.147,48850149.695
2025-05-18 13:30:00,103887.0,104790.0,103887.0,104708.6,5972.208,623322297.0394
2025-05-18 14:00:00,104708.6,104918.8,104523.5,104787.9,3542.355,370983098.3214
2025-05-18 14:30:00,104787.9,105540.0,104787.9,105247.6,5916.851,622381693.9508
2025-05-18 15:00:00,105247.6,105519.6,104944.0,105320.3,2846.337,299496235.0527
2025-05-18 15:30:00,105320.3,105687.0,105241.4,105484.4,1942.567,204898427.9142
2025-05-18 16:00:00,105484.4,105637.7,105126.0,105433.0,2771.265,291988595.3218
2025-05-18 16:30:00,105433.0,105950.0,105333.4,105782.2,3884.432,410403844.6332
2025-05-18 17:00:00,105782.2,105879.8,105363.4,105512.1,2916.278,308174573.9678
2025-05-18 17:30:00,105512.1,105703.0,104764.1,104784.4,5116.228,538446285.5109
2025-05-18 18:00:00,104784.4,104876.7,103900.1,104652.1,8500.783,887289674.8982
2025-05-18 18:30:00,104652.1,104724.8,104306.5,104461.8,1751.144,183086742.2219
2025-05-18 19:00:00,104461.8,104713.5,104395.2,104501.4,901.593,94249788.2777
2025-05-18 19:30:00,104501.4,104501.4,103817.4,103842.3,2914.298,303429978.1548
2025-05-18 20:00:00,103842.3,103937.2,103228.0,103886.8,4860.046,503437288.1139
2025-05-18 20:30:00,103886.8,104201.6,103833.4,104021.1,1328.799,138227635.4558
2025-05-18 21:00:00,104021.1,104351.9,104021.0,104276.1,1144.046,119221174.143
2025-05-18 21:30:00,104276.1,104576.4,104059.3,104138.5,1902.794,198511084.4062
2025-05-18 22:00:00,104138.5,105064.3,103916.9,105033.6,3995.701,417626595.588
2025-05-18 22:30:00,105033.6,105994.0,104897.0,105936.9,8056.656,849023207.3457
2025-05-18 23:00:00,105936.9,105980.0,105437.8,105869.4,4148.233,438535565.8762
2025-05-18 23:30:00,105869.4,106650.0,105612.4,106428.1,5539.264,588252823.9364
2025-05-19 00:00:00,106428.1,107134.3,106082.1,106087.0,7638.799,813943410.6264
2025-05-19 00:30:00,106087.0,106144.0,105124.4,105230.4,3686.082,389133427.6951
2025-05-19 01:00:00,105230.4,105385.4,104700.0,105044.8,3308.605,347417952.4095
2025-05-19 01:30:00,105044.8,105253.1,104783.8,105018.3,1525.317,160166109.4309
2025-05-19 02:00:00,105018.3,105150.0,104527.1,104858.2,2171.664,227484717.7876
2025-05-19 02:30:00,104858.2,105020.0,104530.0,104610.4,1192.186,124913435.7894
2025-05-19 03:00:00,104610.4,104610.4,104050.0,104171.1,2235.587,233052427.7622
2025-05-19 03:30:00,104171.1,104209.2,103510.6,103566.8,3129.516,324838966.4307
2025-05-19 04:00:00,103566.8,103737.0,102870.5,103265.5,6952.157,718206521.8173
2025-05-19 04:30:00,103265.5,103487.9,102750.0,102964.0,3197.815,329564094.0781
2025-05-19 05:00:00,102964.0,103027.5,102577.7,102669.0,3141.847,322968307.9922
2025-05-19 05:30:00,102669.0,103063.3,102422.1,102983.9,3835.625,394397469.5982
2025-05-19 06:00:00,102983.9,103136.5,102508.9,102555.1,3274.177,336542595.41
2025-05-19 06:30:00,102555.1,102566.5,102000.0,102155.3,5646.386,577435799.0309
2025-05-19 07:00:00,102155.3,102850.5,102112.0,102763.2,2346.651,240733127.5838
2025-05-19 07:30:00,102763.2,103299.9,102750.0,103169.4,2597.495,267792268.5363
2025-05-19 08:00:00,103169.4,103300.0,102929.5,103197.2,1573.256,162276488.2503
2025-05-19 08:30:00,103197.2,103205.6,102866.4,103186.6,983.314,101339813.5721
2025-05-19 09:00:00,103186.6,103392.0,102945.3,103199.0,1858.696,191754752.1033
2025-05-19 09:30:00,103199.0,103270.0,102975.8,103020.3,756.309,77990404.5135
2025-05-19 10:00:00,103020.3,103045.5,102799.9,102997.6,1584.636,163064410.8864
2025-05-19 10:30:00,102997.6,103035.0,102837.3,102881.9,807.166,83095487.6926
2025-05-19 11:00:00,102881.9,103019.1,102733.1,103009.9,741.08,76244294.2898
2025-05-19 11:30:00,103009.9,103018.4,102867.4,102910.8,497.554,51226855.5783
2025-05-19 12:00:00,102910.8,102910.9,102400.1,102555.3,2313.36,237372825.1679
2025-05-19 12:30:00,102555.3,102575.0,102100.0,102432.0,2685.608,274751727.7991
2025-05-19 13:00:00,102432.0,102545.0,102274.8,102465.3,1228.526,125835658.2398
2025-05-19 13:30:00,102465.3,103495.8,102326.2,103239.7,4801.268,494587291.8468
2025-05-19 14:00:00,103239.7,103710.0,103131.7,103369.9,3599.041,372264367.8095
2025-05-19 14:30:00,103369.9,104348.1,103360.3,104301.1,5270.022,547975769.3515
2025-05-19 15:00:00,104301.1,104671.8,104239.0,104415.0,4416.342,461339701.3523
2025-05-19 15:30:00,104415.0,104952.3,104386.3,104749.7,3859.312,404360472.8418
2025-05-19 16:00:00,104749.7,105149.3,104462.6,105079.9,4909.976,514520034.0012
2025-05-19 16:30:00,105079.9,105400.0,104727.9,105309.1,2806.666,294965534.4116
2025-05-19 17:00:00,105309.1,105500.0,104900.0,105189.5,5208.1,547915452.6451
2025-05-19 17:30:00,105189.5,105411.1,105031.4,105335.8,2217.316,233324436.4219
2025-05-19 18:00:00,105335.8,105500.0,104999.0,105097.7,3344.002,351896770.5653
2025-05-19 18:30:00,105097.7,105097.7,104663.9,104743.6,3910.267,409953469.8575
2025-05-19 19:00:00,104743.6,105017.3,104573.1,104858.7,2420.774,253737789.3884
2025-05-19 19:30:00,104858.7,105500.0,104858.7,105461.7,3267.69,343973218.5986
2025-05-19 20:00:00,105461.7,105736.6,105341.0,105671.9,2706.653,285715022.4595
2025-05-19 20:30:00,105671.9,105672.0,105268.9,105429.7,1329.242,140095748.9763
2025-05-19 21:00:00,105429.7,105499.1,104947.2,104992.9,937.753,98697000.7076
2025-05-19 21:30:00,104992.9,105431.1,104976.7,105392.5,1232.466,129647093.9804
2025-05-19 22:00:00,105392.5,105500.0,105130.3,105151.8,1202.837,126690497.287
2025-05-19 22:30:00,105151.8,105606.6,105151.8,105512.4,1247.088,131498401.0075
2025-05-19 23:00:00,105512.4,105798.4,105432.5,105435.1,1224.069,129333687.1998
2025-05-19 23:30:00,105435.1,105648.9,105409.4,105538.0,502.711,53054329.0748
2025-05-20 00:00:00,105538.0,106560.0,105531.0,105615.4,6720.276,712590257.8849
2025-05-20 00:30:00,105615.4,106133.5,105540.7,105685.8,2857.536,302442014.9167
2025-05-20 01:00:00,105685.8,106238.8,105661.7,106064.3,2087.468,221228868.7909
2025-05-20 01:30:00,106064.3,106771.7,106057.3,106412.9,3229.846,343820878.3218
2025-05-20 02:00:00,106412.9,106844.4,106404.0,106438.8,3256.03,347175002.7536
2025-05-20 02:30:00,106438.8,106498.4,105964.0,106079.1,4041.439,429315318.1313
2025-05-20 03:00:00,106079.1,106155.7,105802.0,106027.3,2470.702,261865132.6332
2025-05-20 03:30:00,106027.3,106033.3,105471.6,105718.4,1915.773,202467230.1705
2025-05-20 04:00:00,105718.4,105762.9,105488.8,105499.9,916.83,96795819.9551
2025-05-20 04:30:00,105499.9,106215.9,105487.7,106179.9,2460.777,260578529.0094
2025-05-20 05:00:00,106179.9,106379.9,106027.8,106298.9,1523.797,161872500.777
2025-05-20 05:30:00,106298.9,106314.2,106052.7,106078.3,1450.525,154019679.7662
2025-05-20 06:00:00,106078.3,106186.4,105333.7,105438.0,2501.857,264302993.2948
2025-05-20 06:30:00,105438.0,105618.9,105380.0,105409.4,1027.684,108412479.3773
2025-05-20 07:00:00,105409.4,105698.5,105186.4,105468.9,1685.999,177825227.6587
2025-05-20 07:30:00,105468.9,105519.0,104842.4,104958.2,2907.293,305468137.2632
2025-05-20 08:00:00,104958.2,105184.3,104827.3,104839.3,1815.098,190592671.3301
2025-05-20 08:30:00,104839.3,105187.0,104807.7,105163.3,1080.564,113500075.0287
2025-05-20 09:00:00,105163.3,105282.5,105118.7,105264.7,962.161,101237616.6124
2025-05-20 09:30:00,105264.7,105341.0,105201.5,105231.0,692.293,72888726.1021
2025-05-20 10:00:00,105231.0,105375.0,105053.8,105200.0,847.709,89184111.728
2025-05-20 10:30:00,105200.0,105200.1,104948.6,104969.4,1205.859,126644537.4887
2025-05-20 11:00:00,104969.4,105135.0,104865.8,105101.5,1143.263,120007917.3219
2025-05-20 11:30:00,105101.5,105301.8,105101.4,105163.1,1046.376,110096872.6027
2025-05-20 12:00:00,105163.1,105169.7,104742.2,104774.0,2119.278,222348219.5311
2025-05-20 12:30:00,104774.0,104804.1,104600.0,104717.9,1597.494,167234006.325
2025-05-20 13:00:00,104717.9,104816.2,104536.7,104562.2,1284.066,134367478.8199
2025-05-20 13:30:00,104562.2,104581.9,104125.4,104396.8,5447.363,568362375.5924
2025-05-20 14:00:00,104396.8,104935.8,104233.7,104648.0,4114.143,430400870.612
2025-05-20 14:30:00,104648.0,104910.8,104463.2,104480.4,2593.814,271515535.4321
2025-05-20 15:00:00,104480.4,105052.0,104434.9,105034.9,1372.482,143784875.9773
2025-05-20 15:30:00,105034.9,105353.7,104970.6,105287.3,2237.745,235320894.182
2025-05-20 16:00:00,105287.3,105481.0,105030.0,105212.2,1703.955,179376162.6992
2025-05-20 16:30:00,105212.2,105415.9,105135.9,105162.1,601.022,63276740.6863
2025-05-20 17:00:00,105162.1,106122.1,105161.8,106069.2,4586.053,485566568.8701
2025-05-20 17:30:00,106069.2,106299.8,105941.6,106150.0,2369.39,251466631.0595
2025-05-20 18:00:00,106150.0,106368.3,105675.5,105721.0,3831.52,406321693.1676
2025-05-20 18:30:00,105721.0,106009.5,105166.0,105230.7,3915.11,413179761.5457
2025-05-20 19:00:00,105230.7,106359.0,105157.1,106243.8,3858.54,408316814.1367
2025-05-20 19:30:00,106243.8,107237.1,106241.0,106986.0,9116.456,973421442.3481
2025-05-20 20:00:00,106986.0,107040.0,106340.5,106660.4,4964.37,529706782.7833
2025-05-20 20:30:00,106660.4,107292.4,106431.1,106867.1,3522.822,376800993.4134
2025-05-20 21:00:00,106867.1,107194.2,106266.0,106266.0,2986.105,318561373.843
2025-05-20 21:30:00,106266.0,106731.5,106088.0,106570.5,2011.675,214053874.1904
2025-05-20 22:00:00,106570.5,106725.1,105888.0,106311.9,2966.774,315153231.5735
2025-05-20 22:30:00,106311.9,106845.0,106124.3,106730.1,2050.842,218456217.3787
2025-05-20 23:00:00,106730.1,107159.3,106632.0,106934.4,2666.62,285132910.1709
2025-05-20 23:30:00,106934.4,106974.1,106577.0,106808.2,1822.076,194528446.3551
2025-05-21 00:00:00,106808.2,107225.3,106516.9,106561.7,3555.786,379896357.9922
2025-05-21 00:30:00,106561.7,106875.6,106412.5,106697.9,1864.641,198834821.357
2025-05-21 01:00:00,106697.9,107055.6,106610.3,106740.0,1545.7,165128372.434
2025-05-21 01:30:00,106740.0,106836.8,106365.8,106433.9,824.746,87931411.2268
2025-05-21 02:00:00,106433.9,106494.7,106136.0,106440.7,2051.39,218112598.4705
2025-05-21 02:30:00,106440.7,106876.9,106401.0,106801.0,1344.873,143499152.0388
2025-05-21 03:00:00,106801.0,106983.9,106680.6,106958.9,1442.565,154113203.057
2025-05-21 03:30:00,106958.9,107054.9,106714.9,106788.0,1205.954,128960426.9824
2025-05-21 04:00:00,106788.0,106960.0,106667.0,106772.1,667.761,71321857.0684
2025-05-21 04:30:00,106772.1,107774.2,106750.0,107251.0,7272.993,781130324.977
2025-05-21 05:00:00,107251.0,107696.6,107249.1,107510.0,4193.945,450954529.2246
2025-05-21 05:30:00,107510.0,107716.7,107310.0,107500.7,2011.77,216199005.4478
2025-05-21 06:00:00,107500.7,108033.3,107264.2,107835.2,3116.757,335663857.7165
2025-05-21 06:30:00,107835.2,107979.9,107689.6,107718.4,2974.645,320847887.4683
2025-05-21 07:00:00,107718.4,107830.2,106720.3,106915.2,4875.771,522579933.1248
2025-05-21 07:30:00,106915.2,106921.6,106369.6,106426.7,5624.274,599452515.4169
2025-05-21 08:00:00,106426.7,106732.4,106269.7,106400.1,3149.441,335245962.2509
2025-05-21 08:30:00,106400.1,106470.0,106292.2,106318.9,1293.753,137613706.5914
2025-05-21 09:00:00,106318.9,106469.1,106102.9,106281.8,2288.97,243214528.6332
2025-05-21 09:30:00,106281.8,106281.9,106001.8,106137.5,1496.917,158830141.0876
2025-05-21 10:00:00,106137.5,106388.0,106068.8,106206.6,1889.258,200645488.4459
2025-05-21 10:30:00,106206.6,106327.7,106177.5,106260.6,1051.591,111735620.3924
2025-05-21 11:00:00,106260.6,106639.5,106194.3,106606.2,2335.344,248571467.1919
2025-05-21 11:30:00,106606.2,106624.9,106397.5,106490.0,929.191,98958847.4708
2025-05-21 12:00:00,106490.0,106825.0,106350.0,106778.3,1843.494,196581242.642
2025-05-21 12:30:00,106778.3,106778.3,106411.6,106505.1,1433.637,152752444.0521
2025-05-21 13:00:00,106505.1,106604.6,106255.4,106392.7,1292.084,137451372.2651
2025-05-21 13:30:00,106392.7,107621.4,106392.7,107199.6,8158.08,873693854.4046
2025-05-21 14:00:00,107199.6,107692.9,107077.6,107282.2,4418.064,474335711.6406
2025-05-21 14:30:00,107282.2,109087.7,106951.5,109033.7,13598.221,1471921910.5601
2025-05-21 15:00:00,109033.7,109472.8,108450.1,108892.2,15094.052,1645803880.448
2025-05-21 15:30:00,108892.2,109208.7,108310.0,108941.9,7428.88,807667141.699
2025-05-21 16:00:00,108941.9,109250.0,108658.2,109061.7,4630.306,504680991.4673
2025-05-21 16:30:00,109061.7,109833.0,109036.1,109113.9,9499.253,1039923108.207
2025-05-21 17:00:00,109113.9,109341.7,106839.9,106910.0,14120.752,1524792434.9357
2025-05-21 17:30:00,106910.0,107706.2,106078.5,106558.0,22302.199,2383781212.571
2025-05-21 18:00:00,106558.0,107077.6,106254.4,106627.5,5985.325,638673179.1454
2025-05-21 18:30:00,106627.5,107366.6,106595.8,106905.9,4652.016,497809072.4269
2025-05-21 19:00:00,106905.9,107242.1,106560.9,107169.9,2654.077,283675902.269
2025-05-21 19:30:00,107169.9,108789.5,107169.9,108554.7,9097.04,983925195.6605
2025-05-21 20:00:00,108554.7,108685.3,108020.0,108145.0,4277.487,463258083.7114
2025-05-21 20:30:00,108145.0,108211.7,107657.9,108181.9,3116.295,336340093.1635
2025-05-21 21:00:00,108181.9,108385.0,107863.2,108025.5,2217.465,239895285.2799
2025-05-21 21:30:00,108025.5,108513.0,108017.3,108360.7,1483.205,160711751.063
2025-05-21 22:00:00,108360.7,108580.0,108228.1,108580.0,1086.225,117777812.2288
2025-05-21 22:30:00,108580.0,108997.6,108579.9,108690.1,3747.759,407797229.7276
2025-05-21 23:00:00,108690.1,110800.0,108608.0,109719.5,14140.672,1553408347.6282
2025-05-21 23:30:00,109719.5,110091.4,109305.8,109608.7,6486.553,711456816.8
2025-05-22 00:00:00,109608.7,110149.3,109450.0,109659.3,5406.643,594013556.6453
2025-05-22 00:30:00,109659.3,109949.3,109150.0,109924.6,4691.607,513850665.5407
2025-05-22 01:00:00,109924.6,110536.8,109800.0,109969.7,5465.006,602154918.9008
2025-05-22 01:30:00,109969.7,110290.8,109631.1,109890.0,2401.022,263869917.0615
2025-05-22 02:00:00,109890.0,110588.0,109797.9,110401.6,3145.882,346716666.8903
2025-05-22 02:30:00,110401.6,110969.5,110280.0,110438.6,3674.863,406601548.5729
2025-05-22 03:00:00,110438.6,110871.0,110300.1,110726.3,1561.298,172676847.8682
2025-05-22 03:30:00,110726.3,111885.0,110676.4,111742.9,8354.29,930957522.9742
2025-05-22 04:00:00,111742.9,111771.9,111193.6,111454.2,3111.275,346615599.0488
2025-05-22 04:30:00,111454.2,111700.4,111262.4,111440.5,1842.322,205414758.6749
2025-05-22 05:00:00,111440.5,111628.2,111138.9,111405.0,1541.011,171574160.2589
2025-05-22 05:30:00,111405.0,111466.2,110777.0,110841.1,2917.474,324239456.4264
2025-05-22 06:00:00,110841.1,111155.2,110640.1,110794.8,3397.986,376810984.6817
2025-05-22 06:30:00,110794.8,110911.4,110406.5,110570.0,2149.567,237871805.6503
2025-05-22 07:00:00,110570.0,111026.4,110425.4,110682.7,2552.402,282607095.7598
2025-05-22 07:30:00,110682.7,111101.5,110596.0,110990.0,2519.221,279405603.6481
2025-05-22 08:00:00,110990.0,111129.8,110674.1,110769.2,2399.914,266234040.4715
2025-05-22 08:30:00,110769.2,110786.5,110335.5,110368.8,3121.23,344903373.3232
2025-05-22 09:00:00,110368.8,110634.4,110218.4,110626.7,2467.779,272403782.1968
2025-05-22 09:30:00,110626.7,110799.9,110484.7,110764.0,1360.618,150552480.6642
2025-05-22 10:00:00,110764.0,110918.5,110553.6,110857.2,1211.851,134211853.7677
2025-05-22 10:30:00,110857.2,110905.3,110670.2,110750.2,963.131,106694664.1072
2025-05-22 11:00:00,110750.2,110872.4,110463.4,110463.4,1460.322,161582457.7949
2025-05-22 11:30:00,110463.4,111285.0,110450.0,110923.1,3862.246,428475630.1723
2025-05-22 12:00:00,110923.1,111365.4,110741.3,111225.9,3246.78,360532580.3793
2025-05-22 12:30:00,111225.9,111589.2,111103.2,111571.6,4056.886,451962875.487
2025-05-22 13:00:00,111571.6,111590.0,111071.9,111382.7,2408.028,267964506.2934
2025-05-22 13:30:00,111382.7,111566.4,110856.8,110880.0,5711.441,634916098.3512
2025-05-22 14:00:00,110880.0,111270.0,110598.9,111221.3,4451.522,493628366.6718
2025-05-22 14:30:00,111221.3,111357.1,110495.3,110849.2,3553.0,393879551.326
2025-05-22 15:00:00,110849.2,111227.0,110734.4,111070.3,1671.65,185548500.9269
2025-05-22 15:30:00,111070.3,111500.0,110977.1,111256.6,2603.893,289741279.9614
2025-05-22 16:00:00,111256.6,111769.0,111165.7,111210.7,3399.663,379017261.3388
2025-05-22 16:30:00,111210.7,111442.6,111044.3,111216.6,1935.001,215240883.764
2025-05-22 17:00:00,111216.6,111968.0,111114.7,111673.9,3393.918,379008489.3375
2025-05-22 17:30:00,111673.9,111960.0,111355.5,111473.6,2330.896,260307475.9613
2025-05-22 18:00:00,111473.6,111690.3,111333.0,111661.8,1263.647,140932683.2971
2025-05-22 18:30:00,111661.8,111931.8,111613.6,111690.6,2059.089,230167445.5962
2025-05-22 19:00:00,111690.6,111880.0,111430.7,111859.4,1636.444,182685489.8349
2025-05-22 19:30:00,111859.4,111880.0,110846.4,111148.7,3455.586,384254840.4964
2025-05-22 20:00:00,111148.7,111393.1,110908.0,111017.0,1506.307,167450663.3117
2025-05-22 20:30:00,111017.0,111169.0,110745.6,111011.5,1794.472,199058723.6768
2025-05-22 21:00:00,111011.5,111045.3,110683.2,110751.3,1549.512,171775580.9761
2025-05-22 21:30:00,110751.3,110965.2,110689.5,110779.8,623.824,69128761.0197
2025-05-22 22:00:00,110779.8,111114.6,110779.7,111000.1,1101.783,122304834.9683
2025-05-22 22:30:00,111000.1,111198.0,110911.1,110957.8,603.894,67074057.626
2025-05-22 23:00:00,110957.8,111200.0,110957.8,111193.4,491.216,54579401.4741
2025-05-22 23:30:00,111193.4,111670.0,111165.4,111646.5,2454.647,273628495.9116
2025-05-23 00:00:00,111646.5,111758.4,111405.7,111429.1,1783.149,198931248.1196
2025-05-23 00:30:00,111429.1,111699.6,111336.3,111566.7,851.836,94974624.6134
2025-05-23 01:00:00,111566.7,111684.8,111159.2,111249.3,1115.227,124154930.4976
2025-05-23 01:30:00,111249.3,111488.6,111174.2,111286.7,634.782,70663121.3219
2025-05-23 02:00:00,111286.7,111575.7,111246.9,111547.1,870.576,97038010.0481
2025-05-23 02:30:00,111547.1,111549.1,111137.7,111223.8,1397.832,155544826.7396
2025-05-23 03:00:00,111223.8,111324.2,110974.3,110982.2,1080.574,120095127.8489
2025-05-23 03:30:00,110982.2,111140.0,110950.0,111051.8,717.133,79633641.1069
2025-05-23 04:00:00,111051.8,111137.1,110653.6,110761.1,1670.343,185171503.3914
2025-05-23 04:30:00,110761.1,110845.8,110500.4,110790.8,1727.808,191182209.2938
2025-05-23 05:00:00,110790.8,110916.7,110631.3,110676.9,781.633,86585886.5194
2025-05-23 05:30:00,110676.9,110820.2,110600.0,110811.2,649.719,71941224.5787
2025-05-23 06:00:00,110811.2,110811.2,110406.8,110531.8,1231.704,136166405.0304
2025-05-23 06:30:00,110531.8,110693.8,110349.0,110480.0,1466.61,162022066.9441
2025-05-23 07:00:00,110480.0,110794.8,110468.0,110773.3,1032.982,114339709.8147
2025-05-23 07:30:00,110773.3,110819.9,110496.8,110673.4,839.047,92851485.4815
2025-05-23 08:00:00,110673.4,110861.4,110673.4,110847.1,581.033,64361416.2769
2025-05-23 08:30:00,110847.1,110978.9,110816.3,110880.1,922.039,102247259.9905
2025-05-23 09:00:00,110880.1,111201.4,110850.4,111041.1,1376.535,152860787.1419
2025-05-23 09:30:00,111041.1,111340.3,111041.0,111278.4,1264.423,140612112.9544
2025-05-23 10:00:00,111278.4,111289.9,110748.9,110938.2,1861.165,206536053.4068
2025-05-23 10:30:00,110938.2,111150.0,110834.9,111023.2,745.905,82792847.1135
2025-05-23 11:00:00,111023.2,111060.4,110620.0,110836.3,1287.881,142696593.2453
2025-05-23 11:30:00,110836.3,110918.8,108825.9,109026.5,13887.961,1523637779.7013
2025-05-23 12:00:00,109026.5,109061.4,107263.6,108378.6,18708.928,2024104768.3898
2025-05-23 12:30:00,108378.6,108727.0,108168.0,108397.0,6607.019,716838825.1406
2025-05-23 13:00:00,108397.0,108837.6,107916.4,108663.8,5915.694,641269335.2246
2025-05-23 13:30:00,108663.8,109662.5,108588.0,109589.9,10944.242,1195639877.7272
2025-05-23 14:00:00,109589.9,109968.0,109450.9,109497.1,6256.66,686679207.2046
2025-05-23 14:30:00,109497.1,109900.0,109455.0,109610.0,3095.025,339477001.2587
2025-05-23 15:00:00,109610.0,109800.7,108927.7,109353.4,5161.523,563864008.552
2025-05-23 15:30:00,109353.4,109700.0,108853.1,108885.2,2709.603,296110648.3759
2025-05-23 16:00:00,108885.2,109175.0,107977.1,108675.0,9065.981,983438911.4197
2025-05-23 16:30:00,108675.0,109067.1,108514.6,109030.4,3999.308,435137063.8577
2025-05-23 17:00:00,109030.4,109790.2,108972.0,109731.9,3882.16,424781100.4391
2025-05-23 17:30:00,109731.9,109732.0,109209.8,109350.8,2845.885,311585370.1089
2025-05-23 18:00:00,109350.8,109451.9,108755.0,109021.2,3717.598,405317390.6529
2025-05-23 18:30:00,109021.2,109081.6,108600.9,108751.5,2924.512,318309834.006
2025-05-23 19:00:00,108751.5,109136.8,108655.7,108873.3,1878.072,204511969.9806
2025-05-23 19:30:00,108873.3,109026.5,108526.5,108655.5,1865.47,202881894.8799
2025-05-23 20:00:00,108655.5,108671.9,108419.5,108604.7,1372.94,149001328.0258
2025-05-23 20:30:00,108604.7,108604.8,108136.7,108186.9,1299.046,140719622.3974
2025-05-23 21:00:00,108186.9,108577.4,108124.9,108359.4,1413.825,153175724.9024
2025-05-23 21:30:00,108359.4,108630.3,107981.5,108239.3,1948.224,210972055.7507
2025-05-23 22:00:00,108239.3,108549.7,108165.0,108258.7,1442.591,156323078.7311
2025-05-23 22:30:00,108258.7,108357.9,107570.0,107739.6,3194.796,344503689.6997
2025-05-23 23:00:00,107739.6,107850.1,107325.0,107340.5,2360.644,253872723.1454
2025-05-23 23:30:00,107340.5,107616.7,106755.0,107275.9,5802.042,621431056.5511
2025-05-24 00:00:00,107275.9,107445.2,106832.3,107190.7,3462.897,371267245.0549
2025-05-24 00:30:00,107190.7,107639.8,107190.7,107322.1,1663.13,178681290.0537
2025-05-24 01:00:00,107322.1,107801.0,107303.3,107665.7,1589.165,171029575.1728
2025-05-24 01:30:00,107665.7,107722.1,107422.6,107422.6,730.533,78576001.5061
2025-05-24 02:00:00,107422.6,107779.5,107184.1,107730.0,1024.491,110102047.6184
2025-05-24 02:30:00,107730.0,107836.4,107625.0,107746.0,479.074,51622827.0115
2025-05-24 03:00:00,107746.0,108265.2,107690.7,108250.7,1631.368,176235365.884
2025-05-24 03:30:00,108250.7,108318.6,108039.3,108295.6,820.708,88763995.1424
2025-05-24 04:00:00,108295.6,108441.4,108236.0,108392.8,668.758,72453558.8628
2025-05-24 04:30:00,108392.8,108531.6,108334.6,108438.8,875.629,94970307.4364
2025-05-24 05:00:00,108438.8,108475.7,108165.4,108316.0,1145.865,124103977.1907
2025-05-24 05:30:00,108316.0,108398.2,108087.3,108195.9,732.103,79208780.4989
2025-05-24 06:00:00,108195.9,108298.0,107950.0,108161.3,803.049,86824434.1703
2025-05-24 06:30:00,108161.3,108161.4,107650.0,107920.1,2102.63,226684536.0456
2025-05-24 07:00:00,107920.1,108174.0,107920.0,108161.2,714.601,77218963.3229
2025-05-24 07:30:00,108161.2,108164.1,107506.1,107545.3,1547.322,166682816.8267
2025-05-24 08:00:00,107545.3,107960.1,107545.3,107852.0,1266.234,136453696.9495
2025-05-24 08:30:00,107852.0,108248.1,107800.0,108205.4,967.791,104581903.4629
2025-05-24 09:00:00,108205.4,108395.1,108130.0,108287.3,938.197,101581482.6874
2025-05-24 09:30:00,108287.3,108378.2,108119.0,108125.7,549.045,59413102.4069
2025-05-24 10:00:00,108125.7,108367.6,108106.6,108352.2,558.319,60397825.8816
2025-05-24 10:30:00,108352.2,109194.0,108334.0,109025.7,4769.135,519113829.3217
2025-05-24 11:00:00,109025.7,109454.5,109025.7,109276.0,2754.57,300974336.8978
2025-05-24 11:30:00,109276.0,109441.8,109079.8,109142.9,1673.328,182778162.7397
2025-05-24 12:00:00,109142.9,109222.0,108582.7,108786.0,3555.297,387014501.2471
2025-05-24 12:30:00,108786.0,108861.2,108625.9,108735.3,1133.742,123299921.9201
2025-05-24 13:00:00,108735.3,108839.9,108510.0,108826.2,1310.507,142441977.8241
2025-05-24 13:30:00,108826.2,108837.1,108469.5,108554.6,879.765,95558958.616
2025-05-24 14:00:00,108554.6,108941.9,108533.5,108635.8,831.647,90423470.8733
2025-05-24 14:30:00,108635.8,108981.8,108615.0,108900.8,926.851,100881214.6041
2025-05-24 15:00:00,108900.8,109174.7,108807.6,108915.4,1303.771,142134884.4263
2025-05-24 15:30:00,108915.4,109000.0,108785.6,108896.7,584.814,63671648.0855
2025-05-24 16:00:00,108896.7,108951.9,108645.2,108727.0,1239.755,134812119.6879
2025-05-24 16:30:00,108727.0,109059.4,108624.7,108949.9,1176.479,128075756.3297
2025-05-24 17:00:00,108949.9,109172.0,108818.9,108915.0,956.007,104182472.2184
2025-05-24 17:30:00,108915.0,109034.8,108866.0,108866.0,543.037,59172541.7545
2025-05-24 18:00:00,108866.0,109032.0,108860.0,108967.9,416.199,45355538.9273
2025-05-24 18:30:00,108967.9,108968.0,108735.0,108783.3,478.267,52049928.3304
2025-05-24 19:00:00,108783.3,108894.3,108747.9,108816.7,384.98,41897701.5157
2025-05-24 19:30:00,108816.7,108978.0,108761.2,108904.9,272.159,29627346.8933
2025-05-24 20:00:00,108904.9,109015.1,108838.2,108942.0,328.017,35734909.0739
2025-05-24 20:30:00,108942.0,109090.7,108822.9,108823.0,453.349,49387777.7465
2025-05-24 21:00:00,108823.0,108823.0,108533.3,108653.1,664.484,72209463.5821
2025-05-24 21:30:00,108653.1,108829.5,108653.1,108784.7,306.107,33288447.642
2025-05-24 22:00:00,108784.7,108784.7,108312.5,108467.8,1362.673,147781603.9719
2025-05-24 22:30:00,108467.8,108550.9,107894.8,108039.3,2308.4,249706333.8873
2025-05-24 23:00:00,108039.3,108329.8,107574.5,107950.1,5580.47,601999849.9284
2025-05-24 23:30:00,107950.1,108131.0,107434.5,107716.0,2777.676,299350749.3165
2025-05-25 00:00:00,107716.0,108017.5,107699.9,107967.5,1195.481,128940555.0561
2025-05-25 00:30:00,107967.5,108071.5,107194.3,107392.2,3432.488,369137472.0617
2025-05-25 01:00:00,107392.2,107846.2,107118.1,107835.0,2663.961,286216262.0688
2025-05-25 01:30:00,107835.0,107978.2,107583.8,107604.5,1001.232,107922972.3154
2025-05-25 02:00:00,107604.5,107840.3,107405.6,107798.2,1001.045,107728668.8725
2025-05-25 02:30:00,107798.2,107968.0,107625.0,107878.5,858.713,92592889.8424
2025-05-25 03:00:00,107878.5,108200.0,107859.6,108112.6,1775.269,191846927.0021
2025-05-25 03:30:00,108112.6,108222.0,108058.1,108059.5,714.682,77292659.9223
2025-05-25 04:00:00,108059.5,108097.5,107910.5,107956.7,916.296,98945718.533
2025-05-25 04:30:00,107956.7,108241.4,107952.6,108204.1,725.881,78489828.9794
2025-05-25 05:00:00,108204.1,108249.7,108044.0,108051.9,610.038,65961834.0447
2025-05-25 05:30:00,108051.9,108096.0,107928.7,108069.9,456.61,49320200.4717
2025-05-25 06:00:00,108069.9,108100.0,107809.9,107938.0,537.778,58052928.1312
2025-05-25 06:30:00,107938.0,107977.6,107630.0,107899.9,873.82,94232360.8466
2025-05-25 07:00:00,107899.9,107899.9,107419.3,107502.2,1222.453,131595898.9127
2025-05-25 07:30:00,107502.2,107672.5,107407.5,107631.0,676.847,72807227.1697
2025-05-25 08:00:00,107631.0,107648.6,107302.5,107393.9,1007.725,108308724.7997
2025-05-25 08:30:00,107393.9,107499.2,106888.0,107073.1,2394.65,256462989.0079
2025-05-25 09:00:00,107073.1,107216.8,106832.8,107122.6,2266.731,242648360.8826
2025-05-25 09:30:00,107122.6,107160.0,106650.2,107101.6,2490.989,266176489.5257
2025-05-25 10:00:00,107101.6,107290.0,107030.7,107045.2,988.809,105949548.7658
2025-05-25 10:30:00,107045.2,107395.2,106780.6,106890.2,1715.222,183650135.7366
2025-05-25 11:00:00,106890.2,107135.2,106774.1,107126.6,1264.478,135214441.1145
2025-05-25 11:30:00,107126.6,107225.0,106963.8,107200.0,835.846,89538591.5667
2025-05-25 12:00:00,107200.0,107541.0,107117.6,107408.9,2519.861,270387425.4157
2025-05-25 12:30:00,107408.9,107550.0,107325.6,107476.8,927.343,99621474.1185
2025-05-25 13:00:00,107476.8,107528.0,107226.4,107500.0,802.932,86209519.9693
2025-05-25 13:30:00,107500.0,107708.9,107457.4,107470.7,1311.468,141076120.4831
2025-05-25 14:00:00,107470.7,107600.0,107385.0,107599.9,746.9,80278206.7032
2025-05-25 14:30:00,107599.9,107600.0,107095.9,107320.8,1464.36,157088647.0712
2025-05-25 15:00:00,107320.8,107383.6,106666.0,106789.9,3388.234,362657275.1994
2025-05-25 15:30:00,106789.9,107210.8,106538.4,106931.9,3577.674,382588206.0632
2025-05-25 16:00:00,106931.9,107026.7,106606.6,106679.5,1529.898,163387338.124
2025-05-25 16:30:00,106679.5,107220.0,106666.6,107158.3,1336.496,143000698.5656
2025-05-25 17:00:00,107158.3,107299.9,107076.9,107276.0,784.35,84090278.0654
2025-05-25 17:30:00,107276.0,107340.0,107125.1,107330.0,539.829,57890930.2788
2025-05-25 18:00:00,107330.0,107583.0,107225.1,107513.7,1071.298,115060654.2472
2025-05-25 18:30:00,107513.7,107513.7,107367.0,107386.9,430.51,46249046.8932
2025-05-25 19:00:00,107386.9,107609.8,107386.8,107609.2,391.647,42094367.3706
2025-05-25 19:30:00,107609.2,107919.8,107595.4,107679.0,1321.059,142333752.0609
2025-05-25 20:00:00,107679.0,107729.8,107411.7,107550.0,1011.543,108822860.7089
2025-05-25 20:30:00,107550.0,107682.7,107513.8,107651.8,296.435,31898700.7121
2025-05-25 21:00:00,107651.8,107899.9,107394.2,107431.8,1182.257,127293377.7563
2025-05-25 21:30:00,107431.8,107636.7,107106.5,107422.0,853.001,91552670.5428
2025-05-25 22:00:00,107422.0,108720.8,107307.3,108299.9,7599.031,823183528.1312
2025-05-25 22:30:00,108299.9,109189.7,108260.0,109143.8,3350.932,364569002.1795
2025-05-25 23:00:00,109143.8,109300.0,108524.1,108608.1,3280.93,357247147.4691
2025-05-25 23:30:00,108608.1,109044.9,108545.3,108976.2,1830.887,199292377.9716
2025-05-26 00:00:00,108976.2,109070.4,108640.7,108777.2,1262.279,137434554.4229
2025-05-26 00:30:00,108777.2,109599.0,108745.2,109531.1,3536.531,386454532.1263
2025-05-26 01:00:00,109531.1,109794.0,109215.1,109296.8,2402.306,263062206.8687
2025-05-26 01:30:00,109296.8,109838.0,109200.0,109507.3,2795.033,306273268.4923
2025-05-26 02:00:00,109507.3,109763.2,109424.0,109490.5,1573.391,172386021.6184
2025-05-26 02:30:00,109490.5,109516.0,109157.8,109361.9,1503.529,164326345.3174
2025-05-26 03:00:00,109361.9,109679.2,109240.6,109644.0,1420.359,155449094.0161
2025-05-26 03:30:00,109644.0,109743.0,109546.9,109599.9,1160.085,127190557.843
2025-05-26 04:00:00,109599.9,109654.1,109475.0,109623.2,1104.677,121041148.8553
2025-05-26 04:30:00,109623.2,109714.2,109485.6,109506.9,868.474,95200570.7858
2025-05-26 05:00:00,109506.9,109589.0,109331.5,109552.5,896.271,98106057.2415
2025-05-26 05:30:00,109552.5,109662.7,109475.5,109605.1,612.903,67183482.2914
2025-05-26 06:00:00,109605.1,109743.0,109477.7,109713.3,971.51,106489438.1779
2025-05-26 06:30:00,109713.3,109935.4,109500.0,109920.0,1474.873,161904332.7197
2025-05-26 07:00:00,109920.0,110209.3,109693.4,109826.3,3094.524,340272164.5983
2025-05-26 07:30:00,109826.3,110083.3,109726.0,110083.3,1615.083,177596567.3459
2025-05-26 08:00:00,110083.3,110171.8,109759.8,109778.0,1295.277,142384366.6123
2025-05-26 08:30:00,109778.0,109850.0,109573.6,109642.5,928.174,101816531.7566
2025-05-26 09:00:00,109642.5,109952.0,109557.1,109874.5,1203.287,132113176.9779
2025-05-26 09:30:00,109874.5,109914.0,109551.9,109665.0,2087.848,228962077.0789
2025-05-26 10:00:00,109665.0,109823.1,109603.4,109777.9,756.141,82950166.8339
2025-05-26 10:30:00,109777.9,109798.2,109521.9,109599.7,490.668,53792739.77
2025-05-26 11:00:00,109599.7,109675.8,109505.7,109660.3,595.492,65266343.5798
2025-05-26 11:30:00,109660.3,109803.9,109530.0,109734.6,847.501,92981014.9966
2025-05-26 12:00:00,109734.6,109814.2,109615.3,109706.2,938.737,102996087.5997
2025-05-26 12:30:00,109706.2,110029.1,109616.7,109781.5,1150.97,126442076.6264
2025-05-26 13:00:00,109781.5,109936.4,109636.2,109818.1,1366.39,149976054.1011
2025-05-26 13:30:00,109818.1,109936.4,109423.3,109553.2,1570.901,172243800.013
2025-05-26 14:00:00,109553.2,109685.6,109453.6,109653.3,1078.033,118122492.0509
2025-05-26 14:30:00,109653.3,109691.8,109454.0,109614.7,893.401,97899109.6509
2025-05-26 15:00:00,109614.7,109844.8,109490.0,109832.8,995.39,109186310.7464
2025-05-26 15:30:00,109832.8,110379.0,109832.8,109970.4,6666.911,733990254.8362
2025-05-26 16:00:00,109970.4,110452.2,109060.0,109299.1,6621.027,726333801.1349
2025-05-26 16:30:00,109299.1,109614.4,109104.0,109346.4,2547.441,278690617.935
2025-05-26 17:00:00,109346.4,109656.9,109162.2,109317.7,2279.605,249352651.9108
2025-05-26 17:30:00,109317.7,109384.8,108841.5,109133.6,2354.056,256705911.4731
2025-05-26 18:00:00,109133.6,109263.9,108944.4,109228.7,1275.525,139165296.0267
2025-05-26 18:30:00,109228.7,109412.4,109010.0,109044.5,773.994,84548618.4844
2025-05-26 19:00:00,109044.5,109150.0,108874.9,109079.0,1441.216,157080722.7077
2025-05-26 19:30:00,109079.0,109141.0,108816.5,109077.8,1122.926,122318509.6629
2025-05-26 20:00:00,109077.8,109304.0,108900.0,109242.6,985.043,107539722.9663
2025-05-26 20:30:00,109242.6,109607.0,109194.0,109568.1,2882.683,315460952.7527
2025-05-26 21:00:00,109568.1,109625.0,109092.7,109272.1,1493.34,163234988.3266
2025-05-26 21:30:00,109272.1,109475.8,109125.8,109304.0,636.717,69588342.228
2025-05-26 22:00:00,109304.0,109887.8,109280.0,109468.7,1790.15,196209629.7236
2025-05-26 22:30:00,109468.7,109581.8,109107.7,109143.3,1636.07,178754920.8136
2025-05-26 23:00:00,109143.3,109300.0,108990.8,109170.4,1787.3,195083666.0626
2025-05-26 23:30:00,109170.4,109422.9,109134.8,109382.3,653.59,71427483.6948
2025-05-27 00:00:00,109382.3,109656.9,109256.5,109345.2,1775.829,194384580.9884
2025-05-27 00:30:00,109345.2,109356.2,109107.5,109120.0,536.457,58595962.869
2025-05-27 01:00:00,109120.0,109120.0,107421.7,108328.1,14052.769,1520764091.7932
2025-05-27 01:30:00,108328.1,108621.7,108123.5,108350.4,3222.036,349168273.2223
2025-05-27 02:00:00,108350.4,108558.0,108211.0,108548.0,1335.937,144783440.433
2025-05-27 02:30:00,108548.0,108670.7,107820.1,108220.8,2928.095,316922149.4257
2025-05-27 03:00:00,108220.8,109293.8,108213.8,108854.4,4602.795,500857398.4218
2025-05-27 03:30:00,108854.4,108990.9,108791.1,108820.1,1390.265,151352580.2499
2025-05-27 04:00:00,108820.1,109076.0,108794.6,108992.0,686.784,74816362.0961
2025-05-27 04:30:00,108992.0,109310.6,108846.0,108885.4,2185.197,238357829.0941
2025-05-27 05:00:00,108885.4,108900.0,108470.7,108595.7,1827.318,198571024.7906
2025-05-27 05:30:00,108595.7,108930.0,108483.2,108866.1,1441.958,156810047.0689
2025-05-27 06:00:00,108866.1,109200.0,108858.0,109057.1,2154.361,234870148.4394
2025-05-27 06:30:00,109057.1,109241.2,108774.8,108774.8,1608.935,175452332.5441
2025-05-27 07:00:00,108774.8,109236.5,108774.8,109131.9,1007.324,109821174.2315
2025-05-27 07:30:00,109131.9,109594.8,109131.9,109494.0,2957.908,323641879.1495
2025-05-27 08:00:00,109494.0,109748.3,109493.9,109602.8,2450.989,268715374.1472
2025-05-27 08:30:00,109602.8,109662.4,109438.0,109655.6,902.685,98898126.1943
2025-05-27 09:00:00,109655.6,109736.9,109422.4,109468.6,1169.688,128175309.9917
2025-05-27 09:30:00,109468.6,109879.4,109351.5,109787.3,2092.973,229539370.6605
2025-05-27 10:00:00,109787.3,109811.8,109682.0,109736.0,738.565,81049093.4177
2025-05-27 10:30:00,109736.0,109759.5,109582.5,109644.2,511.768,56117315.5978
2025-05-27 11:00:00,109644.2,109745.6,109424.3,109483.6,1072.728,117543891.7889
2025-05-27 11:30:00,109483.6,109573.1,109366.9,109538.4,1000.484,109499026.5436
2025-05-27 12:00:00,109538.4,109786.7,109504.1,109754.8,1502.789,164814367.9482
2025-05-27 12:30:00,109754.8,109756.0,109391.1,109551.9,1239.993,135785885.6164
2025-05-27 13:00:00,109551.9,110700.0,109518.2,110401.4,10114.842,1115785018.5004
2025-05-27 13:30:00,110401.4,110667.0,109644.5,109789.1,7475.814,822769241.8751
2025-05-27 14:00:00,109789.1,110172.0,109476.3,109476.3,4447.861,488547412.403
2025-05-27 14:30:00,109476.3,109609.9,108606.6,109331.8,9164.096,1000328287.0451
2025-05-27 15:00:00,109331.8,109680.0,108974.5,109600.8,4122.009,450762910.2568
2025-05-27 15:30:00,109600.8,110197.0,109570.0,110087.8,3822.205,420289870.5455
2025-05-27 16:00:00,110087.8,110299.9,109884.2,110040.0,2650.124,291856725.216
2025-05-27 16:30:00,110040.0,110459.6,110001.9,110162.5,2121.275,233929097.7991
2025-05-27 17:00:00,110162.5,110413.4,109915.1,110074.9,1375.811,151538821.7977
2025-05-27 17:30:00,110074.9,110342.0,109949.5,110199.7,1109.255,122218247.325
2025-05-27 18:00:00,110199.7,110378.7,110013.2,110018.7,1190.29,131140395.6191
2025-05-27 18:30:00,110018.7,110162.8,109734.3,109846.8,1976.008,217143915.5118
2025-05-27 19:00:00,109846.8,109846.8,109500.0,109589.8,2539.103,278422893.8549
2025-05-27 19:30:00,109589.8,110014.9,109560.0,109815.4,1465.191,160880567.9135
2025-05-27 20:00:00,109815.4,109825.0,109627.2,109736.8,642.823,70545024.689
2025-05-27 20:30:00,109736.8,109844.7,109462.5,109481.6,1527.613,167447422.9603
2025-05-27 21:00:00,109481.6,109624.7,108949.0,108958.2,2610.362,285117123.3829
2025-05-27 21:30:00,108958.2,109172.4,108708.0,108816.9,3036.896,330735223.6211
2025-05-27 22:00:00,108816.9,109080.6,108458.6,108788.2,3940.45,428322428.9182
2025-05-27 22:30:00,108788.2,109018.2,108730.0,108932.7,1342.336,146162704.6227
2025-05-27 23:00:00,108932.7,109076.5,108838.1,108843.8,1294.161,141061675.5535
2025-05-27 23:30:00,108843.8,109066.4,108843.8,108864.0,489.042,53281991.3022
2025-05-28 00:00:00,108864.0,108983.2,108606.2,108962.2,1822.048,198211078.3794
2025-05-28 00:30:00,108962.2,109184.3,108760.5,109131.9,1001.62,109143134.8295
2025-05-28 01:00:00,109131.9,109217.8,108760.3,108810.0,887.086,96610535.572
2025-05-28 01:30:00,108810.0,108906.2,108528.2,108581.2,1308.368,142268743.7361
2025-05-28 02:00:00,108581.2,108780.5,108304.1,108395.7,2279.661,247420106.2968
2025-05-28 02:30:00,108395.7,108820.4,108369.4,108550.0,1334.108,144953178.2457
2025-05-28 03:00:00,108550.0,108788.0,108487.6,108644.8,685.087,74437634.948
2025-05-28 03:30:00,108644.8,108888.0,108629.3,108793.8,694.488,75548665.0684
2025-05-28 04:00:00,108793.8,108823.8,108550.0,108596.0,569.208,61874303.4595
2025-05-28 04:30:00,108596.0,109005.3,108596.0,108917.0,859.222,93559015.3232
2025-05-28 05:00:00,108917.0,108917.0,108774.3,108880.0,282.598,30757673.6583
2025-05-28 05:30:00,108880.0,109032.1,108821.5,108922.4,668.682,72855326.2501
2025-05-28 06:00:00,108922.4,108922.5,108564.3,108760.0,967.411,105171035.6243
2025-05-28 06:30:00,108760.0,108775.5,108585.8,108663.6,344.276,37418099.7684
2025-05-28 07:00:00,108663.6,109001.0,108655.2,108817.4,1140.239,124150458.1312
2025-05-28 07:30:00,108817.4,108948.3,108719.9,108750.0,457.045,49746273.1991
2025-05-28 08:00:00,108750.0,108879.2,108609.6,108841.4,816.618,88802775.3993
2025-05-28 08:30:00,108841.4,109070.8,108509.1,108976.7,1683.686,183220705.8026
2025-05-28 09:00:00,108976.7,109015.7,108510.2,108533.4,1243.033,135106439.6915
2025-05-28 09:30:00,108533.4,108790.0,108438.0,108742.2,1348.76,146510762.3509
2025-05-28 10:00:00,108742.2,108751.5,108171.3,108580.0,2496.833,270678383.0202
2025-05-28 10:30:00,108580.0,108888.0,108532.2,108770.3,1198.168,130270638.2607
2025-05-28 11:00:00,108770.3,108883.0,108642.2,108688.6,724.58,78798530.2682
2025-05-28 11:30:00,108688.6,108873.9,108676.5,108800.1,461.766,50230430.0456
2025-05-28 12:00:00,108800.1,109000.0,108771.7,108950.8,961.615,104728196.1045
2025-05-28 12:30:00,108950.8,108997.9,108719.2,108828.2,996.341,108474112.2959
2025-05-28 13:00:00,108828.2,108850.0,108574.3,108665.8,1504.525,163528666.2233
2025-05-28 13:30:00,108665.8,108935.1,107939.5,108004.5,5380.438,582956850.211
2025-05-28 14:00:00,108004.5,108195.0,107572.9,107916.6,5915.353,638008984.7939
2025-05-28 14:30:00,107916.6,107916.7,107434.2,107484.3,3234.319,348096345.9736
2025-05-28 15:00:00,107484.3,107659.7,107096.8,107271.2,4441.061,476625392.282
2025-05-28 15:30:00,107271.2,107460.0,106973.9,107071.4,2757.251,295656926.0124
2025-05-28 16:00:00,107071.4,107421.0,107071.4,107378.6,2285.82,245162019.397
2025-05-28 16:30:00,107378.6,107388.3,107132.0,107388.3,1352.284,145027217.929
2025-05-28 17:00:00,107388.3,107800.0,107377.0,107562.1,3111.125,334870799.7107
2025-05-28 17:30:00,107562.1,107672.0,107306.7,107640.9,1316.808,141514431.6502
2025-05-28 18:00:00,107640.9,107795.5,107457.3,107465.7,992.969,106906490.9942
2025-05-28 18:30:00,107465.7,107734.0,107333.0,107425.5,1046.057,112431858.3635
2025-05-28 19:00:00,107425.5,107757.2,107387.9,107449.9,1021.765,109930058.4631
2025-05-28 19:30:00,107449.9,107480.0,106841.5,106883.4,2724.398,291775477.305
2025-05-28 20:00:00,106883.4,107212.2,106718.0,107124.6,2499.246,267257327.2002
2025-05-28 20:30:00,107124.6,107364.6,107036.2,107282.9,942.051,101019392.2721
2025-05-28 21:00:00,107282.9,107396.2,107136.9,107340.1,806.187,86488835.3798
2025-05-28 21:30:00,107340.1,107548.0,107340.0,107455.1,488.469,52477737.6939
2025-05-28 22:00:00,107455.1,107455.1,107136.5,107195.9,458.786,49219795.2935
2025-05-28 22:30:00,107195.9,107423.6,107102.6,107359.1,670.254,71908054.2333
2025-05-28 23:00:00,107359.1,107993.4,107359.0,107916.0,3130.896,337458852.5225
2025-05-28 23:30:00,107916.0,108017.2,107675.9,107738.9,1280.782,138158321.7336
2025-05-29 00:00:00,107738.9,108000.0,107395.0,107978.3,2010.186,216356171.4661
2025-05-29 00:30:00,107978.3,108270.5,107750.0,108251.1,1463.515,158124314.9118
2025-05-29 01:00:00,108251.1,108259.9,107850.0,107880.7,1315.674,142098516.4054
2025-05-29 01:30:00,107880.7,108299.9,107753.0,108114.2,2148.017,232023011.7793
2025-05-29 02:00:00,108114.2,108186.9,107890.9,108024.1,738.657,79804657.0549
2025-05-29 02:30:00,108024.1,108437.9,107951.0,108389.1,1777.021,192328598.6633
2025-05-29 03:00:00,108389.1,108390.7,108112.8,108142.7,1040.303,112572080.9129
2025-05-29 03:30:00,108142.7,108174.5,107913.0,108002.4,745.757,80552210.5052
2025-05-29 04:00:00,108002.4,108065.4,107594.6,107822.6,1338.97,144351116.7873
2025-05-29 04:30:00,107822.6,107850.0,106880.0,107515.3,5036.661,540431126.5538
2025-05-29 05:00:00,107515.3,107655.2,107429.4,107571.5,1113.117,119733974.4215
2025-05-29 05:30:00,107571.5,107731.8,107541.1,107644.1,679.859,73178799.3675
2025-05-29 06:00:00,107644.1,107900.0,107608.2,107886.3,675.149,72746652.3724
2025-05-29 06:30:00,107886.3,107904.5,107708.0,107871.5,558.067,60167496.9924
2025-05-29 07:00:00,107871.5,107967.5,107708.0,107938.5,488.047,52648185.1249
2025-05-29 07:30:00,107938.5,107946.0,107739.9,107824.9,712.655,76829606.3725
2025-05-29 08:00:00,107824.9,108190.0,107576.5,108142.0,1767.558,190779043.4878
2025-05-29 08:30:00,108142.0,108540.9,108059.2,108439.1,2645.33,286459649.2691
2025-05-29 09:00:00,108439.1,108600.0,108264.6,108402.9,1692.444,183521723.9133
2025-05-29 09:30:00,108402.9,108543.3,108290.1,108466.9,840.0,91070294.2358
2025-05-29 10:00:00,108466.9,108545.0,108349.7,108385.2,840.612,91174240.9324
2025-05-29 10:30:00,108385.2,108820.0,108366.5,108702.1,2444.145,265573548.4568
2025-05-29 11:00:00,108702.1,108850.0,108684.9,108723.8,1507.557,163979797.2864
2025-05-29 11:30:00,108723.8,108820.6,108620.9,108741.4,1434.182,155939756.2874
2025-05-29 12:00:00,108741.4,108747.3,108476.5,108636.5,2375.084,257907059.2166
2025-05-29 12:30:00,108636.5,108773.3,108302.6,108379.8,2310.687,250623649.6044
2025-05-29 13:00:00,108379.8,108537.5,108101.7,108229.9,2498.999,270516409.3986
2025-05-29 13:30:00,108229.9,108286.0,107370.0,107550.0,8803.271,948207243.1811
2025-05-29 14:00:00,107550.0,107725.0,106857.5,106986.3,6063.759,649876375.0833
2025-05-29 14:30:00,106986.3,107775.0,106339.4,107550.5,8948.352,957536622.8393
2025-05-29 15:00:00,107550.5,107679.9,107338.0,107443.8,1924.536,206848833.5831
2025-05-29 15:30:00,107443.8,107536.3,106889.6,106965.1,2861.507,306629318.4461
2025-05-29 16:00:00,106965.1,107120.0,106576.2,106807.3,3528.132,377047460.5188
2025-05-29 16:30:00,106807.3,107028.9,106500.9,106676.9,2955.223,315587147.096
2025-05-29 17:00:00,106676.9,106839.9,106509.0,106548.9,1814.982,193550330.4653
2025-05-29 17:30:00,106548.9,106757.2,106030.5,106252.0,5962.0,634124679.4156
2025-05-29 18:00:00,106252.0,106560.0,106120.9,106309.9,2347.52,249618586.6208
2025-05-29 18:30:00,106309.9,106589.5,105766.2,105796.0,4052.793,430023274.8271
2025-05-29 19:00:00,105796.0,106033.9,105600.0,105910.6,4423.465,468068894.4607
2025-05-29 19:30:00,105910.6,106052.3,105600.7,105692.9,1802.07,190660609.2111
2025-05-29 20:00:00,105692.9,106169.6,105682.8,106095.0,3104.217,329069144.5371
2025-05-29 20:30:00,106095.0,106183.2,105865.2,106137.6,813.794,86310901.078
2025-05-29 21:00:00,106137.6,106409.0,106065.4,106114.0,1147.941,121974687.9893
2025-05-29 21:30:00,106114.0,106434.5,106113.9,106424.4,681.237,72412722.4745
2025-05-29 22:00:00,106424.4,106425.0,106090.1,106144.1,846.899,89998519.3844
2025-05-29 22:30:00,106144.1,106178.7,105873.0,105881.5,981.257,104067436.0601
2025-05-29 23:00:00,105881.5,106051.2,105623.3,105708.7,1315.865,139193226.4416
2025-05-29 23:30:00,105708.7,105839.5,105250.0,105550.0,3341.097,352519374.039
2025-05-30 00:00:00,105550.0,106175.1,105532.7,106026.1,1701.84,180208046.565
2025-05-30 00:30:00,106026.1,106050.9,104520.1,104880.4,11408.023,1198663964.514
2025-05-30 01:00:00,104880.4,105729.4,104859.0,105703.7,6339.683,667674692.0078
2025-05-30 01:30:00,105703.7,105890.8,105536.2,105634.0,1240.182,131089728.9892
2025-05-30 02:00:00,105634.0,106091.8,105612.6,105945.8,2273.76,240808514.0862
2025-05-30 02:30:00,105945.8,106133.4,105899.1,105965.3,773.122,81962338.6171
2025-05-30 03:00:00,105965.3,106134.7,105885.0,106124.1,619.544,65683214.5757
2025-05-30 03:30:00,106124.1,106150.0,105913.2,105982.0,939.568,99650198.4909
2025-05-30 04:00:00,105982.0,106054.5,105882.0,105947.8,1040.875,110276318.8941
2025-05-30 04:30:00,105947.8,106106.6,105855.8,106067.3,666.382,70620763.2936
2025-05-30 05:00:00,106067.3,106180.0,106030.0,106141.9,614.848,65243369.6761
2025-05-30 05:30:00,106141.9,106278.3,105974.7,106032.0,812.258,86209182.6128
2025-05-30 06:00:00,106032.0,106085.0,105818.6,105901.7,775.543,82175445.6715
2025-05-30 06:30:00,105901.7,105970.0,105473.6,105681.4,2143.901,226603950.139
2025-05-30 07:00:00,105681.4,105830.0,105373.4,105582.7,1858.596,196269991.8419
2025-05-30 07:30:00,105582.7,105582.8,104680.2,104996.9,6092.098,639569686.7801
2025-05-30 08:00:00,104996.9,105205.6,104790.3,105169.3,3376.845,354561648.1476
2025-05-30 08:30:00,105169.3,105319.0,105066.7,105132.5,1207.245,127021367.0025
2025-05-30 09:00:00,105132.5,105300.0,105010.0,105209.5,762.257,80159806.8394
2025-05-30 09:30:00,105209.5,105670.0,104555.1,105640.5,6964.826,732733418.2621
2025-05-30 10:00:00,105640.5,105755.0,105255.9,105683.4,2890.919,305072048.4905
2025-05-30 10:30:00,105683.4,105986.3,105620.0,105943.9,2731.276,289033784.3304
2025-05-30 11:00:00,105943.9,105980.4,105703.1,105766.0,1253.822,132719244.9929
2025-05-30 11:30:00,105766.0,105950.0,105672.7,105860.0,914.144,96718875.1885
2025-05-30 12:00:00,105860.0,105955.0,105118.6,105538.1,3497.692,368745480.8677
2025-05-30 12:30:00,105538.1,105996.6,105481.0,105665.2,2223.821,235262825.7933
2025-05-30 13:00:00,105665.2,105875.0,105319.9,105588.2,2304.285,243271318.4386
2025-05-30 13:30:00,105588.2,105946.8,105379.4,105446.8,2504.028,264519059.7048
2025-05-30 14:00:00,105446.8,105790.8,104971.8,105158.3,4505.248,474577115.5521
2025-05-30 14:30:00,105158.3,105619.3,105108.4,105314.8,2449.099,258120187.8915
2025-05-30 15:00:00,105314.8,105799.9,105253.7,105694.0,1452.458,153329967.6725
2025-05-30 15:30:00,105694.0,105797.2,105430.0,105500.0,966.532,102090115.2489
2025-05-30 16:00:00,105500.0,105525.0,104590.0,104638.1,3818.859,400862635.6779
2025-05-30 16:30:00,104638.1,104679.0,103666.0,103875.4,12293.573,1280524360.997
2025-05-30 17:00:00,103875.4,104218.3,103817.0,103971.4,2298.603,239172360.8674
2025-05-30 17:30:00,103971.4,104270.0,103900.0,104161.9,1246.329,129760579.5257
2025-05-30 18:00:00,104161.9,104782.0,104050.0,104702.9,3248.0,339402375.6921
2025-05-30 18:30:00,104702.9,104875.0,104557.5,104854.4,1981.329,207436843.0384
2025-05-30 19:00:00,104854.4,104950.0,104634.4,104777.9,1217.277,127586970.271
2025-05-30 19:30:00,104777.9,104778.0,104437.5,104609.3,953.651,99755026.1362
2025-05-30 20:00:00,104609.3,104630.7,104350.5,104410.0,1233.609,128846574.2321
2025-05-30 20:30:00,104410.0,104827.7,104357.6,104553.3,1038.93,108661919.6877
2025-05-30 21:00:00,104553.3,104870.0,104553.3,104787.1,410.191,42957600.093
2025-05-30 21:30:00,104787.1,104846.4,104528.2,104600.0,750.004,78497895.5262
2025-05-30 22:00:00,104600.0,104780.4,104433.7,104445.8,1366.621,142920702.952
2025-05-30 22:30:00,104445.8,104473.1,103940.0,103940.0,1921.32,200105542.5924
2025-05-30 23:00:00,103940.0,104240.0,103634.2,103827.7,2983.307,310092108.5348
2025-05-30 23:30:00,103827.7,104136.9,103569.0,103976.6,2117.104,219871042.3808
2025-05-31 00:00:00,103976.6,104177.0,103518.3,103777.5,2485.006,258140391.4296
2025-05-31 00:30:00,103777.5,104288.8,103777.4,103947.2,1368.576,142434456.0161
2025-05-31 01:00:00,103947.2,104188.0,103710.0,103828.9,1190.133,123684623.4815
2025-05-31 01:30:00,103828.9,103956.6,103233.3,103434.8,4015.609,415723896.186
2025-05-31 02:00:00,103434.8,103835.6,103250.0,103653.2,1655.759,171558709.3317
2025-05-31 02:30:00,103653.2,103653.3,103055.0,103160.7,2683.219,277286483.9323
2025-05-31 03:00:00,103160.7,103450.0,103036.8,103445.0,1900.352,196174739.2553
2025-05-31 03:30:00,103445.0,103667.9,103233.0,103643.0,1672.951,173165105.7521
2025-05-31 04:00:00,103643.0,103754.9,103442.7,103736.6,1089.09,112820244.7195
2025-05-31 04:30:00,103736.6,103788.0,103677.6,103770.3,592.538,61465283.8605
2025-05-31 05:00:00,103770.3,103882.5,103557.2,103640.2,969.156,100495308.1196
2025-05-31 05:30:00,103640.2,103705.9,103467.8,103494.3,779.617,80780745.1102
2025-05-31 06:00:00,103494.3,103665.1,103482.5,103665.1,415.039,42988247.6316
2025-05-31 06:30:00,103665.1,103869.0,103612.0,103815.5,693.582,71981518.5046
2025-05-31 07:00:00,103815.5,103815.6,103585.7,103650.0,699.906,72555691.7081
2025-05-31 07:30:00,103650.0,103787.5,103609.8,103713.4,525.551,54496246.4026
2025-05-31 08:00:00,103713.4,103787.8,103481.0,103657.5,684.453,70953739.9972
2025-05-31 08:30:00,103657.5,103730.5,103490.0,103616.9,582.053,60306603.3111
2025-05-31 09:00:00,103616.9,103714.9,103441.6,103470.9,519.246,53788771.9379
2025-05-31 09:30:00,103470.9,103549.2,103450.9,103514.4,307.402,31815165.1981
2025-05-31 10:00:00,103514.4,103573.3,103310.0,103372.1,1159.775,119974584.7347
2025-05-31 10:30:00,103372.1,103414.4,103246.0,103380.4,513.455,53049343.1942
2025-05-31 11:00:00,103380.4,103491.2,103256.0,103442.8,485.951,50237749.9018
2025-05-31 11:30:00,103442.8,103479.3,103390.5,103459.4,216.548,22399834.9427
2025-05-31 12:00:00,103459.4,103919.0,103441.3,103745.3,1345.041,139520068.6819
2025-05-31 12:30:00,103745.3,103998.9,103689.2,103998.8,831.551,86370264.7827
2025-05-31 13:00:00,103998.8,104164.5,103931.0,104056.2,1778.44,185082913.8419
2025-05-31 13:30:00,104056.2,104161.3,103962.0,104078.8,661.666,68849819.1187
2025-05-31 14:00:00,104078.8,104439.0,104078.8,104256.6,2206.583,230126511.9413
2025-05-31 14:30:00,104256.6,104549.8,104250.0,104523.3,1266.79,132282077.4364
2025-05-31 15:00:00,104523.3,104757.0,104414.9,104730.3,1777.3,185840451.8094
2025-05-31 15:30:00,104730.3,104800.0,104400.0,104512.9,1768.526,184926413.4758
2025-05-31 16:00:00,104512.9,104718.0,104353.8,104650.1,981.993,102703547.9226
2025-05-31 16:30:00,104650.1,104769.9,104384.1,104464.7,906.663,94771823.0885
2025-05-31 17:00:00,104464.7,104611.8,104384.2,104451.2,873.455,91240091.5422
2025-05-31 17:30:00,104451.2,104489.4,104238.1,104337.3,878.071,91620193.7351
2025-05-31 18:00:00,104337.3,104612.3,104337.3,104503.9,644.438,67349625.9815
2025-05-31 18:30:00,104503.9,104532.5,104360.1,104469.9,330.109,34477253.479
2025-05-31 19:00:00,104469.9,104723.9,104469.9,104671.8,746.879,78150633.6834
2025-05-31 19:30:00,104671.8,104735.5,104622.2,104686.0,686.302,71847488.5304
2025-05-31 20:00:00,104686.0,104698.1,104503.6,104656.8,323.63,33855799.8219
2025-05-31 20:30:00,104656.8,104795.0,104656.7,104763.9,517.103,54160090.5917
2025-05-31 21:00:00,104763.9,104879.4,104620.0,104773.2,1217.315,127538668.0591
2025-05-31 21:30:00,104773.2,104869.8,104701.5,104860.7,1186.181,124327049.7867
2025-05-31 22:00:00,104860.7,104898.5,104722.2,104722.2,520.615,54568085.3615
2025-05-31 22:30:00,104722.2,104735.2,104589.6,104600.3,857.297,89724169.7283
2025-05-31 23:00:00,104600.3,104827.7,104456.8,104622.8,1848.976,193467350.4756
2025-05-31 23:30:00,104622.8,104674.9,104555.0,104566.1,312.994,32744850.7704
2025-06-01 00:00:00,104566.1,104611.4,104325.0,104333.2,1652.574,172597289.6368
2025-06-01 00:30:00,104333.2,104452.7,104283.2,104414.0,880.395,91881982.8892
2025-06-01 01:00:00,104414.0,104471.7,104264.4,104345.9,635.391,66296630.6595
2025-06-01 01:30:00,104345.9,104366.4,103910.8,104085.5,1495.742,155753063.7831
2025-06-01 02:00:00,104085.5,104168.0,103863.4,104117.0,1067.748,111047720.2688
2025-06-01 02:30:00,104117.0,104293.1,104116.9,104142.4,653.769,68124555.6577
2025-06-01 03:00:00,104142.4,104177.9,103914.3,104102.3,936.147,97391180.9909
2025-06-01 03:30:00,104102.3,104416.7,104102.2,104333.1,720.439,75122995.9669
2025-06-01 04:00:00,104333.1,104480.0,104318.7,104465.7,477.346,49838724.0666
2025-06-01 04:30:00,104465.7,104699.0,104465.7,104598.9,671.031,70191595.645
2025-06-01 05:00:00,104598.9,104680.0,104525.8,104541.8,364.243,38102011.0196
2025-06-01 05:30:00,104541.8,104599.9,104400.0,104498.2,364.433,38077404.8376
2025-06-01 06:00:00,104498.2,104498.3,104150.1,104286.7,732.157,76382566.512
2025-06-01 06:30:00,104286.7,104344.0,104176.6,104222.3,468.306,48823351.8385
2025-06-01 07:00:00,104222.3,104337.0,104150.4,104305.2,468.791,48865005.6086
2025-06-01 07:30:00,104305.2,104312.4,104177.7,104230.0,379.986,39608566.3852
2025-06-01 08:00:00,104230.0,104281.6,104170.5,104242.3,380.245,39631349.9469
2025-06-01 08:30:00,104242.3,104356.5,104214.9,104346.0,277.721,28961516.9564
2025-06-01 09:00:00,104346.0,104410.0,103948.0,103993.8,1102.844,114807008.4744
2025-06-01 09:30:00,103993.8,103993.8,103696.7,103886.4,2273.335,236078850.4875
2025-06-01 10:00:00,103886.4,103990.0,103803.3,103892.1,682.32,70902218.7024
2025-06-01 10:30:00,103892.1,103920.0,103720.0,103891.4,532.198,55246148.1479
2025-06-01 11:00:00,103891.4,104024.3,103807.2,104020.0,528.763,54947780.8301
2025-06-01 11:30:00,104020.0,104102.0,103958.0,104040.0,546.397,56845692.9383
2025-06-01 12:00:00,104040.0,104140.7,103959.5,104004.4,439.458,45722352.6813
2025-06-01 12:30:00,104004.4,104010.0,103719.7,103917.6,799.796,83049256.0077
2025-06-01 13:00:00,103917.6,104320.0,103900.0,104142.5,932.059,97097631.8086
2025-06-01 13:30:00,104142.5,104398.7,104140.0,104225.9,553.42,57706048.9303
2025-06-01 14:00:00,104225.9,104666.9,104225.9,104625.1,1429.757,149456623.6704
2025-06-01 14:30:00,104625.1,104749.0,104529.1,104562.9,1191.063,124621683.6108
2025-06-01 15:00:00,104562.9,104769.8,104466.8,104736.4,869.968,91012657.7883
2025-06-01 15:30:00,104736.4,104773.5,104615.7,104676.9,623.216,65245208.0513
2025-06-01 16:00:00,104676.9,105266.0,104614.5,105115.1,3583.642,376418825.4068
2025-06-01 16:30:00,105115.1,105213.9,104947.7,104997.9,1078.108,113307590.1282
2025-06-01 17:00:00,104997.9,105167.4,104952.8,105070.0,572.969,60191740.6593
2025-06-01 17:30:00,105070.0,105166.4,104970.6,105038.1,388.129,40776396.1599
2025-06-01 18:00:00,105038.1,105038.1,104660.4,104703.2,1190.81,124843680.5254
2025-06-01 18:30:00,104703.2,104914.9,104302.4,104869.8,2268.376,237316236.6923
2025-06-01 19:00:00,104869.8,105035.1,104778.7,104973.6,1024.23,107429253.5653
2025-06-01 19:30:00,104973.6,105123.4,104945.2,105084.1,619.471,65072660.3169
2025-06-01 20:00:00,105084.1,105136.3,104882.2,105115.6,524.948,55124884.5901
2025-06-01 20:30:00,105115.6,105279.9,104856.9,104911.8,890.905,93629837.1573
2025-06-01 21:00:00,104911.8,105127.3,104877.7,105116.6,449.986,47245430.6938
2025-06-01 21:30:00,105116.6,105479.2,105116.6,105450.0,1006.077,105978455.7999
2025-06-01 22:00:00,105450.0,105730.9,105429.2,105437.6,1857.572,196148886.9206
2025-06-01 22:30:00,105437.6,105526.1,105374.5,105469.9,765.206,80691197.41
2025-06-01 23:00:00,105469.9,105843.6,105415.0,105668.9,2132.4,225475331.7959
2025-06-01 23:30:00,105668.9,105767.3,105555.1,105614.4,586.398,61939977.6845
2025-06-02 00:00:00,105614.4,105719.0,105361.4,105452.1,1563.443,165003701.1623
2025-06-02 00:30:00,105452.1,105565.6,105378.4,105391.4,801.552,84533244.6526
2025-06-02 01:00:00,105391.4,105619.9,105391.4,105431.3,817.746,86270409.0016
2025-06-02 01:30:00,105431.3,105441.3,105318.7,105356.5,491.779,51814805.99
2025-06-02 02:00:00,105356.5,105392.7,105106.0,105241.4,941.327,99044225.2365
2025-06-02 02:30:00,105241.4,105312.3,104978.5,104999.9,839.342,88248965.6799
2025-06-02 03:00:00,104999.9,105028.0,104502.2,104785.8,2555.092,267615330.127
2025-06-02 03:30:00,104785.8,104955.0,104771.1,104786.8,866.573,90860918.0655
2025-06-02 04:00:00,104786.8,104955.0,104687.0,104875.7,571.213,59885001.0329
2025-06-02 04:30:00,104875.7,104940.5,104650.6,104726.8,422.311,44256292.0071
2025-06-02 05:00:00,104726.8,104884.5,104641.5,104765.5,588.92,61709296.9449
2025-06-02 05:30:00,104765.5,104797.9,104568.3,104785.1,709.69,74294039.1501
2025-06-02 06:00:00,104785.1,104928.0,104682.1,104900.1,744.615,78042846.8279
2025-06-02 06:30:00,104900.1,105217.6,104843.9,105115.7,1463.917,153797984.2894
2025-06-02 07:00:00,105115.7,105350.0,105115.7,105225.1,887.722,93440458.074
2025-06-02 07:30:00,105225.1,105394.7,105128.0,105333.8,1119.817,117884678.6876
2025-06-02 08:00:00,105333.8,105894.0,105300.0,105766.3,2620.095,276766854.9535
2025-06-02 08:30:00,105766.3,105850.0,105200.0,105294.5,3042.852,320970229.8988
2025-06-02 09:00:00,105294.5,105295.1,104678.0,104694.3,2867.555,300714384.5928
2025-06-02 09:30:00,104694.3,104874.5,104423.1,104535.3,2475.212,258923606.7108
2025-06-02 10:00:00,104535.3,104615.0,104251.5,104330.1,2711.047,283074855.2437
2025-06-02 10:30:00,104330.1,104412.5,104200.0,104330.1,1406.599,146732104.2755
2025-06-02 11:00:00,104330.1,104449.0,104122.0,104222.9,1392.877,145230839.7581
2025-06-02 11:30:00,104222.9,104283.6,103868.0,104004.4,2117.536,220336701.3753
2025-06-02 12:00:00,104004.4,104073.1,103801.0,104007.8,1612.808,167593874.5968
2025-06-02 12:30:00,104007.8,104227.9,103973.8,104146.5,1798.524,187228238.4019
2025-06-02 13:00:00,104146.5,104207.0,103802.4,103965.6,1743.259,181276337.5379
2025-06-02 13:30:00,103965.6,104500.0,103634.6,103772.6,5969.288,620606253.9693
2025-06-02 14:00:00,103772.6,104488.0,103606.4,104402.3,4924.471,512531250.1216
2025-06-02 14:30:00,104402.3,104631.4,103893.0,104119.5,4354.337,454026258.7886
2025-06-02 15:00:00,104119.5,104512.2,103848.7,104264.2,2575.766,268268248.8456
2025-06-02 15:30:00,104264.2,104475.1,104155.6,104382.0,1626.81,169669183.1147
2025-06-02 16:00:00,104382.0,104388.2,103972.0,104029.9,1501.911,156513853.1672
2025-06-02 16:30:00,104029.9,104301.7,103962.5,104215.8,1190.873,123995555.6173
2025-06-02 17:00:00,104215.8,104441.2,104020.4,104356.2,1306.601,136170945.9195
2025-06-02 17:30:00,104356.2,104415.7,104098.1,104337.3,656.348,68418995.9464
2025-06-02 18:00:00,104337.3,104683.0,104281.6,104559.8,1023.284,106914642.7808
2025-06-02 18:30:00,104559.8,104569.0,104138.3,104306.0,1098.548,114583907.208
2025-06-02 19:00:00,104306.0,104462.5,104197.6,104340.0,751.207,78379725.5641
2025-06-02 19:30:00,104340.0,104410.1,103985.6,104376.4,1029.45,107235139.5988
2025-06-02 20:00:00,104376.4,104948.8,104376.4,104784.8,2130.347,223115180.216
2025-06-02 20:30:00,104784.8,104868.0,104615.0,104834.3,617.821,64699459.7982
2025-06-02 21:00:00,104834.3,105061.0,104686.3,104735.6,1343.692,140936784.1447
2025-06-02 21:30:00,104735.6,104873.6,104500.6,104873.5,914.081,95675166.3041
2025-06-02 22:00:00,104873.5,105742.0,104873.5,105700.9,2771.687,291985179.3757
2025-06-02 22:30:00,105700.9,105715.8,105432.6,105643.4,1470.014,155213205.8375
2025-06-02 23:00:00,105643.4,105879.8,105509.2,105807.6,2435.48,257546937.6224
2025-06-02 23:30:00,105807.6,105919.7,105677.8,105827.2,1022.137,108146255.8486
2025-06-03 00:00:00,105827.2,106360.0,105716.7,106021.7,2882.198,305714672.1368
2025-06-03 00:30:00,106021.7,106293.9,105951.5,106231.7,1216.664,129137704.3614
2025-06-03 01:00:00,106231.7,106323.5,106078.7,106265.6,826.918,87840244.0737
2025-06-03 01:30:00,106265.6,106459.5,106151.2,106435.8,1135.434,120707459.0715
2025-06-03 02:00:00,106435.8,106478.8,106000.0,106005.9,1690.933,179654809.8658
2025-06-03 02:30:00,106005.9,106099.6,105522.3,105570.1,3162.813,334489667.0183
2025-06-03 03:00:00,105570.1,105667.9,105281.8,105414.6,1986.036,209439066.9311
2025-06-03 03:30:00,105414.6,105533.1,105307.1,105426.8,954.845,100664849.737
2025-06-03 04:00:00,105426.8,105462.3,105237.4,105252.2,844.623,88942937.8482
2025-06-03 04:30:00,105252.2,105281.0,105061.8,105117.3,934.032,98213071.5548
2025-06-03 05:00:00,105117.3,105337.7,105117.3,105218.4,748.708,78810965.1205
2025-06-03 05:30:00,105218.4,105400.4,105171.1,105386.1,735.204,77418749.584
2025-06-03 06:00:00,105386.1,105400.0,105193.7,105200.4,467.348,49216441.0955
2025-06-03 06:30:00,105200.4,105377.0,105146.2,105364.9,673.581,70882896.1315
2025-06-03 07:00:00,105364.9,105378.0,105149.1,105155.3,706.835,74419295.0188
2025-06-03 07:30:00,105155.3,105230.5,105100.0,105121.9,474.715,49922592.929
2025-06-03 08:00:00,105121.9,105183.4,104851.3,104859.2,1710.347,179573346.6255
2025-06-03 08:30:00,104859.2,105039.5,104813.9,105032.0,855.219,89732101.5885
2025-06-03 09:00:00,105032.0,105101.9,105018.0,105018.0,903.263,94899421.5351
2025-06-03 09:30:00,105018.0,105226.3,105018.0,105143.8,1170.314,123080476.0091
2025-06-03 10:00:00,105143.8,105264.2,105104.3,105232.0,1135.634,119473986.1529
2025-06-03 10:30:00,105232.0,105300.0,105179.2,105239.9,580.538,61100138.9673
2025-06-03 11:00:00,105239.9,105324.8,105164.2,105194.6,551.399,58039364.8673
2025-06-03 11:30:00,105194.6,105280.0,105125.9,105255.7,579.875,61001824.9115
2025-06-03 12:00:00,105255.7,105417.9,105202.1,105320.0,746.31,78590415.5007
2025-06-03 12:30:00,105320.0,105344.0,105208.1,105275.0,451.656,47545439.8727
2025-06-03 13:00:00,105275.0,105433.0,105275.0,105391.8,757.655,79845424.59
2025-06-03 13:30:00,105391.8,105619.4,104971.9,105360.6,5251.602,553180279.0057
2025-06-03 14:00:00,105360.6,105740.0,105090.8,105732.0,3393.559,357751108.0811
2025-06-03 14:30:00,105732.0,106693.0,105728.4,106510.9,7446.939,791251192.3705
2025-06-03 15:00:00,106510.9,106773.7,106287.4,106668.3,5482.416,584030708.3823
2025-06-03 15:30:00,106668.3,106698.1,106306.8,106550.6,2626.852,279878108.9426
2025-06-03 16:00:00,106550.6,106626.0,106170.5,106190.7,2063.953,219530976.9113
2025-06-03 16:30:00,106190.7,106375.7,105704.3,105774.1,3021.065,320194044.4251
2025-06-03 17:00:00,105774.1,106079.0,105704.1,105978.9,1901.135,201347247.0257
2025-06-03 17:30:00,105978.9,105989.4,105766.8,105880.7,1336.281,141438429.5203
2025-06-03 18:00:00,105880.7,105889.4,105546.1,105688.7,1902.167,200988581.9668
2025-06-03 18:30:00,105688.7,106015.3,105639.0,105942.0,1760.939,186479120.8356
2025-06-03 19:00:00,105942.0,106350.0,105941.9,106288.6,2408.352,255525886.842
2025-06-03 19:30:00,106288.6,106368.7,106026.1,106168.3,2204.8,234204368.7442
2025-06-03 20:00:00,106168.3,106195.1,105559.3,105559.3,1065.348,112769974.9282
2025-06-03 20:30:00,105559.3,105863.0,105303.0,105694.9,2954.65,312104728.5835
2025-06-03 21:00:00,105694.9,105800.9,105303.0,105587.7,1527.669,161188406.3267
2025-06-03 21:30:00,105587.7,105667.5,105213.7,105304.7,1220.082,128589572.4293
2025-06-03 22:00:00,105304.7,105767.4,105250.0,105767.4,1694.41,178874101.4681
2025-06-03 22:30:00,105767.4,105858.9,105680.0,105694.2,915.206,96815643.3704
2025-06-03 23:00:00,105694.2,105694.4,105431.7,105438.1,603.12,63674898.1968
2025-06-03 23:30:00,105438.1,105496.5,105204.5,105324.7,1848.046,194595833.3021
2025-06-04 00:00:00,105324.7,105477.9,105216.5,105222.3,1560.782,164432955.9146
2025-06-04 00:30:00,105222.3,105420.9,105052.5,105420.9,1547.995,162844887.6582
2025-06-04 01:00:00,105420.9,105680.3,105400.0,105617.3,1287.529,135920584.0787
2025-06-04 01:30:00,105617.3,105617.3,105337.6,105522.8,960.775,101321510.1786
2025-06-04 02:00:00,105522.8,105777.4,105517.2,105583.6,822.48,86910675.1323
2025-06-04 02:30:00,105583.6,105619.9,105350.0,105411.1,1401.172,147773380.8076
2025-06-04 03:00:00,105411.1,105689.3,105375.6,105553.3,1156.999,122146765.2468
2025-06-04 03:30:00,105553.3,105658.7,105460.0,105463.1,401.911,42426719.9237
2025-06-04 04:00:00,105463.1,105551.7,105431.4,105514.1,582.405,61440285.6161
2025-06-04 04:30:00,105514.1,105527.1,105350.0,105359.5,557.929,58799511.5461
2025-06-04 05:00:00,105359.5,105468.4,105295.3,105295.3,770.822,81220628.1463
2025-06-04 05:30:00,105295.3,105401.5,105283.0,105300.1,475.652,50101243.6156
2025-06-04 06:00:00,105300.1,105393.0,105200.8,105250.9,705.784,74301042.153
2025-06-04 06:30:00,105250.9,105362.2,105200.0,105236.8,470.247,49502227.2186
2025-06-04 07:00:00,105236.8,105315.5,105206.5,105242.6,325.509,34262769.9419
2025-06-04 07:30:00,105242.6,105414.9,105223.6,105253.7,510.009,53708086.8955
2025-06-04 08:00:00,105253.7,105541.4,105253.7,105470.0,916.186,96571612.0872
2025-06-04 08:30:00,105470.0,105470.0,105379.9,105379.9,332.302,35030909.0396
2025-06-04 09:00:00,105379.9,105439.5,105267.8,105369.1,566.252,59646039.3218
2025-06-04 09:30:00,105369.1,105856.9,105310.5,105768.3,1396.536,147573463.3952
2025-06-04 10:00:00,105768.3,105952.9,105670.2,105670.6,1349.565,142791135.4308
2025-06-04 10:30:00,105670.6,105706.6,105600.0,105649.1,641.743,67799952.3648
2025-06-04 11:00:00,105649.1,105749.9,105353.3,105404.4,1187.898,125367098.5615
2025-06-04 11:30:00,105404.4,105430.8,105050.0,105056.6,2799.855,294510117.1769
2025-06-04 12:00:00,105056.6,105130.8,104880.1,104920.7,3967.979,416643890.9198
2025-06-04 12:30:00,104920.7,105033.8,104758.9,105000.1,2789.15,292605523.5107
2025-06-04 13:00:00,105000.1,105139.2,104828.0,104916.7,1447.763,151959417.8111
2025-06-04 13:30:00,104916.7,105240.7,104671.0,104725.3,3155.932,331111795.2034
2025-06-04 14:00:00,104725.3,104726.5,104135.3,104607.0,7470.524,780130243.5556
2025-06-04 14:30:00,104607.0,104999.9,104542.3,104982.6,2591.761,271442275.9822
2025-06-04 15:00:00,104982.6,105430.0,104853.2,105357.2,3977.008,418125117.183
2025-06-04 15:30:00,105357.2,105492.5,105187.0,105238.2,4201.491,442777394.8694
2025-06-04 16:00:00,105238.2,105323.6,105066.5,105066.5,1414.472,148827859.6493
2025-06-04 16:30:00,105066.5,105411.0,105035.0,105394.1,869.19,91482248.8667
2025-06-04 17:00:00,105394.1,105425.0,105150.0,105150.0,745.989,78554019.5069
2025-06-04 17:30:00,105150.0,105237.5,104892.2,104989.1,2110.098,221673184.6558
2025-06-04 18:00:00,104989.1,105243.7,104989.1,105092.0,1051.988,110618872.4629
2025-06-04 18:30:00,105092.0,105148.7,104868.0,104899.9,1166.86,122538047.8231
2025-06-04 19:00:00,104899.9,105000.0,104825.0,104850.0,1185.105,124323805.3509
2025-06-04 19:30:00,104850.0,105054.6,104840.0,104863.1,1340.903,140738495.9055
2025-06-04 20:00:00,104863.1,104920.0,104355.1,104634.3,2251.849,235523196.3806
2025-06-04 20:30:00,104634.3,104726.9,104507.3,104572.3,960.019,100440481.3426
2025-06-04 21:00:00,104572.3,104730.0,104512.6,104648.9,735.13,76894871.3492
2025-06-04 21:30:00,104648.9,105013.3,104648.9,104880.1,1015.153,106460068.6752
2025-06-04 22:00:00,104880.1,104999.0,104712.1,104737.5,615.454,64521309.0156
2025-06-04 22:30:00,104737.5,104848.1,104671.3,104712.4,429.597,44999619.3051
2025-06-04 23:00:00,104712.4,104813.6,104555.1,104600.1,549.464,57505294.6202
2025-06-04 23:30:00,104600.1,104722.8,104552.5,104630.0,347.062,36322183.3743
2025-06-05 00:00:00,104630.0,104786.7,104581.6,104725.1,432.663,45299309.1066
2025-06-05 00:30:00,104725.1,104914.7,104725.1,104914.6,1169.066,122542536.8315
2025-06-05 01:00:00,104914.6,105094.4,104842.3,104925.6,927.836,97395813.2415
2025-06-05 01:30:00,104925.6,104926.0,104623.9,104711.3,612.725,64178178.0487
2025-06-05 02:00:00,104711.3,104938.0,104711.3,104837.6,465.872,48840827.801
2025-06-05 02:30:00,104837.6,105213.5,104837.5,104940.9,1915.66,201305164.8774
2025-06-05 03:00:00,104940.9,104985.2,104820.1,104865.8,537.361,56374226.8541
2025-06-05 03:30:00,104865.8,105013.8,104830.0,104980.8,270.825,28415218.7872
2025-06-05 04:00:00,104980.8,105149.9,104980.8,105085.5,453.845,47686510.8107
2025-06-05 04:30:00,105085.5,105200.0,105050.0,105138.0,609.868,64126629.9104
2025-06-05 05:00:00,105138.0,105153.7,104870.0,104872.8,966.804,101525249.8495
2025-06-05 05:30:00,104872.8,104885.3,104516.0,104602.3,1430.547,149731444.9098
2025-06-05 06:00:00,104602.3,104661.6,104460.4,104640.7,1144.761,119691929.0305
2025-06-05 06:30:00,104640.7,104640.7,104307.6,104401.8,1925.973,201086424.4092
2025-06-05 07:00:00,104401.8,104580.2,104353.1,104538.3,869.982,90911676.5584
2025-06-05 07:30:00,104538.3,104550.0,104388.0,104461.2,441.711,46141441.605
2025-06-05 08:00:00,104461.2,104611.4,104366.7,104580.1,717.584,75009068.5477
2025-06-05 08:30:00,104580.1,104635.9,104524.4,104635.2,409.501,42828844.3949
2025-06-05 09:00:00,104635.2,104770.1,104635.2,104699.6,688.088,72048649.3646
2025-06-05 09:30:00,104699.6,104876.4,104612.0,104848.8,1061.571,111255039.5288
2025-06-05 10:00:00,104848.8,104848.9,104654.3,104663.6,598.3,62673542.9726
2025-06-05 10:30:00,104663.6,104690.2,104456.6,104604.2,1435.404,150063733.0571
2025-06-05 11:00:00,104604.2,104738.6,104490.6,104714.2,756.061,79108622.4869
2025-06-05 11:30:00,104714.2,104800.5,104714.2,104771.7,552.339,57866000.172
2025-06-05 12:00:00,104771.7,105421.7,104730.5,105356.7,3249.589,341642014.8175
2025-06-05 12:30:00,105356.7,105749.9,105245.7,105594.8,4058.795,428360334.7283
2025-06-05 13:00:00,105594.8,105866.7,105567.9,105649.7,3569.271,377356530.9656
2025-06-05 13:30:00,105649.7,105681.9,104250.0,104468.9,8337.55,874405702.1659
2025-06-05 14:00:00,104468.9,104499.9,103830.0,104216.9,8224.383,856521583.2253
2025-06-05 14:30:00,104216.9,104927.4,103947.5,104590.1,6767.067,706810813.0329
2025-06-05 15:00:00,104590.1,104811.0,104274.3,104792.7,3419.246,357400693.5351
2025-06-05 15:30:00,104792.7,104820.0,104483.0,104483.0,1625.676,170096375.7968
2025-06-05 16:00:00,104483.0,104547.0,103880.0,103967.8,3913.49,407589789.9119
2025-06-05 16:30:00,103967.8,104028.7,103233.0,103233.0,8007.614,830170777.2075
2025-06-05 17:00:00,103233.0,103557.1,103100.0,103420.9,5199.531,537262795.7091
2025-06-05 17:30:00,103420.9,103420.9,103126.0,103200.0,1553.132,160363209.4228
2025-06-05 18:00:00,103200.0,103283.9,102522.6,103249.1,7000.85,720349497.7236
2025-06-05 18:30:00,103249.1,103323.9,102750.0,102964.7,2841.709,292833498.1031
2025-06-05 19:00:00,102964.7,102998.1,101490.8,102161.1,12684.015,1294371011.8133
2025-06-05 19:30:00,102161.1,102437.2,101790.4,101870.0,4376.988,447105028.6022
2025-06-05 20:00:00,101870.0,102139.1,100900.0,101391.6,10378.887,1052423491.3842
2025-06-05 20:30:00,101391.6,101461.4,100350.0,100447.7,11588.54,1168438192.2527
2025-06-05 21:00:00,100447.7,101125.0,100380.0,100946.9,6471.567,652333472.2148
2025-06-05 21:30:00,100946.9,101639.2,100900.2,101505.4,5721.328,579880388.8495
2025-06-05 22:00:00,101505.4,101505.5,100984.1,101287.6,2239.807,226642077.3864
2025-06-05 22:30:00,101287.6,101676.4,101250.1,101453.9,1615.677,163998449.518
2025-06-05 23:00:00,101453.9,101788.6,101453.9,101749.9,1124.391,114290626.1334
2025-06-05 23:30:00,101749.9,101749.9,101420.8,101455.2,694.443,70518439.7879
2025-06-06 00:00:00,101455.2,101498.4,101046.0,101429.2,2631.608,266455411.19
2025-06-06 00:30:00,101429.2,101866.7,101428.6,101856.0,2248.894,228614759.7495
2025-06-06 01:00:00,101856.0,101900.4,101627.2,101790.5,774.772,78869677.3801
2025-06-06 01:30:00,101790.5,101908.1,101629.4,101800.0,733.777,74676411.2052
2025-06-06 02:00:00,101800.0,101809.9,101488.0,101590.4,816.439,82967936.5274
2025-06-06 02:30:00,101590.4,102168.6,101550.8,102154.2,1414.378,144111399.1583
2025-06-06 03:00:00,102154.2,102262.7,101993.9,102256.9,1341.773,137070262.232
2025-06-06 03:30:00,102256.9,102470.0,102256.9,102449.9,1072.047,109768953.9842
2025-06-06 04:00:00,102449.9,102570.9,102340.2,102477.4,1587.683,162629744.3126
2025-06-06 04:30:00,102477.4,102750.0,102429.8,102730.0,1288.576,132299042.7915
2025-06-06 05:00:00,102730.0,102857.5,102629.0,102687.4,1488.048,152896510.7413
2025-06-06 05:30:00,102687.4,102900.0,102650.0,102900.0,863.1,88727101.7468
2025-06-06 06:00:00,102900.0,103155.0,102825.1,103024.6,2521.526,259677305.3441
2025-06-06 06:30:00,103024.6,103163.7,102920.3,103120.4,1289.102,132845945.7646
2025-06-06 07:00:00,103120.4,103419.2,103100.0,103280.7,1666.266,172013857.8591
2025-06-06 07:30:00,103280.7,103280.7,103001.0,103099.9,1365.255,140748470.5653
2025-06-06 08:00:00,103099.9,103447.8,103099.9,103356.9,1274.551,131672842.9342
2025-06-06 08:30:00,103356.9,103545.7,103319.4,103460.2,1609.122,166488992.9368
2025-06-06 09:00:00,103460.2,103700.0,103454.7,103515.4,2436.652,252414827.8903
2025-06-06 09:30:00,103515.4,103692.7,103498.5,103593.4,1538.491,159375829.0599
2025-06-06 10:00:00,103593.4,103773.4,103593.3,103658.0,875.551,90788589.5781
2025-06-06 10:30:00,103658.0,103660.0,103503.5,103635.7,1172.652,121481445.2031
2025-06-06 11:00:00,103635.7,103906.6,103599.0,103793.7,1856.128,192636130.762
2025-06-06 11:30:00,103793.7,103949.6,103630.0,103873.4,1440.343,149513007.231
2025-06-06 12:00:00,103873.4,103998.0,103708.3,103820.1,1964.285,204035192.8218
2025-06-06 12:30:00,103820.1,104271.4,103463.9,103704.8,8478.332,880943818.2551
2025-06-06 13:00:00,103704.8,104008.8,103704.7,103865.6,1730.648,179811322.7357
2025-06-06 13:30:00,103865.6,104481.3,103820.0,104045.2,5484.204,571597172.4599
2025-06-06 14:00:00,104045.2,104565.0,103942.4,104513.8,3421.379,357006110.9142
2025-06-06 14:30:00,104513.8,104868.4,104300.0,104720.1,4378.264,458161189.507
2025-06-06 15:00:00,104720.1,105320.4,104619.2,104771.2,7185.637,754215104.3096
2025-06-06 15:30:00,104771.2,105060.6,104565.3,105035.2,2839.681,297583399.9834
2025-06-06 16:00:00,105035.2,105249.5,104932.5,105037.1,2459.454,258408456.5334
2025-06-06 16:30:00,105037.1,105037.1,104639.8,104709.9,1900.215,199275413.3356
2025-06-06 17:00:00,104709.9,104780.4,104374.3,104459.1,3020.083,315730182.5512
2025-06-06 17:30:00,104459.1,104911.4,104395.2,104882.1,1827.672,191328965.6663
2025-06-06 18:00:00,104882.1,104931.5,104411.5,104459.3,1794.937,187858020.7495
2025-06-06 18:30:00,104459.3,104686.6,104428.6,104448.3,1090.264,113981845.1695
2025-06-06 19:00:00,104448.3,104562.9,104225.0,104241.8,1429.703,149229276.4932
2025-06-06 19:30:00,104241.8,104300.7,104012.0,104167.4,1375.904,143318594.9576
2025-06-06 20:00:00,104167.4,104369.8,104111.0,104309.6,632.312,65923673.3681
2025-06-06 20:30:00,104309.6,104584.9,104250.0,104428.5,806.399,84235068.6178
2025-06-06 21:00:00,104428.5,104437.4,104228.1,104248.2,772.083,80520682.8316
2025-06-06 21:30:00,104248.2,104427.0,104248.1,104326.3,548.038,57189016.8175
2025-06-06 22:00:00,104326.3,104349.9,104176.6,104302.1,403.364,42049779.3574
2025-06-06 22:30:00,104302.1,104427.5,104223.7,104427.5,318.27,33201898.5794
2025-06-06 23:00:00,104427.5,104427.5,104147.0,104295.1,486.773,50733438.8769
2025-06-06 23:30:00,104295.1,104322.9,104218.8,104227.5,200.022,20856491.447
2025-06-07 00:00:00,104227.5,104278.5,103811.0,104124.7,2010.674,209113205.6308
2025-06-07 00:30:00,104124.7,104458.0,104100.3,104458.0,807.507,84212449.3039
2025-06-07 01:00:00,104458.0,104514.0,104311.2,104393.4,752.509,78573088.4874
2025-06-07 01:30:00,104393.4,104471.9,104300.0,104391.0,465.446,48583121.1243
2025-06-07 02:00:00,104391.0,104403.8,104275.8,104335.5,614.431,64100291.7508
2025-06-07 02:30:00,104335.5,104573.5,104311.4,104475.8,953.166,99585937.6397
2025-06-07 03:00:00,104475.8,104799.0,104429.5,104673.1,2690.167,281514588.2725
2025-06-07 03:30:00,104673.1,104900.4,104637.0,104842.7,1647.906,172694809.9103
2025-06-07 04:00:00,104842.7,104853.0,104672.0,104672.0,981.764,102842640.4963
2025-06-07 04:30:00,104672.0,104800.0,104626.0,104792.0,612.441,64117425.9916
2025-06-07 05:00:00,104792.0,104813.0,104720.5,104788.1,565.236,59220350.2872
2025-06-07 05:30:00,104788.1,104977.7,104762.8,104838.7,788.251,82675823.0151
2025-06-07 06:00:00,104838.7,104879.4,104759.0,104759.1,613.003,64252643.0211
2025-06-07 06:30:00,104759.1,105292.6,104759.0,105291.3,1573.187,165357192.6928
2025-06-07 07:00:00,105291.3,105292.6,104780.0,104905.2,2377.285,249571192.4393
2025-06-07 07:30:00,104905.2,104977.8,104817.0,104817.0,459.429,48181916.2802
2025-06-07 08:00:00,104817.0,104907.2,104727.0,104876.2,694.88,72833244.2085
2025-06-07 08:30:00,104876.2,104876.2,104645.4,104700.8,598.414,62683407.7677
2025-06-07 09:00:00,104700.8,104898.0,104700.7,104876.3,652.728,68435412.5451
2025-06-07 09:30:00,104876.3,104876.4,104720.7,104786.5,510.836,53522027.9123
2025-06-07 10:00:00,104786.5,105123.6,104774.1,105105.9,1029.009,108000583.4603
2025-06-07 10:30:00,105105.9,105135.0,104876.0,105083.1,916.286,96231997.3285
2025-06-07 11:00:00,105083.1,105215.2,105059.1,105163.5,649.127,68252364.8605
2025-06-07 11:30:00,105163.5,105213.9,105006.7,105093.7,816.424,85814982.0395
2025-06-07 12:00:00,105093.7,105245.3,105093.6,105245.3,668.919,70358929.5539
2025-06-07 12:30:00,105245.3,105666.0,105200.0,105413.7,3787.425,399418758.9506
2025-06-07 13:00:00,105413.7,105520.0,105250.5,105451.0,881.481,92898760.1189
2025-06-07 13:30:00,105451.0,105766.7,105450.9,105567.0,2247.203,237371595.9943
2025-06-07 14:00:00,105567.0,105623.6,105359.1,105380.8,1111.063,117189141.9661
2025-06-07 14:30:00,105380.8,105666.7,105333.4,105368.9,1599.634,168768987.6733
2025-06-07 15:00:00,105368.9,105478.8,105267.3,105400.0,844.941,89037965.4547
2025-06-07 15:30:00,105400.0,105537.5,105345.0,105505.1,533.647,56273341.6876
2025-06-07 16:00:00,105505.1,105625.7,105410.1,105418.7,670.321,70735571.1389
2025-06-07 16:30:00,105418.7,105427.3,105220.7,105297.0,710.498,74823115.7684
2025-06-07 17:00:00,105297.0,105516.0,105285.5,105477.7,571.566,60257034.6566
2025-06-07 17:30:00,105477.7,105477.7,105326.0,105343.2,363.931,38351016.6508
2025-06-07 18:00:00,105343.2,105761.1,105343.2,105718.2,1461.551,154429071.1137
2025-06-07 18:30:00,105718.2,105848.0,105497.0,105568.0,1073.72,113435692.9148
2025-06-07 19:00:00,105568.0,105842.8,105558.9,105818.2,1073.86,113577385.9397
2025-06-07 19:30:00,105818.2,105823.1,105587.5,105678.1,1311.062,138576154.3197
2025-06-07 20:00:00,105678.1,105865.9,105674.3,105820.2,662.363,70078019.0339
2025-06-07 20:30:00,105820.2,105842.9,105731.2,105799.9,364.693,38580369.5255
2025-06-07 21:00:00,105799.9,105819.0,105729.4,105744.8,298.176,31535184.6174
2025-06-07 21:30:00,105744.8,105821.5,105650.2,105715.0,331.392,35045774.5481
2025-06-07 22:00:00,105715.0,105788.0,105610.1,105761.4,324.856,34336237.2436
2025-06-07 22:30:00,105761.4,105862.4,105738.1,105771.6,484.503,51264452.1554
2025-06-07 23:00:00,105771.6,105771.6,105541.7,105625.1,434.648,45920298.7721
2025-06-07 23:30:00,105625.1,105676.7,105472.3,105499.9,1033.225,109077272.6726
2025-06-08 00:00:00,105499.9,105501.5,105387.0,105462.0,554.201,58438501.4134
2025-06-08 00:30:00,105462.0,105611.9,105386.2,105419.9,312.69,32979044.5043
2025-06-08 01:00:00,105419.9,105542.2,105340.0,105473.0,332.238,35033173.8043
2025-06-08 01:30:00,105473.0,105732.0,105473.0,105635.9,391.786,41377682.2365
2025-06-08 02:00:00,105635.9,105636.0,105413.4,105449.9,348.052,36713986.7783
2025-06-08 02:30:00,105449.9,105521.7,105385.7,105389.9,206.063,21729282.8492
2025-06-08 03:00:00,105389.9,105400.0,105347.6,105350.2,243.662,25674057.0062
2025-06-08 03:30:00,105350.2,105444.0,105350.1,105415.8,175.284,18476962.5168
2025-06-08 04:00:00,105415.8,105468.7,105352.3,105445.9,186.172,19625191.66
2025-06-08 04:30:00,105445.9,105587.2,105445.8,105556.0,338.81,35760336.8739
2025-06-08 05:00:00,105556.0,105586.7,105470.2,105554.0,237.399,25049649.9355
2025-06-08 05:30:00,105554.0,105554.2,105352.6,105377.8,294.063,31004990.0371
2025-06-08 06:00:00,105377.8,105542.0,105375.0,105482.8,306.827,32354152.2968
2025-06-08 06:30:00,105482.8,105523.9,105388.4,105388.4,179.461,18926002.0988
2025-06-08 07:00:00,105388.4,105510.3,105388.1,105400.3,229.999,24249221.5652
2025-06-08 07:30:00,105400.3,105418.4,105355.0,105370.4,228.243,24052663.5355
2025-06-08 08:00:00,105370.4,105454.5,105350.0,105383.3,253.667,26738126.46
2025-06-08 08:30:00,105383.3,105414.3,105311.2,105323.5,217.349,22901459.5193
2025-06-08 09:00:00,105323.5,105358.9,105020.9,105149.7,1574.657,165661485.0738
2025-06-08 09:30:00,105149.7,105210.9,105071.7,105077.6,689.188,72467043.4477
2025-06-08 10:00:00,105077.6,105115.3,104924.7,105030.4,1250.43,131297866.0895
2025-06-08 10:30:00,105030.4,105418.5,105030.3,105293.8,1143.128,120355400.1314
2025-06-08 11:00:00,105293.8,105664.4,105293.7,105529.9,1833.525,193432581.1731
2025-06-08 11:30:00,105529.9,105649.7,105466.9,105634.2,689.709,72821035.5982
2025-06-08 12:00:00,105634.2,105725.0,105510.1,105598.6,901.946,95257572.8343
2025-06-08 12:30:00,105598.6,105695.2,105452.4,105660.0,663.019,69992761.9789
2025-06-08 13:00:00,105660.0,105710.0,105558.2,105679.9,627.312,66266552.5608
2025-06-08 13:30:00,105679.9,106097.0,105485.7,105560.2,3080.318,325977021.4713
2025-06-08 14:00:00,105560.2,105849.7,105497.2,105677.0,831.295,87827503.6716
2025-06-08 14:30:00,105677.0,105814.9,105586.0,105771.0,469.057,49577729.1671
2025-06-08 15:00:00,105771.0,106049.3,105757.2,105939.9,1301.251,137834812.5426
2025-06-08 15:30:00,105939.9,106011.4,105861.6,105921.5,887.095,93967285.4209
2025-06-08 16:00:00,105921.5,106312.2,105879.4,106027.3,2836.045,300897666.458
2025-06-08 16:30:00,106027.3,106207.2,105977.6,106135.3,976.387,103616751.3619
2025-06-08 17:00:00,106135.3,106288.0,106085.9,106236.4,991.109,105253167.7434
2025-06-08 17:30:00,106236.4,106300.0,106016.6,106028.9,840.039,89171007.4347
2025-06-08 18:00:00,106028.9,106248.8,105960.8,106221.3,589.925,62596703.8507
2025-06-08 18:30:00,106221.3,106261.0,106166.0,106241.3,252.115,26781815.7922
2025-06-08 19:00:00,106241.3,106265.0,106219.7,106236.8,268.938,28573049.6803
2025-06-08 19:30:00,106236.8,106268.5,106105.9,106239.8,447.482,47519124.0268
2025-06-08 20:00:00,106239.8,106267.1,106195.4,106249.2,251.943,26763738.6556
2025-06-08 20:30:00,106249.2,106249.2,106060.0,106092.3,269.313,28587794.0588
2025-06-08 21:00:00,106092.3,106290.8,106092.2,106247.2,455.15,48335024.2164
2025-06-08 21:30:00,106247.2,106441.8,106180.8,106273.4,877.528,93311462.4967
2025-06-08 22:00:00,106273.4,106313.0,105833.0,105964.8,1461.563,154919362.2833
2025-06-08 22:30:00,105964.8,105964.9,105625.5,105717.0,1862.534,197000223.8035
2025-06-08 23:00:00,105717.0,105733.7,105500.0,105625.0,1465.326,154740022.6967
2025-06-08 23:30:00,105625.0,105734.1,105550.1,105670.8,569.33,60144441.1581
2025-06-09 00:00:00,105670.8,105817.6,105532.3,105732.2,1322.697,139764198.2074
2025-06-09 00:30:00,105732.2,105932.1,105543.8,105650.0,929.653,98297330.8516
2025-06-09 01:00:00,105650.0,105697.0,105501.4,105641.5,739.591,78074102.3562
2025-06-09 01:30:00,105641.5,105641.5,105381.0,105473.8,1128.702,119068879.5029
2025-06-09 02:00:00,105473.8,105675.0,105412.0,105588.0,443.023,46767948.4095
2025-06-09 02:30:00,105588.0,105603.4,105470.0,105507.5,613.874,64789465.237
2025-06-09 03:00:00,105507.5,105544.6,105252.6,105432.5,1064.793,112213866.6083
2025-06-09 03:30:00,105432.5,105657.6,105431.0,105610.7,473.765,50005522.9755
2025-06-09 04:00:00,105610.7,105672.9,105560.8,105602.6,309.775,32720013.7538
2025-06-09 04:30:00,105602.6,105608.3,105362.7,105388.1,436.646,46057542.0275
2025-06-09 05:00:00,105388.1,105473.8,105332.8,105370.4,519.843,54780236.0266
2025-06-09 05:30:00,105370.4,105415.0,105286.0,105330.0,531.439,55983516.9232
2025-06-09 06:00:00,105330.0,105483.4,105264.1,105483.4,544.42,57377620.0765
2025-06-09 06:30:00,105483.4,105660.0,105478.2,105651.9,532.496,56219138.2296
2025-06-09 07:00:00,105651.9,105651.9,105446.7,105472.0,445.478,47006434.2477
2025-06-09 07:30:00,105472.0,105570.4,105472.0,105511.4,195.973,20679520.6845
2025-06-09 08:00:00,105511.4,105580.1,105433.2,105499.1,422.799,44613266.8169
2025-06-09 08:30:00,105499.1,105906.2,105455.5,105878.8,1344.78,142196729.959
2025-06-09 09:00:00,105878.8,106140.0,105782.7,106118.9,1387.329,146992970.0703
2025-06-09 09:30:00,106118.9,106880.1,106097.9,106584.9,7779.359,829208924.6195
2025-06-09 10:00:00,106584.9,107446.4,106534.7,107067.9,7125.66,763177045.3412
2025-06-09 10:30:00,107067.9,107281.2,107000.0,107163.0,2565.271,274825470.1386
2025-06-09 11:00:00,107163.0,107583.1,107104.8,107406.0,3281.471,352336021.6488
2025-06-09 11:30:00,107406.0,107775.9,107338.4,107723.1,4150.463,446610880.3077
2025-06-09 12:00:00,107723.1,107779.4,107519.7,107546.5,1860.218,200215985.8683
2025-06-09 12:30:00,107546.5,107950.0,107546.4,107704.1,2502.031,269688509.3724
2025-06-09 13:00:00,107704.1,107859.8,107425.7,107460.9,1945.176,209275623.6377
2025-06-09 13:30:00,107460.9,107703.9,106835.4,106973.2,5218.56,559667054.8525
2025-06-09 14:00:00,106973.2,107649.0,106973.2,107527.4,3756.626,403358932.9568
2025-06-09 14:30:00,107527.4,108033.4,107478.0,107581.9,3949.413,425537778.5907
2025-06-09 15:00:00,107581.9,108012.9,107486.0,107905.2,3438.613,370665999.4437
2025-06-09 15:30:00,107905.2,107920.0,107592.8,107592.8,1353.08,145835913.3519
2025-06-09 16:00:00,107592.8,107994.5,107592.7,107912.0,1563.093,168573481.0223
2025-06-09 16:30:00,107912.0,108180.0,107602.7,107657.6,2751.729,296899675.3538
2025-06-09 17:00:00,107657.6,108342.2,107604.6,108285.9,2924.09,316033319.8376
2025-06-09 17:30:00,108285.9,108401.6,108120.1,108297.0,1979.647,214328896.8237
2025-06-09 18:00:00,108297.0,108536.4,108248.2,108393.4,2422.846,262678131.5405
2025-06-09 18:30:00,108393.4,108450.0,108239.1,108415.3,997.398,108071949.2993
2025-06-09 19:00:00,108415.3,108733.4,108378.8,108622.1,2272.006,246667341.1188
2025-06-09 19:30:00,108622.1,108622.1,108280.2,108512.9,1377.437,149396836.6899
2025-06-09 20:00:00,108512.9,108650.0,108372.2,108623.7,985.23,106935481.917
2025-06-09 20:30:00,108623.7,108685.2,108550.0,108641.8,550.925,59847859.8409
2025-06-09 21:00:00,108641.8,110528.7,108641.7,110514.7,9743.309,1066432949.7149
2025-06-09 21:30:00,110514.7,110660.8,109675.0,109923.7,6757.906,743769443.1881
2025-06-09 22:00:00,109923.7,110199.9,109661.7,110160.3,3047.383,335057540.9
2025-06-09 22:30:00,110160.3,110392.6,110051.0,110132.6,2092.861,230627641.058
2025-06-09 23:00:00,110132.6,110220.0,109843.7,109974.6,1501.051,165120587.1991
2025-06-09 23:30:00,109974.6,110263.6,109915.5,110219.9,1123.489,123715489.7381
2025-06-10 00:00:00,110219.9,110257.7,109901.9,110229.2,1119.557,123231691.796
2025-06-10 00:30:00,110229.2,110273.5,109875.0,109875.1,966.089,106333677.9898
2025-06-10 01:00:00,109875.1,109926.6,109681.7,109798.3,1123.287,123321079.4889
2025-06-10 01:30:00,109798.3,109843.8,109592.7,109750.0,756.659,83024208.6409
2025-06-10 02:00:00,109750.0,109750.1,109342.2,109603.3,1618.28,177229213.4111
2025-06-10 02:30:00,109603.3,109710.0,109516.8,109602.7,672.375,73697085.9214
2025-06-10 03:00:00,109602.7,109646.9,109346.0,109435.5,761.57,83340869.7395
2025-06-10 03:30:00,109435.5,109567.5,109342.4,109517.7,715.114,78272509.7734
2025-06-10 04:00:00,109517.7,109594.5,109317.8,109343.9,685.876,75049862.8752
2025-06-10 04:30:00,109343.9,109494.5,109330.0,109482.3,401.036,43891625.5956
2025-06-10 05:00:00,109482.3,109683.0,109352.8,109368.6,934.061,102287381.5092
2025-06-10 05:30:00,109368.6,109401.4,109156.2,109263.9,1414.497,154528763.8215
2025-06-10 06:00:00,109263.9,109373.8,109084.5,109356.9,942.618,102947564.6327
2025-06-10 06:30:00,109356.9,109596.6,109303.5,109450.1,700.502,76694951.6538
2025-06-10 07:00:00,109450.1,109464.8,109248.0,109414.0,675.187,73836588.4961
2025-06-10 07:30:00,109414.0,109460.0,109050.0,109170.9,968.671,105742608.6549
2025-06-10 08:00:00,109170.9,109367.0,109124.4,109158.8,776.947,84873236.7526
2025-06-10 08:30:00,109158.8,109300.0,109016.0,109044.9,764.268,83399406.0487
2025-06-10 09:00:00,109044.9,109360.3,109035.0,109250.2,741.613,80960797.385
2025-06-10 09:30:00,109250.2,109487.9,109250.0,109473.6,1009.54,110415184.7424
2025-06-10 10:00:00,109473.6,109549.4,109360.0,109368.4,1131.854,123873436.7145
2025-06-10 10:30:00,109368.4,109379.4,109225.7,109263.5,467.956,51133780.2308
2025-06-10 11:00:00,109263.5,109735.3,109156.8,109693.1,2176.85,238441887.9069
2025-06-10 11:30:00,109693.1,109812.0,109475.0,109507.1,2872.392,315103420.5632
2025-06-10 12:00:00,109507.1,109570.2,109376.9,109446.0,1078.829,118096577.0312
2025-06-10 12:30:00,109446.0,109671.9,109377.3,109654.9,1098.491,120344425.287
2025-06-10 13:00:00,109654.9,109863.0,109585.0,109677.2,1494.202,163935297.4369
2025-06-10 13:30:00,109677.2,109748.8,108799.0,109274.4,6102.72,665941558.8427
2025-06-10 14:00:00,109274.4,109299.9,108622.3,108790.0,3041.483,331323597.2149
2025-06-10 14:30:00,108790.0,108872.1,108425.2,108578.0,3564.464,387126728.5306
2025-06-10 15:00:00,108578.0,109165.7,108450.0,109013.2,2898.791,315639375.1108
2025-06-10 15:30:00,109013.2,109051.0,108279.2,108972.4,4327.507,470153791.531
2025-06-10 16:00:00,108972.4,109229.8,108750.0,108961.9,1996.243,217665512.7927
2025-06-10 16:30:00,108961.9,109020.0,108650.0,108693.4,713.222,77609299.8967
2025-06-10 17:00:00,108693.4,109040.9,108659.4,108795.1,822.744,89576265.8244
2025-06-10 17:30:00,108795.1,108920.0,108562.7,108662.2,976.843,106193862.8825
2025-06-10 18:00:00,108662.2,108882.3,108464.3,108874.2,904.899,98327256.0737
2025-06-10 18:30:00,108874.2,109449.7,108774.7,109239.2,1659.326,181182893.1072
2025-06-10 19:00:00,109239.2,110120.0,109239.1,109971.9,3222.143,353557359.9629
2025-06-10 19:30:00,109971.9,110351.0,109277.2,109476.1,5012.604,550933079.7519
2025-06-10 20:00:00,109476.1,109549.9,109206.1,109486.3,1441.791,157728339.2067
2025-06-10 20:30:00,109486.3,109960.0,109405.2,109912.0,1265.886,138855897.2084
2025-06-10 21:00:00,109912.0,109950.4,109346.0,109731.2,1862.802,204279573.3192
2025-06-10 21:30:00,109731.2,109893.7,109643.9,109817.5,597.368,65567378.3946
2025-06-10 22:00:00,109817.5,110122.0,109792.3,109904.0,1565.5,172194596.0857
2025-06-10 22:30:00,109904.0,109979.0,109558.8,109676.4,1007.086,110507249.7935
2025-06-10 23:00:00,109676.4,109874.7,109515.2,109746.2,905.0,99261515.2044
2025-06-10 23:30:00,109746.2,110251.4,109746.2,110227.5,1296.285,142733070.1797
2025-06-11 00:00:00,110227.5,110234.0,109753.4,109803.6,1386.513,152504071.9486
2025-06-11 00:30:00,109803.6,110033.6,109727.3,109774.7,678.556,74543128.4048
2025-06-11 01:00:00,109774.7,109796.8,109531.3,109678.3,816.444,89531615.8975
2025-06-11 01:30:00,109678.3,109678.3,109519.7,109552.1,563.165,61710791.7744
2025-06-11 02:00:00,109552.1,109800.0,109487.9,109537.3,500.238,54839564.5142
2025-06-11 02:30:00,109537.3,109636.0,109490.2,109636.0,415.308,45504366.6126
2025-06-11 03:00:00,109636.0,109812.4,109610.3,109723.3,411.044,45104037.9034
2025-06-11 03:30:00,109723.3,109772.1,109568.4,109670.6,448.32,49161037.5738
2025-06-11 04:00:00,109670.6,109686.7,109525.7,109629.6,311.076,34088476.9056
2025-06-11 04:30:00,109629.6,109680.0,109504.7,109519.9,175.248,19202242.5713
2025-06-11 05:00:00,109519.9,109623.2,109375.0,109579.8,648.959,71047271.6947
2025-06-11 05:30:00,109579.8,109586.3,109403.8,109422.7,513.959,56257236.8054
2025-06-11 06:00:00,109422.7,109556.2,109363.2,109404.9,337.599,36960534.5822
2025-06-11 06:30:00,109404.9,109632.5,109311.0,109537.8,735.687,80495127.5988
2025-06-11 07:00:00,109537.8,109684.7,109502.9,109540.2,664.183,72793732.3275
2025-06-11 07:30:00,109540.2,109582.0,109381.5,109381.5,487.166,53326973.7328
2025-06-11 08:00:00,109381.5,109543.8,109381.5,109486.5,612.347,67027309.6998
2025-06-11 08:30:00,109486.5,109625.3,109453.2,109509.5,433.078,47438943.9837
2025-06-11 09:00:00,109509.5,109550.0,109378.1,109410.3,555.034,60742419.8433
2025-06-11 09:30:00,109410.3,109410.4,109157.9,109211.7,1124.534,122844321.7784
2025-06-11 10:00:00,109211.7,109339.7,109113.8,109255.0,606.061,66195305.3849
2025-06-11 10:30:00,109255.0,109434.6,109156.1,109324.9,655.314,71630229.4088
2025-06-11 11:00:00,109324.9,109338.6,109174.6,109227.4,431.105,47094585.5169
2025-06-11 11:30:00,109227.4,109274.2,109155.7,109200.9,432.548,47237747.3945
2025-06-11 12:00:00,109200.9,109425.0,108967.0,109232.5,2845.443,310729398.833
2025-06-11 12:30:00,109232.5,109942.3,109232.5,109667.8,8319.276,912287007.344
2025-06-11 13:00:00,109667.8,109838.6,109501.2,109751.1,1049.129,115048786.7303
2025-06-11 13:30:00,109751.1,109844.0,109217.3,109637.3,4800.095,525668465.2191
2025-06-11 14:00:00,109637.3,110300.0,109589.0,110197.4,4530.769,498666763.1061
2025-06-11 14:30:00,110197.4,110375.5,109729.0,109829.4,4766.816,524435901.7382
2025-06-11 15:00:00,109829.4,109999.9,109600.0,109719.3,2361.638,259308187.6729
2025-06-11 15:30:00,109719.3,109917.5,109594.2,109697.6,1304.856,143225448.6575
2025-06-11 16:00:00,109697.6,109770.5,109303.0,109577.7,2605.297,285206676.4222
2025-06-11 16:30:00,109577.7,109591.5,109360.0,109406.6,931.652,101967687.5963
2025-06-11 17:00:00,109406.6,109718.1,109310.2,109625.4,1414.576,154958868.0759
2025-06-11 17:30:00,109625.4,109671.3,108905.3,108932.0,3099.584,338316526.233
2025-06-11 18:00:00,108932.0,109025.4,108389.4,108496.4,4719.768,513019546.8667
2025-06-11 18:30:00,108496.4,108896.2,108355.5,108754.1,2135.891,232131134.8225
2025-06-11 19:00:00,108754.1,108919.6,108530.3,108834.2,1403.16,152594878.0264
2025-06-11 19:30:00,108834.2,108867.0,108501.2,108697.7,1559.817,169450474.1932
2025-06-11 20:00:00,108697.7,108893.4,108420.0,108779.8,1517.449,164914682.0277
2025-06-11 20:30:00,108779.8,108965.8,108723.8,108861.5,799.444,86990597.4614
2025-06-11 21:00:00,108861.5,109180.1,108790.6,108800.0,887.347,96711992.9432
2025-06-11 21:30:00,108800.0,108800.0,108280.0,108450.8,1831.739,198789421.7222
2025-06-11 22:00:00,108450.8,108579.5,108006.6,108245.5,4459.484,482993370.6804
2025-06-11 22:30:00,108245.5,108421.7,108086.1,108399.9,1700.787,184123546.7633
2025-06-11 23:00:00,108399.9,108580.6,108263.6,108545.1,1154.752,125227185.3306
2025-06-11 23:30:00,108545.1,108649.0,108527.9,108611.1,499.0,54188901.5116
2025-06-12 00:00:00,108611.1,108782.5,108450.2,108477.9,1034.27,112340507.7953
2025-06-12 00:30:00,108477.9,108725.0,108254.8,108665.0,1075.675,116680690.3293
2025-06-12 01:00:00,108665.0,108665.0,108350.0,108373.1,874.262,94851587.6704
2025-06-12 01:30:00,108373.1,108487.2,108206.7,108487.2,812.594,88016712.7171
2025-06-12 02:00:00,108487.2,108740.8,108412.3,108539.2,963.486,104645110.7284
2025-06-12 02:30:00,108539.2,108588.3,108320.0,108334.5,801.206,86892517.385
2025-06-12 03:00:00,108334.5,108400.0,107673.4,107841.1,3249.639,350705208.4703
2025-06-12 03:30:00,107841.1,108034.5,107804.0,107831.1,1464.696,158039479.7889
2025-06-12 04:00:00,107831.1,107894.4,107305.1,107576.8,2590.195,278652409.5091
2025-06-12 04:30:00,107576.8,107723.3,107507.0,107723.2,765.195,82340476.0565
2025-06-12 05:00:00,107723.2,107882.0,107553.0,107812.2,881.331,94948442.4037
2025-06-12 05:30:00,107812.2,107829.0,107606.0,107697.1,632.775,68155700.9154
2025-06-12 06:00:00,107697.1,107793.0,107578.7,107748.0,641.34,69065454.8288
2025-06-12 06:30:00,107748.0,107950.0,107748.0,107858.7,640.155,69051400.0546
2025-06-12 07:00:00,107858.7,107920.0,107613.8,107619.9,546.156,58875689.7627
2025-06-12 07:30:00,107619.9,107657.2,107358.2,107567.2,1136.852,122240570.5668
2025-06-12 08:00:00,107567.2,107799.9,107379.2,107767.9,1734.356,186642222.9684
2025-06-12 08:30:00,107767.9,107805.0,107600.9,107686.2,526.177,56678476.6134
2025-06-12 09:00:00,107686.2,107739.6,107511.7,107550.0,518.438,55782945.7332
2025-06-12 09:30:00,107550.0,107687.4,107434.5,107450.3,837.373,90047765.4934
2025-06-12 10:00:00,107450.3,107476.6,107159.7,107230.0,2097.551,225082839.9367
2025-06-12 10:30:00,107230.0,107309.3,107139.9,107270.9,1557.494,166997392.7237
2025-06-12 11:00:00,107270.9,107298.2,106939.5,106979.2,1870.186,200271755.5988
2025-06-12 11:30:00,106979.2,107138.6,106830.0,106856.0,1807.091,193307902.7788
2025-06-12 12:00:00,106856.0,106985.1,106820.9,106930.6,1591.405,170124821.3254
2025-06-12 12:30:00,106930.6,107374.8,106908.0,106940.0,3072.89,329214762.6329
2025-06-12 13:00:00,106940.0,107117.1,106700.0,106787.1,2340.321,250112060.5703
2025-06-12 13:30:00,106787.1,107152.8,106554.3,107027.5,4261.811,455483095.699
2025-06-12 14:00:00,107027.5,107527.6,107027.4,107429.3,3373.503,362075930.2351
2025-06-12 14:30:00,107429.3,107689.8,107325.5,107577.6,2665.718,286748616.9907
2025-06-12 15:00:00,107577.6,107775.1,107010.2,107164.0,3702.797,397777048.9253
2025-06-12 15:30:00,107164.0,107417.0,106837.6,106967.4,2462.917,263791263.9358
2025-06-12 16:00:00,106967.4,107837.8,106930.0,107690.1,2840.693,305194048.2538
2025-06-12 16:30:00,107690.1,107729.4,107440.0,107702.5,1989.457,214083727.9683
2025-06-12 17:00:00,107702.5,108200.0,107678.7,108125.7,3000.155,323915711.3791
2025-06-12 17:30:00,108125.7,108400.0,108115.7,108249.9,1745.074,188918275.8619
2025-06-12 18:00:00,108249.9,108383.6,107695.0,107750.0,1973.058,213163640.6586
2025-06-12 18:30:00,107750.0,107936.4,107145.5,107529.1,2718.62,292192452.1924
2025-06-12 19:00:00,107529.1,107841.2,107374.7,107735.9,1637.066,176165975.4992
2025-06-12 19:30:00,107735.9,107786.8,106600.0,106735.2,4802.637,513721511.046
2025-06-12 20:00:00,106735.2,106911.7,106224.1,106838.8,4302.255,458732430.5481
2025-06-12 20:30:00,106838.8,106897.5,105699.0,105902.0,7228.611,766444354.5731
2025-06-12 21:00:00,105902.0,106374.0,105788.7,106348.0,2330.271,247212957.0529
2025-06-12 21:30:00,106348.0,106352.6,105781.6,105826.1,1720.203,182386966.2965
2025-06-12 22:00:00,105826.1,106171.5,105672.0,105828.9,2645.065,280144467.0799
2025-06-12 22:30:00,105828.9,105929.9,105644.3,105830.1,1870.957,197901616.8427
2025-06-12 23:00:00,105830.1,106085.6,105719.8,106050.1,1293.629,137054034.4094
2025-06-12 23:30:00,106050.1,106050.1,105579.8,105600.9,1255.958,132848412.1402
2025-06-13 00:00:00,105600.9,105640.0,103536.3,103658.3,23336.747,2439589149.0435
2025-06-13 00:30:00,103658.3,104080.4,103130.8,103737.1,7213.262,747469420.422
2025-06-13 01:00:00,103737.1,103737.1,102626.9,103203.2,8523.139,878764173.6606
2025-06-13 01:30:00,103203.2,103837.3,102911.6,103720.0,5032.259,520297002.8688
2025-06-13 02:00:00,103720.0,103932.9,103510.9,103655.9,2671.57,277048342.9557
2025-06-13 02:30:00,103655.9,103892.1,103020.2,103609.8,3914.627,404976454.3078
2025-06-13 03:00:00,103609.8,104286.0,103583.7,104047.2,2767.988,287887514.4766
2025-06-13 03:30:00,104047.2,104600.0,103910.5,104251.0,3936.99,410671723.0686
2025-06-13 04:00:00,104251.0,104270.2,103734.2,104038.4,2185.879,227298641.8283
2025-06-13 04:30:00,104038.4,104469.0,104022.1,104363.8,1437.756,149929301.6629
2025-06-13 05:00:00,104363.8,104419.6,104179.5,104274.8,916.623,95609411.7669
2025-06-13 05:30:00,104274.8,104338.3,103944.9,103968.4,1584.17,164965513.2935
2025-06-13 06:00:00,103968.4,104145.9,103807.6,103808.0,1274.069,132454862.0524
2025-06-13 06:30:00,103808.0,104687.9,103775.0,104682.3,3019.244,314708281.1245
2025-06-13 07:00:00,104682.3,104792.3,104328.6,104743.3,2070.344,216470897.8042
2025-06-13 07:30:00,104743.3,104923.5,104550.0,104839.7,1757.588,184098376.3061
2025-06-13 08:00:00,104839.7,105425.5,104816.8,105070.0,3655.063,384359938.249
2025-06-13 08:30:00,105070.0,105178.9,104643.2,104691.0,2108.867,221166090.3696
2025-06-13 09:00:00,104691.0,104739.9,104441.9,104647.1,1751.718,183233606.508
2025-06-13 09:30:00,104647.1,104874.7,104481.0,104772.3,1242.636,130076260.5615
2025-06-13 10:00:00,104772.3,104812.1,104359.4,104606.4,1334.326,139536699.3646
2025-06-13 10:30:00,104606.4,104878.5,104454.1,104816.0,1274.876,133484115.8963
2025-06-13 11:00:00,104816.0,105008.1,104650.0,104699.9,1399.573,146731313.3267
2025-06-13 11:30:00,104699.9,105003.4,104600.0,104996.4,1263.743,132473912.4305
2025-06-13 12:00:00,104996.4,105252.6,104882.5,104997.7,2028.652,213111789.6764
2025-06-13 12:30:00,104997.7,105129.0,104769.5,104806.0,1036.758,108768231.842
2025-06-13 13:00:00,104806.0,104880.0,104681.3,104807.4,1073.006,112420450.7383
2025-06-13 13:30:00,104807.4,105279.8,104619.7,104678.5,3312.506,347614513.2899
2025-06-13 14:00:00,104678.5,104954.1,104075.3,104104.3,5046.22,527246094.1858
2025-06-13 14:30:00,104104.3,104968.0,104057.2,104912.6,3050.513,318872270.9979
2025-06-13 15:00:00,104912.6,105729.8,104814.0,105580.0,5324.595,560748571.8492
2025-06-13 15:30:00,105580.0,105661.9,105213.8,105387.9,2872.635,303068492.4948
2025-06-13 16:00:00,105387.9,105921.8,105260.5,105762.1,3180.575,336209294.6544
2025-06-13 16:30:00,105762.1,105810.5,105321.1,105729.9,2148.217,226727793.8124
2025-06-13 17:00:00,105729.9,105729.9,104981.3,104994.0,2318.438,244138924.8074
2025-06-13 17:30:00,104994.0,105370.6,104804.6,105315.3,2638.026,277179280.7063
2025-06-13 18:00:00,105315.3,105425.0,104797.0,104927.4,2386.103,250642503.2756
2025-06-13 18:30:00,104927.4,105244.4,104590.9,105130.0,2298.359,240999571.4286
2025-06-13 19:00:00,105130.0,105391.9,104831.6,104990.2,1571.293,165180242.3635
2025-06-13 19:30:00,104990.2,105206.9,104867.5,105047.6,851.82,89487108.5368
2025-06-13 20:00:00,105047.6,105340.9,104958.0,105255.0,660.722,69481759.3727
2025-06-13 20:30:00,105255.0,105483.9,105145.7,105386.0,874.295,92097637.1925
2025-06-13 21:00:00,105386.0,105597.8,105266.8,105510.5,632.49,66676831.7589
2025-06-13 21:30:00,105510.5,105742.3,105378.2,105562.3,670.059,70744070.7784
2025-06-13 22:00:00,105562.3,105791.3,105562.3,105581.5,771.239,81506870.4588
2025-06-13 22:30:00,105581.5,105819.7,105493.6,105696.3,632.654,66850218.5006
2025-06-13 23:00:00,105696.3,105865.9,105696.2,105827.9,524.058,55444348.6928
2025-06-13 23:30:00,105827.9,106140.0,105822.4,106023.1,1073.464,113770418.0331
2025-06-14 00:00:00,106023.1,106023.1,105642.8,105749.9,1605.459,169974779.156
2025-06-14 00:30:00,105749.9,106168.8,105656.8,105758.8,1240.057,131320440.9776
2025-06-14 01:00:00,105758.8,105758.8,105381.5,105488.6,1175.81,124057788.5017
2025-06-14 01:30:00,105488.6,105545.1,105386.8,105420.0,406.498,42868538.3842
2025-06-14 02:00:00,105420.0,105564.9,105310.2,105331.3,412.301,43460071.5808
2025-06-14 02:30:00,105331.3,105377.0,105253.1,105337.8,406.415,42798334.432
2025-06-14 03:00:00,105337.8,105341.0,105200.2,105299.0,525.925,55352388.1646
2025-06-14 03:30:00,105299.0,105400.0,105140.5,105185.3,437.886,46085098.9969
2025-06-14 04:00:00,105185.3,105339.8,105163.1,105292.9,377.01,39679434.2039
2025-06-14 04:30:00,105292.9,105357.5,105230.7,105318.0,339.051,35698123.6323
2025-06-14 05:00:00,105318.0,105361.4,105207.7,105260.8,529.389,55724800.6142
2025-06-14 05:30:00,105260.8,105325.4,105193.0,105238.0,477.134,50231712.7532
2025-06-14 06:00:00,105238.0,105274.0,105052.4,105109.9,1169.8,122985001.6045
2025-06-14 06:30:00,105109.9,105168.1,105044.1,105044.1,462.077,48559483.7469
2025-06-14 07:00:00,105044.1,105044.1,104723.5,104927.0,1728.739,181361297.7361
2025-06-14 07:30:00,104927.0,105080.0,104916.0,105016.0,720.324,75643217.7365
2025-06-14 08:00:00,105016.0,105045.0,104800.0,104952.7,645.972,67766563.0907
2025-06-14 08:30:00,104952.7,105072.8,104812.8,105042.6,383.403,40249264.7581
2025-06-14 09:00:00,105042.6,105058.1,104950.1,104950.7,349.907,36740648.9593
2025-06-14 09:30:00,104950.7,104951.7,104800.0,104820.9,498.691,52294929.144
2025-06-14 10:00:00,104820.9,104949.7,104788.4,104941.3,268.334,28141686.0543
2025-06-14 10:30:00,104941.3,105065.8,104938.9,104951.0,299.395,31431792.7365
2025-06-14 11:00:00,104951.0,105026.3,104885.8,104950.0,327.192,34343299.5639
2025-06-14 11:30:00,104950.0,105047.0,104900.3,105034.0,643.862,67597526.2476
2025-06-14 12:00:00,105034.0,105046.9,104840.8,104853.0,613.865,64411809.7207
2025-06-14 12:30:00,104853.0,104987.7,104672.0,104987.7,1007.749,105634930.7119
2025-06-14 13:00:00,104987.7,105070.8,104842.8,104876.7,636.873,66835300.2945
2025-06-14 13:30:00,104876.7,105018.1,104850.0,104964.9,475.775,49929876.1356
2025-06-14 14:00:00,104964.9,105015.0,104950.0,104955.0,214.802,22548742.3324
2025-06-14 14:30:00,104955.0,104955.1,104775.5,104858.5,660.503,69253849.2095
2025-06-14 15:00:00,104858.5,104930.8,104809.2,104848.7,210.554,22081945.121
2025-06-14 15:30:00,104848.7,104848.7,104556.2,104780.6,1479.08,154853586.0074
2025-06-14 16:00:00,104780.6,104852.2,104644.3,104652.1,653.155,68414294.1925
2025-06-14 16:30:00,104652.1,104660.0,104316.0,104398.1,2011.885,210156687.8767
2025-06-14 17:00:00,104398.1,104672.3,104341.3,104620.0,714.699,74707145.3863
2025-06-14 17:30:00,104620.0,104658.6,104440.0,104558.3,431.532,45108612.2202
2025-06-14 18:00:00,104558.3,104940.0,104540.8,104558.5,1332.028,139579066.012
2025-06-14 18:30:00,104558.5,104879.5,104285.0,104847.7,2381.361,248994507.6151
2025-06-14 19:00:00,104847.7,105015.6,104744.9,104874.3,2406.269,252401585.9963
2025-06-14 19:30:00,104874.3,104978.0,104602.1,104610.5,758.106,79423423.577
2025-06-14 20:00:00,104610.5,104706.8,104250.0,104600.0,2209.455,230711349.6837
2025-06-14 20:30:00,104600.0,104973.0,104599.9,104858.8,2010.34,210751109.7341
2025-06-14 21:00:00,104858.8,105222.3,104818.4,105143.9,1992.729,209262106.3551
2025-06-14 21:30:00,105143.9,105425.7,105053.1,105277.3,1451.11,152700303.8852
2025-06-14 22:00:00,105277.3,105454.3,105268.7,105428.1,959.309,101108502.6841
2025-06-14 22:30:00,105428.1,105428.2,105251.5,105387.3,520.011,54775966.1118
2025-06-14 23:00:00,105387.3,105447.7,105310.0,105330.8,368.038,38788617.3723
2025-06-14 23:30:00,105330.8,105431.5,105300.0,105356.7,463.701,48857722.3667
2025-06-15 00:00:00,105356.7,105462.5,105304.0,105363.5,739.426,77920975.7077
2025-06-15 00:30:00,105363.5,105619.2,105215.1,105593.4,887.645,93606259.5348
2025-06-15 01:00:00,105593.4,105630.9,105382.4,105398.5,548.248,57844736.6195
2025-06-15 01:30:00,105398.5,105439.3,105354.7,105367.6,383.588,40424719.0379
2025-06-15 02:00:00,105367.6,105576.0,105367.5,105565.7,389.657,41114277.0247
2025-06-15 02:30:00,105565.7,105576.0,105421.5,105426.2,298.049,31438633.6498
2025-06-15 03:00:00,105426.2,105500.0,105426.1,105485.6,181.755,19166697.4969
2025-06-15 03:30:00,105485.6,105529.9,105420.0,105430.5,205.299,21651633.0508
2025-06-15 04:00:00,105430.5,105484.3,105430.4,105465.8,240.382,25349973.9246
2025-06-15 04:30:00,105465.8,105522.4,105431.4,105511.0,204.347,21553626.6143
2025-06-15 05:00:00,105511.0,105643.0,105452.2,105631.0,256.877,27111860.6986
2025-06-15 05:30:00,105631.0,106056.9,105630.9,106027.7,2566.283,271706366.4044
2025-06-15 06:00:00,106027.7,106080.0,105500.0,105500.1,1837.873,194391240.0777
2025-06-15 06:30:00,105500.1,105514.5,105369.1,105408.6,779.307,82178172.2821
2025-06-15 07:00:00,105408.6,105415.4,105145.1,105240.7,1071.806,112863086.2408
2025-06-15 07:30:00,105240.7,105408.6,105155.0,105391.8,717.843,75595834.4164
2025-06-15 08:00:00,105391.8,105440.0,105209.9,105210.1,901.331,94881685.5301
2025-06-15 08:30:00,105210.1,105258.0,105101.3,105164.7,610.286,64183267.5727
2025-06-15 09:00:00,105164.7,105164.7,104867.1,104887.5,1639.958,172160818.764
2025-06-15 09:30:00,104887.5,105000.0,104820.0,104884.6,642.006,67352739.5382
2025-06-15 10:00:00,104884.6,105109.5,104884.6,104990.3,848.488,89106164.7766
2025-06-15 10:30:00,104990.3,105146.9,104929.3,105075.5,428.955,45057707.0376
2025-06-15 11:00:00,105075.5,105117.0,104941.6,104952.0,336.746,35371150.2839
2025-06-15 11:30:00,104952.0,105029.0,104870.9,104933.2,643.704,67547608.1911
2025-06-15 12:00:00,104933.2,105139.3,104906.6,105004.5,585.767,61539830.0199
2025-06-15 12:30:00,105004.5,105258.0,104970.6,105240.0,704.005,74027950.172
2025-06-15 13:00:00,105240.0,105571.2,105173.7,105450.5,2353.002,248046484.1033
2025-06-15 13:30:00,105450.5,105617.5,105247.2,105489.1,927.485,97805378.6214
2025-06-15 14:00:00,105489.1,105525.4,105268.9,105335.1,586.488,61797720.8664
2025-06-15 14:30:00,105335.1,105798.1,105274.3,105630.3,1518.146,160374532.565
2025-06-15 15:00:00,105630.3,105700.0,105525.8,105699.9,638.905,67478584.6826
2025-06-15 15:30:00,105699.9,105765.0,105491.3,105533.2,773.824,81738806.6212
2025-06-15 16:00:00,105533.2,105652.6,105302.3,105383.5,1380.429,145558953.7428
2025-06-15 16:30:00,105383.5,105565.1,105294.8,105533.6,529.076,55784690.6815
2025-06-15 17:00:00,105533.6,105535.0,105436.2,105499.2,176.717,18641987.5351
2025-06-15 17:30:00,105499.2,105746.1,105466.1,105639.6,512.298,54122165.707
2025-06-15 18:00:00,105639.6,105639.7,105426.8,105492.3,392.591,41422657.029
2025-06-15 18:30:00,105492.3,105531.6,105432.0,105441.1,157.775,16641015.0072
2025-06-15 19:00:00,105441.1,105545.5,105425.5,105441.5,219.213,23121574.563
2025-06-15 19:30:00,105441.5,105479.4,105024.1,105246.3,1450.775,152597595.0034
2025-06-15 20:00:00,105246.3,105255.0,104890.3,104939.6,995.544,104541896.0987
2025-06-15 20:30:00,104939.6,105049.9,104550.0,104687.5,2070.998,216891870.6298
2025-06-15 21:00:00,104687.5,104770.4,104433.0,104768.7,1521.817,159144803.2865
2025-06-15 21:30:00,104768.7,104789.6,104490.0,104752.1,620.962,64991701.5174
2025-06-15 22:00:00,104752.1,105245.7,104682.0,105122.3,1734.242,182134449.1413
2025-06-15 22:30:00,105122.3,105330.5,104988.0,105217.8,895.117,94154577.4778
2025-06-15 23:00:00,105217.8,105425.9,105167.1,105385.8,606.319,63854462.2755
2025-06-15 23:30:00,105385.8,105576.0,105381.2,105547.8,714.014,75325480.2166
2025-06-16 00:00:00,105547.8,105742.0,105329.4,105431.2,1201.021,126737698.9781
2025-06-16 00:30:00,105431.2,105615.4,105307.9,105396.0,1151.64,121421071.4518
2025-06-16 01:00:00,105396.0,105432.5,104957.6,105052.0,1183.38,124405925.743
2025-06-16 01:30:00,105052.0,105866.9,104921.2,105765.9,2612.759,275601809.9229
2025-06-16 02:00:00,105765.9,105946.2,105666.5,105731.9,1759.275,186191509.4766
2025-06-16 02:30:00,105731.9,105863.9,105633.0,105737.0,640.764,67759479.2256
2025-06-16 03:00:00,105737.0,105931.3,105666.8,105894.1,512.791,54260539.6413
2025-06-16 03:30:00,105894.1,105905.6,105794.8,105875.4,461.88,48895437.7739
2025-06-16 04:00:00,105875.4,106370.0,105830.0,106185.6,2703.278,286825421.0029
2025-06-16 04:30:00,106185.6,106350.0,106122.0,106350.0,887.13,94245493.4183
2025-06-16 05:00:00,106350.0,106659.5,106268.2,106653.4,2426.088,258243178.6755
2025-06-16 05:30:00,106653.4,106754.6,106469.5,106535.8,1645.717,175419129.049
2025-06-16 06:00:00,106535.8,106728.0,106462.0,106666.9,954.411,101741299.6028
2025-06-16 06:30:00,106666.9,106724.9,106509.0,106541.3,830.19,88513761.6931
2025-06-16 07:00:00,106541.3,106837.1,106541.3,106830.9,929.905,99213188.8533
2025-06-16 07:30:00,106830.9,107237.5,106830.9,107014.0,3519.556,376764301.4336
2025-06-16 08:00:00,107014.0,107094.4,106903.0,106927.5,836.043,89462969.6174
2025-06-16 08:30:00,106927.5,107206.7,106906.9,107135.9,1053.46,112789200.4312
2025-06-16 09:00:00,107135.9,107195.8,106909.1,106909.1,1106.219,118383921.3865
2025-06-16 09:30:00,106909.1,107000.0,106843.5,106919.9,801.765,85722350.1884
2025-06-16 10:00:00,106919.9,107193.0,106868.4,107037.8,843.763,90343029.7346
2025-06-16 10:30:00,107037.8,107041.8,106686.4,106805.7,1369.731,146325715.0579
2025-06-16 11:00:00,106805.7,106842.8,106534.3,106660.7,1298.757,138549774.4244
2025-06-16 11:30:00,106660.7,106941.2,106650.0,106866.2,1171.049,125101126.6203
2025-06-16 12:00:00,106866.2,106875.5,106602.9,106625.4,1456.623,155469626.2373
2025-06-16 12:30:00,106625.4,106770.0,106554.0,106630.7,874.547,93305235.8012
2025-06-16 13:00:00,106630.7,106694.7,106509.4,106595.0,997.745,106348426.8543
2025-06-16 13:30:00,106595.0,107125.7,106440.0,107095.2,3663.107,391000284.3883
2025-06-16 14:00:00,107095.2,107338.0,106712.3,107297.8,4777.135,511342085.7501
2025-06-16 14:30:00,107297.8,107739.5,107287.9,107479.6,6403.494,688780433.9114
2025-06-16 15:00:00,107479.6,107649.0,107350.0,107416.6,1748.25,187937480.6585
2025-06-16 15:30:00,107416.6,107672.7,107235.1,107378.2,2081.019,223653577.5639
2025-06-16 16:00:00,107378.2,107650.0,107253.9,107575.2,1180.858,126952696.6216
2025-06-16 16:30:00,107575.2,107876.0,107450.3,107716.0,2055.926,221416059.4852
2025-06-16 17:00:00,107716.0,107936.8,107583.8,107848.7,1387.636,149561198.0425
2025-06-16 17:30:00,107848.7,107990.0,107564.8,107705.6,1966.82,211995185.7007
2025-06-16 18:00:00,107705.6,108067.6,107627.5,108040.9,1438.457,155236117.7406
2025-06-16 18:30:00,108040.9,108244.4,107955.0,108220.1,1766.053,190877579.6102
2025-06-16 19:00:00,108220.1,108873.8,108220.0,108711.1,5454.78,592295267.1078
2025-06-16 19:30:00,108711.1,108772.0,108349.9,108585.7,2300.94,249681378.7216
2025-06-16 20:00:00,108585.7,108636.4,108350.0,108568.9,2063.586,223884434.6156
2025-06-16 20:30:00,108568.9,108843.3,108492.9,108749.9,1523.556,165542636.3763
2025-06-16 21:00:00,108749.9,108771.8,108474.0,108592.8,1065.371,115672399.0257
2025-06-16 21:30:00,108592.8,108593.0,108248.8,108489.8,1241.224,134619325.3357
2025-06-16 22:00:00,108489.8,108955.5,108489.8,108623.1,1637.339,177989708.259
2025-06-16 22:30:00,108623.1,108623.1,107340.7,107647.1,6602.931,711598071.5163
2025-06-16 23:00:00,107647.1,107932.9,107376.0,107522.3,2473.271,266208327.5526
2025-06-16 23:30:00,107522.3,107574.8,106630.0,106749.3,5050.411,540505052.671
2025-06-17 00:00:00,106749.3,106888.0,106072.3,106750.0,7278.418,774824399.5925
2025-06-17 00:30:00,106750.0,107217.0,106610.0,107194.3,2985.387,319210830.9
2025-06-17 01:00:00,107194.3,107270.0,106875.0,106978.0,1679.265,179797861.3657
2025-06-17 01:30:00,106978.0,107369.0,106933.0,107134.8,1389.646,148904091.2409
2025-06-17 02:00:00,107134.8,107185.4,106650.0,106663.5,1692.268,180852582.5549
2025-06-17 02:30:00,106663.5,107600.0,106520.7,107444.0,3440.831,368473075.0795
2025-06-17 03:00:00,107444.0,107724.9,107320.8,107374.6,1856.451,199554467.149
2025-06-17 03:30:00,107374.6,107685.9,107374.6,107558.8,996.334,107140450.7311
2025-06-17 04:00:00,107558.8,107671.9,107428.5,107447.0,637.691,68580305.3902
2025-06-17 04:30:00,107447.0,107468.9,107268.4,107299.9,961.909,103256170.928
2025-06-17 05:00:00,107299.9,107365.0,106974.3,107178.3,2011.964,215585933.1189
2025-06-17 05:30:00,107178.3,107246.4,106988.8,107063.6,816.888,87485029.984
2025-06-17 06:00:00,107063.6,107179.2,106871.4,106959.4,983.027,105191698.0012
2025-06-17 06:30:00,106959.4,106959.9,106658.8,106787.3,1496.337,159813383.9156
2025-06-17 07:00:00,106787.3,106820.0,106444.4,106444.5,1802.183,192221832.2663
2025-06-17 07:30:00,106444.5,106753.9,106434.8,106732.0,1404.649,149779591.9624
2025-06-17 08:00:00,106732.0,106783.0,106525.8,106762.0,843.405,89972436.021
2025-06-17 08:30:00,106762.0,106780.8,106441.1,106520.1,890.437,94884522.5547
2025-06-17 09:00:00,106520.1,106612.6,106315.0,106366.1,1245.233,132517681.0741
2025-06-17 09:30:00,106366.1,106409.1,106039.8,106128.4,2199.63,233556915.3563
2025-06-17 10:00:00,106128.4,106206.3,105971.6,106057.6,1559.684,165435494.2697
2025-06-17 10:30:00,106057.6,106058.0,105674.1,105902.1,3009.542,318502779.0517
2025-06-17 11:00:00,105902.1,105902.1,105466.0,105494.0,3317.811,350436205.2626
2025-06-17 11:30:00,105494.0,105614.5,105436.1,105590.1,1531.088,161574687.3927
2025-06-17 12:00:00,105590.1,105809.2,105529.3,105626.7,1761.627,186162780.4232
2025-06-17 12:30:00,105626.7,105779.8,105348.6,105459.7,1802.891,190300184.2296
2025-06-17 13:00:00,105459.7,105600.2,105360.0,105583.4,1688.038,178049549.5559
2025-06-17 13:30:00,105583.4,105700.0,105128.2,105309.3,4566.897,481186056.7402
2025-06-17 14:00:00,105309.3,105648.0,104950.0,105266.4,4198.33,442171700.771
2025-06-17 14:30:00,105266.4,105349.0,104732.0,104797.5,4146.922,435430147.1316
2025-06-17 15:00:00,104797.5,104927.6,104206.5,104252.9,6023.717,629794618.3578
2025-06-17 15:30:00,104252.9,104558.3,104065.1,104192.3,5841.235,609264504.0467
2025-06-17 16:00:00,104192.3,104389.7,104028.2,104132.7,3755.876,391395076.9618
2025-06-17 16:30:00,104132.7,104434.9,103409.5,103579.9,7563.407,785072934.3072
2025-06-17 17:00:00,103579.9,103874.1,103303.4,103856.3,4525.768,468759119.1236
2025-06-17 17:30:00,103856.3,104199.9,103683.0,103750.1,3545.88,368524212.8651
2025-06-17 18:00:00,103750.1,104039.3,103558.3,103623.4,1687.044,175030189.8063
2025-06-17 18:30:00,103623.4,104388.1,103623.3,104368.6,2720.936,283186260.4976
2025-06-17 19:00:00,104368.6,105286.7,104368.5,105088.0,6587.218,690912482.4762
2025-06-17 19:30:00,105088.0,105168.0,104604.0,104625.9,2993.157,314050019.987
2025-06-17 20:00:00,104625.9,104834.9,104207.2,104518.0,2836.62,296470858.1899
2025-06-17 20:30:00,104518.0,104603.2,104237.7,104304.6,1134.508,118440867.5032
2025-06-17 21:00:00,104304.6,104465.3,104174.2,104451.8,1208.56,126098032.033
2025-06-17 21:30:00,104451.8,104765.7,104302.1,104500.1,1578.052,164989106.0632
2025-06-17 22:00:00,104500.1,104690.6,104346.0,104540.0,969.456,101371376.9735
2025-06-17 22:30:00,104540.0,104613.2,104142.8,104182.1,957.089,99891663.0184
2025-06-17 23:00:00,104182.1,104527.3,104171.6,104519.9,743.57,77604297.7314
2025-06-17 23:30:00,104519.9,104683.5,104492.5,104512.7,511.146,53464249.0919
2025-06-18 00:00:00,104512.7,104667.8,104360.0,104363.6,627.755,65613116.9791
2025-06-18 00:30:00,104363.6,104812.8,104320.0,104790.0,1060.803,111008600.7616
2025-06-18 01:00:00,104790.0,105143.5,104751.9,104759.6,1526.328,160162016.6002
2025-06-18 01:30:00,104759.6,104839.3,104618.0,104726.6,599.731,62813595.5574
2025-06-18 02:00:00,104726.6,105000.0,104632.6,104999.9,630.262,66054913.2363
2025-06-18 02:30:00,104999.9,105031.3,104800.0,104800.0,424.399,44532387.2081
2025-06-18 03:00:00,104800.0,105079.5,104789.1,104983.9,494.238,51858241.9119
2025-06-18 03:30:00,104983.9,105186.2,104983.8,105124.6,665.32,69941461.511
2025-06-18 04:00:00,105124.6,105254.0,105014.4,105151.3,535.992,56367587.8551
2025-06-18 04:30:00,105151.3,105450.0,105127.6,105396.0,1305.797,137551945.9534
2025-06-18 05:00:00,105396.0,105498.9,105328.5,105424.7,764.741,80617323.9469
2025-06-18 05:30:00,105424.7,105500.0,105340.7,105362.0,907.911,95731987.7353
2025-06-18 06:00:00,105362.0,105480.0,105183.8,105266.5,1015.708,106981519.1591
2025-06-18 06:30:00,105266.5,105266.6,104835.1,104918.3,1945.531,204336901.604
2025-06-18 07:00:00,104918.3,104942.5,104654.3,104887.4,1478.812,155010694.2984
2025-06-18 07:30:00,104887.4,104961.0,104812.7,104921.2,604.039,63357086.0972
2025-06-18 08:00:00,104921.2,105260.2,104910.0,105025.2,1204.9,126646434.1041
2025-06-18 08:30:00,105025.2,105036.5,104690.6,104899.3,999.259,104775711.909
2025-06-18 09:00:00,104899.3,105079.7,104830.1,104843.1,530.901,55728132.9257
2025-06-18 09:30:00,104843.1,104843.1,104512.9,104651.8,1389.844,145448092.1998
2025-06-18 10:00:00,104651.8,104760.0,104438.2,104457.9,1579.591,165164939.4492
2025-06-18 10:30:00,104457.9,104576.6,104132.1,104227.3,2390.123,249369493.9222
2025-06-18 11:00:00,104227.3,104458.5,104162.0,104376.0,1215.305,126766253.16
2025-06-18 11:30:00,104376.0,104810.4,104302.8,104788.9,1760.215,184172282.4758
2025-06-18 12:00:00,104788.9,104865.4,104565.9,104680.0,1131.722,118509619.5034
2025-06-18 12:30:00,104680.0,104680.1,104438.5,104476.1,1107.219,115726417.8569
2025-06-18 13:00:00,104476.1,104511.6,103860.0,103875.7,3491.445,363381245.3968
2025-06-18 13:30:00,103875.7,104440.4,103767.1,104394.2,3720.961,387321715.8526
2025-06-18 14:00:00,104394.2,105290.9,104172.2,105115.5,6327.844,663615723.7719
2025-06-18 14:30:00,105115.5,105282.7,104418.2,104569.5,4079.475,427731163.7155
2025-06-18 15:00:00,104569.5,104766.0,104076.7,104703.7,3290.293,343703747.5939
2025-06-18 15:30:00,104703.7,104920.0,104563.5,104743.6,1761.321,184536654.361
2025-06-18 16:00:00,104743.6,104786.7,104288.0,104330.4,2051.357,214381736.4489
2025-06-18 16:30:00,104330.4,104570.7,104286.2,104366.9,1042.979,108931273.2505
2025-06-18 17:00:00,104366.9,104366.9,103955.0,104025.8,1986.864,206912470.3448
2025-06-18 17:30:00,104025.8,104452.0,103554.8,104291.6,4416.739,459086221.2838
2025-06-18 18:00:00,104291.6,104666.7,103896.8,104177.2,5140.765,535828283.1817
2025-06-18 18:30:00,104177.2,104624.5,103504.1,103560.0,3366.48,350375181.7651
2025-06-18 19:00:00,103560.0,104382.2,103422.3,103765.0,4218.263,438389635.0736
2025-06-18 19:30:00,103765.0,104220.0,103721.8,103761.2,1934.72,201154939.4755
2025-06-18 20:00:00,103761.2,104178.0,103586.6,104178.0,1451.65,150762119.2357
2025-06-18 20:30:00,104178.0,104944.0,104177.9,104770.2,2862.779,299574943.7333
2025-06-18 21:00:00,104770.2,104792.9,104312.6,104651.7,1997.148,208793867.0691
2025-06-18 21:30:00,104651.7,105100.7,104630.0,105030.7,1502.412,157564374.5179
2025-06-18 22:00:00,105030.7,105089.9,104792.0,104920.4,780.962,81961301.8003
2025-06-18 22:30:00,104920.4,104941.2,104746.2,104770.2,319.777,33521834.5904
2025-06-18 23:00:00,104770.2,104919.6,104759.7,104768.4,526.741,55224208.7453
2025-06-18 23:30:00,104768.4,104854.6,104580.4,104847.3,814.485,85270495.1587
2025-06-19 00:00:00,104847.3,105053.0,104637.6,105021.2,1081.915,113437313.8924
2025-06-19 00:30:00,105021.2,105191.9,104880.0,104901.3,1036.783,108919609.6338
2025-06-19 01:00:00,104901.3,104927.5,104418.0,104742.9,1608.918,168284292.6636
2025-06-19 01:30:00,104742.9,104742.9,104457.7,104548.8,520.748,54449192.1829
2025-06-19 02:00:00,104548.8,104742.9,104394.9,104650.0,658.841,68888152.529
2025-06-19 02:30:00,104650.0,104955.0,104629.8,104671.0,710.696,74502966.3061
2025-06-19 03:00:00,104671.0,104993.7,104671.0,104939.9,616.668,64670900.4875
2025-06-19 03:30:00,104939.9,105063.4,104855.0,105041.2,543.086,56996251.5991
2025-06-19 04:00:00,105041.2,105059.6,104781.3,104795.6,867.399,90987851.2645
2025-06-19 04:30:00,104795.6,105031.7,104750.0,105027.9,623.82,65443390.7271
2025-06-19 05:00:00,105027.9,105189.5,104912.0,105000.1,864.743,90840432.3831
2025-06-19 05:30:00,105000.1,105020.0,104786.9,104841.1,483.442,50719244.0246
2025-06-19 06:00:00,104841.1,104940.4,104577.0,104584.6,657.266,68820185.419
2025-06-19 06:30:00,104584.6,104687.7,104581.4,104647.7,342.475,35841232.703
2025-06-19 07:00:00,104647.7,104807.5,104640.0,104673.6,368.74,38619799.1851
2025-06-19 07:30:00,104673.6,104700.0,104558.0,104582.4,361.87,37864992.611
2025-06-19 08:00:00,104582.4,104875.2,104564.2,104828.9,480.436,50334915.6436
2025-06-19 08:30:00,104828.9,104948.6,104680.3,104686.2,622.488,65246848.4995
2025-06-19 09:00:00,104686.2,104946.1,104667.0,104919.7,440.711,46192124.1793
2025-06-19 09:30:00,104919.7,104986.9,104853.7,104951.1,559.597,58711584.5853
2025-06-19 10:00:00,104951.1,104996.0,104873.0,104989.1,600.58,63026436.536
2025-06-19 10:30:00,104989.1,105027.3,104792.6,104857.3,541.017,56763051.14
2025-06-19 11:00:00,104857.3,104874.5,104728.9,104772.7,551.719,57823657.5066
2025-06-19 11:30:00,104772.7,104772.7,104661.2,104712.9,547.644,57348747.866
2025-06-19 12:00:00,104712.9,104854.6,104633.8,104801.5,572.014,59909615.1292
2025-06-19 12:30:00,104801.5,104842.5,104609.6,104705.4,599.562,62776884.8155
2025-06-19 13:00:00,104705.4,104748.1,104527.8,104741.5,1250.975,130881287.7129
2025-06-19 13:30:00,104741.5,104741.6,104188.0,104234.9,2635.561,275042001.5812
2025-06-19 14:00:00,104234.9,104643.1,104234.9,104546.9,1539.515,160800483.7345
2025-06-19 14:30:00,104546.9,104570.0,104050.1,104094.6,2210.359,230402594.8412
2025-06-19 15:00:00,104094.6,104387.0,104094.6,104260.9,1749.449,182364143.3454
2025-06-19 15:30:00,104260.9,104279.9,104025.1,104045.8,1096.165,114146755.1021
2025-06-19 16:00:00,104045.8,104372.8,104045.8,104321.8,1257.664,131149774.342
2025-06-19 16:30:00,104321.8,104321.8,103865.6,103950.9,1820.343,189373615.3529
2025-06-19 17:00:00,103950.9,104074.0,103864.0,104048.0,1145.517,119106907.8329
2025-06-19 17:30:00,104048.0,104798.3,104004.0,104484.0,4634.269,484780354.429
2025-06-19 18:00:00,104484.0,104670.0,104416.3,104452.5,1655.455,173060606.7512
2025-06-19 18:30:00,104452.5,104526.5,104250.1,104358.5,618.5,64542823.8852
2025-06-19 19:00:00,104358.5,104433.6,104210.0,104254.4,585.934,61115262.3163
2025-06-19 19:30:00,104254.4,104256.8,104088.8,104210.1,591.796,61656488.8078
2025-06-19 20:00:00,104210.1,104461.8,104210.0,104298.5,521.673,54417679.0761
2025-06-19 20:30:00,104298.5,104356.0,104100.0,104225.7,286.294,29833265.7326
2025-06-19 21:00:00,104225.7,104384.9,104216.1,104270.0,297.862,31064192.0162
2025-06-19 21:30:00,104270.0,104363.7,104173.1,104288.8,693.971,72355594.5672
2025-06-19 22:00:00,104288.8,104567.7,104288.8,104475.6,620.308,64812576.6334
2025-06-19 22:30:00,104475.6,104749.9,104440.0,104549.9,1145.286,119841740.7583
2025-06-19 23:00:00,104549.9,104870.0,104414.7,104606.3,1108.37,116033367.6969
2025-06-19 23:30:00,104606.3,104724.6,104573.8,104604.2,340.796,35658017.8548
2025-06-20 00:00:00,104604.2,104766.1,104519.3,104542.1,451.029,47188068.8379
2025-06-20 00:30:00,104542.1,104782.9,104532.1,104649.9,409.118,42820922.6466
2025-06-20 01:00:00,104649.9,104690.0,104341.3,104354.9,845.508,88347461.0446
2025-06-20 01:30:00,104354.9,104750.0,104354.9,104729.9,778.612,81410402.4314
2025-06-20 02:00:00,104729.9,104770.4,104638.9,104638.9,400.211,41907938.3716
2025-06-20 02:30:00,104638.9,104638.9,104461.7,104583.5,476.802,49836503.5326
2025-06-20 03:00:00,104583.5,104663.2,104447.1,104654.0,538.274,56287384.3239
2025-06-20 03:30:00,104654.0,104654.1,104541.1,104555.1,324.966,33989195.3128
2025-06-20 04:00:00,104555.1,104555.9,104413.3,104442.1,412.69,43112894.6978
2025-06-20 04:30:00,104442.1,104459.0,104191.9,104208.5,1498.467,156266474.4396
2025-06-20 05:00:00,104208.5,104333.9,104208.4,104296.2,454.777,47422479.6233
2025-06-20 05:30:00,104296.2,104549.8,104261.3,104549.8,403.204,42111031.7392
2025-06-20 06:00:00,104549.8,104720.4,104549.8,104650.9,1534.079,160551359.9564
2025-06-20 06:30:00,104650.9,104720.0,104636.5,104683.0,524.524,54910674.7103
2025-06-20 07:00:00,104683.0,105168.0,104597.7,105109.0,2484.937,260775305.77
2025-06-20 07:30:00,105109.0,105780.9,105102.8,105769.9,4887.231,515397745.703
2025-06-20 08:00:00,105769.9,106459.9,105743.1,106360.7,6574.262,697827024.8181
2025-06-20 08:30:00,106360.7,106499.9,105887.0,105913.3,4591.962,487577552.5346
2025-06-20 09:00:00,105913.3,106041.7,105689.9,105770.7,1931.511,204462532.0722
2025-06-20 09:30:00,105770.7,105947.6,105770.7,105900.1,920.03,97400595.5832
2025-06-20 10:00:00,105900.1,106080.0,105770.2,105962.5,1212.415,128430634.6533
2025-06-20 10:30:00,105962.5,106117.4,105878.0,105904.9,850.377,90144863.8594
2025-06-20 11:00:00,105904.9,106001.1,105745.5,105867.5,679.66,71949240.9959
2025-06-20 11:30:00,105867.5,106027.6,105760.5,105923.7,1047.013,110896955.518
2025-06-20 12:00:00,105923.7,105991.2,105810.7,105887.0,589.011,62378522.7067
2025-06-20 12:30:00,105887.0,106057.0,105863.6,105934.0,1075.225,113939615.1406
2025-06-20 13:00:00,105934.0,106103.4,105899.5,105992.1,1027.425,108911396.2295
2025-06-20 13:30:00,105992.1,106064.4,105320.0,105620.0,4009.839,423692078.6251
2025-06-20 14:00:00,105620.0,105749.9,105050.0,105240.0,3582.883,377532678.3063
2025-06-20 14:30:00,105240.0,105432.6,103811.0,103860.4,9796.62,1023800631.5549
2025-06-20 15:00:00,103860.4,104333.0,103828.7,104208.9,4145.99,431793287.8001
2025-06-20 15:30:00,104208.9,104573.7,103974.5,104166.3,2536.943,264534151.6199
2025-06-20 16:00:00,104166.3,104220.8,103838.0,104040.2,2030.728,211260024.5923
2025-06-20 16:30:00,104040.2,104157.6,103551.0,103630.0,4082.597,423575761.7071
2025-06-20 17:00:00,103630.0,103720.0,102601.0,102897.1,8536.554,879565222.2197
2025-06-20 17:30:00,102897.1,103280.4,102260.0,103221.7,9045.448,929339486.2257
2025-06-20 18:00:00,103221.7,103394.0,102975.6,103083.0,3263.697,336741730.2086
2025-06-20 18:30:00,103083.0,103305.3,103047.9,103131.2,1383.684,142793260.3536
2025-06-20 19:00:00,103131.2,103199.2,102937.3,103062.1,954.277,98355117.3141
2025-06-20 19:30:00,103062.1,103450.0,103062.1,103264.6,1258.935,130046038.4528
2025-06-20 20:00:00,103264.6,103797.0,103247.1,103549.9,2133.288,220894719.0913
2025-06-20 20:30:00,103549.9,103708.3,103540.1,103666.6,976.31,101179947.109
2025-06-20 21:00:00,103666.6,103685.5,103300.8,103450.1,753.519,77963452.3983
2025-06-20 21:30:00,103450.1,103639.5,103416.4,103499.9,428.451,44351976.3488
2025-06-20 22:00:00,103499.9,103500.0,103023.9,103150.0,1595.907,164729530.9634
2025-06-20 22:30:00,103150.0,103265.0,102913.2,103054.2,1226.847,126399550.9647
2025-06-20 23:00:00,103054.2,103173.3,102923.2,103173.2,661.817,68213745.2898
2025-06-20 23:30:00,103173.2,103288.2,103170.0,103243.9,380.604,39289105.5125
2025-06-21 00:00:00,103243.9,103281.3,103066.0,103281.2,483.335,49863843.8918
2025-06-21 00:30:00,103281.2,103281.3,103150.0,103200.0,245.948,25384781.3797
2025-06-21 01:00:00,103200.0,103314.9,103091.3,103273.2,333.506,34419301.3917
2025-06-21 01:30:00,103273.2,103475.8,103266.8,103467.9,539.63,55784785.2653
2025-06-21 02:00:00,103467.9,103490.0,103330.0,103330.0,291.683,30157036.3727
2025-06-21 02:30:00,103330.0,103460.0,103330.0,103449.2,202.405,20933242.1616
2025-06-21 03:00:00,103449.2,103616.5,103449.2,103612.2,362.737,37559076.2443
2025-06-21 03:30:00,103612.2,103644.1,103431.1,103436.0,326.912,33852384.1962
2025-06-21 04:00:00,103436.0,103476.5,103333.8,103355.5,308.685,31916995.9782
2025-06-21 04:30:00,103355.5,103355.6,103266.3,103333.5,308.298,31852720.3055
2025-06-21 05:00:00,103333.5,103409.5,103290.2,103400.0,300.234,31025653.2834
2025-06-21 05:30:00,103400.0,103428.7,103324.8,103356.5,196.685,20332907.1409
2025-06-21 06:00:00,103356.5,103470.0,103262.0,103433.1,450.273,46542718.7862
2025-06-21 06:30:00,103433.1,103545.5,103417.8,103516.9,369.811,38269631.0232
2025-06-21 07:00:00,103516.9,103517.0,103310.8,103449.1,380.491,39344875.4284
2025-06-21 07:30:00,103449.1,103462.1,103371.3,103414.1,256.443,26520037.8826
2025-06-21 08:00:00,103414.1,103476.9,103406.6,103475.4,205.748,21284080.3908
2025-06-21 08:30:00,103475.4,103773.9,103457.7,103756.2,645.944,66934243.1363
2025-06-21 09:00:00,103756.2,103764.0,103608.4,103692.4,862.751,89445524.2014
2025-06-21 09:30:00,103692.4,103886.0,103615.0,103786.4,1305.185,135482686.5899
2025-06-21 10:00:00,103786.4,103937.3,103780.9,103931.0,1030.824,107087274.3074
2025-06-21 10:30:00,103931.0,103949.9,103719.1,103781.6,734.985,76312087.4328
2025-06-21 11:00:00,103781.6,103846.0,103673.1,103790.2,439.701,45618223.3614
2025-06-21 11:30:00,103790.2,103885.6,103786.4,103819.8,334.937,34778389.5995
2025-06-21 12:00:00,103819.8,103893.3,103789.9,103841.4,424.475,44079026.7696
2025-06-21 12:30:00,103841.4,103890.0,103740.6,103755.1,397.34,41240134.2046
2025-06-21 13:00:00,103755.1,103829.9,103755.0,103827.2,265.651,27574431.4064
2025-06-21 13:30:00,103827.2,103827.2,103490.7,103528.0,2257.326,233849144.0253
2025-06-21 14:00:00,103528.0,103598.0,103311.2,103352.2,1509.679,156205537.7178
2025-06-21 14:30:00,103352.2,103731.3,103350.0,103500.0,1358.184,140632062.3818
2025-06-21 15:00:00,103500.0,103643.9,103352.6,103358.6,767.477,79437976.7681
2025-06-21 15:30:00,103358.6,103575.0,103235.0,103517.2,1082.763,111948003.4264
2025-06-21 16:00:00,103517.2,103610.9,103434.9,103592.9,570.698,59085588.7173
2025-06-21 16:30:00,103592.9,103593.0,103398.0,103429.7,525.906,54419147.7087
2025-06-21 17:00:00,103429.7,103542.0,103327.3,103328.5,275.401,28487950.1196
2025-06-21 17:30:00,103328.5,103328.6,103125.0,103136.1,1561.003,161110547.3029
2025-06-21 18:00:00,103136.1,103379.8,103136.1,103200.5,849.721,87747702.0645
2025-06-21 18:30:00,103200.5,103339.3,102603.7,102613.0,2743.231,282350646.4739
2025-06-21 19:00:00,102613.0,102719.6,102431.7,102440.3,2209.311,226546109.4223
2025-06-21 19:30:00,102440.3,102508.0,102150.0,102200.8,3112.383,318461854.8776
2025-06-21 20:00:00,102200.8,102447.5,102121.6,102375.4,1818.291,186017898.428
2025-06-21 20:30:00,102375.4,102848.4,102370.9,102720.0,2475.731,254105056.6667
2025-06-21 21:00:00,102720.0,102775.0,101452.7,101778.0,5890.329,600585437.2722
2025-06-21 21:30:00,101778.0,101791.2,101009.0,101400.5,7979.636,809165513.0518
2025-06-21 22:00:00,101400.5,101940.0,101385.0,101834.3,2496.172,253994652.8677
2025-06-21 22:30:00,101834.3,101880.8,101551.0,101727.2,1377.488,140129526.2313
2025-06-21 23:00:00,101727.2,101832.3,101322.3,101370.0,1547.888,157097608.5607
2025-06-21 23:30:00,101370.0,102265.3,100800.0,102083.9,9528.348,966078082.4573
2025-06-22 00:00:00,102083.9,102755.9,101780.6,102449.9,7223.39,738588669.5568
2025-06-22 00:30:00,102449.9,103347.0,102422.8,102815.8,4478.846,461148597.6385
2025-06-22 01:00:00,102815.8,102961.0,102417.5,102531.9,2333.822,239639465.2978
2025-06-22 01:30:00,102531.9,102690.6,102187.5,102355.9,2311.786,236772550.6349
2025-06-22 02:00:00,102355.9,102847.0,101827.0,102149.9,3836.534,392158598.322
2025-06-22 02:30:00,102149.9,102499.0,101868.3,102310.0,2506.841,256196129.7841
2025-06-22 03:00:00,102310.0,102567.0,102098.2,102120.8,963.874,98662778.9153
2025-06-22 03:30:00,102120.8,102350.0,102081.0,102340.3,666.853,68139448.2481
2025-06-22 04:00:00,102340.3,102756.5,102214.2,102476.5,1226.875,125757461.5015
2025-06-22 04:30:00,102476.5,102650.0,102381.3,102515.0,747.793,76671744.4009
2025-06-22 05:00:00,102515.0,102895.8,102502.5,102797.4,1280.465,131554649.0512
2025-06-22 05:30:00,102797.4,102883.7,102566.0,102812.2,678.202,69650141.0381
2025-06-22 06:00:00,102812.2,102913.6,102711.2,102780.0,946.998,97384057.1823
2025-06-22 06:30:00,102780.0,102857.9,102650.3,102699.9,980.47,100739227.9169
2025-06-22 07:00:00,102699.9,102710.0,102530.0,102587.2,1047.06,107461494.8297
2025-06-22 07:30:00,102587.2,102587.2,102214.0,102381.8,1833.078,187659304.7573
2025-06-22 08:00:00,102381.8,102537.8,102259.5,102534.7,984.162,100783474.8057
2025-06-22 08:30:00,102534.7,102663.2,102430.0,102663.2,664.515,68145921.4858
2025-06-22 09:00:00,102663.2,102769.4,102247.1,102308.1,1076.701,110370596.6938
2025-06-22 09:30:00,102308.1,102432.0,102034.0,102154.4,1427.874,145983569.2916
2025-06-22 10:00:00,102154.4,102440.0,102100.7,102376.1,1063.008,108710004.367
2025-06-22 10:30:00,102376.1,102499.0,102374.6,102459.5,487.243,49910265.5665
2025-06-22 11:00:00,102459.5,102687.9,102376.9,102600.0,1080.491,110799144.9255
2025-06-22 11:30:00,102600.0,102725.3,102569.6,102687.9,638.279,65521030.582
2025-06-22 12:00:00,102687.9,102789.0,102522.6,102596.1,1122.123,115198784.3933
2025-06-22 12:30:00,102596.1,102720.0,102518.6,102705.3,594.354,60978085.0809
2025-06-22 13:00:00,102705.3,102765.1,100964.2,101001.5,9574.871,973626998.2826
2025-06-22 13:30:00,101001.5,101050.0,100213.6,100804.6,14079.786,1417287054.9751
2025-06-22 14:00:00,100804.6,101189.8,99327.9,99502.2,16340.636,1634510499.8862
2025-06-22 14:30:00,99502.2,100170.1,99020.2,99580.3,13413.227,1334551943.5699
2025-06-22 15:00:00,99580.3,99797.6,99177.1,99182.9,5474.488,544847825.2167
2025-06-22 15:30:00,99182.9,99504.4,98856.7,98871.2,4088.529,405408570.0492
2025-06-22 16:00:00,98871.2,99285.3,98596.0,98762.3,6499.9,642750092.6758
2025-06-22 16:30:00,98762.3,99633.9,98692.0,99606.9,3929.265,389902680.0937
2025-06-22 17:00:00,99606.9,100348.2,99373.7,99477.6,6149.223,613860151.4811
2025-06-22 17:30:00,99477.6,99805.0,99349.1,99432.8,1759.558,175243041.1045
2025-06-22 18:00:00,99432.8,99700.8,99328.7,99496.5,1113.961,110811851.5203
2025-06-22 18:30:00,99496.5,99743.0,99289.6,99380.0,1415.543,140826200.0294
2025-06-22 19:00:00,99380.0,99407.5,99004.3,99030.0,1982.334,196576605.5622
2025-06-22 19:30:00,99030.0,99241.4,98739.7,98821.1,2117.263,209500159.9204
2025-06-22 20:00:00,98821.1,98893.1,98125.0,98463.5,8468.929,833789637.5918
2025-06-22 20:30:00,98463.5,99738.9,98367.1,99500.0,5225.791,517934414.3752
2025-06-22 21:00:00,99500.0,99626.4,99073.6,99073.6,2405.157,238947746.7232
2025-06-22 21:30:00,99073.6,99357.4,98963.2,99135.7,1526.032,151311569.7155
2025-06-22 22:00:00,99135.7,100653.1,99082.4,100260.1,8190.616,819660244.5676
2025-06-22 22:30:00,100260.1,100923.0,100244.6,100922.9,3360.409,338229922.6425
2025-06-22 23:00:00,100922.9,100996.9,100589.4,100957.9,2842.842,286558140.6357
2025-06-22 23:30:00,100957.9,100958.0,100666.0,100904.3,904.957,91224755.3745
2025-06-23 00:00:00,100904.3,100904.4,100527.7,100704.4,1609.519,161996307.6974
2025-06-23 00:30:00,100704.4,101553.7,100433.4,100855.4,4529.08,457917046.6405
2025-06-23 01:00:00,100855.4,100877.8,100515.3,100562.2,1699.853,171207703.0514
2025-06-23 01:30:00,100562.2,101062.6,100509.7,101044.9,1064.345,107323437.1345
2025-06-23 02:00:00,101044.9,101233.1,100870.0,101163.8,1016.764,102757226.7978
2025-06-23 02:30:00,101163.8,101327.3,101065.9,101241.1,1328.631,134459492.3378
2025-06-23 03:00:00,101241.1,101323.0,101014.9,101087.2,731.827,74040930.5935
2025-06-23 03:30:00,101087.2,101190.7,101020.1,101115.4,541.777,54766921.3027
2025-06-23 04:00:00,101115.4,101279.7,100923.2,101220.9,1342.662,135709950.7658
2025-06-23 04:30:00,101220.9,101242.3,101085.2,101129.2,572.996,57958041.8893
2025-06-23 05:00:00,101129.2,101487.7,101129.2,101466.4,1232.896,124984206.0263
2025-06-23 05:30:00,101466.4,101800.0,101400.8,101710.8,2651.287,269348744.8538
2025-06-23 06:00:00,101710.8,102037.1,101710.8,101800.9,2325.411,236900358.4047
2025-06-23 06:30:00,101800.9,101958.6,101604.0,101891.9,1931.395,196559897.0743
2025-06-23 07:00:00,101891.9,102151.4,101765.8,101809.5,1707.695,174077756.5582
2025-06-23 07:30:00,101809.5,101939.5,101722.0,101891.6,1073.979,109352759.3912
2025-06-23 08:00:00,101891.6,102044.6,101795.6,101898.9,881.052,89780300.3342
2025-06-23 08:30:00,101898.9,101898.9,101703.7,101826.8,834.34,84913978.7777
2025-06-23 09:00:00,101826.8,101836.0,101365.0,101474.0,2081.286,211371512.6216
2025-06-23 09:30:00,101474.0,101540.0,101331.6,101524.9,1269.254,128780938.0737
2025-06-23 10:00:00,101524.9,101536.0,101308.0,101316.1,1162.442,117888316.2257
2025-06-23 10:30:00,101316.1,101476.7,101149.7,101400.0,2063.596,209022703.0354
2025-06-23 11:00:00,101400.0,101516.4,101085.0,101177.1,1733.592,175609323.1892
2025-06-23 11:30:00,101177.1,101368.8,101055.4,101239.9,1269.9,128541644.5743
2025-06-23 12:00:00,101239.9,101262.5,101055.4,101119.6,743.173,75162124.7032
2025-06-23 12:30:00,101119.6,101629.0,101086.0,101629.0,2252.425,228381575.1289
2025-06-23 13:00:00,101629.0,101629.0,101014.9,101090.2,1889.993,191372996.186
2025-06-23 13:30:00,101090.2,102431.9,100738.1,102288.0,11916.86,1212830896.0976
2025-06-23 14:00:00,102288.0,102590.0,101770.0,101770.0,5566.52,568782587.5805
2025-06-23 14:30:00,101770.0,101922.8,101440.0,101580.0,3906.87,397116321.8298
2025-06-23 15:00:00,101580.0,102000.0,101426.5,101468.5,2491.791,253617006.5462
2025-06-23 15:30:00,101468.5,101730.0,101241.3,101382.3,2177.219,220898080.3465
2025-06-23 16:00:00,101382.3,101409.3,100150.8,100219.9,6913.433,696396460.3581
2025-06-23 16:30:00,100219.9,100860.0,99581.0,100644.9,13001.925,1303499466.3188
2025-06-23 17:00:00,100644.9,102250.0,100434.5,102030.3,9741.861,987513885.4782
2025-06-23 17:30:00,102030.3,102685.0,101959.1,102436.0,7042.244,720634013.7804
2025-06-23 18:00:00,102436.0,103145.0,102343.9,102589.8,6635.799,682350335.1982
2025-06-23 18:30:00,102589.8,103283.7,102571.1,102877.1,3891.44,400788363.2406
2025-06-23 19:00:00,102877.1,103131.8,102732.6,102799.4,1807.101,186038646.592
2025-06-23 19:30:00,102799.4,103198.9,102623.8,103109.2,1984.506,204199751.286
2025-06-23 20:00:00,103109.2,103788.3,102836.3,103690.6,6552.811,677672334.5227
2025-06-23 20:30:00,103690.6,103887.9,103558.0,103694.2,2430.218,252036398.6996
2025-06-23 21:00:00,103694.2,104170.2,103620.6,103664.7,3451.232,358688729.8058
2025-06-23 21:30:00,103664.7,103810.0,103580.0,103645.0,1303.779,135159507.613
2025-06-23 22:00:00,103645.0,105985.9,103645.0,105940.8,15066.945,1583345383.3679
2025-06-23 22:30:00,105940.8,106024.8,104800.0,105498.0,7801.084,822162099.1446
2025-06-23 23:00:00,105498.0,105632.0,105053.7,105390.4,3005.892,316616544.0821
2025-06-23 23:30:00,105390.4,105590.9,105235.6,105283.5,1667.612,175789668.0224
2025-06-24 00:00:00,105283.5,105469.0,105092.7,105106.7,1104.912,116286310.5008
2025-06-24 00:30:00,105106.7,105180.5,104871.2,105089.8,1291.244,135600061.1082
2025-06-24 01:00:00,105089.8,105173.8,104907.3,105130.0,831.247,87317045.6006
2025-06-24 01:30:00,105130.0,105440.9,104956.7,105400.5,866.891,91204640.1568
2025-06-24 02:00:00,105400.5,105406.9,104657.9,104955.3,2222.856,233270097.99
2025-06-24 02:30:00,104955.3,105009.5,104703.2,104730.0,1322.856,138709107.3221
2025-06-24 03:00:00,104730.0,105088.5,104677.1,104939.9,967.307,101446070.6703
2025-06-24 03:30:00,104939.9,105045.8,104820.0,104875.7,648.547,68055023.4164
2025-06-24 04:00:00,104875.7,104922.3,104650.0,104841.0,865.698,90696192.5113
2025-06-24 04:30:00,104841.0,104891.6,104690.9,104775.6,607.455,63667538.9104
2025-06-24 05:00:00,104775.6,105180.7,104775.5,105090.8,1569.897,164816452.117
2025-06-24 05:30:00,105090.8,105383.0,105072.9,105348.2,2064.114,217277598.9157
2025-06-24 06:00:00,105348.2,105490.5,105179.0,105446.8,1425.802,150247563.477
2025-06-24 06:30:00,105446.8,105784.7,105430.1,105602.8,2417.03,255321879.9465
2025-06-24 07:00:00,105602.8,105746.7,105368.1,105555.0,1771.239,186979905.752
2025-06-24 07:30:00,105555.0,105575.3,104858.0,104907.9,3442.037,361858890.6223
2025-06-24 08:00:00,104907.9,105043.0,104567.0,105035.4,3467.073,363368653.7326
2025-06-24 08:30:00,105035.4,105128.7,104827.1,104955.0,1941.062,203778463.5501
2025-06-24 09:00:00,104955.0,105542.0,104908.4,105348.4,2285.416,240501658.2626
2025-06-24 09:30:00,105348.4,105420.0,105117.5,105150.0,1658.642,174563383.2109
2025-06-24 10:00:00,105150.0,105266.6,105050.0,105100.0,996.895,104808458.4362
2025-06-24 10:30:00,105100.0,105311.4,105022.3,105227.2,646.35,67988822.7645
2025-06-24 11:00:00,105227.2,105347.0,104947.3,105311.7,1430.831,150452223.3509
2025-06-24 11:30:00,105311.7,105394.0,105052.5,105129.9,749.372,78835477.4987
2025-06-24 12:00:00,105129.9,105249.0,104941.5,105013.9,784.054,82397606.7628
2025-06-24 12:30:00,105013.9,105269.4,104921.3,105147.1,1506.549,158271457.2839
2025-06-24 13:00:00,105147.1,105339.7,104924.3,105050.1,1310.281,137711801.873
2025-06-24 13:30:00,105050.1,105268.6,104755.0,105033.4,2827.199,296912515.9023
2025-06-24 14:00:00,105033.4,105494.0,104900.0,105328.2,2445.738,257331062.2146
2025-06-24 14:30:00,105328.2,105616.1,105202.3,105468.8,1985.179,209333525.6218
2025-06-24 15:00:00,105468.8,105709.9,105462.2,105609.2,1900.813,200726697.6191
2025-06-24 15:30:00,105609.2,105626.7,105086.9,105180.3,2068.395,217763400.2123
2025-06-24 16:00:00,105180.3,105450.0,105116.2,105355.8,1351.279,142241012.8856
2025-06-24 16:30:00,105355.8,106233.0,105330.1,106175.6,4005.31,423925298.0143
2025-06-24 17:00:00,106175.6,106269.9,105534.4,105616.1,3334.988,353342384.3502
2025-06-24 17:30:00,105616.1,106100.0,105578.0,105996.3,1621.323,171658443.1663
2025-06-24 18:00:00,105996.3,106038.8,105569.8,105774.6,1357.054,143549066.1147
2025-06-24 18:30:00,105774.6,105793.7,105459.4,105470.0,956.815,101064389.487
2025-06-24 19:00:00,105470.0,105493.1,105247.9,105395.6,1089.03,114762008.7901
2025-06-24 19:30:00,105395.6,105638.7,105182.1,105580.0,1137.613,119907428.9715
2025-06-24 20:00:00,105580.0,105775.0,105379.0,105750.5,822.196,86817443.5808
2025-06-24 20:30:00,105750.5,106054.6,105666.6,106020.1,1155.557,122355309.3361
2025-06-24 21:00:00,106020.1,106020.1,105666.6,105917.6,1038.369,109943251.0183
2025-06-24 21:30:00,105917.6,106089.3,105741.8,105932.9,816.432,86493656.3616
2025-06-24 22:00:00,105932.9,105942.4,105684.9,105891.6,1014.05,107325100.1361
2025-06-24 22:30:00,105891.6,105987.9,105747.9,105961.9,472.419,50015421.2161
2025-06-24 23:00:00,105961.9,105985.0,105709.6,105783.7,542.161,57365245.3374
2025-06-24 23:30:00,105783.7,106048.5,105749.3,106048.5,890.847,94332155.3077
2025-06-25 00:00:00,106048.5,106407.4,105954.6,106107.9,2945.412,312861898.5768
2025-06-25 00:30:00,106107.9,106464.0,105750.0,106350.0,2353.398,249710871.1764
2025-06-25 01:00:00,106350.0,106655.4,105976.6,106096.2,2908.118,309164139.0725
2025-06-25 01:30:00,106096.2,106380.0,105950.8,106343.5,1055.238,112075865.0461
2025-06-25 02:00:00,106343.5,106782.3,106248.8,106503.2,2725.377,290511728.5985
2025-06-25 02:30:00,106503.2,106665.6,106371.8,106425.9,906.849,96567979.4336
2025-06-25 03:00:00,106425.9,106560.6,106256.0,106424.0,619.304,65927347.6827
2025-06-25 03:30:00,106424.0,106463.9,106162.9,106177.1,666.145,70792659.7935
2025-06-25 04:00:00,106177.1,106262.0,106104.9,106222.4,586.679,62284417.1014
2025-06-25 04:30:00,106222.4,106222.5,105931.3,106148.8,819.004,86862907.8069
2025-06-25 05:00:00,106148.8,106244.3,105992.2,106095.0,451.465,47916147.3266
2025-06-25 05:30:00,106095.0,106350.0,106038.5,106157.8,733.248,77884261.8657
2025-06-25 06:00:00,106157.8,106386.0,106077.3,106340.8,502.379,53351325.2147
2025-06-25 06:30:00,106340.8,106417.6,106242.4,106360.7,632.357,67263039.3944
2025-06-25 07:00:00,106360.7,106595.0,106261.9,106570.0,781.05,83133990.922
2025-06-25 07:30:00,106570.0,106666.0,106487.7,106560.1,1186.773,126481774.2054
2025-06-25 08:00:00,106560.1,106631.5,106376.7,106421.8,904.936,96374324.8833
2025-06-25 08:30:00,106421.8,106600.0,106285.8,106599.9,1043.399,111013566.8845
2025-06-25 09:00:00,106599.9,106919.2,106546.3,106820.0,2737.308,292317790.1275
2025-06-25 09:30:00,106820.0,106940.0,106406.0,106599.7,2316.164,246913015.3901
2025-06-25 10:00:00,106599.7,107150.0,106512.3,107061.1,3048.422,325902273.1604
2025-06-25 10:30:00,107061.1,107089.3,106855.0,107079.9,1846.741,197570293.2445
2025-06-25 11:00:00,107079.9,107090.0,106813.5,106917.4,948.109,101396910.3163
2025-06-25 11:30:00,106917.4,107169.4,106917.4,107126.1,1318.183,141166854.9495
2025-06-25 12:00:00,107126.1,107140.0,106877.0,106953.3,964.065,103155256.4221
2025-06-25 12:30:00,106953.3,107233.0,106885.0,107165.3,1204.687,128984094.4528
2025-06-25 13:00:00,107165.3,107846.9,107090.5,107808.3,5380.164,578681696.5727
2025-06-25 13:30:00,107808.3,108061.0,107461.4,107855.9,5972.883,643884083.2999
2025-06-25 14:00:00,107855.9,108090.0,107139.0,107479.9,6600.829,710341054.0808
2025-06-25 14:30:00,107479.9,107838.5,107440.0,107561.9,2486.513,267670082.4807
2025-06-25 15:00:00,107561.9,107578.1,106967.0,107005.9,3525.287,377884391.3105
2025-06-25 15:30:00,107005.9,107151.9,106672.8,106980.3,3727.644,398519602.8196
2025-06-25 16:00:00,106980.3,107449.3,106961.1,107265.8,1951.052,209298332.1755
2025-06-25 16:30:00,107265.8,107311.3,106917.7,107082.2,1277.583,136788224.566
2025-06-25 17:00:00,107082.2,107473.4,107072.2,107284.1,1116.487,119799610.139
2025-06-25 17:30:00,107284.1,107360.0,106853.0,107324.1,1331.667,142578335.2345
2025-06-25 18:00:00,107324.1,107450.0,107192.0,107366.9,712.756,76512549.9944
2025-06-25 18:30:00,107366.9,107478.9,107103.1,107342.9,747.88,80261225.5385
2025-06-25 19:00:00,107342.9,107849.9,107324.2,107808.7,2141.217,230516821.3588
2025-06-25 19:30:00,107808.7,107808.8,107494.4,107700.2,1469.813,158188537.4467
2025-06-25 20:00:00,107700.2,107700.2,107432.5,107618.7,615.761,66237674.4446
2025-06-25 20:30:00,107618.7,107801.0,107569.3,107709.4,566.44,61007713.0785
2025-06-25 21:00:00,107709.4,107942.0,107439.0,107484.6,1459.534,157281290.6869
2025-06-25 21:30:00,107484.6,107569.0,107376.5,107495.7,500.02,53727203.8004
2025-06-25 22:00:00,107495.7,107505.7,107265.5,107294.7,610.704,65563241.5924
2025-06-25 22:30:00,107294.7,107313.2,107154.0,107215.3,767.704,82310522.9807
2025-06-25 23:00:00,107215.3,107310.1,107005.4,107146.0,1132.904,121413794.3257
2025-06-25 23:30:00,107146.0,107310.3,107065.9,107264.0,475.42,50953178.3776
2025-06-26 00:00:00,107264.0,107558.2,107264.0,107364.1,1008.056,108264621.0705
2025-06-26 00:30:00,107364.1,107400.0,107179.5,107262.2,588.038,63093005.5659
2025-06-26 01:00:00,107262.2,107389.9,107028.0,107372.3,996.255,106756527.9686
2025-06-26 01:30:00,107372.3,107852.8,107254.6,107558.1,1989.386,214001210.4597
2025-06-26 02:00:00,107558.1,107893.4,107558.0,107720.9,1717.836,185110616.1231
2025-06-26 02:30:00,107720.9,108022.0,107511.8,107875.6,1893.81,204137823.7541
2025-06-26 03:00:00,107875.6,108239.6,107750.0,107833.5,3350.451,362021478.0874
2025-06-26 03:30:00,107833.5,107886.7,107725.9,107806.7,730.416,78738574.3395
2025-06-26 04:00:00,107806.7,107908.6,107671.1,107727.1,763.983,82338189.6333
2025-06-26 04:30:00,107727.1,107886.0,107635.5,107779.9,728.164,78437335.3497
2025-06-26 05:00:00,107779.9,107780.0,107612.0,107612.0,472.345,50864637.004
2025-06-26 05:30:00,107612.0,107630.3,107447.1,107573.7,784.29,84326803.3834
2025-06-26 06:00:00,107573.7,107724.2,107500.0,107637.8,644.903,69404476.2883
2025-06-26 06:30:00,107637.8,107750.0,107623.5,107700.8,478.344,51517266.3736
2025-06-26 07:00:00,107700.8,108030.3,107695.7,107927.5,1800.547,194221088.1226
2025-06-26 07:30:00,107927.5,108050.1,107750.0,107771.7,1422.848,153553793.9085
2025-06-26 08:00:00,107771.7,108132.4,107752.7,107807.4,1297.682,140046512.5612
2025-06-26 08:30:00,107807.4,107909.1,107657.7,107696.3,551.637,59438273.8958
2025-06-26 09:00:00,107696.3,107732.0,107216.0,107400.0,2129.649,228844724.7212
2025-06-26 09:30:00,107400.0,107420.0,107245.2,107263.5,878.575,94285493.2117
2025-06-26 10:00:00,107263.5,107409.3,107175.0,107290.1,1148.463,123211540.1445
2025-06-26 10:30:00,107290.1,107383.0,107231.8,107329.1,500.17,53670308.0755
2025-06-26 11:00:00,107329.1,107356.4,107117.6,107140.0,667.663,71593434.3269
2025-06-26 11:30:00,107140.0,107330.0,107051.3,107266.8,698.116,74825313.36
2025-06-26 12:00:00,107266.8,107379.7,107022.8,107141.1,1032.685,110666885.6051
2025-06-26 12:30:00,107141.1,107263.7,106954.0,107064.1,1271.959,136253708.9666
2025-06-26 13:00:00,107064.1,107146.0,106955.6,107057.6,954.816,102184117.8672
2025-06-26 13:30:00,107057.6,107326.6,106777.0,106906.1,3079.41,329474799.3946
2025-06-26 14:00:00,106906.1,107240.0,106831.5,107189.0,1463.1,156578523.511
2025-06-26 14:30:00,107189.0,107721.1,107176.7,107396.7,4150.246,446237469.183
2025-06-26 15:00:00,107396.7,107484.3,106822.4,106863.1,1809.305,194007476.1464
2025-06-26 15:30:00,106863.1,107275.8,106457.7,107251.2,3722.229,397595559.8728
2025-06-26 16:00:00,107251.2,107350.0,106967.7,107185.8,1334.785,143029938.0947
2025-06-26 16:30:00,107185.8,107250.4,106950.1,107149.5,1135.664,121635732.021
2025-06-26 17:00:00,107149.5,107403.6,107137.5,107290.2,920.457,98752171.2495
2025-06-26 17:30:00,107290.2,107313.0,107081.1,107141.6,745.35,79929979.9103
2025-06-26 18:00:00,107141.6,107536.6,107080.0,107241.2,1441.91,154850022.79
2025-06-26 18:30:00,107241.2,107366.3,107130.0,107327.0,659.176,70691689.7304
2025-06-26 19:00:00,107327.0,107493.9,107272.7,107399.8,475.685,51091797.2981
2025-06-26 19:30:00,107399.8,107623.1,107394.6,107477.4,791.169,85069293.1587
2025-06-26 20:00:00,107477.4,107587.3,107383.3,107558.9,664.815,71468579.1816
2025-06-26 20:30:00,107558.9,108000.0,107558.9,107724.5,2107.502,227155591.4178
2025-06-26 21:00:00,107724.5,107750.0,107075.4,107195.9,1485.426,159456035.0831
2025-06-26 21:30:00,107195.9,107282.5,106773.4,106966.8,1518.191,162359819.8102
2025-06-26 22:00:00,106966.8,107178.1,106898.0,107112.0,898.354,96175923.8021
2025-06-26 22:30:00,107112.0,107164.7,106877.8,106926.9,995.529,106492191.0739
2025-06-26 23:00:00,106926.9,107015.4,106810.0,106950.0,548.924,58677844.3039
2025-06-26 23:30:00,106950.0,106993.0,106798.0,106905.3,391.328,41829185.4347
2025-06-27 00:00:00,106905.3,107118.2,106871.1,107110.0,515.769,55199326.1948
2025-06-27 00:30:00,107110.0,107119.9,106602.0,106622.9,1206.329,128831737.8598
2025-06-27 01:00:00,106622.9,107014.8,106351.6,106953.1,2404.879,256588048.2258
2025-06-27 01:30:00,106953.1,107185.3,106930.0,107070.9,1295.548,138687564.7913
2025-06-27 02:00:00,107070.9,107226.0,107011.0,107154.5,1412.52,151361180.6625
2025-06-27 02:30:00,107154.5,107243.1,107143.7,107197.7,533.75,57217226.9566
2025-06-27 03:00:00,107197.7,107302.9,107118.0,107277.9,835.501,89594649.6018
2025-06-27 03:30:00,107277.9,107472.1,107277.9,107419.9,992.028,106539130.617
2025-06-27 04:00:00,107419.9,107448.3,107303.0,107360.0,691.709,74275156.745
2025-06-27 04:30:00,107360.0,107528.4,107329.6,107448.9,538.49,57863213.3901
2025-06-27 05:00:00,107448.9,107493.2,107244.7,107275.8,595.845,63975054.8847
2025-06-27 05:30:00,107275.8,107325.0,107200.5,107200.5,470.528,50474677.7197
2025-06-27 06:00:00,107200.5,107339.7,107130.0,107206.3,442.293,47424955.5357
2025-06-27 06:30:00,107206.3,107320.8,107170.5,107220.2,336.473,36092231.5956
2025-06-27 07:00:00,107220.2,107688.9,107220.0,107302.0,1538.106,165309294.9552
2025-06-27 07:30:00,107302.0,107302.0,106810.0,106820.7,1998.656,213803689.4681
2025-06-27 08:00:00,106820.7,106990.8,106674.0,106674.3,2020.344,215844798.1932
2025-06-27 08:30:00,106674.3,107049.7,106633.2,106953.3,2048.549,218880000.1398
2025-06-27 09:00:00,106953.3,106970.0,106750.5,106792.2,779.964,83331142.7605
2025-06-27 09:30:00,106792.2,107088.0,106792.2,107034.1,1079.46,115506009.3794
2025-06-27 10:00:00,107034.1,107108.0,106908.4,106959.9,887.508,94978102.0496
2025-06-27 10:30:00,106959.9,107019.0,106915.8,106949.1,688.791,73680012.3232
2025-06-27 11:00:00,106949.1,107100.0,106869.4,106869.4,528.326,56524325.0717
2025-06-27 11:30:00,106869.4,106978.0,106867.2,106933.0,389.67,41663732.1791
2025-06-27 12:00:00,106933.0,107150.0,106862.8,107124.3,1017.369,108863097.0846
2025-06-27 12:30:00,107124.3,107124.4,106550.0,106632.4,3239.895,345899465.9691
2025-06-27 13:00:00,106632.4,106791.9,106563.3,106650.1,955.166,101902776.7591
2025-06-27 13:30:00,106650.1,106947.0,106280.0,106780.0,3214.799,342760048.5551
2025-06-27 14:00:00,106780.0,107047.5,106358.7,106451.8,3506.389,374192260.2965
2025-06-27 14:30:00,106451.8,106630.3,106310.2,106503.2,2515.622,267840434.3923
2025-06-27 15:00:00,106503.2,106750.0,106432.8,106738.0,1087.626,115905359.5555
2025-06-27 15:30:00,106738.0,107374.8,106696.0,107268.3,3489.779,373750267.8553
2025-06-27 16:00:00,107268.3,107347.5,107050.0,107248.6,1852.948,198637069.3428
2025-06-27 16:30:00,107248.6,107738.1,107232.6,107428.1,2572.896,276534122.7697
2025-06-27 17:00:00,107428.1,107449.0,106909.0,106934.9,1330.815,142633418.0094
2025-06-27 17:30:00,106934.9,107014.0,106402.1,106810.3,3257.019,347324536.3758
2025-06-27 18:00:00,106810.3,106942.2,106526.1,106617.7,1669.335,178236380.8497
2025-06-27 18:30:00,106617.7,106660.5,106388.0,106649.6,2232.243,237715608.3042
2025-06-27 19:00:00,106649.6,106836.3,106518.0,106726.3,1242.06,132511759.3394
2025-06-27 19:30:00,106726.3,106961.4,106631.7,106741.4,825.874,88204953.2048
2025-06-27 20:00:00,106741.4,107041.1,106735.0,106975.5,647.915,69287481.1685
2025-06-27 20:30:00,106975.5,107073.5,106940.8,107065.7,517.464,55380777.7745
2025-06-27 21:00:00,107065.7,107208.2,106972.5,107108.9,796.172,85275903.7101
2025-06-27 21:30:00,107108.9,107218.0,106997.5,106997.5,530.359,56793451.7044
2025-06-27 22:00:00,106997.5,107140.4,106997.5,107121.9,189.323,20273349.0355
2025-06-27 22:30:00,107121.9,107122.3,107028.5,107050.9,194.049,20778664.8002
2025-06-27 23:00:00,107050.9,107118.2,106930.0,106961.4,409.872,43859202.2089
2025-06-27 23:30:00,106961.4,107010.0,106906.0,106999.6,228.094,24396915.178
2025-06-28 00:00:00,106999.6,107014.1,106811.0,106900.3,417.802,44655829.0631
2025-06-28 00:30:00,106900.3,107120.8,106880.0,107005.6,461.36,49382666.2297
2025-06-28 01:00:00,107005.6,107005.7,106761.0,106789.9,438.308,46843042.8641
2025-06-28 01:30:00,106789.9,107066.7,106766.6,107013.6,376.702,40286478.3312
2025-06-28 02:00:00,107013.6,107127.8,106958.3,107127.7,409.89,43875925.9597
2025-06-28 02:30:00,107127.7,107148.6,107042.2,107042.2,228.202,24438643.9606
2025-06-28 03:00:00,107042.2,107136.9,107022.1,107120.2,194.469,20824766.3575
2025-06-28 03:30:00,107120.2,107296.5,107120.2,107241.2,413.776,44355962.9184
2025-06-28 04:00:00,107241.2,107260.0,107112.6,107170.0,426.981,45765594.8435
2025-06-28 04:30:00,107170.0,107174.9,107123.9,107129.0,211.655,22677951.4975
2025-06-28 05:00:00,107129.0,107273.8,107109.5,107218.5,721.105,77319680.4442
2025-06-28 05:30:00,107218.5,107253.9,107207.1,107246.2,436.924,46852975.6681
2025-06-28 06:00:00,107246.2,107394.4,107246.1,107394.4,732.482,78612302.2922
2025-06-28 06:30:00,107394.4,107394.4,107324.3,107364.5,335.339,36002406.8634
2025-06-28 07:00:00,107364.5,107398.6,107345.0,107388.1,233.331,25050933.4319
2025-06-28 07:30:00,107388.1,107444.3,107383.9,107420.9,577.306,62007495.8737
2025-06-28 08:00:00,107420.9,107443.0,107307.5,107365.1,567.918,60978265.5787
2025-06-28 08:30:00,107365.1,107365.1,107300.0,107329.4,549.28,58952260.5182
2025-06-28 09:00:00,107329.4,107329.4,107252.0,107267.4,477.532,51226127.828
2025-06-28 09:30:00,107267.4,107271.7,107217.6,107253.5,290.946,31203757.6173
2025-06-28 10:00:00,107253.5,107332.3,107248.1,107278.9,288.948,30996476.9466
2025-06-28 10:30:00,107278.9,107320.4,107202.1,107223.9,247.593,26554595.0071
2025-06-28 11:00:00,107223.9,107242.2,107223.8,107242.1,135.227,14500845.3964
2025-06-28 11:30:00,107242.1,107327.1,107239.0,107320.0,199.569,21410834.2009
2025-06-28 12:00:00,107320.0,107327.1,107240.0,107241.3,152.198,16327464.0915
2025-06-28 12:30:00,107241.3,107300.0,107239.0,107290.1,114.866,12321730.385
2025-06-28 13:00:00,107290.1,107311.9,107125.0,107125.0,452.499,48521766.8813
2025-06-28 13:30:00,107125.0,107131.1,107037.1,107055.1,505.381,54112424.0506
2025-06-28 14:00:00,107055.1,107206.3,107055.0,107172.1,371.12,39753729.5346
2025-06-28 14:30:00,107172.1,107207.0,107144.2,107157.9,118.76,12727363.9709
2025-06-28 15:00:00,107157.9,107190.4,107149.5,107149.7,106.022,11362376.3629
2025-06-28 15:30:00,107149.7,107499.9,107149.6,107401.4,727.958,78160342.7491
2025-06-28 16:00:00,107401.4,107470.0,107210.2,107282.7,694.735,74593179.1506
2025-06-28 16:30:00,107282.7,107407.6,107207.8,107250.0,302.572,32464219.0814
2025-06-28 17:00:00,107250.0,107323.6,107241.0,107276.8,174.788,18751580.3287
2025-06-28 17:30:00,107276.8,107495.3,107260.9,107420.5,441.007,47367264.9219
2025-06-28 18:00:00,107420.5,107421.2,107292.9,107302.5,312.777,33579701.536
2025-06-28 18:30:00,107302.5,107332.1,107210.0,107280.1,263.341,28244422.822
2025-06-28 19:00:00,107280.1,107283.3,107235.8,107247.3,212.456,22789017.8576
2025-06-28 19:30:00,107247.3,107247.3,107161.5,107161.6,272.945,29259627.6779
2025-06-28 20:00:00,107161.6,107178.4,107100.0,107178.4,263.189,28198996.6851
2025-06-28 20:30:00,107178.4,107178.4,107110.3,107110.3,107.043,11469884.79
2025-06-28 21:00:00,107110.3,107208.8,107110.3,107203.5,248.11,26585974.4264
2025-06-28 21:30:00,107203.5,107297.9,107168.3,107264.8,251.888,27012486.6104
2025-06-28 22:00:00,107264.8,107317.0,107207.5,107253.6,246.865,26478229.5604
2025-06-28 22:30:00,107253.6,107335.8,107244.5,107312.0,375.418,40286721.3106
2025-06-28 23:00:00,107312.0,107313.0,107281.5,107281.5,116.651,12515651.1973
2025-06-28 23:30:00,107281.5,107287.6,107240.9,107241.0,192.9,20690772.89
2025-06-29 00:00:00,107241.0,107430.0,107202.5,107376.7,605.853,65033597.3979
2025-06-29 00:30:00,107376.7,107444.9,107312.6,107414.5,871.346,93591932.0099
2025-06-29 01:00:00,107414.5,107414.6,107342.4,107370.1,309.574,33236727.3635
2025-06-29 01:30:00,107370.1,107380.0,107263.8,107267.6,190.036,20394029.7937
2025-06-29 02:00:00,107267.6,107278.1,107113.8,107176.7,477.043,51125853.0369
2025-06-29 02:30:00,107176.7,107301.6,107158.0,107250.2,241.213,25864871.8121
2025-06-29 03:00:00,107250.2,107250.2,107208.0,107230.1,85.297,9145987.8109
2025-06-29 03:30:00,107230.1,107230.1,107136.6,107157.1,127.562,13669734.3034
2025-06-29 04:00:00,107157.1,107194.7,107157.0,107176.1,133.716,14331116.5201
2025-06-29 04:30:00,107176.1,107216.1,107176.0,107213.8,123.886,13279404.7215
2025-06-29 05:00:00,107213.8,107213.8,107171.6,107171.7,120.583,12925448.3802
2025-06-29 05:30:00,107171.7,107269.2,107160.1,107256.0,189.371,20302950.6553
2025-06-29 06:00:00,107256.0,107289.1,107255.9,107271.8,103.013,11050264.5949
2025-06-29 06:30:00,107271.8,107338.9,107271.7,107320.2,213.423,22899120.6252
2025-06-29 07:00:00,107320.2,107336.3,107287.0,107298.6,296.697,31835983.2166
2025-06-29 07:30:00,107298.6,107350.0,107267.1,107350.0,158.087,16961104.1417
2025-06-29 08:00:00,107350.0,107441.5,107335.4,107398.2,540.4,58037087.5163
2025-06-29 08:30:00,107398.2,107675.1,107398.1,107645.3,1364.076,146743612.186
2025-06-29 09:00:00,107645.3,107799.1,107568.7,107747.9,1168.551,125849179.5223
2025-06-29 09:30:00,107747.9,107926.8,107747.8,107838.1,1604.56,173070788.1092
2025-06-29 10:00:00,107838.1,108239.5,107838.1,108083.0,2597.764,280769729.277
2025-06-29 10:30:00,108083.0,108173.4,107797.5,108093.0,1694.041,182964369.8952
2025-06-29 11:00:00,108093.0,108139.1,108026.1,108091.6,510.786,55207812.6406
2025-06-29 11:30:00,108091.6,108507.0,108091.6,108420.1,2412.32,261315225.2162
2025-06-29 12:00:00,108420.1,108484.2,108088.0,108158.4,1723.562,186558183.5245
2025-06-29 12:30:00,108158.4,108179.2,107950.6,108135.1,950.511,102731516.3162
2025-06-29 13:00:00,108135.1,108167.8,108020.0,108046.0,596.332,64450586.7222
2025-06-29 13:30:00,108046.0,108127.3,107955.1,108000.3,752.793,81313172.6223
2025-06-29 14:00:00,108000.3,108166.7,108000.3,108026.0,431.306,46617737.3381
2025-06-29 14:30:00,108026.0,108034.0,107719.4,107884.1,1700.224,183348704.2924
2025-06-29 15:00:00,107884.1,107976.3,107751.7,107861.1,716.698,77308587.6
2025-06-29 15:30:00,107861.1,107917.3,107602.0,107693.5,1186.767,127855262.076
2025-06-29 16:00:00,107693.5,107738.7,107401.0,107467.9,1195.229,128573594.7764
2025-06-29 16:30:00,107467.9,107580.8,107222.0,107498.8,2080.459,223473655.2983
2025-06-29 17:00:00,107498.8,107550.3,107335.5,107340.1,1101.249,118338424.1788
2025-06-29 17:30:00,107340.1,107484.0,107253.6,107484.0,1093.828,117419358.555
2025-06-29 18:00:00,107484.0,107565.0,107380.5,107561.6,677.946,72860995.176
2025-06-29 18:30:00,107561.6,107649.4,107502.3,107570.0,505.242,54355160.7244
2025-06-29 19:00:00,107570.0,107570.1,107440.0,107491.4,302.647,32535765.9401
2025-06-29 19:30:00,107491.4,107505.4,107300.0,107337.0,481.169,51665662.9272
2025-06-29 20:00:00,107337.0,107427.8,107318.4,107414.2,268.654,28844079.4073
2025-06-29 20:30:00,107414.2,107415.5,107292.8,107292.8,251.251,26977034.8742
2025-06-29 21:00:00,107292.8,107516.4,107171.2,107482.3,1846.884,198193898.1984
2025-06-29 21:30:00,107482.3,107679.5,107424.4,107487.9,868.494,93419160.9277
2025-06-29 22:00:00,107487.9,107988.4,107487.9,107980.0,2848.155,306974961.7332
2025-06-29 22:30:00,107980.0,108235.1,107777.0,108046.2,2477.009,267676664.6183
2025-06-29 23:00:00,108046.2,108396.7,107940.4,108339.6,1748.4,189139301.506
2025-06-29 23:30:00,108339.6,108394.9,108240.0,108314.8,928.78,100610032.4723
2025-06-30 00:00:00,108314.8,108700.0,108203.2,108611.0,3283.182,356132064.2282
2025-06-30 00:30:00,108611.0,108766.4,108527.2,108661.3,1833.129,199201572.1951
2025-06-30 01:00:00,108661.3,108663.4,108350.0,108649.9,1845.927,200272401.1658
2025-06-30 01:30:00,108649.9,108738.6,108444.0,108458.0,875.689,95124940.5233
2025-06-30 02:00:00,108458.0,108617.1,108412.0,108560.0,740.061,80313172.5329
2025-06-30 02:30:00,108560.0,108599.4,108401.4,108449.9,520.752,56502939.2647
2025-06-30 03:00:00,108449.9,108550.1,108383.3,108419.8,455.077,49353451.1833
2025-06-30 03:30:00,108419.8,108515.5,108415.2,108466.6,246.449,26732943.1607
2025-06-30 04:00:00,108466.6,108500.0,108387.0,108403.7,468.034,50752549.4514
2025-06-30 04:30:00,108403.7,108403.8,108263.2,108289.7,687.649,74498065.4665
2025-06-30 05:00:00,108289.7,108350.0,108268.4,108268.4,553.441,59940836.3959
2025-06-30 05:30:00,108268.4,108268.8,108121.5,108236.5,1200.005,129824757.6026
2025-06-30 06:00:00,108236.5,108260.1,108090.0,108090.0,726.417,78570568.3622
2025-06-30 06:30:00,108090.0,108129.4,107448.3,107503.2,3916.45,421849547.5646
2025-06-30 07:00:00,107503.2,107692.3,107410.0,107656.1,2106.418,226534222.7425
2025-06-30 07:30:00,107656.1,107663.4,107546.9,107552.3,629.153,67695082.8223
2025-06-30 08:00:00,107552.3,107689.9,107453.8,107559.2,957.92,103030824.1304
2025-06-30 08:30:00,107559.2,107581.9,107382.5,107449.0,534.561,57452856.5259
2025-06-30 09:00:00,107449.0,107655.2,107400.9,107588.2,765.973,82378898.1693
2025-06-30 09:30:00,107588.2,107631.7,107416.3,107416.4,645.527,69390204.9156
2025-06-30 10:00:00,107416.4,107477.5,107300.0,107458.0,1264.491,135803651.9702
2025-06-30 10:30:00,107458.0,107587.4,107413.4,107581.5,758.85,81590946.713
2025-06-30 11:00:00,107581.5,107865.9,107560.5,107780.1,1990.647,214442553.357
2025-06-30 11:30:00,107780.1,107904.7,107575.0,107590.9,1278.484,137797429.3865
2025-06-30 12:00:00,107590.9,107766.5,107590.8,107675.2,815.02,87749679.2146
2025-06-30 12:30:00,107675.2,107700.2,107496.0,107528.8,800.501,86095395.7339
2025-06-30 13:00:00,107528.8,107821.6,107521.7,107775.6,771.856,83123857.7662
2025-06-30 13:30:00,107775.6,107800.0,107405.7,107475.7,1962.81,211130170.4654
2025-06-30 14:00:00,107475.7,107605.9,107075.1,107283.8,4252.657,456306241.5254
2025-06-30 14:30:00,107283.8,107420.0,106730.0,106772.3,3826.325,409456785.3221
2025-06-30 15:00:00,106772.3,107158.1,106677.0,107140.0,3037.083,324511201.578
2025-06-30 15:30:00,107140.0,107749.4,107031.3,107517.2,4920.87,528503873.7008
2025-06-30 16:00:00,107517.2,107769.3,107216.0,107235.7,3205.985,344537984.9805
2025-06-30 16:30:00,107235.7,107642.6,107230.0,107549.9,1312.164,140946835.575
2025-06-30 17:00:00,107549.9,107700.0,107461.3,107692.9,538.784,57968617.8433
2025-06-30 17:30:00,107692.9,107750.0,107363.8,107415.9,822.423,88483929.1061
2025-06-30 18:00:00,107415.9,107573.0,107232.9,107236.2,886.925,95213981.2865
2025-06-30 18:30:00,107236.2,107275.1,107057.9,107186.2,625.595,67045425.849
2025-06-30 19:00:00,107186.2,107538.8,107155.1,107463.0,759.977,81615165.5531
2025-06-30 19:30:00,107463.0,107744.9,107381.8,107686.3,988.073,106264984.968
2025-06-30 20:00:00,107686.3,107724.5,107411.0,107524.1,606.007,65181705.9818
2025-06-30 20:30:00,107524.1,107599.0,107480.8,107538.2,317.732,34165350.5173
2025-06-30 21:00:00,107538.2,107553.3,107305.0,107305.0,439.081,47170783.302
2025-06-30 21:30:00,107305.0,107339.2,106858.8,107061.4,1069.456,114507922.8237
2025-06-30 22:00:00,107061.4,107253.0,106953.3,107205.5,612.626,65638829.0325
2025-06-30 22:30:00,107205.5,107257.5,107025.3,107046.1,516.283,55303797.1596
2025-06-30 23:00:00,107046.1,107170.0,107002.2,107094.3,359.297,38474970.2004
2025-06-30 23:30:00,107094.3,107114.9,107000.1,107081.2,598.357,64050113.5175
2025-07-01 00:00:00,107081.2,107394.9,107022.1,107106.3,907.321,97292883.3498
2025-07-01 00:30:00,107106.3,107332.5,106957.7,107319.3,772.275,82741112.2287
2025-07-01 01:00:00,107319.3,107484.8,107243.4,107351.3,755.965,81159597.1225
2025-07-01 01:30:00,107351.3,107470.0,107110.4,107166.2,447.573,48005899.447
2025-07-01 02:00:00,107166.2,107280.0,107123.0,107275.5,361.911,38801591.4037
2025-07-01 02:30:00,107275.5,107365.0,107038.0,107046.2,625.787,67072500.9815
2025-07-01 03:00:00,107046.2,107166.6,107016.6,107163.1,455.623,48786118.8358
2025-07-01 03:30:00,107163.1,107171.6,107052.8,107150.5,268.174,28727320.7936
2025-07-01 04:00:00,107150.5,107158.3,107011.9,107045.9,570.954,61139197.4026
2025-07-01 04:30:00,107045.9,107054.3,106802.0,106826.2,1353.317,144674368.7699
2025-07-01 05:00:00,106826.2,106878.8,106679.0,106692.4,1742.668,186054615.5505
2025-07-01 05:30:00,106692.4,106908.2,106669.5,106883.0,1342.612,143360646.7001
2025-07-01 06:00:00,106883.0,106883.1,106694.7,106710.4,755.383,80648447.0718
2025-07-01 06:30:00,106710.4,106848.0,106690.7,106835.7,620.96,66314877.2292
2025-07-01 07:00:00,106835.7,106955.0,106546.0,106844.5,1819.171,194125833.2443
2025-07-01 07:30:00,106844.5,107126.0,106817.8,107119.9,1653.29,176895260.674
2025-07-01 08:00:00,107119.9,107119.9,106828.1,106852.1,792.419,84735289.7586
2025-07-01 08:30:00,106852.1,106885.8,106613.7,106656.9,1299.52,138670101.2981
2025-07-01 09:00:00,106656.9,106730.8,106500.0,106630.8,1110.566,118407699.3665
2025-07-01 09:30:00,106630.8,106630.8,106436.7,106491.1,976.229,103961295.1184
2025-07-01 10:00:00,106491.1,106577.8,106407.1,106407.1,1085.51,115582263.3251
2025-07-01 10:30:00,106407.1,106446.3,106244.0,106434.9,2256.384,239928180.3137
2025-07-01 11:00:00,106434.9,106530.0,106233.7,106434.4,1219.22,129709808.4429
2025-07-01 11:30:00,106434.4,106574.8,106434.3,106553.8,805.229,85774155.7691
2025-07-01 12:00:00,106553.8,106662.2,106299.4,106353.1,1148.181,122280266.5613
2025-07-01 12:30:00,106353.1,106447.1,106315.1,106363.0,665.424,70788300.1918
2025-07-01 13:00:00,106363.0,106597.0,106315.0,106582.9,1239.635,131994455.5852
2025-07-01 13:30:00,106582.9,106846.4,106245.0,106766.9,3766.987,401629011.3796
2025-07-01 14:00:00,106766.9,107139.9,106400.1,106495.2,4208.577,449682386.8022
2025-07-01 14:30:00,106495.2,106646.0,105666.7,105872.2,8268.157,876333754.1089
2025-07-01 15:00:00,105872.2,106056.4,105550.0,105934.2,3554.75,375961897.0566
2025-07-01 15:30:00,105934.2,106150.0,105822.2,105909.6,1862.003,197340026.2866
2025-07-01 16:00:00,105909.6,106239.1,105779.2,106166.1,1781.819,188994085.9396
2025-07-01 16:30:00,106166.1,106166.1,105906.1,106033.4,1160.37,123063778.1616
2025-07-01 17:00:00,106033.4,106235.0,105840.4,106153.7,1284.891,136234453.1444
2025-07-01 17:30:00,106153.7,106250.0,106009.2,106200.0,910.83,96683810.3993
2025-07-01 18:00:00,106200.0,106221.2,105755.0,105795.8,1647.223,174554776.7112
2025-07-01 18:30:00,105795.8,105868.3,105620.0,105688.8,1063.26,112466385.4758
2025-07-01 19:00:00,105688.8,105750.0,105384.5,105685.1,3512.926,370823836.3165
2025-07-01 19:30:00,105685.1,105723.4,105335.0,105342.3,1794.906,189327760.3789
2025-07-01 20:00:00,105342.3,105592.5,105180.3,105592.5,2139.166,225357355.2585
2025-07-01 20:30:00,105592.5,105960.0,105592.4,105865.7,1220.297,129101600.4712
2025-07-01 21:00:00,105865.7,106065.0,105706.0,105935.1,975.637,103322392.686
2025-07-01 21:30:00,105935.1,105935.2,105690.3,105749.9,510.112,53975030.2719
2025-07-01 22:00:00,105749.9,105863.3,105670.1,105670.1,716.368,75762305.7326
2025-07-01 22:30:00,105670.1,105797.9,105559.6,105584.6,742.14,78416840.4165
2025-07-01 23:00:00,105584.6,105584.6,105310.4,105451.3,1129.775,119091533.9746
2025-07-01 23:30:00,105451.3,105656.0,105390.7,105634.8,432.701,45646794.2272
2025-07-02 00:00:00,105634.8,105737.3,105541.1,105579.9,606.459,64065565.821
2025-07-02 00:30:00,105579.9,105635.6,105319.0,105340.0,446.521,47085983.1693
2025-07-02 01:00:00,105340.0,105579.0,105058.6,105571.9,2120.941,223357620.3244
2025-07-02 01:30:00,105571.9,105750.0,105536.9,105668.5,1658.042,175177320.3353
2025-07-02 02:00:00,105668.5,105745.8,105483.4,105673.0,623.107,65792920.0514
2025-07-02 02:30:00,105673.0,105880.0,105564.0,105857.4,700.206,74067088.8164
2025-07-02 03:00:00,105857.4,106140.4,105822.3,106063.9,1321.203,140049019.629
2025-07-02 03:30:00,106063.9,106178.6,106030.9,106148.6,742.561,78795048.6279
2025-07-02 04:00:00,106148.6,106187.9,106082.2,106181.9,785.447,83368702.0254
2025-07-02 04:30:00,106181.9,106338.1,106100.0,106338.0,1138.747,120977380.3537
2025-07-02 05:00:00,106338.0,106525.5,106249.8,106415.9,1696.144,180491503.1421
2025-07-02 05:30:00,106415.9,106625.0,106406.7,106590.8,1077.91,114848198.2353
2025-07-02 06:00:00,106590.8,106784.5,106583.2,106688.3,1729.54,184557799.5942
2025-07-02 06:30:00,106688.3,106966.0,106688.3,106965.9,1787.009,190993120.8506
2025-07-02 07:00:00,106965.9,106966.0,106791.3,106826.3,1491.861,159445712.5138
2025-07-02 07:30:00,106826.3,107145.0,106825.8,107040.9,2413.219,258243462.5839
2025-07-02 08:00:00,107040.9,107633.5,107040.9,107597.9,3969.12,426262511.6958
2025-07-02 08:30:00,107597.9,107720.6,107422.2,107688.1,2267.066,243928272.9718
2025-07-02 09:00:00,107688.1,107756.7,107471.4,107501.9,1645.33,177086241.1715
2025-07-02 09:30:00,107501.9,107650.0,107480.5,107594.0,828.137,89083423.2294
2025-07-02 10:00:00,107594.0,107750.1,107556.6,107700.1,915.258,98535833.2212
2025-07-02 10:30:00,107700.1,107795.0,107686.2,107786.1,743.47,80098092.8752
2025-07-02 11:00:00,107786.1,107786.1,107676.8,107692.7,540.95,58275190.131
2025-07-02 11:30:00,107692.7,107700.0,107273.4,107436.2,2369.8,254699055.8543
2025-07-02 12:00:00,107436.2,107444.7,107158.1,107277.0,1341.841,143961335.5922
2025-07-02 12:30:00,107277.0,107375.8,107134.7,107336.3,1196.341,128312491.1618
2025-07-02 13:00:00,107336.3,107628.2,107226.5,107491.7,2311.813,248455883.7231
2025-07-02 13:30:00,107491.7,107998.0,107333.0,107718.0,4919.977,529839127.4995
2025-07-02 14:00:00,107718.0,108034.0,107598.1,107800.0,3779.698,407612244.2097
2025-07-02 14:30:00,107800.0,108163.6,107684.5,108100.0,2807.653,303088841.7369
2025-07-02 15:00:00,108100.0,108481.0,108077.6,108229.9,4870.14,527549662.5418
2025-07-02 15:30:00,108229.9,108740.0,108100.0,108712.4,3770.138,409015903.0427
2025-07-02 16:00:00,108712.4,109606.6,108620.8,109152.9,12191.025,1330661812.9311
2025-07-02 16:30:00,109152.9,109640.8,109069.3,109385.4,3287.399,359538681.9372
2025-07-02 17:00:00,109385.4,109740.9,109289.8,109354.0,2695.476,295163570.4028
2025-07-02 17:30:00,109354.0,109370.0,108809.1,109104.5,3408.205,371665865.8358
2025-07-02 18:00:00,109104.5,109375.1,108959.9,109302.1,1208.376,131896328.2749
2025-07-02 18:30:00,109302.1,109493.1,109216.7,109493.0,947.652,103613244.7112
2025-07-02 19:00:00,109493.0,109538.0,109207.0,109487.2,1277.196,139717916.825
2025-07-02 19:30:00,109487.2,109646.3,109224.0,109631.3,1405.209,153830669.7354
2025-07-02 20:00:00,109631.3,109631.3,109160.0,109409.8,1769.061,193421849.767
2025-07-02 20:30:00,109409.8,109433.6,109069.5,109089.9,828.237,90460341.6406
2025-07-02 21:00:00,109089.9,109303.1,109083.8,109167.0,659.093,71956327.2187
2025-07-02 21:30:00,109167.0,109498.6,109167.0,109395.0,756.877,82745961.8365
2025-07-02 22:00:00,109395.0,109466.3,109163.8,109221.2,581.092,63493541.1667
2025-07-02 22:30:00,109221.2,109390.2,109058.2,109099.9,851.39,92949199.2837
2025-07-02 23:00:00,109099.9,109136.8,108884.2,108913.9,1094.76,119336411.8318
2025-07-02 23:30:00,108913.9,108972.9,108669.0,108803.0,1531.046,166563487.0395
2025-07-03 00:00:00,108803.0,108945.3,108658.6,108834.9,1057.08,115041518.1103
2025-07-03 00:30:00,108834.9,109081.5,108718.0,108891.0,852.212,92810757.6409
2025-07-03 01:00:00,108891.0,109073.0,108760.4,109024.0,881.685,96048338.4479
2025-07-03 01:30:00,109024.0,109070.6,108932.3,108940.2,407.425,44401145.1141
2025-07-03 02:00:00,108940.2,108940.3,108515.0,108573.1,1157.383,125774334.2228
2025-07-03 02:30:00,108573.1,108712.5,108455.1,108671.5,1033.633,112211313.1386
2025-07-03 03:00:00,108671.5,108750.0,108577.0,108688.3,661.743,71903579.61
2025-07-03 03:30:00,108688.3,108772.7,108577.0,108592.6,435.646,47346576.2632
2025-07-03 04:00:00,108592.6,108950.2,108510.0,108883.3,1091.985,118775458.9122
2025-07-03 04:30:00,108883.3,108934.7,108711.5,108739.9,507.692,55253602.386
2025-07-03 05:00:00,108739.9,109167.3,108739.9,109060.0,1472.79,160582190.1325
2025-07-03 05:30:00,109060.0,109317.9,109050.4,109294.2,1607.721,175586002.9311
2025-07-03 06:00:00,109294.2,109410.7,109201.8,109400.0,1134.908,124051128.1598
2025-07-03 06:30:00,109400.0,109512.0,109286.0,109426.2,990.107,108338193.2755
2025-07-03 07:00:00,109426.2,109426.2,109088.0,109200.1,1009.486,110250096.8693
2025-07-03 07:30:00,109200.1,109399.6,109189.3,109242.1,594.746,65000288.2716
2025-07-03 08:00:00,109242.1,109494.0,109242.1,109490.2,690.462,75536604.7258
2025-07-03 08:30:00,109490.2,109550.0,109332.2,109332.2,704.561,77104405.0721
2025-07-03 09:00:00,109332.2,109973.3,109332.2,109939.9,3630.619,398644739.6365
2025-07-03 09:30:00,109939.9,110256.4,109773.5,109895.6,3911.327,430386070.6215
2025-07-03 10:00:00,109895.6,109967.0,109600.0,109700.0,1820.539,199843056.9937
2025-07-03 10:30:00,109700.0,109838.4,109624.7,109792.6,923.064,101278079.6701
2025-07-03 11:00:00,109792.6,109796.6,109570.4,109575.9,869.019,95277817.4572
2025-07-03 11:30:00,109575.9,109678.8,109540.1,109551.1,705.57,77324739.7157
2025-07-03 12:00:00,109551.1,109599.1,109443.6,109591.9,1224.75,134142248.2815
2025-07-03 12:30:00,109591.9,109902.8,108704.4,109112.6,8300.993,905880656.9615
2025-07-03 13:00:00,109112.6,109363.3,109075.7,109278.5,2638.817,288286384.8648
2025-07-03 13:30:00,109278.5,110485.7,109265.5,110223.2,7504.887,825543635.8599
2025-07-03 14:00:00,110223.2,110459.7,109806.0,109859.9,5367.964,591167522.5793
2025-07-03 14:30:00,109859.9,109899.0,109504.7,109674.9,3111.666,341400195.2822
2025-07-03 15:00:00,109674.9,109791.3,109240.0,109501.1,2239.647,245109005.4934
2025-07-03 15:30:00,109501.1,109568.9,109007.1,109063.1,3592.715,392356396.7613
2025-07-03 16:00:00,109063.1,109300.2,108955.0,109113.3,1837.19,200463587.4958
2025-07-03 16:30:00,109113.3,109622.0,109079.4,109233.6,2637.844,288508835.1294
2025-07-03 17:00:00,109233.6,109618.0,109211.8,109403.7,961.072,105168713.6946
2025-07-03 17:30:00,109403.7,109577.1,109401.0,109500.1,331.32,36278424.1496
2025-07-03 18:00:00,109500.1,109672.8,109275.0,109573.5,1098.551,120252607.8454
2025-07-03 18:30:00,109573.5,109637.7,109428.6,109637.7,495.44,54266945.4671
2025-07-03 19:00:00,109637.7,109868.5,109582.2,109823.0,996.196,109335360.9884
2025-07-03 19:30:00,109823.0,109823.1,109612.3,109744.1,702.257,77054890.9849
2025-07-03 20:00:00,109744.1,109875.0,109711.4,109834.5,532.055,58421789.6172
2025-07-03 20:30:00,109834.5,109917.4,109795.9,109916.2,788.281,86591758.0156
2025-07-03 21:00:00,109916.2,109978.3,109633.8,109728.1,1544.514,169589717.7112
2025-07-03 21:30:00,109728.1,109790.0,109636.1,109740.6,400.032,43887725.8232
2025-07-03 22:00:00,109740.6,109830.0,109588.7,109634.4,503.629,55238161.0996
2025-07-03 22:30:00,109634.4,109748.3,109604.3,109657.9,386.967,42437491.123
2025-07-03 23:00:00,109657.9,109775.2,109483.4,109560.0,729.113,79933335.2732
2025-07-03 23:30:00,109560.0,109580.7,109485.5,109540.0,216.949,23764453.5722
2025-07-04 00:00:00,109540.0,109577.7,109400.0,109436.9,638.679,69930534.0237
2025-07-04 00:30:00,109436.9,109656.2,109312.8,109415.6,603.116,66036279.6972
2025-07-04 01:00:00,109415.6,109725.3,109394.7,109589.5,575.527,63047024.6087
2025-07-04 01:30:00,109589.5,109665.9,109440.9,109450.7,329.438,36080276.3729
2025-07-04 02:00:00,109450.7,109450.7,109226.8,109295.3,696.039,76099994.1982
2025-07-04 02:30:00,109295.3,109316.3,109058.1,109134.7,1284.503,140189991.5502
2025-07-04 03:00:00,109134.7,109328.2,109058.0,109304.0,984.057,107447716.1393
2025-07-04 03:30:00,109304.0,109317.5,109175.0,109186.9,249.145,27212736.801
2025-07-04 04:00:00,109186.9,109285.6,109138.2,109161.2,313.19,34202542.7666
2025-07-04 04:30:00,109161.2,109161.3,108910.0,108941.4,1487.003,162081011.0821
2025-07-04 05:00:00,108941.4,109122.6,108907.0,109073.8,739.476,80612619.1672
2025-07-04 05:30:00,109073.8,109169.2,108884.0,108962.0,833.744,90909025.9207
2025-07-04 06:00:00,108962.0,108977.8,108732.9,108857.7,1521.979,165636488.9096
2025-07-04 06:30:00,108857.7,108969.9,108850.0,108963.9,482.298,52528750.7349
2025-07-04 07:00:00,108963.9,109089.0,108704.0,108704.0,1272.202,138490110.2673
2025-07-04 07:30:00,108704.0,108886.3,108650.0,108650.0,1076.783,117089729.7669
2025-07-04 08:00:00,108650.0,108762.3,108456.0,108741.7,2162.91,234901111.1911
2025-07-04 08:30:00,108741.7,108834.2,108662.0,108701.4,1009.507,109792387.0578
2025-07-04 09:00:00,108701.4,108992.9,108701.4,108982.5,1353.729,147362926.4739
2025-07-04 09:30:00,108982.5,109011.5,108855.3,108932.6,700.393,76296387.1239
2025-07-04 10:00:00,108932.6,109008.6,108850.0,108884.0,457.102,49794995.306
2025-07-04 10:30:00,108884.0,108991.1,108788.7,108839.3,461.613,50252474.3212
2025-07-04 11:00:00,108839.3,109042.0,108839.2,109031.5,654.201,71283353.7297
2025-07-04 11:30:00,109031.5,109039.7,108780.8,108826.0,674.999,73519792.5032
2025-07-04 12:00:00,108826.0,108914.5,108730.2,108794.6,711.682,77434923.2306
2025-07-04 12:30:00,108794.6,108794.7,108550.0,108674.2,773.931,84109979.4973
2025-07-04 13:00:00,108674.2,108790.0,108509.2,108542.0,1099.059,119367235.4238
2025-07-04 13:30:00,108542.0,108566.9,107892.0,107916.4,6776.878,733350100.487
2025-07-04 14:00:00,107916.4,108069.9,107452.3,107995.3,8478.245,913676381.5495
2025-07-04 14:30:00,107995.3,107995.3,107702.6,107779.1,2761.126,297719464.9582
2025-07-04 15:00:00,107779.1,107933.4,107600.0,107840.6,2468.113,265980056.8367
2025-07-04 15:30:00,107840.6,107855.0,107550.0,107552.9,1737.809,187115160.1823
2025-07-04 16:00:00,107552.9,107690.0,107300.0,107488.4,3437.303,369365006.4005
2025-07-04 16:30:00,107488.4,107720.4,107367.6,107592.7,1620.393,174313665.2682
2025-07-04 17:00:00,107592.7,107873.4,107587.0,107722.1,1416.524,152657989.2282
2025-07-04 17:30:00,107722.1,107898.5,107664.3,107844.7,731.125,78823921.304
2025-07-04 18:00:00,107844.7,107849.3,107575.3,107604.7,845.214,91063560.9852
2025-07-04 18:30:00,107604.7,107767.6,107458.6,107460.6,741.834,79826568.7172
2025-07-04 19:00:00,107460.6,107620.6,107220.3,107257.1,1948.159,209213050.2247
2025-07-04 19:30:00,107257.1,107493.1,107250.0,107453.9,869.672,93407827.7838
2025-07-04 20:00:00,107453.9,107750.1,107408.8,107701.3,1276.463,137354290.4989
2025-07-04 20:30:00,107701.3,107788.5,107653.2,107656.3,762.328,82103516.3648
2025-07-04 21:00:00,107656.3,107800.4,107655.3,107798.3,374.152,40305816.3017
2025-07-04 21:30:00,107798.3,107919.5,107707.0,107880.0,728.133,78513417.0681
2025-07-04 22:00:00,107880.0,108134.3,107845.1,108071.4,1756.701,189758578.0637
2025-07-04 22:30:00,108071.4,108223.9,108071.4,108192.3,924.056,99945085.5531
2025-07-04 23:00:00,108192.3,108192.3,108000.0,108056.1,425.638,45998288.6904
2025-07-04 23:30:00,108056.1,108081.0,107904.1,107947.4,409.801,44244845.6616
2025-07-05 00:00:00,107947.4,108097.8,107908.3,108033.0,405.764,43820014.9867
2025-07-05 00:30:00,108033.0,108178.2,108011.0,108141.6,454.209,49106648.0386
2025-07-05 01:00:00,108141.6,108141.7,107839.2,107885.8,625.482,67504396.4422
2025-07-05 01:30:00,107885.8,107958.9,107850.0,107946.7,232.809,25126589.8303
2025-07-05 02:00:00,107946.7,107946.8,107756.9,107756.9,424.035,45724698.4931
2025-07-05 02:30:00,107756.9,108050.0,107685.9,108018.0,678.307,73190211.3124
2025-07-05 03:00:00,108018.0,108200.0,108018.0,108199.9,969.488,104823174.3111
2025-07-05 03:30:00,108199.9,108229.9,108063.9,108107.1,355.546,38456644.7086
2025-07-05 04:00:00,108107.1,108332.9,107989.9,108329.4,798.465,86351397.3228
2025-07-05 04:30:00,108329.4,108429.2,108080.0,108080.0,890.678,96435940.3946
2025-07-05 05:00:00,108080.0,108092.9,107981.5,108077.0,534.572,57755247.0271
2025-07-05 05:30:00,108077.0,108148.0,107944.9,108094.4,486.375,52550719.4001
2025-07-05 06:00:00,108094.4,108200.0,108030.0,108180.0,302.451,32702841.0106
2025-07-05 06:30:00,108180.0,108252.1,108141.9,108226.0,474.606,51357028.5208
2025-07-05 07:00:00,108226.0,108226.1,108039.5,108100.0,411.665,44507345.7814
2025-07-05 07:30:00,108100.0,108100.1,107934.8,108008.7,450.797,48681298.1725
2025-07-05 08:00:00,108008.7,108083.5,107944.1,108006.2,283.508,30627150.4918
2025-07-05 08:30:00,108006.2,108006.2,107872.5,107970.0,506.431,54650622.3377
2025-07-05 09:00:00,107970.0,107970.0,107809.9,107876.2,653.306,70466369.3527
2025-07-05 09:30:00,107876.2,108084.5,107841.5,108033.3,486.026,52479748.3034
2025-07-05 10:00:00,108033.3,108084.5,108006.1,108078.0,211.27,22826388.6073
2025-07-05 10:30:00,108078.0,108161.2,108020.2,108022.0,382.923,41392289.8625
2025-07-05 11:00:00,108022.0,108122.2,108021.9,108112.2,127.084,13735750.04
2025-07-05 11:30:00,108112.2,108172.9,108055.9,108055.9,208.492,22545358.6714
2025-07-05 12:00:00,108055.9,108065.5,107945.9,107972.1,368.144,39755547.9834
2025-07-05 12:30:00,107972.1,108099.9,107911.0,108099.9,239.518,25869337.0489
2025-07-05 13:00:00,108099.9,108191.6,108067.6,108154.2,245.858,26582831.6434
2025-07-05 13:30:00,108154.2,108154.4,108062.1,108080.2,275.019,29729576.7262
2025-07-05 14:00:00,108080.2,108182.6,108050.8,108133.1,229.586,24825140.9027
2025-07-05 14:30:00,108133.1,108160.2,108079.3,108160.1,157.16,16993639.7757
2025-07-05 15:00:00,108160.1,108160.2,108069.9,108070.0,205.928,22265046.6554
2025-07-05 15:30:00,108070.0,108081.3,108000.0,108017.2,273.108,29504466.6288
2025-07-05 16:00:00,108017.2,108056.7,107920.0,107920.1,242.886,26227710.0082
2025-07-05 16:30:00,107920.1,108063.9,107820.8,108050.0,818.027,88272586.159
2025-07-05 17:00:00,108050.0,108112.4,107883.2,107953.5,468.162,50551181.6865
2025-07-05 17:30:00,107953.5,108039.9,107912.2,108035.3,151.802,16392683.2414
2025-07-05 18:00:00,108035.3,108044.2,107909.0,107918.9,263.069,28401669.3565
2025-07-05 18:30:00,107918.9,107995.6,107909.3,107935.8,218.703,23611117.1407
2025-07-05 19:00:00,107935.8,107996.6,107897.9,107996.5,346.644,37415096.6373
2025-07-05 19:30:00,107996.5,108120.0,107990.7,108096.4,352.684,38118367.5847
2025-07-05 20:00:00,108096.4,108118.7,107939.7,107939.7,223.783,24176768.5991
2025-07-05 20:30:00,107939.7,108077.7,107939.7,108040.8,103.343,11163050.6531
2025-07-05 21:00:00,108040.8,108090.3,107997.0,108020.8,328.322,35473175.2213
2025-07-05 21:30:00,108020.8,108093.1,108003.0,108033.4,174.032,18804743.3577
2025-07-05 22:00:00,108033.4,108100.0,108003.0,108087.0,127.784,13808161.0711
2025-07-05 22:30:00,108087.0,108173.6,108049.8,108138.4,280.528,30331653.4228
2025-07-05 23:00:00,108138.4,108179.0,108111.9,108151.2,201.462,21789780.3989
2025-07-05 23:30:00,108151.2,108169.7,108129.1,108144.4,136.375,14748593.9091
2025-07-06 00:00:00,108144.4,108199.9,108067.0,108161.9,478.972,51786899.0411
2025-07-06 00:30:00,108161.9,108196.3,108120.0,108167.9,185.667,20082657.7604
2025-07-06 01:00:00,108167.9,108167.9,108038.8,108038.9,132.372,14308888.6968
2025-07-06 01:30:00,108038.9,108151.3,108016.1,108151.3,199.295,21538990.4805
2025-07-06 02:00:00,108151.3,108200.0,108050.6,108095.0,374.366,40487145.3724
2025-07-06 02:30:00,108095.0,108106.0,107982.9,107989.9,219.35,23699287.8434
2025-07-06 03:00:00,107989.9,108051.9,107961.7,107990.5,273.766,29566748.0769
2025-07-06 03:30:00,107990.5,108018.1,107968.4,107999.7,123.495,13336150.3039
2025-07-06 04:00:00,107999.7,108054.8,107944.6,107944.6,404.983,43728649.6777
2025-07-06 04:30:00,107944.6,107955.5,107888.0,107932.0,345.367,37272975.4345
2025-07-06 05:00:00,107932.0,107961.6,107908.4,107948.0,109.162,11781941.8696
2025-07-06 05:30:00,107948.0,107967.5,107935.1,107943.2,111.346,12019772.539
2025-07-06 06:00:00,107943.2,108168.0,107912.8,108074.4,629.321,67999671.3004
2025-07-06 06:30:00,108074.4,108092.6,108006.4,108060.8,161.729,17474952.5981
2025-07-06 07:00:00,108060.8,108131.0,108048.8,108080.0,286.698,30985886.0159
2025-07-06 07:30:00,108080.0,108080.1,107988.8,107988.8,238.438,25753435.2376
2025-07-06 08:00:00,107988.8,108018.0,107903.7,107925.1,418.842,45213299.7374
2025-07-06 08:30:00,107925.1,107981.0,107925.1,107952.0,197.003,21268362.6619
2025-07-06 09:00:00,107952.0,108017.4,107945.0,107964.9,143.756,15523665.7969
2025-07-06 09:30:00,107964.9,107973.1,107762.6,107810.3,878.08,94702347.281
2025-07-06 10:00:00,107810.3,107904.2,107767.1,107900.3,551.732,59500271.7204
2025-07-06 10:30:00,107900.3,108080.0,107900.2,107935.2,440.074,47521513.6519
2025-07-06 11:00:00,107935.2,107960.0,107902.0,107949.1,246.841,26642346.3817
2025-07-06 11:30:00,107949.1,108062.0,107949.1,108028.8,329.142,35550143.0376
2025-07-06 12:00:00,108028.8,108059.2,108000.0,108044.5,170.554,18424653.3989
2025-07-06 12:30:00,108044.5,108197.2,108044.5,108197.2,814.624,88090237.3726
2025-07-06 13:00:00,108197.2,108415.2,108148.6,108415.2,1447.38,156725886.0622
2025-07-06 13:30:00,108415.2,109088.6,108415.1,108731.5,5889.513,640335626.5007
2025-07-06 14:00:00,108731.5,108900.0,108672.5,108855.8,1440.634,156714726.5564
2025-07-06 14:30:00,108855.8,109000.0,108560.1,108879.5,1882.409,204781693.8547
2025-07-06 15:00:00,108879.5,108931.4,108672.0,108775.6,893.136,97199495.3416
2025-07-06 15:30:00,108775.6,108863.5,108621.1,108860.0,508.624,55302538.4366
2025-07-06 16:00:00,108860.0,108907.9,108671.9,108770.9,540.195,58769557.0782
2025-07-06 16:30:00,108770.9,108833.3,108654.9,108810.1,321.176,34928405.4644
2025-07-06 17:00:00,108810.1,108824.6,108682.0,108824.5,390.383,42454869.0087
2025-07-06 17:30:00,108824.5,108920.0,108820.8,108875.9,374.832,40808945.9575
2025-07-06 18:00:00,108875.9,108891.8,108450.0,108514.8,1082.773,117608033.1098
2025-07-06 18:30:00,108514.8,108581.8,108225.7,108432.8,2067.554,224109022.9547
2025-07-06 19:00:00,108432.8,108605.8,108402.6,108418.8,938.593,101839826.2437
2025-07-06 19:30:00,108418.8,108509.5,108248.9,108498.1,816.28,88453513.8578
2025-07-06 20:00:00,108498.1,108820.7,108484.7,108659.4,1524.57,165731511.2178
2025-07-06 20:30:00,108659.4,108800.9,108617.7,108617.8,390.162,42414498.7205
2025-07-06 21:00:00,108617.8,109280.0,108617.7,109257.6,2135.72,232907107.6409
2025-07-06 21:30:00,109257.6,109685.0,108968.9,109165.9,4088.323,447154512.1679
2025-07-06 22:00:00,109165.9,109491.3,109158.6,109400.0,1534.069,167740671.8677
2025-07-06 22:30:00,109400.0,109418.9,109173.0,109189.7,644.118,70376529.335
2025-07-06 23:00:00,109189.7,109198.3,108952.1,109011.5,1490.956,162630921.6098
2025-07-06 23:30:00,109011.5,109246.0,108902.9,109160.5,605.916,66092153.983
2025-07-07 00:00:00,109160.5,109250.0,108909.7,108959.0,1171.223,127747433.7674
2025-07-07 00:30:00,108959.0,108999.9,108750.0,108784.9,1031.294,112255252.8615
2025-07-07 01:00:00,108784.9,108907.8,108612.0,108865.8,1176.944,127978892.482
2025-07-07 01:30:00,108865.8,109056.2,108865.7,108977.0,969.106,105614545.0652
2025-07-07 02:00:00,108977.0,109478.3,108977.0,109408.4,1810.27,197943608.7435
2025-07-07 02:30:00,109408.4,109437.7,109288.0,109322.8,702.854,76865626.3585
2025-07-07 03:00:00,109322.8,109681.4,109322.7,109580.0,1158.16,126829348.0896
2025-07-07 03:30:00,109580.0,109580.0,109322.1,109355.1,810.592,88716274.8296
2025-07-07 04:00:00,109355.1,109423.6,109151.9,109196.0,641.1,70056171.0263
2025-07-07 04:30:00,109196.0,109209.6,109080.6,109080.7,575.433,62797891.4514
2025-07-07 05:00:00,109080.7,109162.4,109065.7,109065.7,330.756,36089133.9413
2025-07-07 05:30:00,109065.7,109154.8,108970.7,109029.7,603.397,65797149.4736
2025-07-07 06:00:00,109029.7,109122.0,108960.4,109096.0,406.527,44333590.989
2025-07-07 06:30:00,109096.0,109096.1,108719.5,108730.1,1130.628,123046966.5064
2025-07-07 07:00:00,108730.1,108914.1,108573.5,108869.5,1743.864,189667157.4843
2025-07-07 07:30:00,108869.5,109020.3,108803.5,109015.1,536.558,58450671.1697
2025-07-07 08:00:00,109015.1,109027.9,108821.5,108839.9,669.572,72931306.4351
2025-07-07 08:30:00,108839.9,109048.4,108798.1,108971.4,822.986,89652385.754
2025-07-07 09:00:00,108971.4,108971.4,108704.4,108819.8,908.551,98859993.8528
2025-07-07 09:30:00,108819.8,108880.5,108725.0,108807.7,335.189,36475386.0578
2025-07-07 10:00:00,108807.7,108862.2,108681.3,108701.3,738.894,80372806.3906
2025-07-07 10:30:00,108701.3,108765.8,108629.0,108637.4,457.226,49693378.4078
2025-07-07 11:00:00,108637.4,108781.0,108525.0,108713.0,903.002,98103160.8911
2025-07-07 11:30:00,108713.0,108732.6,108585.0,108593.9,512.525,55685346.3309
2025-07-07 12:00:00,108593.9,108594.0,108341.5,108389.9,1586.064,172006522.0986
2025-07-07 12:30:00,108389.9,108506.3,108255.2,108302.0,1091.207,118279025.7541
2025-07-07 13:00:00,108302.0,108400.0,107896.8,108371.9,3285.81,355447085.539
2025-07-07 13:30:00,108371.9,108534.9,107958.9,108474.9,3316.614,358937171.1273
2025-07-07 14:00:00,108474.9,108625.5,107994.2,108100.0,2982.332,322944977.4882
2025-07-07 14:30:00,108100.0,108326.1,107908.0,108162.5,1737.125,187758523.1133
2025-07-07 15:00:00,108162.5,108541.5,108155.7,108486.7,1878.155,203475169.942
2025-07-07 15:30:00,108486.7,108578.1,108210.4,108244.4,1197.451,129813565.5019
2025-07-07 16:00:00,108244.4,108455.9,107824.5,108111.1,2685.434,290253045.0324
2025-07-07 16:30:00,108111.1,108300.0,107850.0,107920.9,1308.779,141451238.0368
2025-07-07 17:00:00,107920.9,108075.9,107730.6,108075.8,1844.748,199027369.1289
2025-07-07 17:30:00,108075.8,108316.7,107840.0,107892.0,1192.793,128927483.9976
2025-07-07 18:00:00,107892.0,108053.7,107467.5,107490.1,2129.172,229283469.1449
2025-07-07 18:30:00,107490.1,107984.2,107449.6,107974.2,1685.917,181506834.2889
2025-07-07 19:00:00,107974.2,108271.3,107950.0,108136.5,1228.192,132790144.8139
2025-07-07 19:30:00,108136.5,108212.7,107946.9,107990.0,673.211,72757251.5826
2025-07-07 20:00:00,107990.0,108054.5,107784.8,107974.0,750.992,81035648.5209
2025-07-07 20:30:00,107974.0,108097.4,107787.5,107800.1,709.222,76522990.1724
2025-07-07 21:00:00,107800.1,107915.0,107714.2,107714.3,773.257,83367765.712
2025-07-07 21:30:00,107714.3,108150.0,107714.2,108104.9,902.489,97461697.3399
2025-07-07 22:00:00,108104.9,108123.6,107902.8,107933.0,330.223,35664094.6238
2025-07-07 22:30:00,107933.0,108033.9,107912.1,107950.0,501.682,54159896.0481
2025-07-07 23:00:00,107950.0,108150.0,107950.0,108126.1,518.405,56038515.4232
2025-07-07 23:30:00,108126.1,108249.4,108119.4,108200.0,529.552,57296142.48
2025-07-08 00:00:00,108200.0,108380.0,108112.4,108379.9,1110.314,120174488.7894
2025-07-08 00:30:00,108379.9,108482.3,108106.5,108237.7,2483.128,268985062.4596
2025-07-08 01:00:00,108237.7,108237.7,107924.1,107978.2,803.792,86858229.7717
2025-07-08 01:30:00,107978.2,108063.0,107616.6,107630.9,1426.716,153812306.809
2025-07-08 02:00:00,107630.9,107887.9,107369.7,107866.7,2555.741,275030672.3219
2025-07-08 02:30:00,107866.7,107898.6,107500.0,107722.4,1211.536,130466183.8749
2025-07-08 03:00:00,107722.4,107853.0,107629.6,107834.4,750.857,80896453.1739
2025-07-08 03:30:00,107834.4,107960.0,107814.6,107850.1,621.236,67021498.8412
2025-07-08 04:00:00,107850.1,107850.1,107691.5,107811.7,497.905,53655567.1198
2025-07-08 04:30:00,107811.7,107988.0,107811.7,107988.0,705.372,76130049.3054
2025-07-08 05:00:00,107988.0,108060.5,107925.4,108057.9,548.453,59231980.2899
2025-07-08 05:30:00,108057.9,108184.3,107968.0,108160.0,731.533,79079793.4318
2025-07-08 06:00:00,108160.0,108241.2,108078.7,108135.9,670.483,72522271.5736
2025-07-08 06:30:00,108135.9,108333.4,108131.5,108240.1,548.815,59406126.7248
2025-07-08 07:00:00,108240.1,108350.0,108167.0,108299.9,544.9,58987276.3873
2025-07-08 07:30:00,108299.9,108443.8,108270.8,108427.9,993.62,107682040.1842
2025-07-08 08:00:00,108427.9,108477.4,108326.8,108341.3,939.788,101889267.3946
2025-07-08 08:30:00,108341.3,108356.3,108220.0,108220.0,831.829,90064985.5245
2025-07-08 09:00:00,108220.0,108336.0,108181.0,108335.9,533.447,57749236.4275
2025-07-08 09:30:00,108335.9,108453.0,108335.9,108411.1,466.843,50608784.3132
2025-07-08 10:00:00,108411.1,108669.6,108357.2,108469.4,1493.339,162076969.2416
2025-07-08 10:30:00,108469.4,108887.2,108457.3,108790.0,2283.999,248347155.6756
2025-07-08 11:00:00,108790.0,108977.6,108790.0,108856.0,1410.484,153580984.3273
2025-07-08 11:30:00,108856.0,108910.0,108708.9,108718.1,809.118,88027477.5076
2025-07-08 12:00:00,108718.1,108784.9,108636.0,108663.6,628.728,68347365.1092
2025-07-08 12:30:00,108663.6,108913.3,108663.6,108913.2,784.073,85295317.3898
2025-07-08 13:00:00,108913.2,108913.7,108738.9,108831.9,947.913,103145669.8164
2025-07-08 13:30:00,108831.9,109188.0,108566.8,108972.6,4340.018,472837951.2877
2025-07-08 14:00:00,108972.6,109023.8,108316.6,108458.7,4255.653,462071834.6214
2025-07-08 14:30:00,108458.7,108753.0,108183.1,108333.6,4124.027,447436865.4547
2025-07-08 15:00:00,108333.6,108488.8,108166.4,108204.8,1303.502,141225083.1396
2025-07-08 15:30:00,108204.8,108327.4,108140.2,108202.7,1836.105,198745980.8865
2025-07-08 16:00:00,108202.7,108491.6,108029.9,108398.1,1546.734,167406453.3359
2025-07-08 16:30:00,108398.1,108486.6,108123.0,108383.5,1126.629,122032742.593
2025-07-08 17:00:00,108383.5,109000.0,108383.4,108827.3,3113.723,338677123.9177
2025-07-08 17:30:00,108827.3,109056.1,108646.0,108949.2,1968.023,214271591.5283
2025-07-08 18:00:00,108949.2,109099.0,108846.5,109014.9,1398.543,152425029.3227
2025-07-08 18:30:00,109014.9,109126.2,108909.0,109116.6,1074.983,117192886.4848
2025-07-08 19:00:00,109116.6,109116.7,108900.6,108909.9,885.461,96500900.2764
2025-07-08 19:30:00,108909.9,108912.1,108677.7,108728.6,832.188,90522599.8698
2025-07-08 20:00:00,108728.6,108904.2,108631.8,108848.4,521.358,56691955.3759
2025-07-08 20:30:00,108848.4,108848.4,108582.1,108583.2,339.357,36884821.8034
2025-07-08 21:00:00,108583.2,108728.3,108567.0,108691.3,323.998,35199532.622
2025-07-08 21:30:00,108691.3,108931.4,108691.3,108848.0,819.559,89203251.9323
2025-07-08 22:00:00,108848.0,108931.5,108760.0,108821.0,249.09,27104959.0801
2025-07-08 22:30:00,108821.0,108868.4,108800.0,108853.1,370.187,40290776.4919
2025-07-08 23:00:00,108853.1,108927.0,108762.5,108789.9,459.122,49982964.5243
2025-07-08 23:30:00,108789.9,108929.9,108789.9,108881.9,320.584,34904407.4851
2025-07-09 00:00:00,108881.9,108903.9,108737.0,108747.8,369.48,40203817.3412
2025-07-09 00:30:00,108747.8,108906.3,108737.0,108896.7,381.386,41506428.2643
2025-07-09 01:00:00,108896.7,109093.0,108699.9,108738.1,1331.132,144995694.3029
2025-07-09 01:30:00,108738.1,108758.6,108666.0,108732.3,386.007,41964041.2719
2025-07-09 02:00:00,108732.3,108805.5,108653.2,108669.5,429.955,46758385.9409
2025-07-09 02:30:00,108669.5,108716.6,108540.5,108573.6,366.532,39813373.7555
2025-07-09 03:00:00,108573.6,108624.0,108350.0,108411.8,975.946,105827465.3572
2025-07-09 03:30:00,108411.8,108411.9,108284.8,108312.6,481.205,52129313.8999
2025-07-09 04:00:00,108312.6,108427.9,108263.4,108353.5,530.36,57455583.7129
2025-07-09 04:30:00,108353.5,108524.0,108353.4,108503.5,593.164,64327455.7658
2025-07-09 05:00:00,108503.5,108575.3,108434.1,108453.8,358.103,38861970.9188
2025-07-09 05:30:00,108453.8,108900.0,108453.8,108729.4,2271.119,246952206.9455
2025-07-09 06:00:00,108729.4,108775.4,108630.0,108672.8,384.31,41776210.9728
2025-07-09 06:30:00,108672.8,108819.4,108621.3,108793.0,458.236,49817355.0066
2025-07-09 07:00:00,108793.0,108842.6,108704.0,108735.0,377.661,41079897.7802
2025-07-09 07:30:00,108735.0,108742.6,108625.1,108671.7,289.104,31417133.5713
2025-07-09 08:00:00,108671.7,108812.3,108636.3,108774.0,435.92,47403363.5864
2025-07-09 08:30:00,108774.0,108788.4,108598.7,108624.2,526.056,57183147.2937
2025-07-09 09:00:00,108624.2,108640.9,108527.3,108561.4,370.838,40263205.5814
2025-07-09 09:30:00,108561.4,108749.9,108542.5,108707.3,467.811,50840164.4227
2025-07-09 10:00:00,108707.3,108798.1,108657.0,108750.2,291.439,31691576.0329
2025-07-09 10:30:00,108750.2,108869.3,108750.1,108869.3,471.293,51285086.8865
2025-07-09 11:00:00,108869.3,109048.8,108869.2,108995.9,1060.526,115562091.8887
2025-07-09 11:30:00,108995.9,109090.0,108875.6,109018.9,947.762,103315416.7403
2025-07-09 12:00:00,109018.9,109495.1,108935.3,109477.6,3379.814,369521654.5253
2025-07-09 12:30:00,109477.6,109496.6,109245.8,109298.6,1681.689,183980818.2262
2025-07-09 13:00:00,109298.6,109746.0,109296.7,109545.0,2795.478,306404570.6862
2025-07-09 13:30:00,109545.0,109666.8,109080.1,109144.4,3203.814,350305354.6167
2025-07-09 14:00:00,109144.4,109437.0,108870.3,108870.3,2483.319,271038829.5715
2025-07-09 14:30:00,108870.3,108973.6,108447.8,108838.1,5064.245,550425480.7718
2025-07-09 15:00:00,108838.1,109175.0,108752.5,108930.0,2086.481,227365144.8545
2025-07-09 15:30:00,108930.0,109076.7,108731.4,109009.9,1108.847,120757348.4756
2025-07-09 16:00:00,109009.9,109225.0,108970.8,109153.1,983.813,107342158.1399
2025-07-09 16:30:00,109153.1,109437.6,109153.0,109350.0,1794.061,196107450.287
2025-07-09 17:00:00,109350.0,109400.0,109001.4,109068.0,1366.827,149229399.5213
2025-07-09 17:30:00,109068.0,109166.7,108968.8,109106.1,547.756,59735583.8545
2025-07-09 18:00:00,109106.1,109539.9,109073.1,109493.3,2071.548,226615687.7917
2025-07-09 18:30:00,109493.3,109499.9,109301.4,109490.8,942.589,103127481.0953
2025-07-09 19:00:00,109490.8,110301.0,109442.0,110300.9,4940.476,543235094.6257
2025-07-09 19:30:00,110300.9,111999.0,110187.1,111702.6,15549.253,1728564132.6596
2025-07-09 20:00:00,111702.6,111914.2,110876.4,110964.9,6752.052,752051589.4663
2025-07-09 20:30:00,110964.9,111064.2,110530.0,110671.9,2729.828,302471241.0917
2025-07-09 21:00:00,110671.9,111248.1,110630.0,111185.5,2564.054,284681639.8525
2025-07-09 21:30:00,111185.5,111185.5,110785.2,110788.1,1087.686,120665833.9735
2025-07-09 22:00:00,110788.1,111300.0,110785.0,111035.9,1584.243,176077658.5391
2025-07-09 22:30:00,111035.9,111384.0,111035.8,111332.1,1543.674,171744667.8875
2025-07-09 23:00:00,111332.1,111485.0,111200.0,111355.2,1112.064,123860527.3904
2025-07-09 23:30:00,111355.2,111463.2,111181.4,111209.7,771.777,85906620.015
2025-07-10 00:00:00,111209.7,111300.0,111091.9,111092.1,895.019,99521156.1443
2025-07-10 00:30:00,111092.1,111169.7,110865.0,110865.0,989.522,109835618.2908
2025-07-10 01:00:00,110865.0,111111.0,110832.8,111055.9,629.911,69900828.2836
2025-07-10 01:30:00,111055.9,111322.1,111055.9,111155.8,744.884,82814545.4894
2025-07-10 02:00:00,111155.8,111524.7,111155.8,111249.0,1116.643,124343538.2212
2025-07-10 02:30:00,111249.0,111320.1,111088.6,111172.1,419.653,46660137.2714
2025-07-10 03:00:00,111172.1,111172.2,111000.6,111000.8,601.794,66848805.3507
2025-07-10 03:30:00,111000.8,111054.2,110931.7,111025.8,636.55,70650633.7656
2025-07-10 04:00:00,111025.8,111031.6,110909.8,111011.1,448.299,49742794.274
2025-07-10 04:30:00,111011.1,111146.3,110997.6,111108.0,922.533,102459456.2405
2025-07-10 05:00:00,111108.0,111134.4,110863.1,110953.6,872.217,96787779.029
2025-07-10 05:30:00,110953.6,111120.5,110895.2,111043.6,481.552,53446369.6409
2025-07-10 06:00:00,111043.6,111274.2,111041.0,111229.6,1920.961,213475260.0888
2025-07-10 06:30:00,111229.6,111234.0,111091.9,111177.2,426.092,47374349.694
2025-07-10 07:00:00,111177.2,111421.2,111166.0,111305.1,1074.696,119632445.7155
2025-07-10 07:30:00,111305.1,111328.1,111092.0,111190.8,632.742,70364628.2973
2025-07-10 08:00:00,111190.8,111242.4,111077.9,111221.4,574.381,63843535.5587
2025-07-10 08:30:00,111221.4,111366.0,111180.3,111195.3,546.358,60797598.6515
2025-07-10 09:00:00,111195.3,111222.0,111057.1,111093.8,440.828,48984865.9482
2025-07-10 09:30:00,111093.8,111140.3,110956.0,110993.7,545.369,60558887.8751
2025-07-10 10:00:00,110993.7,111044.1,110940.4,110951.1,462.936,51373992.107
2025-07-10 10:30:00,110951.1,111082.3,110825.0,111033.8,963.591,106900141.4637
2025-07-10 11:00:00,111033.8,111136.1,110970.1,111112.1,474.621,52705691.6564
2025-07-10 11:30:00,111112.1,111112.1,110922.5,110979.5,452.654,50240484.8086
2025-07-10 12:00:00,110979.5,110979.5,110710.8,110876.8,1490.504,165174697.3977
2025-07-10 12:30:00,110876.8,110891.8,110721.4,110827.0,524.723,58134456.737
2025-07-10 13:00:00,110827.0,110996.6,110771.2,110996.2,927.983,102900529.6743
2025-07-10 13:30:00,110996.2,110996.2,110450.9,110761.9,2985.137,330421994.6717
2025-07-10 14:00:00,110761.9,111282.2,110592.3,110820.3,2788.406,309358533.628
2025-07-10 14:30:00,110820.3,111201.2,110783.7,111193.3,1292.53,143517724.6251
2025-07-10 15:00:00,111193.3,111336.0,110923.1,111280.6,1358.416,151018778.3336
2025-07-10 15:30:00,111280.6,111379.2,111041.0,111359.2,1348.8,150013901.85
2025-07-10 16:00:00,111359.2,112539.9,111293.8,112350.0,7345.546,822733438.739
2025-07-10 16:30:00,112350.0,112696.4,112349.9,112605.0,5366.759,604015954.0019
2025-07-10 17:00:00,112605.0,113450.0,112449.3,113429.1,9746.635,1101273401.4293
2025-07-10 17:30:00,113429.1,113789.3,113384.2,113692.8,4638.664,526886931.4909
2025-07-10 18:00:00,113692.8,113715.8,113082.3,113162.8,3371.431,382213384.5327
2025-07-10 18:30:00,113162.8,113425.8,112960.0,113380.8,1920.154,217223405.7018
2025-07-10 19:00:00,113380.8,113642.9,113292.8,113292.8,2377.32,269835719.5298
2025-07-10 19:30:00,113292.8,113367.5,113058.6,113247.4,1708.709,193398642.9575
2025-07-10 20:00:00,113247.4,113467.0,113220.0,113386.7,1103.874,125131676.0049
2025-07-10 20:30:00,113386.7,113557.3,113319.2,113435.8,1524.847,173018954.9495
2025-07-10 21:00:00,113435.8,117896.7,113340.0,115693.0,24374.115,2819595410.1041
2025-07-10 21:30:00,115693.0,116778.1,115666.0,116458.2,7911.671,919851779.4335
2025-07-10 22:00:00,116458.2,116485.5,115833.4,115882.6,4479.192,520064700.4673
2025-07-10 22:30:00,115882.6,116174.7,115747.3,115991.5,1843.163,213705538.2564
2025-07-10 23:00:00,115991.5,116091.5,115760.1,115764.3,1175.602,136257411.7582
2025-07-10 23:30:00,115764.3,116007.0,115617.4,115990.1,1289.072,149241735.2754
2025-07-11 00:00:00,115990.1,116065.7,115200.0,115459.8,2406.12,278054415.854
2025-07-11 00:30:00,115459.8,115722.2,115272.5,115555.4,1275.162,147316146.4566
2025-07-11 01:00:00,115555.4,115950.0,115474.2,115920.0,1030.766,119263013.1001
2025-07-11 01:30:00,115920.0,116071.6,115843.5,115952.7,701.857,81377175.1016
2025-07-11 02:00:00,115952.7,116288.1,115685.3,116257.6,1427.379,165692567.0889
2025-07-11 02:30:00,116257.6,116772.6,116220.0,116634.9,2489.178,290005355.4187
2025-07-11 03:00:00,116634.9,116634.9,116353.0,116495.9,1169.092,136194380.2818
2025-07-11 03:30:00,116495.9,116941.4,116390.2,116853.2,1466.978,171204176.0771
2025-07-11 04:00:00,116853.2,116853.2,116503.6,116539.5,1113.205,129825719.6496
2025-07-11 04:30:00,116539.5,116917.3,116461.1,116883.2,1897.256,221479676.0104
2025-07-11 05:00:00,116883.2,117475.9,116882.4,117454.4,4015.128,470460618.9639
2025-07-11 05:30:00,117454.4,118387.0,117388.0,117832.0,8891.721,1048470495.868
2025-07-11 06:00:00,117832.0,118386.4,117784.2,118116.1,3217.947,380044849.1071
2025-07-11 06:30:00,118116.1,118160.8,117587.9,117639.2,2457.081,289565179.748
2025-07-11 07:00:00,117639.2,117882.9,117436.6,117854.9,2195.947,258264666.3801
2025-07-11 07:30:00,117854.9,118091.4,117533.0,117554.6,2055.936,242237292.5071
2025-07-11 08:00:00,117554.6,117974.9,117554.5,117959.0,1346.239,158531803.6921
2025-07-11 08:30:00,117959.0,118144.6,117811.3,117964.0,1199.68,141544593.6764
2025-07-11 09:00:00,117964.0,118221.7,117864.9,118151.2,1186.014,140048996.8225
2025-07-11 09:30:00,118151.2,118849.9,118113.8,118448.7,4614.819,547232131.0676
2025-07-11 10:00:00,118448.7,118448.7,118038.6,118231.2,2641.6,312273279.83
2025-07-11 10:30:00,118231.2,118302.0,117929.6,117970.6,1213.51,143267526.4547
2025-07-11 11:00:00,117970.6,118100.9,117594.8,117681.8,1821.354,214552330.1021
2025-07-11 11:30:00,117681.8,117942.6,117673.8,117801.6,1082.904,127543113.5779
2025-07-11 12:00:00,117801.6,118224.9,117727.5,117727.6,1569.835,185232238.7425
2025-07-11 12:30:00,117727.6,117899.9,117702.0,117856.2,873.667,102913941.9736
2025-07-11 13:00:00,117856.2,118021.6,117594.8,117634.3,1848.732,217708778.1482
2025-07-11 13:30:00,117634.3,118176.7,117253.8,117977.9,4426.391,520528209.9045
2025-07-11 14:00:00,117977.9,118166.7,117655.9,117899.7,1767.885,208445154.6684
2025-07-11 14:30:00,117899.7,118155.2,117362.3,117849.9,2050.508,241411640.4378
2025-07-11 15:00:00,117849.9,117969.9,117551.1,117758.4,1785.137,210209846.1938
2025-07-11 15:30:00,117758.4,117758.4,116727.4,116908.7,4862.599,569520294.5526
2025-07-11 16:00:00,116908.7,117281.4,116600.8,117281.4,3742.991,437608611.0124
2025-07-11 16:30:00,117281.4,117464.4,117102.0,117402.7,1389.102,162973387.2554
2025-07-11 17:00:00,117402.7,117758.9,117339.3,117509.9,1961.697,230625698.1859
2025-07-11 17:30:00,117509.9,117672.4,117240.9,117623.6,849.538,99771999.7911
2025-07-11 18:00:00,117623.6,117733.6,117290.0,117328.3,951.678,111879083.8713
2025-07-11 18:30:00,117328.3,117714.8,117290.0,117691.0,625.203,73487586.5321
2025-07-11 19:00:00,117691.0,118117.7,117411.7,117868.7,2146.788,252990204.7443
2025-07-11 19:30:00,117868.7,118101.0,117744.1,118079.2,1789.775,210992713.6412
2025-07-11 20:00:00,118079.2,118079.3,117815.5,117913.7,984.192,116048642.4958
2025-07-11 20:30:00,117913.7,117917.4,117608.5,117624.5,1045.253,123106566.685
2025-07-11 21:00:00,117624.5,117864.6,117509.2,117819.0,1054.904,124102907.7271
2025-07-11 21:30:00,117819.0,117819.0,117415.8,117590.0,878.985,103335805.5063
2025-07-11 22:00:00,117590.0,117622.5,117153.0,117232.8,1179.911,138514411.3747
2025-07-11 22:30:00,117232.8,117643.6,117114.1,117590.5,1359.384,159625462.7226
2025-07-11 23:00:00,117590.5,117643.8,117531.4,117586.1,511.266,60127112.6782
2025-07-11 23:30:00,117586.1,117630.0,117410.7,117508.8,316.575,37210407.2253
2025-07-12 00:00:00,117508.8,117633.0,117443.2,117492.0,437.162,51371115.2024
2025-07-12 00:30:00,117492.0,117492.1,117101.9,117379.3,1228.609,144044752.0047
2025-07-12 01:00:00,117379.3,117669.6,117379.3,117660.0,766.718,90141237.6808
2025-07-12 01:30:00,117660.0,117666.0,117510.3,117618.0,319.851,37616190.056
2025-07-12 02:00:00,117618.0,117779.7,117566.1,117700.3,422.812,49763298.093
2025-07-12 02:30:00,117700.3,117728.1,117531.4,117572.9,319.198,37543949.2716
2025-07-12 03:00:00,117572.9,117816.3,117572.8,117800.2,333.709,39295785.4032
2025-07-12 03:30:00,117800.2,117820.0,117604.8,117752.5,443.604,52217521.9068
2025-07-12 04:00:00,117752.5,117843.8,117666.9,117833.3,396.04,46635773.1778
2025-07-12 04:30:00,117833.3,117833.3,117547.0,117619.2,323.561,38064792.4685
2025-07-12 05:00:00,117619.2,117641.5,117456.2,117580.0,361.313,42461019.6687
2025-07-12 05:30:00,117580.0,117674.5,117516.6,117641.0,272.384,32034903.5032
2025-07-12 06:00:00,117641.0,117917.4,117613.0,117865.0,497.042,58531380.5377
2025-07-12 06:30:00,117865.0,117954.2,117790.0,117800.1,476.443,56168787.9736
2025-07-12 07:00:00,117800.1,118035.2,117788.0,117894.4,686.766,80988926.2472
2025-07-12 07:30:00,117894.4,117894.4,117562.0,117683.9,728.334,85700739.3194
2025-07-12 08:00:00,117683.9,117831.4,117683.9,117814.3,285.567,33631464.28
2025-07-12 08:30:00,117814.3,117902.9,117663.0,117864.6,737.348,86850618.77
2025-07-12 09:00:00,117864.6,118000.0,117818.0,117940.0,864.528,101952646.5004
2025-07-12 09:30:00,117940.0,118195.1,117867.8,118123.9,1557.884,183923208.2251
2025-07-12 10:00:00,118123.9,118123.9,117837.4,118035.0,1153.774,136128898.719
2025-07-12 10:30:00,118035.0,118106.6,117950.0,118034.3,339.138,40029147.7413
2025-07-12 11:00:00,118034.3,118075.0,117871.0,117963.7,854.832,100825633.9545
2025-07-12 11:30:00,117963.7,118031.7,117580.0,117772.2,1983.608,233587435.5243
2025-07-12 12:00:00,117772.2,117825.8,117615.8,117629.1,718.157,84527908.7466
2025-07-12 12:30:00,117629.1,117694.5,117250.1,117493.9,2552.133,299761720.5424
2025-07-12 13:00:00,117493.9,117523.5,117220.9,117252.7,1519.152,178314184.4211
2025-07-12 13:30:00,117252.7,117481.0,117190.0,117472.1,1081.122,126850081.5453
2025-07-12 14:00:00,117472.1,117701.7,117365.2,117606.2,1241.992,146030907.381
2025-07-12 14:30:00,117606.2,117607.9,117263.1,117341.9,771.304,90554671.4585
2025-07-12 15:00:00,117341.9,117420.0,117107.0,117290.6,1727.38,202573164.4647
2025-07-12 15:30:00,117290.6,117405.0,116868.1,117066.3,2462.143,288168189.5268
2025-07-12 16:00:00,117066.3,117327.9,117007.3,117254.8,976.782,114466744.9051
2025-07-12 16:30:00,117254.8,117350.0,117101.4,117152.6,609.589,71479313.3461
2025-07-12 17:00:00,117152.6,117420.0,117130.4,117416.3,401.762,47128448.5688
2025-07-12 17:30:00,117416.3,117520.7,117360.0,117436.8,569.94,66929000.2157
2025-07-12 18:00:00,117436.8,117460.0,117344.6,117381.1,285.542,33522556.5866
2025-07-12 18:30:00,117381.1,117482.2,117327.9,117464.9,387.225,45454449.144
2025-07-12 19:00:00,117464.9,117601.4,117395.3,117395.4,570.723,67073674.3777
2025-07-12 19:30:00,117395.4,117587.2,117395.3,117511.2,278.826,32763154.3292
2025-07-12 20:00:00,117511.2,117511.2,117360.4,117400.0,185.272,21756069.0568
2025-07-12 20:30:00,117400.0,117400.1,116963.3,116963.3,767.167,89884400.8365
2025-07-12 21:00:00,116963.3,117282.6,116940.0,117259.2,739.411,86607899.9215
2025-07-12 21:30:00,117259.2,117515.0,117230.0,117445.1,531.449,62392802.9057
2025-07-12 22:00:00,117445.1,117518.9,117254.0,117423.5,232.479,27292569.1149
2025-07-12 22:30:00,117423.5,117480.3,117296.9,117338.0,202.366,23752789.9395
2025-07-12 23:00:00,117338.0,117367.6,117154.3,117233.5,314.801,36908701.2789
2025-07-12 23:30:00,117233.5,117427.7,117190.2,117369.9,339.087,39783496.9327
2025-07-13 00:00:00,117369.9,117412.5,117192.0,117342.0,392.496,46044685.718
2025-07-13 00:30:00,117342.0,117387.1,117210.0,117258.7,323.769,37984582.6019
2025-07-13 01:00:00,117258.7,117383.0,117173.3,117348.2,437.344,51294878.8968
2025-07-13 01:30:00,117348.2,117623.6,117327.0,117510.4,1029.452,120978845.9548
2025-07-13 02:00:00,117510.4,117510.4,117352.4,117369.8,314.143,36884913.8211
2025-07-13 02:30:00,117369.8,117787.9,117352.3,117556.9,660.02,77633269.6277
2025-07-13 03:00:00,117556.9,117730.0,117527.8,117717.1,383.326,45086135.4411
2025-07-13 03:30:00,117717.1,117769.6,117618.1,117706.6,369.488,43494245.2633
2025-07-13 04:00:00,117706.6,117780.0,117627.1,117721.9,241.408,28417981.4875
2025-07-13 04:30:00,117721.9,117852.0,117707.8,117834.9,375.783,44267337.5643
2025-07-13 05:00:00,117834.9,117861.4,117732.2,117788.5,333.314,39268437.7952
2025-07-13 05:30:00,117788.5,117853.9,117638.7,117717.0,300.82,35417557.5055
2025-07-13 06:00:00,117717.0,117803.0,117689.8,117793.2,213.899,25187675.4284
2025-07-13 06:30:00,117793.2,117950.0,117793.1,117836.5,508.217,59913500.6004
2025-07-13 07:00:00,117836.5,117944.9,117800.0,117944.8,307.278,36226177.5113
2025-07-13 07:30:00,117944.8,118023.0,117846.5,117950.8,860.738,101518613.2422
2025-07-13 08:00:00,117950.8,117963.2,117749.9,117800.0,532.107,62703655.2846
2025-07-13 08:30:00,117800.0,117898.5,117703.9,117857.8,443.273,52214636.5281
2025-07-13 09:00:00,117857.8,117863.3,117749.0,117826.0,269.921,31800469.2561
2025-07-13 09:30:00,117826.0,117826.0,117653.1,117695.5,396.232,46644524.7238
2025-07-13 10:00:00,117695.5,117810.0,117695.4,117750.0,194.14,22864501.3688
2025-07-13 10:30:00,117750.0,117750.0,117687.0,117715.3,185.531,21840352.4678
2025-07-13 11:00:00,117715.3,118045.6,117715.2,118011.9,728.056,85849915.2252
2025-07-13 11:30:00,118011.9,118054.5,117902.3,118029.9,470.214,55467131.8965
2025-07-13 12:00:00,118029.9,118150.0,117929.6,118137.1,789.946,93262109.7939
2025-07-13 12:30:00,118137.1,118602.8,118000.0,118365.9,3959.263,468434466.7488
2025-07-13 13:00:00,118365.9,118530.0,118073.3,118255.5,1583.646,187293531.5046
2025-07-13 13:30:00,118255.5,118749.7,118249.5,118556.2,2703.722,320522294.5504
2025-07-13 14:00:00,118556.2,119390.4,118412.0,119110.4,6486.221,772082681.8752
2025-07-13 14:30:00,119110.4,119130.0,118293.3,118700.0,3324.212,394559740.5258
2025-07-13 15:00:00,118700.0,119099.6,118583.5,118852.2,1678.466,199504646.6447
2025-07-13 15:30:00,118852.2,118852.2,118475.0,118623.0,1194.988,141762375.1288
2025-07-13 16:00:00,118623.0,118941.6,118585.4,118754.0,1302.287,154699190.8961
2025-07-13 16:30:00,118754.0,118820.0,118441.2,118461.6,884.426,104913883.0477
2025-07-13 17:00:00,118461.6,118670.0,118320.0,118604.8,802.866,95129747.3847
2025-07-13 17:30:00,118604.8,118790.1,118591.5,118631.9,631.603,74969837.9723
2025-07-13 18:00:00,118631.9,119015.0,118520.0,118957.5,767.293,91148903.55
2025-07-13 18:30:00,118957.5,118984.4,118777.0,118939.4,595.909,70850605.8198
2025-07-13 19:00:00,118939.4,119299.9,118897.2,119196.2,1021.963,121733901.8561
2025-07-13 19:30:00,119196.2,119474.9,118857.2,118918.6,2176.35,259406605.439
2025-07-13 20:00:00,118918.6,119247.6,118778.9,119221.8,695.035,82690358.5215
2025-07-13 20:30:00,119221.8,119347.8,118951.4,119018.3,764.967,91145419.2637
2025-07-13 21:00:00,119018.3,119018.3,118800.0,118892.0,606.501,72114777.7505
2025-07-13 21:30:00,118892.0,118892.0,118430.0,118599.0,1409.327,167211343.7228
2025-07-13 22:00:00,118599.0,118599.1,118168.2,118364.3,1339.149,158523499.8393
2025-07-13 22:30:00,118364.3,118734.7,118364.3,118464.7,594.086,70463653.1942
2025-07-13 23:00:00,118464.7,118720.0,118335.1,118606.5,628.767,74531000.2599
2025-07-13 23:30:00,118606.5,119175.6,118600.0,119050.2,1360.105,161754490.8105
2025-07-14 00:00:00,119050.2,119442.3,118877.8,119149.9,1537.934,183268324.8551
2025-07-14 00:30:00,119149.9,119386.0,119018.8,119033.9,999.445,119128943.6382
2025-07-14 01:00:00,119033.9,119150.1,118866.5,118879.2,823.486,97968968.212
2025-07-14 01:30:00,118879.2,119206.5,118859.2,119054.9,838.554,99824088.9552
2025-07-14 02:00:00,119054.9,119886.0,118926.1,119802.8,3220.654,385127279.9606
2025-07-14 02:30:00,119802.8,120000.0,119410.1,119615.0,2861.035,342559711.9341
2025-07-14 03:00:00,119615.0,119936.8,119553.9,119884.8,1235.03,147965190.6664
2025-07-14 03:30:00,119884.8,121600.0,119782.0,120725.0,13389.83,1617288820.5444
2025-07-14 04:00:00,120725.0,121076.9,120509.2,120929.9,2840.326,343073584.7013
2025-07-14 04:30:00,120929.9,121439.9,120821.0,121385.5,3651.336,442473437.6862
2025-07-14 05:00:00,121385.5,122685.1,121112.7,122300.1,8951.872,1091799285.6864
2025-07-14 05:30:00,122300.1,122495.7,121866.3,122446.2,4142.662,506238718.6743
2025-07-14 06:00:00,122446.2,122458.4,122018.1,122405.9,2369.379,289614584.7793
2025-07-14 06:30:00,122405.9,122406.0,122039.5,122120.0,1221.968,149246510.8963
2025-07-14 07:00:00,122120.0,122442.0,122074.2,122298.3,1384.034,169228441.6388
2025-07-14 07:30:00,122298.3,123250.0,122296.0,122741.2,5748.403,706154349.8284
2025-07-14 08:00:00,122741.2,122758.0,122275.0,122421.9,2355.552,288439093.4883
2025-07-14 08:30:00,122421.9,122688.6,122421.9,122556.8,1093.009,133973322.3554
2025-07-14 09:00:00,122556.8,122573.6,121850.0,122000.0,2365.455,289007550.4139
2025-07-14 09:30:00,122000.0,122213.7,121880.0,121990.2,1713.165,209070154.3441
2025-07-14 10:00:00,121990.2,121999.8,121659.2,121923.5,1809.159,220408310.3694
2025-07-14 10:30:00,121923.5,122169.3,121863.0,121911.6,1615.875,197181197.9167
2025-07-14 11:00:00,121911.6,121911.6,121350.0,121521.6,1985.618,241408919.5265
2025-07-14 11:30:00,121521.6,121690.0,121356.8,121480.1,1288.099,156558806.9336
2025-07-14 12:00:00,121480.1,121892.7,121401.3,121800.0,1459.35,177659897.7769
2025-07-14 12:30:00,121800.0,121922.9,121651.2,121895.3,920.487,112126263.6778
2025-07-14 13:00:00,121895.3,121943.4,121581.1,121687.4,913.61,111230272.3338
2025-07-14 13:30:00,121687.4,122100.0,121160.0,121680.1,4532.305,551303475.8135
2025-07-14 14:00:00,121680.1,121958.6,121103.0,121449.5,3549.8,431491756.3291
2025-07-14 14:30:00,121449.5,121472.1,120636.3,121174.4,5039.153,609413063.0191
2025-07-14 15:00:00,121174.4,121182.0,120347.2,120407.3,3654.255,440695900.3426
2025-07-14 15:30:00,120407.3,120420.8,119609.8,119889.3,6209.991,744855292.3321
2025-07-14 16:00:00,119889.3,120088.0,119232.4,120060.0,5554.544,664434712.9548
2025-07-14 16:30:00,120060.0,120318.0,119706.9,120287.7,2628.903,315563937.2525
2025-07-14 17:00:00,120287.7,120535.9,120070.5,120169.2,2640.549,317797507.4383
2025-07-14 17:30:00,120169.2,120274.3,119791.0,119921.8,1566.129,187880397.3764
2025-07-14 18:00:00,119921.8,120200.5,119754.3,120124.2,954.186,114466723.3102
2025-07-14 18:30:00,120124.2,120194.4,119620.0,119639.9,950.774,113916252.4073
2025-07-14 19:00:00,119639.9,120113.7,119601.0,119790.0,941.528,112803953.0961
2025-07-14 19:30:00,119790.0,120096.0,119673.3,119950.0,1293.352,155028243.6919
2025-07-14 20:00:00,119950.0,119997.0,119501.6,119995.5,895.612,107256499.5118
2025-07-14 20:30:00,119995.5,120458.8,119938.0,120136.3,2046.491,246116986.2292
2025-07-14 21:00:00,120136.3,120189.7,119811.0,119965.8,1208.078,144989341.9054
2025-07-14 21:30:00,119965.8,120246.0,119921.9,120018.1,459.806,55204876.0708
2025-07-14 22:00:00,120018.1,120312.1,119916.7,120280.1,682.489,81987890.7663
2025-07-14 22:30:00,120280.1,120290.0,120016.9,120041.2,311.133,37380325.0105
2025-07-14 23:00:00,120041.2,120053.1,119775.0,119814.7,625.089,74955653.3615
2025-07-14 23:30:00,119814.7,119966.5,119765.3,119841.6,486.293,58282243.9531
2025-07-15 00:00:00,119841.6,119946.6,119532.4,119877.7,1151.956,137900490.5053
2025-07-15 00:30:00,119877.7,119877.8,119050.7,119479.9,2147.261,256418479.1054
2025-07-15 01:00:00,119479.9,119519.0,118757.0,119028.6,3088.54,367683922.706
2025-07-15 01:30:00,119028.6,119459.5,118329.9,118477.4,4193.255,498840588.3251
2025-07-15 02:00:00,118477.4,118870.0,117816.6,117923.9,5987.187,707646242.556
2025-07-15 02:30:00,117923.9,118444.0,117875.0,118270.3,3657.615,432204861.8314
2025-07-15 03:00:00,118270.3,118270.3,117136.4,117523.5,6870.036,807822263.08
2025-07-15 03:30:00,117523.5,117583.0,116880.0,117210.2,4046.417,474452679.8429
2025-07-15 04:00:00,117210.2,117481.4,116302.4,117330.2,7371.052,861783436.6927
2025-07-15 04:30:00,117330.2,117568.5,117000.0,117534.3,2106.265,247182793.7918
2025-07-15 05:00:00,117534.3,117800.0,117420.0,117556.8,1706.564,200769201.3603
2025-07-15 05:30:00,117556.8,117573.0,117010.1,117351.9,1960.169,229869895.1651
2025-07-15 06:00:00,117351.9,117351.9,116795.3,117069.2,2937.707,343890118.6791
2025-07-15 06:30:00,117069.2,117156.4,116768.8,117100.0,1754.503,205278309.9326
2025-07-15 07:00:00,117100.0,117348.9,116932.8,117020.1,1277.591,149651544.1065
2025-07-15 07:30:00,117020.1,117020.1,116404.1,116822.5,3235.807,377682040.0752
2025-07-15 08:00:00,116822.5,116901.4,116114.6,116866.1,3101.883,361697684.6883
2025-07-15 08:30:00,116866.1,116900.1,116722.7,116805.4,1305.22,152485450.2459
2025-07-15 09:00:00,116805.4,117246.2,116793.7,116985.3,1927.282,225562585.3686
2025-07-15 09:30:00,116985.3,117079.2,116713.5,116799.9,1042.713,121899628.5514
2025-07-15 10:00:00,116799.9,117118.3,116760.0,117046.6,1505.551,176013202.2085
2025-07-15 10:30:00,117046.6,117242.5,116940.4,117076.5,1216.214,142433838.4838
2025-07-15 11:00:00,117076.5,117136.8,116340.4,116500.0,2574.357,300383776.2216
2025-07-15 11:30:00,116500.0,117200.0,116467.7,117150.4,1679.937,196328692.1787
2025-07-15 12:00:00,117150.4,117350.0,116852.3,116923.9,2298.555,269153393.3044
2025-07-15 12:30:00,116923.9,117495.4,116395.0,117209.8,7553.542,884155222.3375
2025-07-15 13:00:00,117209.8,118151.9,117153.2,117710.4,5777.589,680387404.1153
2025-07-15 13:30:00,117710.4,118510.5,117558.2,118108.4,5385.61,635910754.3611
2025-07-15 14:00:00,118108.4,118484.0,117580.0,117580.0,3656.643,431854224.2253
2025-07-15 14:30:00,117580.0,117654.9,115750.0,116021.8,11444.852,1333206569.2202
2025-07-15 15:00:00,116021.8,116423.9,115800.0,116284.8,4807.209,558244707.0696
2025-07-15 15:30:00,116284.8,116788.0,116168.7,116430.6,3068.952,357582265.7578
2025-07-15 16:00:00,116430.6,117217.9,116395.2,116909.9,4458.848,521254091.5223
2025-07-15 16:30:00,116909.9,117758.1,116909.9,117221.9,4017.169,471924825.2633
2025-07-15 17:00:00,117221.9,117573.5,117150.0,117531.6,1464.656,171865969.8803
2025-07-15 17:30:00,117531.6,117599.9,117245.7,117420.7,1497.598,175873386.8405
2025-07-15 18:00:00,117420.7,117444.0,116833.2,116845.1,1822.623,213420206.4592
2025-07-15 18:30:00,116845.1,116925.8,116047.2,116738.6,4530.693,527729826.4619
2025-07-15 19:00:00,116738.6,117236.2,116642.7,116861.9,1455.581,170264752.1529
2025-07-15 19:30:00,116861.9,116935.7,116289.9,116430.2,1708.236,199055465.0618
2025-07-15 20:00:00,116430.2,116721.4,116161.3,116538.7,1980.997,230777273.7559
2025-07-15 20:30:00,116538.7,116657.5,116391.8,116400.0,625.289,72865366.9082
2025-07-15 21:00:00,116400.0,117177.7,116350.0,117150.0,1497.499,175019665.0431
2025-07-15 21:30:00,117150.0,117600.0,117067.9,117573.8,1864.538,218907912.4185
2025-07-15 22:00:00,117573.8,117614.5,117291.0,117524.8,1163.041,136603726.3435
2025-07-15 22:30:00,117524.8,117865.6,117244.7,117827.0,1808.726,212777524.8725
2025-07-15 23:00:00,117827.0,117999.8,117531.9,117578.0,1888.21,222417476.1316
2025-07-15 23:30:00,117578.0,117805.9,117500.0,117745.7,694.323,81702232.3798
2025-07-16 00:00:00,117745.7,117786.4,117412.0,117588.0,758.014,89103788.8879
2025-07-16 00:30:00,117588.0,118196.2,117588.0,118126.5,1718.149,202703615.8046
2025-07-16 01:00:00,118126.5,118250.0,117662.1,117685.6,969.85,114440587.9657
2025-07-16 01:30:00,117685.6,117817.0,117599.3,117746.2,616.456,72545451.0145
2025-07-16 02:00:00,117746.2,117785.9,117255.0,117381.4,1293.07,151870597.164
2025-07-16 02:30:00,117381.4,117396.8,117031.0,117345.1,1088.348,127543076.2671
2025-07-16 03:00:00,117345.1,117548.7,117233.1,117389.0,574.014,67396440.0771
2025-07-16 03:30:00,117389.0,117532.6,117380.3,117500.0,443.622,52114186.3832
2025-07-16 04:00:00,117500.0,117540.0,117264.3,117540.0,693.271,81392963.8882
2025-07-16 04:30:00,117540.0,117733.5,117486.3,117614.8,659.897,77617485.4978
2025-07-16 05:00:00,117614.8,118053.9,117614.8,117851.3,2029.3,239190991.4156
2025-07-16 05:30:00,117851.3,118009.4,117777.0,117871.6,706.182,83267886.5577
2025-07-16 06:00:00,117871.6,118097.1,117750.0,118064.7,502.563,59268188.6449
2025-07-16 06:30:00,118064.7,118307.7,117990.5,118271.5,978.054,115617322.2547
2025-07-16 07:00:00,118271.5,118299.1,118046.9,118240.1,687.014,81195245.3301
2025-07-16 07:30:00,118240.1,118298.6,118099.5,118200.0,656.607,77619823.8263
2025-07-16 08:00:00,118200.0,118300.2,118130.0,118251.9,812.693,96087756.726
2025-07-16 08:30:00,118251.9,118809.0,118251.9,118709.8,2221.326,263511079.8905
2025-07-16 09:00:00,118709.8,119231.7,118709.7,119172.4,2103.297,250285670.2056
2025-07-16 09:30:00,119172.4,119215.1,118740.0,119207.2,2349.866,279641517.7241
2025-07-16 10:00:00,119207.2,119327.4,119116.5,119159.3,1114.539,132876060.1813
2025-07-16 10:30:00,119159.3,119192.6,118739.3,118750.0,1392.32,165553963.1102
2025-07-16 11:00:00,118750.0,118925.7,118641.5,118904.3,1149.032,136490542.4594
2025-07-16 11:30:00,118904.3,118909.7,118705.7,118776.1,495.523,58887189.4873
2025-07-16 12:00:00,118776.1,118910.6,118694.8,118907.7,580.541,68991789.7252
2025-07-16 12:30:00,118907.7,119121.3,118544.2,118608.1,3305.069,392808229.4756
2025-07-16 13:00:00,118608.1,118807.7,118406.8,118799.6,3093.291,366935467.6427
2025-07-16 13:30:00,118799.6,118918.5,118127.9,118672.9,4528.836,536567645.4409
2025-07-16 14:00:00,118672.9,118770.0,118200.6,118460.7,2803.028,332056609.203
2025-07-16 14:30:00,118460.7,119267.3,118261.2,119037.6,3974.097,472054237.0464
2025-07-16 15:00:00,119037.6,119778.5,118705.3,119466.4,6432.338,767348823.0513
2025-07-16 15:30:00,119466.4,119484.1,118298.8,119067.4,6191.229,736357784.3948
2025-07-16 16:00:00,119067.4,119229.7,118432.2,119139.7,3332.679,396177774.7165
2025-07-16 16:30:00,119139.7,119316.7,118943.5,119259.9,1196.57,142538040.8892
2025-07-16 17:00:00,119259.9,119683.8,119152.1,119612.4,2510.711,299759582.0201
2025-07-16 17:30:00,119612.4,119650.0,118950.0,119064.1,1945.577,232114889.9329
2025-07-16 18:00:00,119064.1,119488.5,118860.6,119157.5,1643.566,195953377.766
2025-07-16 18:30:00,119157.5,119928.6,119157.5,119504.4,3235.608,387175866.3346
2025-07-16 19:00:00,119504.4,119635.0,119116.1,119182.5,1597.095,190578089.1389
2025-07-16 19:30:00,119182.5,119323.1,118816.3,119230.0,2212.069,263234920.7303
2025-07-16 20:00:00,119230.0,119626.6,118934.0,119613.7,1474.078,175829765.4439
2025-07-16 20:30:00,119613.7,119968.0,119502.0,119920.9,2059.394,246631550.3234
2025-07-16 21:00:00,119920.9,120114.6,119716.7,119945.0,2078.98,249380809.7684
2025-07-16 21:30:00,119945.0,119945.0,119205.6,119292.0,1197.146,143097302.5231
2025-07-16 22:00:00,119292.0,119492.8,119147.2,119200.1,1028.572,122704893.6279
2025-07-16 22:30:00,119200.1,119265.9,118571.0,118653.8,2059.783,244848658.0726
2025-07-16 23:00:00,118653.8,118682.1,118409.1,118652.1,1076.397,127618088.1035
2025-07-16 23:30:00,118652.1,118833.6,118565.1,118626.3,709.278,84205860.5515
2025-07-17 00:00:00,118626.3,118969.8,118612.0,118851.2,770.324,91528042.4117
2025-07-17 00:30:00,118851.2,119173.2,118814.9,118884.1,689.349,82046897.2797
2025-07-17 01:00:00,118884.1,119074.5,118550.0,118675.4,993.933,118095838.0568
2025-07-17 01:30:00,118675.4,118719.0,117662.2,118130.1,4509.783,532394858.4768
2025-07-17 02:00:00,118130.1,118510.0,117970.4,118388.5,1402.531,165894572.337
2025-07-17 02:30:00,118388.5,118454.9,118020.0,118308.4,1029.255,121728690.9102
2025-07-17 03:00:00,118308.4,118332.0,117809.6,117853.5,1457.536,171956285.7535
2025-07-17 03:30:00,117853.5,118118.7,117716.1,118089.6,1004.258,118408942.0925
2025-07-17 04:00:00,118089.6,118309.9,117931.6,118258.4,1027.09,121376229.5668
2025-07-17 04:30:00,118258.4,118479.2,118258.4,118479.1,1179.621,139668174.9939
2025-07-17 05:00:00,118479.1,118479.2,118246.0,118399.9,603.469,71414850.7755
2025-07-17 05:30:00,118399.9,118637.4,118207.8,118576.3,1007.295,119352219.1909
2025-07-17 06:00:00,118576.3,118781.7,118335.6,118657.6,1132.488,134320130.7218
2025-07-17 06:30:00,118657.6,118672.3,118336.2,118434.6,1382.988,163806839.8932
2025-07-17 07:00:00,118434.6,118448.3,117809.9,117912.0,1774.64,209492733.8662
2025-07-17 07:30:00,117912.0,118548.7,117912.0,118319.9,1523.493,180149253.7101
2025-07-17 08:00:00,118319.9,118348.4,118086.6,118268.4,902.098,106629939.2793
2025-07-17 08:30:00,118268.4,118432.0,118133.5,118338.3,1193.582,141227062.5278
2025-07-17 09:00:00,118338.3,119199.9,118254.3,119170.3,3272.824,388852208.2872
2025-07-17 09:30:00,119170.3,119246.4,118776.3,118802.2,1671.066,198910509.3719
2025-07-17 10:00:00,118802.2,118916.0,118559.6,118585.0,1018.476,120883012.8481
2025-07-17 10:30:00,118585.0,118585.0,118238.0,118369.2,1759.629,208360032.1115
2025-07-17 11:00:00,118369.2,118424.6,118128.1,118192.7,1472.055,174061889.442
2025-07-17 11:30:00,118192.7,118235.9,117982.1,118001.0,1040.341,122884901.4797
2025-07-17 12:00:00,118001.0,118113.5,117464.1,117505.8,2552.463,300599342.0865
2025-07-17 12:30:00,117505.8,118213.2,117449.9,117881.2,3516.862,414447039.9481
2025-07-17 13:00:00,117881.2,118029.8,117662.9,117917.9,1488.179,175351530.9568
2025-07-17 13:30:00,117917.9,118475.0,117514.2,118299.8,3559.727,420122644.3273
2025-07-17 14:00:00,118299.8,118766.6,118167.5,118742.1,3449.919,408733759.3232
2025-07-17 14:30:00,118742.1,118863.6,118520.0,118796.3,1508.489,179122001.7571
2025-07-17 15:00:00,118796.3,118929.7,118364.3,118551.9,1933.984,229409435.2518
2025-07-17 15:30:00,118551.9,119145.3,118551.8,118911.2,1925.497,229013608.351
2025-07-17 16:00:00,118911.2,118999.2,118535.0,118595.1,1175.38,139505510.2003
2025-07-17 16:30:00,118595.1,118650.0,118364.0,118595.5,1311.445,155385683.0086
2025-07-17 17:00:00,118595.5,118995.9,118576.8,118750.0,1271.065,151022765.2903
2025-07-17 17:30:00,118750.0,119424.6,118524.5,119313.0,1943.856,231380648.4349
2025-07-17 18:00:00,119313.0,119800.0,119260.2,119740.1,1997.182,238738538.5227
2025-07-17 18:30:00,119740.1,119850.0,119531.4,119639.2,1266.717,151665070.2457
2025-07-17 19:00:00,119639.2,119944.5,119639.1,119714.9,1214.528,145533361.0781
2025-07-17 19:30:00,119714.9,119745.7,118854.8,119000.0,2016.291,240434086.7487
2025-07-17 20:00:00,119000.0,119180.6,118423.5,119074.6,3577.823,425090579.3719
2025-07-17 20:30:00,119074.6,119480.9,119050.8,119480.9,1264.355,150800292.4012
2025-07-17 21:00:00,119480.9,121044.0,119472.0,120943.8,10452.599,1257807675.0271
2025-07-17 21:30:00,120943.8,120971.4,120100.0,120318.0,3961.356,477491919.5721
2025-07-17 22:00:00,120318.0,120764.0,120082.3,120130.1,3592.539,432462988.5208
2025-07-17 22:30:00,120130.1,120389.0,119520.8,119804.9,2174.969,260839800.4332
2025-07-17 23:00:00,119804.9,119922.2,119454.6,119660.3,1964.258,235145464.3532
2025-07-17 23:30:00,119660.3,119711.0,119180.0,119218.7,1534.053,183147691.3039
2025-07-18 00:00:00,119218.7,119634.1,119028.2,119520.4,1607.134,191703988.992
2025-07-18 00:30:00,119520.4,119856.5,119520.0,119782.9,2188.763,261996746.8989
2025-07-18 01:00:00,119782.9,120542.4,119676.7,120210.1,3112.65,374117462.6763
2025-07-18 01:30:00,120210.1,120844.7,120071.9,120400.6,1871.454,225518499.3926
2025-07-18 02:00:00,120400.6,120421.9,119913.2,120262.5,2052.723,246554931.5606
2025-07-18 02:30:00,120262.5,120457.4,120123.4,120140.7,997.703,120036998.8082
2025-07-18 03:00:00,120140.7,120270.0,120000.0,120114.5,908.025,109075717.3667
2025-07-18 03:30:00,120114.5,120537.6,120057.3,120257.9,620.259,74623256.8965
2025-07-18 04:00:00,120257.9,120263.4,119782.5,120129.4,1015.519,121855578.4295
2025-07-18 04:30:00,120129.4,120545.8,120128.1,120460.5,1707.097,205431560.8754
2025-07-18 05:00:00,120460.5,120694.0,120252.0,120602.3,1711.665,206205312.0795
2025-07-18 05:30:00,120602.3,120690.5,120328.3,120640.6,918.946,110769774.88
2025-07-18 06:00:00,120640.6,120896.9,120200.1,120200.1,1375.404,165747574.0291
2025-07-18 06:30:00,120200.1,120528.6,120119.1,120293.9,787.439,94754962.798
2025-07-18 07:00:00,120293.9,120436.4,119681.1,119722.7,1726.194,207157067.7702
2025-07-18 07:30:00,119722.7,119919.3,119355.0,119420.0,2617.274,313076697.535
2025-07-18 08:00:00,119420.0,119534.5,119142.0,119180.7,2214.427,264273289.4304
2025-07-18 08:30:00,119180.7,119180.7,118444.0,118686.0,4109.949,487883290.9401
2025-07-18 09:00:00,118686.0,118938.0,118500.1,118704.1,1522.077,180757194.3712
2025-07-18 09:30:00,118704.1,119040.0,118694.9,118935.7,1472.616,175104739.7217
2025-07-18 10:00:00,118935.7,118980.5,118560.9,118843.8,1333.743,158399673.4699
2025-07-18 10:30:00,118843.8,119310.0,118805.3,119286.7,977.511,116379224.3916
2025-07-18 11:00:00,119286.7,119336.4,118822.9,118945.2,1251.706,149017818.5146
2025-07-18 11:30:00,118945.2,119244.9,118856.8,119222.7,971.368,115679560.2726
2025-07-18 12:00:00,119222.7,119393.6,119181.6,119252.3,674.067,80424976.9632
2025-07-18 12:30:00,119252.3,119574.4,119252.3,119485.8,1253.611,149781346.7999
2025-07-18 13:00:00,119485.8,119494.0,118678.5,118839.1,3527.486,419830156.3634
2025-07-18 13:30:00,118839.1,118947.2,118526.6,118828.2,3572.386,424182193.2427
2025-07-18 14:00:00,118828.2,119322.9,117750.0,117968.8,7447.121,881717969.8397
2025-07-18 14:30:00,117968.8,118409.5,117311.7,118148.8,7463.775,879405140.0768
2025-07-18 15:00:00,118148.8,118294.5,117500.2,117764.4,3422.482,403376540.0097
2025-07-18 15:30:00,117764.4,118040.0,117442.4,117866.2,2268.513,267151698.1385
2025-07-18 16:00:00,117866.2,118078.0,117550.0,117631.5,1200.284,141405020.4678
2025-07-18 16:30:00,117631.5,118037.0,117480.9,117575.2,1672.514,196826481.7744
2025-07-18 17:00:00,117575.2,118019.9,117351.8,117936.7,1536.095,180709241.0579
2025-07-18 17:30:00,117936.7,117986.4,117497.3,117612.1,940.113,110639295.4336
2025-07-18 18:00:00,117612.1,117700.0,117361.9,117699.9,1108.754,130286531.9685
2025-07-18 18:30:00,117699.9,117744.0,117213.5,117323.6,980.866,115181530.1272
2025-07-18 19:00:00,117323.6,117899.0,117133.0,117812.1,2990.731,351402647.0597
2025-07-18 19:30:00,117812.1,117812.2,117307.2,117380.8,1006.705,118303178.6583
2025-07-18 20:00:00,117380.8,117420.9,116924.2,117005.3,2639.455,309165083.4824
2025-07-18 20:30:00,117005.3,117557.0,116822.1,117400.1,3332.575,390407171.9393
2025-07-18 21:00:00,117400.1,117891.3,117356.1,117743.9,1131.999,133247181.4022
2025-07-18 21:30:00,117743.9,117890.7,117596.4,117691.3,426.291,50198195.3601
2025-07-18 22:00:00,117691.3,118000.0,117410.6,117895.4,1160.277,136613217.7109
2025-07-18 22:30:00,117895.4,117954.9,117614.1,117695.9,630.624,74270691.7014
2025-07-18 23:00:00,117695.9,117909.8,117471.2,117848.3,796.497,93738988.735
2025-07-18 23:30:00,117848.3,118017.3,117823.8,117930.1,548.309,64664735.1197
2025-07-19 00:00:00,117930.1,117988.8,117857.2,117968.5,551.544,65040252.4528
2025-07-19 00:30:00,117968.5,118033.4,117724.2,117753.5,761.822,89821715.2299
2025-07-19 01:00:00,117753.5,118032.1,117630.8,117996.2,737.07,86850704.7101
2025-07-19 01:30:00,117996.2,118133.1,117929.9,118056.2,682.043,80503944.1133
2025-07-19 02:00:00,118056.2,118125.4,117952.0,117992.3,514.921,60787636.7338
2025-07-19 02:30:00,117992.3,118323.4,117991.6,118224.0,703.337,83137053.1242
2025-07-19 03:00:00,118224.0,118318.2,118146.9,118274.1,477.265,56428533.1048
2025-07-19 03:30:00,118274.1,118398.5,118211.4,118349.6,467.954,55367629.9422
2025-07-19 04:00:00,118349.6,118379.0,118216.5,118216.6,346.319,40971981.1087
2025-07-19 04:30:00,118216.6,118348.4,118107.3,118159.8,402.142,47533094.5488
2025-07-19 05:00:00,118159.8,118202.9,118030.8,118155.1,513.085,60599325.6528
2025-07-19 05:30:00,118155.1,118299.5,118137.4,118220.5,404.543,47833734.419
2025-07-19 06:00:00,118220.5,118299.0,118076.6,118077.2,245.234,28981687.5944
2025-07-19 06:30:00,118077.2,118205.2,118077.1,118189.7,250.904,29643841.7467
2025-07-19 07:00:00,118189.7,118339.3,118189.6,118295.4,423.523,50088354.9791
2025-07-19 07:30:00,118295.4,118295.4,118160.0,118175.8,458.329,54177930.8021
2025-07-19 08:00:00,118175.8,118289.6,118070.1,118098.5,575.776,68019878.344
2025-07-19 08:30:00,118098.5,118210.9,117935.6,118100.1,716.088,84547429.3039
2025-07-19 09:00:00,118100.1,118270.2,118073.2,118205.7,384.459,45430460.6517
2025-07-19 09:30:00,118205.7,118338.9,118198.1,118241.0,514.802,60889665.1995
2025-07-19 10:00:00,118241.0,118333.4,118176.1,118333.4,261.487,30925937.9803
2025-07-19 10:30:00,118333.4,118523.7,118319.3,118448.5,774.904,91767538.7712
2025-07-19 11:00:00,118448.5,118494.9,118180.0,118489.9,991.068,117323454.289
2025-07-19 11:30:00,118489.9,118490.0,118300.0,118330.4,400.733,47443173.4271
2025-07-19 12:00:00,118330.4,118345.7,118121.0,118217.9,737.041,87158086.7782
2025-07-19 12:30:00,118217.9,118265.3,118100.1,118244.1,634.798,75036265.9073
2025-07-19 13:00:00,118244.1,118295.6,118157.2,118295.6,284.16,33599815.0955
2025-07-19 13:30:00,118295.6,118329.9,118071.3,118200.0,612.757,72426864.0189
2025-07-19 14:00:00,118200.0,118230.8,117825.3,117881.2,1761.318,207920734.6394
2025-07-19 14:30:00,117881.2,118000.3,117612.0,117683.9,1519.949,179054923.5168
2025-07-19 15:00:00,117683.9,118209.9,117664.0,118201.2,1251.361,147695621.5648
2025-07-19 15:30:00,118201.2,118256.1,118029.4,118058.2,476.527,56304592.5348
2025-07-19 16:00:00,118058.2,118177.5,117850.0,118122.1,1094.667,129132986.4607
2025-07-19 16:30:00,118122.1,118186.3,117966.0,117985.6,653.425,77156959.3213
2025-07-19 17:00:00,117985.6,117994.0,117809.1,117839.9,321.187,37874869.7586
2025-07-19 17:30:00,117839.9,117882.5,117737.7,117807.5,326.921,38513100.3221
2025-07-19 18:00:00,117807.5,117985.6,117754.0,117916.6,210.593,24829439.0592
2025-07-19 18:30:00,117916.6,118026.8,117829.8,117857.6,156.622,18473183.7032
2025-07-19 19:00:00,117857.6,117923.1,117580.8,117860.0,752.077,88566642.5448
2025-07-19 19:30:00,117860.0,118164.8,117859.9,118005.8,785.509,92727494.3267
2025-07-19 20:00:00,118005.8,118176.4,117905.4,118023.7,561.31,66256310.2481
2025-07-19 20:30:00,118023.7,118096.5,117700.1,117722.0,625.281,73735675.7526
2025-07-19 21:00:00,117722.0,117848.4,117237.7,117690.0,2138.263,251275549.025
2025-07-19 21:30:00,117690.0,117750.0,117414.9,117699.0,812.397,95510215.7016
2025-07-19 22:00:00,117699.0,117806.5,117519.6,117708.7,889.242,104685566.1498
2025-07-19 22:30:00,117708.7,117854.3,117690.9,117788.0,322.487,37987417.7829
2025-07-19 23:00:00,117788.0,118022.6,117739.2,117794.6,570.32,67229355.6383
2025-07-19 23:30:00,117794.6,117935.0,117794.5,117842.1,321.504,37887153.4856
2025-07-20 00:00:00,117842.1,117879.3,117661.0,117661.0,297.762,35066855.3245
2025-07-20 00:30:00,117661.0,118016.6,117659.3,117953.4,468.438,55208853.0523
2025-07-20 01:00:00,117953.4,118142.9,117897.1,117994.5,731.397,86326056.0724
2025-07-20 01:30:00,117994.5,118055.6,117910.8,117941.0,321.875,37978594.1313
2025-07-20 02:00:00,117941.0,117961.7,117800.0,117815.8,551.789,65036534.4671
2025-07-20 02:30:00,117815.8,118036.1,117781.1,118000.0,342.95,40443760.6169
2025-07-20 03:00:00,118000.0,118123.9,117751.6,117905.5,438.711,51747299.1468
2025-07-20 03:30:00,117905.5,118186.8,117905.4,117975.4,935.606,110461644.9578
2025-07-20 04:00:00,117975.4,118104.9,117906.5,118096.3,303.194,35777411.687
2025-07-20 04:30:00,118096.3,118149.8,117950.0,117967.6,335.137,39562919.6805
2025-07-20 05:00:00,117967.6,117996.9,117814.6,117845.5,223.586,26356364.0245
2025-07-20 05:30:00,117845.5,117938.2,117833.5,117866.5,241.095,28421292.0586
2025-07-20 06:00:00,117866.5,117892.4,117772.4,117847.9,191.194,22526828.6522
2025-07-20 06:30:00,117847.9,117911.9,117821.8,117840.3,156.224,18414201.39
2025-07-20 07:00:00,117840.3,118099.8,117840.2,118090.5,323.437,38158584.2948
2025-07-20 07:30:00,118090.5,118254.4,118015.9,118052.4,905.827,107005332.8865
2025-07-20 08:00:00,118052.4,118312.1,118052.4,118208.0,994.512,117578727.031
2025-07-20 08:30:00,118208.0,118300.0,118155.0,118198.0,703.65,83185068.4378
2025-07-20 09:00:00,118198.0,118328.1,118037.0,118037.0,558.939,66046738.9252
2025-07-20 09:30:00,118037.0,118148.0,117938.4,117953.4,350.255,41354417.7926
2025-07-20 10:00:00,117953.4,118043.2,117926.7,117996.1,516.639,60957472.4004
2025-07-20 10:30:00,117996.1,118037.3,117903.6,117926.0,266.389,31426982.3492
2025-07-20 11:00:00,117926.0,118055.6,117874.9,117900.1,418.282,49331431.8895
2025-07-20 11:30:00,117900.1,118137.6,117860.2,117925.4,879.675,103771054.0619
2025-07-20 12:00:00,117925.4,118080.0,117745.4,117871.2,921.085,108607320.1998
2025-07-20 12:30:00,117871.2,118254.2,117837.3,118118.2,776.927,91707087.7508
2025-07-20 13:00:00,118118.2,118231.9,118111.4,118154.2,1003.523,118577443.0184
2025-07-20 13:30:00,118154.2,118440.0,118099.5,118423.3,1066.665,126161930.6631
2025-07-20 14:00:00,118423.3,118916.0,118303.1,118675.3,3796.247,450252922.7992
2025-07-20 14:30:00,118675.3,118822.0,118415.2,118482.7,957.628,113576241.0878
2025-07-20 15:00:00,118482.7,118749.7,118348.7,118749.7,1150.041,136303060.349
2025-07-20 15:30:00,118749.7,118800.0,118603.2,118722.6,1131.808,134380955.7179
2025-07-20 16:00:00,118722.6,118931.0,118500.0,118699.5,1666.502,197863932.256
2025-07-20 16:30:00,118699.5,118869.6,118553.9,118599.3,622.458,73895537.2808
2025-07-20 17:00:00,118599.3,118599.3,118201.8,118375.8,1452.17,171884544.158
2025-07-20 17:30:00,118375.8,118484.7,118000.0,118058.1,2066.659,244218150.505
2025-07-20 18:00:00,118058.1,118263.2,118058.1,118244.0,533.212,63017673.6282
2025-07-20 18:30:00,118244.0,118487.5,118127.2,118405.5,610.574,72257300.0548
2025-07-20 19:00:00,118405.5,118632.5,118405.5,118582.9,544.077,64486105.466
2025-07-20 19:30:00,118582.9,118582.9,118196.9,118197.0,260.698,30863874.7996
2025-07-20 20:00:00,118197.0,118255.0,117890.1,118126.8,1351.423,159540517.5565
2025-07-20 20:30:00,118126.8,118301.9,118094.7,118118.0,692.332,81833508.4357
2025-07-20 21:00:00,118118.0,118147.4,117868.1,118128.4,909.393,107314241.1486
2025-07-20 21:30:00,118128.4,118189.5,117938.1,118036.7,315.744,37280868.3813
2025-07-20 22:00:00,118036.7,118077.8,116455.6,117300.0,8206.097,960646826.5254
2025-07-20 22:30:00,117300.0,117700.0,117150.2,117514.7,2498.667,293574109.4658
2025-07-20 23:00:00,117514.7,117592.2,117206.0,117256.6,1151.016,135101717.6823
2025-07-20 23:30:00,117256.6,117430.9,116978.3,117290.4,1004.766,117772495.954
2025-07-21 00:00:00,117290.4,117321.3,116550.0,116934.5,1861.671,217586081.6866
2025-07-21 00:30:00,116934.5,117396.0,116760.3,117387.0,1662.831,194726632.1868
2025-07-21 01:00:00,117387.0,117483.3,117070.0,117160.4,933.329,109471352.2915
2025-07-21 01:30:00,117160.4,117340.0,116801.3,117329.6,1697.161,198545957.1145
2025-07-21 02:00:00,117329.6,118148.9,117329.5,118054.8,2027.105,238845787.1955
2025-07-21 02:30:00,118054.8,118202.1,117796.2,118202.1,827.846,97676740.6325
2025-07-21 03:00:00,118202.1,118591.6,118151.1,118526.1,2564.382,303645871.6598
2025-07-21 03:30:00,118526.1,118649.8,118277.2,118429.2,1362.251,161423358.5176
2025-07-21 04:00:00,118429.2,118704.5,118311.0,118470.0,933.346,110598399.385
2025-07-21 04:30:00,118470.0,118671.2,118353.5,118367.4,461.64,54716679.0826
2025-07-21 05:00:00,118367.4,118420.0,118200.0,118238.9,483.954,57256958.8874
2025-07-21 05:30:00,118238.9,118460.7,118238.9,118451.5,372.174,44049860.2519
2025-07-21 06:00:00,118451.5,118888.0,118300.1,118887.5,1992.604,236467037.3738
2025-07-21 06:30:00,118887.5,119295.0,118887.5,119213.0,2747.604,327211706.0036
2025-07-21 07:00:00,119213.0,119691.6,119200.0,119661.5,2313.581,276330066.7714
2025-07-21 07:30:00,119661.5,119750.0,119332.0,119420.0,1565.396,187059658.2611
2025-07-21 08:00:00,119420.0,119548.0,119236.0,119309.9,942.992,112596973.3911
2025-07-21 08:30:00,119309.9,119399.8,118910.8,119059.6,1973.107,234961498.3414
2025-07-21 09:00:00,119059.6,119142.7,118812.2,118843.1,959.457,114131261.9485
2025-07-21 09:30:00,118843.1,118889.4,118593.1,118742.4,1272.936,151122004.8321
2025-07-21 10:00:00,118742.4,118862.8,118550.0,118572.1,635.003,75392880.372
2025-07-21 10:30:00,118572.1,118661.5,118384.0,118616.1,953.865,113076779.2473
2025-07-21 11:00:00,118616.1,118860.1,118556.8,118667.9,1090.002,129386067.5594
2025-07-21 11:30:00,118667.9,118690.6,118108.9,118118.7,1723.516,203973099.1235
2025-07-21 12:00:00,118118.7,118646.2,117809.4,118498.2,2796.968,330605202.8223
2025-07-21 12:30:00,118498.2,118585.4,118165.3,118225.7,1296.155,153351312.809
2025-07-21 13:00:00,118225.7,118387.7,117926.0,118350.4,1371.524,162045591.3571
2025-07-21 13:30:00,118350.4,119176.9,118302.4,118894.2,3539.038,420515769.9769
2025-07-21 14:00:00,118894.2,119159.7,118478.0,118969.6,2448.801,291029132.2344
2025-07-21 14:30:00,118969.6,119300.0,118767.1,118875.8,1876.886,223426092.4405
2025-07-21 15:00:00,118875.8,119180.0,118708.5,118750.0,1656.785,197033104.6208
2025-07-21 15:30:00,118750.0,118786.3,118250.0,118377.8,2134.053,252943007.4748
2025-07-21 16:00:00,118377.8,118459.4,117543.2,117965.8,5720.342,674518789.7773
2025-07-21 16:30:00,117965.8,118171.0,117709.2,117800.0,1670.093,196942897.7471
2025-07-21 17:00:00,117800.0,118150.0,117643.1,117643.1,1615.308,190463478.5669
2025-07-21 17:30:00,117643.1,117944.3,117380.0,117899.6,2701.007,317611410.9412
2025-07-21 18:00:00,117899.6,118239.3,117882.4,118040.0,3112.587,367385961.1193
2025-07-21 18:30:00,118040.0,118066.0,117121.0,117189.1,2547.608,299157082.7382
2025-07-21 19:00:00,117189.1,117561.9,117012.5,117113.3,2100.514,246369887.2328
2025-07-21 19:30:00,117113.3,117113.3,116677.4,116796.9,3217.634,376058603.013
2025-07-21 20:00:00,116796.9,117148.8,116652.0,117098.0,1432.214,167486993.3936
2025-07-21 20:30:00,117098.0,117280.0,116923.7,116949.7,1666.106,195112551.1473
2025-07-21 21:00:00,116949.7,117270.0,116876.7,117246.2,778.172,91123443.945
2025-07-21 21:30:00,117246.2,117393.6,117139.7,117232.3,657.604,77119826.269
2025-07-21 22:00:00,117232.3,117448.7,117134.4,117437.3,538.466,63161116.6057
2025-07-21 22:30:00,117437.3,117669.6,117370.3,117373.9,756.044,88879855.8676
2025-07-21 23:00:00,117373.9,117401.1,117135.5,117366.1,865.236,101455005.9788
2025-07-21 23:30:00,117366.1,117537.2,117302.4,117393.0,625.731,73486633.9655
2025-07-22 00:00:00,117393.0,117571.7,117274.7,117544.3,581.105,68253735.2729
2025-07-22 00:30:00,117544.3,117544.4,117055.0,117138.4,1015.145,118985401.0251
2025-07-22 01:00:00,117138.4,117280.0,116123.0,117279.5,5752.261,671108909.0793
2025-07-22 01:30:00,117279.5,117988.0,117150.0,117777.0,3556.922,418394309.2955
2025-07-22 02:00:00,117777.0,117849.4,117417.0,117576.4,1270.037,149366042.834
2025-07-22 02:30:00,117576.4,117715.2,116978.5,117055.9,2068.878,242602624.378
2025-07-22 03:00:00,117055.9,117278.4,116714.3,117153.7,1540.301,180222091.3155
2025-07-22 03:30:00,117153.7,117285.8,116813.5,117235.1,980.92,114847897.1181
2025-07-22 04:00:00,117235.1,117315.7,116880.9,117019.6,697.158,81622621.8915
2025-07-22 04:30:00,117019.6,117384.7,116562.6,116564.4,1835.248,214596112.2466
2025-07-22 05:00:00,116564.4,117383.8,116563.5,117189.1,2169.362,253931017.0126
2025-07-22 05:30:00,117189.1,117372.9,116952.0,117370.1,1392.568,163224559.6357
2025-07-22 06:00:00,117370.1,117758.4,117291.8,117743.8,1371.997,161277963.5383
2025-07-22 06:30:00,117743.8,117858.0,117508.0,117857.9,1502.678,176848664.9824
2025-07-22 07:00:00,117857.9,118620.1,117791.4,118600.1,3658.796,432549682.5346
2025-07-22 07:30:00,118600.1,118610.1,117847.9,118027.4,1913.238,226127497.118
2025-07-22 08:00:00,118027.4,118027.4,117517.7,117743.0,2403.503,283028465.1725
2025-07-22 08:30:00,117743.0,118383.1,117715.6,118330.0,1433.245,169319235.1145
2025-07-22 09:00:00,118330.0,118330.0,117892.6,118235.6,1022.665,120786007.5461
2025-07-22 09:30:00,118235.6,118703.0,118235.6,118408.6,1550.019,183670006.6842
2025-07-22 10:00:00,118408.6,118585.9,118323.2,118565.5,1108.391,131315229.6951
2025-07-22 10:30:00,118565.5,119019.0,118565.5,119004.0,2019.429,239931564.4415
2025-07-22 11:00:00,119004.0,119159.4,118821.6,119100.0,1705.027,202925926.6824
2025-07-22 11:30:00,119100.0,119250.0,118934.2,119199.1,1155.757,137665899.3555
2025-07-22 12:00:00,119199.1,119460.3,119124.4,119289.6,1626.911,194051370.3841
2025-07-22 12:30:00,119289.6,119479.4,119090.0,119344.9,1978.283,236058041.4794
2025-07-22 13:00:00,119344.9,119532.2,119151.7,119258.7,1682.871,200880467.5331
2025-07-22 13:30:00,119258.7,119649.9,118093.0,118200.1,6105.285,725476434.7056
2025-07-22 14:00:00,118200.1,118614.7,117601.2,118482.8,5236.897,618675398.1599
2025-07-22 14:30:00,118482.8,119186.8,118358.8,119111.9,2346.039,278740218.1467
2025-07-22 15:00:00,119111.9,119237.5,118852.5,118934.8,2063.26,245699867.8174
2025-07-22 15:30:00,118934.8,119235.5,118755.2,118962.1,1416.59,168551130.5962
2025-07-22 16:00:00,118962.1,119439.7,118800.0,119100.0,2312.397,275684935.2219
2025-07-22 16:30:00,119100.0,119190.1,118674.9,118746.1,1162.848,138224852.7782
2025-07-22 17:00:00,118746.1,118885.0,118451.8,118770.1,1161.368,137809933.485
2025-07-22 17:30:00,118770.1,119288.0,118727.4,119260.1,1906.164,226988996.8258
2025-07-22 18:00:00,119260.1,119584.2,119115.4,119471.8,2275.75,271711312.1674
2025-07-22 18:30:00,119471.8,120297.1,119240.0,119816.5,4162.608,498928983.2155
2025-07-22 19:00:00,119816.5,119991.0,119424.0,119701.9,1731.968,207401438.3474
2025-07-22 19:30:00,119701.9,119710.0,119150.0,119333.3,1336.78,159561102.2058
2025-07-22 20:00:00,119333.3,119904.7,119255.0,119849.9,1816.011,217304081.6464
2025-07-22 20:30:00,119849.9,119996.2,119621.1,119761.5,1162.097,139228664.5265
2025-07-22 21:00:00,119761.5,119836.8,119582.8,119582.8,629.157,75292546.5039
2025-07-22 21:30:00,119582.8,119645.6,119465.2,119465.2,388.996,46511728.2574
2025-07-22 22:00:00,119465.2,119988.7,119465.2,119895.1,758.071,90785989.3408
2025-07-22 22:30:00,119895.1,120100.0,119859.3,119916.0,834.053,100069831.2934
2025-07-22 23:00:00,119916.0,120321.0,119898.4,120213.5,1175.572,141317013.6151
2025-07-22 23:30:00,120213.5,120213.5,119916.8,120043.6,953.976,114541575.8483
2025-07-23 00:00:00,120043.6,120194.7,119706.0,119749.9,1404.971,168521861.2733
2025-07-23 00:30:00,119749.9,120043.5,119600.0,119659.7,745.421,89276695.1005
2025-07-23 01:00:00,119659.7,119708.0,119485.7,119560.1,882.819,105567570.6841
2025-07-23 01:30:00,119560.1,119776.8,119519.1,119578.8,594.716,71156996.4391
2025-07-23 02:00:00,119578.8,119623.7,119161.9,119396.7,1720.108,205271243.6527
2025-07-23 02:30:00,119396.7,119445.7,119055.9,119154.8,1051.056,125293634.3251
2025-07-23 03:00:00,119154.8,119178.9,118912.5,119016.6,950.689,113145442.8083
2025-07-23 03:30:00,119016.6,119029.0,118582.4,118675.1,1788.478,212372813.8404
2025-07-23 04:00:00,118675.1,118968.9,118623.0,118874.6,1602.429,190317718.3601
2025-07-23 04:30:00,118874.6,119027.0,118778.3,119026.9,662.407,78756379.0033
2025-07-23 05:00:00,119026.9,119055.7,118769.6,118806.3,650.993,77399641.0598
2025-07-23 05:30:00,118806.3,118900.4,118658.0,118682.0,823.753,97818777.3285
2025-07-23 06:00:00,118682.0,118769.3,118463.2,118655.2,1025.372,121580303.649
2025-07-23 06:30:00,118655.2,118723.6,118363.2,118474.1,1080.175,128021264.1864
2025-07-23 07:00:00,118474.1,118647.0,118382.8,118585.7,854.035,101227117.0935
2025-07-23 07:30:00,118585.7,118630.0,118311.9,118398.9,846.784,100299472.5362
2025-07-23 08:00:00,118398.9,118601.5,118255.6,118407.2,1190.367,141003367.9247
2025-07-23 08:30:00,118407.2,118489.3,118280.0,118458.6,863.498,102195925.4195
2025-07-23 09:00:00,118458.6,118517.6,118004.6,118007.8,1803.412,213169017.002
2025-07-23 09:30:00,118007.8,118211.2,117930.2,118065.1,1844.324,217781918.7829
2025-07-23 10:00:00,118065.1,118316.4,117850.0,118285.2,2523.236,297873450.7478
2025-07-23 10:30:00,118285.2,118418.9,118204.4,118400.1,1135.768,134384415.2464
2025-07-23 11:00:00,118400.1,118661.6,118172.9,118616.7,2045.177,242224022.7212
2025-07-23 11:30:00,118616.7,118649.0,118513.0,118558.0,929.865,110261617.1462
2025-07-23 12:00:00,118558.0,118675.0,118450.0,118566.9,822.078,97474498.0305
2025-07-23 12:30:00,118566.9,118629.9,117828.4,118011.1,3661.229,432392510.815
2025-07-23 13:00:00,118011.1,118236.9,117705.0,118081.8,3248.247,383292512.385
2025-07-23 13:30:00,118081.8,118081.8,117322.0,117366.8,4741.793,557718760.8064
2025-07-23 14:00:00,117366.8,118100.0,117300.0,118012.0,3300.718,388789921.7466
2025-07-23 14:30:00,118012.0,118220.8,117804.2,118218.8,1837.37,216737545.2273
2025-07-23 15:00:00,118218.8,118287.3,117808.2,118100.0,1435.131,169418806.1149
2025-07-23 15:30:00,118100.0,118748.6,118041.8,118589.2,2118.706,250828113.8823
2025-07-23 16:00:00,118589.2,118589.2,117632.7,117883.9,2976.165,351384997.2414
2025-07-23 16:30:00,117883.9,117926.1,117560.3,117721.1,1615.02,190096459.2734
2025-07-23 17:00:00,117721.1,117910.0,117309.4,117642.7,2998.943,352577066.1728
2025-07-23 17:30:00,117642.7,118134.8,117430.0,118134.6,1615.206,190315987.9573
2025-07-23 18:00:00,118134.6,118314.2,117986.6,118186.7,1228.692,145197913.1235
2025-07-23 18:30:00,118186.7,118408.5,118127.3,118404.2,703.541,83226678.2249
2025-07-23 19:00:00,118404.2,118466.7,118212.0,118359.6,1157.033,136960405.1855
2025-07-23 19:30:00,118359.6,118480.7,118225.9,118397.8,537.465,63597911.7438
2025-07-23 20:00:00,118397.8,118500.0,117981.5,118043.3,1900.386,224678674.4365
2025-07-23 20:30:00,118043.3,118082.3,117550.0,117898.7,2695.07,317563160.9307
2025-07-23 21:00:00,117898.7,118102.7,117405.3,117545.7,1459.965,171827898.6463
2025-07-23 21:30:00,117545.7,118187.0,117357.7,118187.0,1206.929,142169892.2093
2025-07-23 22:00:00,118187.0,118640.0,117927.0,118604.1,1379.156,163208319.5151
2025-07-23 22:30:00,118604.1,118644.7,118481.0,118560.0,934.471,110800893.6963
2025-07-23 23:00:00,118560.0,118708.7,118505.6,118632.7,795.545,94384425.8676
2025-07-23 23:30:00,118632.7,118771.5,118424.0,118743.4,892.296,105815665.8186
2025-07-24 00:00:00,118743.4,119144.2,118554.0,119014.9,1771.614,210552191.3628
2025-07-24 00:30:00,119014.9,119130.0,118874.7,119055.0,1022.5,121718051.5079
2025-07-24 01:00:00,119055.0,119069.3,118844.0,118963.8,669.233,79617333.969
2025-07-24 01:30:00,118963.8,119118.0,118777.4,119096.4,836.899,99582768.5589
2025-07-24 02:00:00,119096.4,119096.5,118811.6,118861.8,813.631,96775938.4378
2025-07-24 02:30:00,118861.8,119089.8,118861.7,118963.1,394.23,46903281.2537
2025-07-24 03:00:00,118963.1,119259.0,118901.9,119258.9,1309.83,155960901.9856
2025-07-24 03:30:00,119258.9,119279.7,118479.5,118513.1,1867.671,221930682.0713
2025-07-24 04:00:00,118513.1,118571.3,118181.4,118290.9,1770.173,209560013.0902
2025-07-24 04:30:00,118290.9,118334.0,117813.3,117935.3,1680.376,198292677.6683
2025-07-24 05:00:00,117935.3,117976.4,117480.7,117582.9,2515.572,295987990.4363
2025-07-24 05:30:00,117582.9,117888.5,117453.2,117582.2,1573.966,185213335.3907
2025-07-24 06:00:00,117582.2,117841.1,117469.8,117780.0,1052.703,123874712.793
2025-07-24 06:30:00,117780.0,117843.1,117341.8,117435.3,1942.864,228253329.8597
2025-07-24 07:00:00,117435.3,118142.9,117050.1,118116.6,5020.782,590918995.7808
2025-07-24 07:30:00,118116.6,118484.3,117918.2,118398.0,1557.691,184150550.1829
2025-07-24 08:00:00,118398.0,118800.0,118208.8,118625.4,2110.867,250259484.8528
2025-07-24 08:30:00,118625.4,118800.3,118550.0,118773.0,1052.521,124949154.8614
2025-07-24 09:00:00,118773.0,118821.0,118476.8,118610.0,1044.507,123937576.9425
2025-07-24 09:30:00,118610.0,118678.8,118294.6,118494.9,1350.328,159943999.6977
2025-07-24 10:00:00,118494.9,118652.1,118118.7,118118.8,1218.197,144173241.9683
2025-07-24 10:30:00,118118.8,118418.8,117944.8,118389.3,2493.179,294538979.8724
2025-07-24 11:00:00,118389.3,118750.0,118321.0,118627.1,1974.818,234165497.9898
2025-07-24 11:30:00,118627.1,118740.0,118584.0,118613.5,972.144,115351963.0106
2025-07-24 12:00:00,118613.5,118745.0,118289.6,118583.4,1490.599,176650630.7464
2025-07-24 12:30:00,118583.4,118606.6,118276.6,118519.1,805.033,95367538.4356
2025-07-24 13:00:00,118519.1,118716.1,118460.0,118678.4,824.494,97811210.2387
2025-07-24 13:30:00,118678.4,118710.0,118200.0,118204.6,1560.53,184901053.1665
2025-07-24 14:00:00,118204.6,118473.7,117815.8,118131.0,2141.626,252915384.0266
2025-07-24 14:30:00,118131.0,119154.1,118119.5,119050.1,3193.563,379187987.919
2025-07-24 15:00:00,119050.1,119492.9,118900.7,119020.1,3960.557,472158730.0288
2025-07-24 15:30:00,119020.1,119130.6,118616.8,119121.2,2294.327,272719512.8851
2025-07-24 16:00:00,119121.2,119222.0,118682.4,118691.7,2145.218,255143219.2094
2025-07-24 16:30:00,118691.7,118843.3,118360.0,118544.5,1588.89,188321703.3629
2025-07-24 17:00:00,118544.5,119169.0,118489.0,119015.0,1072.579,127534365.565
2025-07-24 17:30:00,119015.0,119333.0,119015.0,119140.0,852.0,101551774.597
2025-07-24 18:00:00,119140.0,119427.2,119012.7,119317.0,1004.096,119749295.8557
2025-07-24 18:30:00,119317.0,119347.4,118967.5,119052.6,969.082,115403176.428
2025-07-24 19:00:00,119052.6,119364.2,119052.5,119164.2,977.108,116479253.9685
2025-07-24 19:30:00,119164.2,119179.8,118880.1,118953.7,757.483,90154918.3477
2025-07-24 20:00:00,118953.7,119004.3,118784.2,118903.7,1299.565,154464249.6415
2025-07-24 20:30:00,118903.7,118907.1,118708.8,118719.9,388.758,46189126.2028
2025-07-24 21:00:00,118719.9,118788.3,118536.2,118536.3,514.054,60992563.2942
2025-07-24 21:30:00,118536.3,118635.8,118487.0,118530.0,408.232,48398375.9552
2025-07-24 22:00:00,118530.0,118632.9,118364.2,118465.0,682.033,80819806.5469
2025-07-24 22:30:00,118465.0,118465.0,118169.9,118271.2,612.85,72512397.3252
2025-07-24 23:00:00,118271.2,118449.9,118173.8,118227.9,799.07,94540578.056
2025-07-24 23:30:00,118227.9,118386.2,118150.4,118328.0,588.027,69549409.8353
2025-07-25 00:00:00,118328.0,118440.3,117926.3,117951.3,1851.613,218654243.3833
2025-07-25 00:30:00,117951.3,117989.1,117633.3,117648.5,2353.53,277155378.0542
2025-07-25 01:00:00,117648.5,117775.4,117310.0,117417.5,1879.86,220897319.2005
2025-07-25 01:30:00,117417.5,117690.7,117176.7,117337.5,2825.733,331679513.7665
2025-07-25 02:00:00,117337.5,117369.9,117100.0,117108.0,1655.297,193989134.475
2025-07-25 02:30:00,117108.0,117128.0,116300.1,116314.0,5815.481,678747004.8594
2025-07-25 03:00:00,116314.0,116398.0,115800.0,116000.1,7159.988,831293197.718
2025-07-25 03:30:00,116000.1,116000.1,115297.7,115400.1,7209.17,832630602.6939
2025-07-25 04:00:00,115400.1,115569.1,115090.0,115314.6,4650.247,535974757.6672
2025-07-25 04:30:00,115314.6,116107.2,115307.9,116055.5,5157.896,597360941.6203
2025-07-25 05:00:00,116055.5,116055.6,115170.8,115582.0,3915.52,452806332.0774
2025-07-25 05:30:00,115582.0,115644.9,115400.0,115514.0,1472.344,170061601.7934
2025-07-25 06:00:00,115514.0,115515.0,115230.8,115292.9,1476.034,170262030.7548
2025-07-25 06:30:00,115292.9,115476.7,115173.5,115287.5,1190.656,137303728.3124
2025-07-25 07:00:00,115287.5,115989.8,114923.7,115550.0,4945.722,570638766.0277
2025-07-25 07:30:00,115550.0,115617.9,114710.0,115329.5,4651.55,535200362.8281
2025-07-25 08:00:00,115329.5,116000.0,115266.6,115770.0,3323.557,384409784.843
2025-07-25 08:30:00,115770.0,115790.1,115057.4,115232.9,2706.22,312134526.772
2025-07-25 09:00:00,115232.9,115823.5,115045.6,115815.6,2261.96,260963856.8488
2025-07-25 09:30:00,115815.6,116067.7,115482.0,116062.0,2241.885,259627183.7145
2025-07-25 10:00:00,116062.0,116367.0,116004.9,116139.7,2655.285,308545101.8833
2025-07-25 10:30:00,116139.7,116537.6,116139.7,116311.6,2215.423,257836630.0064
2025-07-25 11:00:00,116311.6,116780.0,116311.6,116700.4,2014.754,234930810.525
2025-07-25 11:30:00,116700.4,116793.1,116474.4,116544.9,1433.918,167191320.7432
2025-07-25 12:00:00,116544.9,116675.8,116226.0,116269.9,1637.979,190692764.9479
2025-07-25 12:30:00,116269.9,116473.7,115947.5,116102.3,3688.911,428599183.0503
2025-07-25 13:00:00,116102.3,116147.0,115921.7,116112.5,938.047,108878146.1406
2025-07-25 13:30:00,116112.5,116615.3,115572.0,116247.9,4563.638,529303933.0421
2025-07-25 14:00:00,116247.9,116323.6,115348.2,115605.4,3465.006,400937139.4317
2025-07-25 14:30:00,115605.4,115689.5,114905.0,114978.3,3863.871,445146419.549
2025-07-25 15:00:00,114978.3,115687.3,114914.1,115533.2,2502.736,288693292.0114
2025-07-25 15:30:00,115533.2,115866.1,115243.6,115734.4,1462.312,168956887.8067
2025-07-25 16:00:00,115734.4,115939.7,115455.5,115784.1,1546.642,179023492.1415
2025-07-25 16:30:00,115784.1,116222.0,115560.1,116187.0,1681.002,194966867.4102
2025-07-25 17:00:00,116187.0,116368.3,115950.0,116114.2,1538.451,178771168.5743
2025-07-25 17:30:00,116114.2,116229.9,115854.6,116029.1,806.412,93617659.2621
2025-07-25 18:00:00,116029.1,116490.6,116029.0,116392.1,1505.997,175186841.2011
2025-07-25 18:30:00,116392.1,116594.2,116318.4,116493.9,951.8,110860979.8044
2025-07-25 19:00:00,116493.9,116783.1,116410.0,116620.8,1589.737,185400544.041
2025-07-25 19:30:00,116620.8,117014.7,116615.1,116679.5,2385.58,278775663.2134
2025-07-25 20:00:00,116679.5,116834.7,116572.8,116737.1,1100.244,128395173.5011
2025-07-25 20:30:00,116737.1,117326.7,116727.9,117067.5,3305.676,387105873.7036
2025-07-25 21:00:00,117067.5,117391.0,117056.2,117280.2,1393.048,163321219.0069
2025-07-25 21:30:00,117280.2,117280.3,116959.7,117226.6,866.721,101526793.9016
2025-07-25 22:00:00,117226.6,117275.7,117119.5,117265.6,568.341,66608555.0307
2025-07-25 22:30:00,117265.6,117374.9,117199.9,117289.7,698.072,81872030.4594
2025-07-25 23:00:00,117289.7,117378.6,117192.3,117297.3,838.359,98338844.4194
2025-07-25 23:30:00,117297.3,117642.8,117297.2,117616.3,1250.54,146939550.0456
2025-07-26 00:00:00,117616.3,117616.4,117326.8,117554.9,773.699,90880758.9074
2025-07-26 00:30:00,117554.9,117623.2,117342.9,117500.0,444.549,52229373.9623
2025-07-26 01:00:00,117500.0,117564.8,117385.0,117407.1,440.225,51712687.8898
2025-07-26 01:30:00,117407.1,117449.6,117150.0,117156.0,800.117,93841837.6444
2025-07-26 02:00:00,117156.0,117586.0,117155.9,117586.0,694.772,81572820.8686
2025-07-26 02:30:00,117586.0,117750.0,117466.7,117466.7,1180.131,138791179.1748
2025-07-26 03:00:00,117466.7,117610.6,117444.8,117444.8,383.728,45102495.506
2025-07-26 03:30:00,117444.8,117570.9,117444.8,117469.2,239.73,28173188.7596
2025-07-26 04:00:00,117469.2,117541.1,117418.0,117475.1,291.318,34224729.6995
2025-07-26 04:30:00,117475.1,117514.3,117376.9,117487.2,334.627,39300628.3217
2025-07-26 05:00:00,117487.2,117542.7,117400.8,117542.6,310.539,36473048.4376
2025-07-26 05:30:00,117542.6,117542.7,117435.4,117435.4,247.096,29029517.6956
2025-07-26 06:00:00,117435.4,117454.6,117307.9,117334.4,441.667,51832083.5412
2025-07-26 06:30:00,117334.4,117418.7,117322.9,117323.5,463.767,54431299.9205
2025-07-26 07:00:00,117323.5,117370.9,117308.2,117344.0,282.234,33115513.1469
2025-07-26 07:30:00,117344.0,117375.8,117313.3,117322.8,357.608,41964061.256
2025-07-26 08:00:00,117322.8,117486.0,117322.8,117485.9,373.104,43800972.5181
2025-07-26 08:30:00,117485.9,117613.2,117443.5,117547.9,475.356,55869733.8445
2025-07-26 09:00:00,117547.9,117618.4,117449.3,117449.3,342.858,40295037.9097
2025-07-26 09:30:00,117449.3,117571.1,117435.6,117571.0,205.466,24146421.416
2025-07-26 10:00:00,117571.0,117829.2,117507.7,117755.1,812.593,95612402.3396
2025-07-26 10:30:00,117755.1,118252.1,117751.4,117966.4,2878.725,339712866.8856
2025-07-26 11:00:00,117966.4,118060.0,117852.3,117924.3,897.555,105884751.3524
2025-07-26 11:30:00,117924.3,117991.5,117746.1,117755.6,638.3,75224725.4972
2025-07-26 12:00:00,117755.6,118000.0,117745.0,117950.5,843.611,99448381.7179
2025-07-26 12:30:00,117950.5,117961.8,117890.7,117892.8,331.679,39110533.7194
2025-07-26 13:00:00,117892.8,118226.2,117828.9,118077.2,1770.506,209081988.4813
2025-07-26 13:30:00,118077.2,118218.1,118077.2,118121.0,531.158,62760518.4105
2025-07-26 14:00:00,118121.0,118209.8,117990.2,118001.1,453.744,53595883.5642
2025-07-26 14:30:00,118001.1,118155.5,117950.0,118060.0,582.165,68732957.7465
2025-07-26 15:00:00,118060.0,118129.7,117823.7,117874.0,652.632,76965011.6851
2025-07-26 15:30:00,117874.0,118165.2,117855.0,118141.5,463.476,54710530.859
2025-07-26 16:00:00,118141.5,118199.9,118011.2,118175.2,691.405,81663316.8814
2025-07-26 16:30:00,118175.2,118244.4,117998.7,118085.4,633.147,74788940.6005
2025-07-26 17:00:00,118085.4,118104.0,118018.0,118055.1,192.858,22767284.8031
2025-07-26 17:30:00,118055.1,118072.8,117986.4,118024.6,197.344,23290435.2824
2025-07-26 18:00:00,118024.6,118073.5,117940.3,118048.8,242.714,28641702.1455
2025-07-26 18:30:00,118048.8,118119.5,118005.0,118090.3,311.258,36747529.0143
2025-07-26 19:00:00,118090.3,118126.3,118046.9,118097.6,211.933,25025827.1549
2025-07-26 19:30:00,118097.6,118333.4,118075.7,118235.2,634.39,75007694.3844
2025-07-26 20:00:00,118235.2,118235.3,117957.2,117957.2,315.289,37232489.4029
2025-07-26 20:30:00,117957.2,118041.1,117883.0,117935.1,586.853,69213788.798
2025-07-26 21:00:00,117935.1,118001.4,117873.6,117946.0,314.723,37116002.5199
2025-07-26 21:30:00,117946.0,118067.4,117887.4,118020.9,237.509,28020896.1177
2025-07-26 22:00:00,118020.9,118281.5,117981.7,118055.6,675.321,79790672.8997
2025-07-26 22:30:00,118055.6,118115.0,117957.7,117985.5,401.079,47334426.6837
2025-07-26 23:00:00,117985.5,118033.3,117900.0,117914.1,213.911,25234543.1636
2025-07-26 23:30:00,117914.1,117955.2,117857.5,117898.8,432.541,50992568.5594
2025-07-27 00:00:00,117898.8,117950.0,117807.6,117824.5,350.786,41350465.0655
2025-07-27 00:30:00,117824.5,117944.2,117813.0,117938.9,228.603,26944233.3349
2025-07-27 01:00:00,117938.9,118148.0,117888.1,118132.0,535.899,63257936.078
2025-07-27 01:30:00,118132.0,118188.0,118041.2,118076.0,311.111,36743989.0258
2025-07-27 02:00:00,118076.0,118268.8,117995.2,118150.0,653.587,77235282.2687
2025-07-27 02:30:00,118150.0,118425.6,118091.1,118322.0,1149.46,135966435.8611
2025-07-27 03:00:00,118322.0,118327.8,118084.2,118188.6,734.559,86807814.7795
2025-07-27 03:30:00,118188.6,118278.3,118174.7,118174.7,193.507,22876171.4302
2025-07-27 04:00:00,118174.7,118268.7,118130.4,118263.6,260.945,30844249.7662
2025-07-27 04:30:00,118263.6,118263.6,118158.0,118220.7,214.782,25390028.7572
2025-07-27 05:00:00,118220.7,118299.3,118154.1,118258.6,259.135,30634371.4177
2025-07-27 05:30:00,118258.6,118303.7,118196.0,118289.3,292.634,34606915.8488
2025-07-27 06:00:00,118289.3,118321.0,118191.6,118270.3,394.342,46637747.6969
2025-07-27 06:30:00,118270.3,118443.7,118230.0,118261.2,549.055,64968211.5665
2025-07-27 07:00:00,118261.2,118261.3,118101.0,118140.0,421.81,49845874.7289
2025-07-27 07:30:00,118140.0,118188.8,118055.3,118117.0,497.609,58779364.1936
2025-07-27 08:00:00,118117.0,118142.4,117981.6,118012.2,443.256,52332388.0358
2025-07-27 08:30:00,118012.2,118069.7,117956.1,117956.1,310.105,36591208.0814
2025-07-27 09:00:00,117956.1,118018.0,117870.8,117892.0,408.851,48222810.4232
2025-07-27 09:30:00,117892.0,117948.1,117850.1,117939.9,470.501,55469342.3658
2025-07-27 10:00:00,117939.9,118200.0,117939.9,118134.9,639.41,75511680.9872
2025-07-27 10:30:00,118134.9,118297.7,118108.7,118184.1,700.196,82774113.4374
2025-07-27 11:00:00,118184.1,118261.2,118161.4,118194.3,371.36,43899057.7098
2025-07-27 11:30:00,118194.3,118237.0,118034.5,118070.3,455.131,53751787.5372
2025-07-27 12:00:00,118070.3,118115.6,117942.3,117970.9,375.912,44371098.8626
2025-07-27 12:30:00,117970.9,118112.1,117876.8,118089.2,522.831,61675505.6362
2025-07-27 13:00:00,118089.2,118219.9,118077.0,118180.4,417.885,49376840.1283
2025-07-27 13:30:00,118180.4,118217.8,118088.1,118205.9,290.955,34377047.6262
2025-07-27 14:00:00,118205.9,118440.0,118140.8,118421.4,1075.819,127309081.9634
2025-07-27 14:30:00,118421.4,118498.0,118175.0,118416.9,976.167,115558294.9086
2025-07-27 15:00:00,118416.9,118640.3,118218.1,118478.1,1765.79,209178223.5239
2025-07-27 15:30:00,118478.1,118599.1,118266.0,118586.8,483.957,57326931.312
2025-07-27 16:00:00,118586.8,119400.0,118586.7,119388.3,4577.073,544906255.4782
2025-07-27 16:30:00,119388.3,119600.0,118959.5,119099.1,3040.465,363009290.6802
2025-07-27 17:00:00,119099.1,119238.4,118848.0,119210.1,1363.188,162275072.3423
2025-07-27 17:30:00,119210.1,119347.3,119000.0,119208.9,926.263,110395534.7218
2025-07-27 18:00:00,119208.9,119401.0,119130.9,119258.1,636.22,75890311.9234
2025-07-27 18:30:00,119258.1,119258.1,118950.0,119025.9,499.873,59511465.4902
2025-07-27 19:00:00,119025.9,119030.2,118895.9,118953.7,415.962,49481015.2888
2025-07-27 19:30:00,118953.7,119098.0,118928.0,118978.8,382.424,45512103.5059
2025-07-27 20:00:00,118978.8,119197.9,118920.6,118994.0,515.933,61423273.4294
2025-07-27 20:30:00,118994.0,118994.0,118730.8,118752.0,581.392,69100741.2658
2025-07-27 21:00:00,118752.0,119060.6,118733.8,119048.4,490.683,58314273.9359
2025-07-27 21:30:00,119048.4,119294.9,118960.0,119287.8,555.854,66230821.2095
2025-07-27 22:00:00,119287.8,119784.0,119234.4,119692.5,2433.902,291173625.6713
2025-07-27 22:30:00,119692.5,119784.0,119500.6,119504.2,836.112,100056338.4785
2025-07-27 23:00:00,119504.2,119556.0,119144.6,119447.7,1149.322,137190201.0142
2025-07-27 23:30:00,119447.7,119480.0,119342.0,119429.9,398.923,47631394.1449
2025-07-28 00:00:00,119429.9,119718.6,119355.6,119649.3,724.005,86540362.4516
2025-07-28 00:30:00,119649.3,119663.0,119115.4,119250.1,721.111,86054830.6621
2025-07-28 01:00:00,119250.1,119500.0,119070.1,119399.1,717.952,85623401.4325
2025-07-28 01:30:00,119399.1,119399.1,118950.0,119044.1,936.634,111557315.0
2025-07-28 02:00:00,119044.1,119550.0,119017.9,119496.4,485.119,57871775.5608
2025-07-28 02:30:00,119496.4,119844.9,119398.6,119448.1,1692.68,202552859.6533
2025-07-28 03:00:00,119448.1,119542.3,119264.5,119275.2,644.183,76923463.7738
2025-07-28 03:30:00,119275.2,119362.0,119226.0,119287.6,393.786,46967181.6969
2025-07-28 04:00:00,119287.6,119413.2,119130.6,119153.1,408.166,48677460.2006
2025-07-28 04:30:00,119153.1,119350.0,119121.5,119215.8,358.76,42775897.6799
2025-07-28 05:00:00,119215.8,119462.2,119139.5,119378.2,640.27,76404801.0757
2025-07-28 05:30:00,119378.2,119699.1,119241.5,119528.5,637.306,76164631.365
2025-07-28 06:00:00,119528.5,119610.0,119455.9,119483.2,511.479,61139814.6278
2025-07-28 06:30:00,119483.2,119497.4,119427.5,119455.7,387.52,46293419.1094
2025-07-28 07:00:00,119455.7,119455.8,118785.3,119051.5,2456.716,292218228.0558
2025-07-28 07:30:00,119051.5,119051.5,118753.0,118885.8,774.794,92096129.2487
2025-07-28 08:00:00,118885.8,119081.4,118800.0,119010.2,615.182,73165596.3751
2025-07-28 08:30:00,119010.2,119104.4,118767.8,119058.0,796.118,94675282.6916
2025-07-28 09:00:00,119058.0,119058.1,118828.2,118837.0,675.617,80361909.6145
2025-07-28 09:30:00,118837.0,119021.2,118706.8,118921.4,771.912,91718725.1567
2025-07-28 10:00:00,118921.4,118965.3,118759.8,118933.0,461.815,54888314.7649
2025-07-28 10:30:00,118933.0,118933.1,118576.5,118767.6,1035.089,122877810.7108
2025-07-28 11:00:00,118767.6,118871.7,118531.0,118551.2,794.049,94217398.8887
2025-07-28 11:30:00,118551.2,118826.9,118435.7,118810.6,1200.355,142393838.9037
2025-07-28 12:00:00,118810.6,119092.0,118777.3,118904.1,1537.244,182845361.0832
2025-07-28 12:30:00,118904.1,119000.0,118793.0,118836.6,547.864,65139344.8939
2025-07-28 13:00:00,118836.6,118861.6,118383.3,118601.1,1468.291,174168445.5691
2025-07-28 13:30:00,118601.1,119084.7,118227.1,118429.5,4498.718,533386884.9053
2025-07-28 14:00:00,118429.5,118691.8,118000.0,118071.8,4250.394,502392373.6826
2025-07-28 14:30:00,118071.8,118270.5,117874.0,117980.0,2431.317,287013689.5507
2025-07-28 15:00:00,117980.0,118409.9,117888.0,118409.4,1770.439,209220036.977
2025-07-28 15:30:00,118409.4,118513.7,118105.1,118160.0,1347.338,159371711.5044
2025-07-28 16:00:00,118160.0,118307.7,117987.0,118283.5,812.605,95964297.8633
2025-07-28 16:30:00,118283.5,118376.8,117990.0,118004.0,676.255,79921134.8763
2025-07-28 17:00:00,118004.0,118039.8,117623.4,118016.5,2590.746,305254227.5771
2025-07-28 17:30:00,118016.5,118116.1,117645.8,117666.0,1172.609,138161657.784
2025-07-28 18:00:00,117666.0,117804.1,117460.6,117553.8,2080.543,244661144.0276
2025-07-28 18:30:00,117553.8,117860.0,117401.5,117779.8,1547.804,181986394.7174
2025-07-28 19:00:00,117779.8,118255.9,117764.7,118090.8,2014.905,237917856.4606
2025-07-28 19:30:00,118090.8,118100.0,117536.7,118070.0,1434.062,168980690.1412
2025-07-28 20:00:00,118070.0,118164.2,117480.0,117493.3,1323.625,155826336.5872
2025-07-28 20:30:00,117493.3,118087.7,117480.0,118045.5,952.838,112304840.893
2025-07-28 21:00:00,118045.5,118185.6,117942.7,118088.4,629.68,74352823.1168
2025-07-28 21:30:00,118088.4,118346.7,117955.1,118121.8,791.807,93579913.899
2025-07-28 22:00:00,118121.8,118278.5,118005.0,118139.0,565.906,66858936.6439
2025-07-28 22:30:00,118139.0,118180.0,117745.6,117864.1,940.998,110985274.7259
2025-07-28 23:00:00,117864.1,118178.9,117815.2,117976.4,523.736,61795064.6824
2025-07-28 23:30:00,117976.4,118162.6,117822.0,118068.9,486.678,57445358.2997
2025-07-29 00:00:00,118068.9,118467.8,117949.5,118234.7,1422.937,168350450.5558
2025-07-29 00:30:00,118234.7,118271.3,117521.1,117976.5,2092.902,246603994.0841
2025-07-29 01:00:00,117976.5,118229.8,117846.5,118199.6,427.361,50470163.2448
2025-07-29 01:30:00,118199.6,118236.1,117761.9,117767.1,598.228,70643822.131
2025-07-29 02:00:00,117767.1,117945.8,117434.0,117879.9,1464.932,172402942.565
2025-07-29 02:30:00,117879.9,118095.8,117750.0,118092.4,782.276,92247029.331
2025-07-29 03:00:00,118092.4,118437.5,118092.4,118319.4,1263.448,149477285.2786
2025-07-29 03:30:00,118319.4,118820.7,118240.0,118761.9,1549.088,183698289.8397
2025-07-29 04:00:00,118761.9,118831.7,118550.0,118643.4,1075.167,127630466.7197
2025-07-29 04:30:00,118643.4,118690.4,118406.2,118521.5,617.1,73139485.4628
2025-07-29 05:00:00,118521.5,118745.5,118520.0,118645.0,478.598,56778206.0864
2025-07-29 05:30:00,118645.0,118849.9,118583.1,118802.4,527.056,62595663.5723
2025-07-29 06:00:00,118802.4,119063.1,118722.0,118910.7,1062.987,126418426.2106
2025-07-29 06:30:00,118910.7,118998.9,118750.0,118750.1,769.324,91480036.137
2025-07-29 07:00:00,118750.1,118932.7,118750.1,118800.1,516.935,61432195.0645
2025-07-29 07:30:00,118800.1,119300.0,118744.8,118889.8,1842.641,219335445.7865
2025-07-29 08:00:00,118889.8,119083.9,118757.8,118796.6,907.719,107978531.6448
2025-07-29 08:30:00,118796.6,119038.9,118791.8,118934.7,708.729,84280829.3229
2025-07-29 09:00:00,118934.7,119022.8,118760.0,118920.9,636.429,75663322.2319
2025-07-29 09:30:00,118920.9,118921.0,118760.0,118778.9,319.147,37928727.3251
2025-07-29 10:00:00,118778.9,118833.0,118534.7,118669.3,971.03,115219488.2955
2025-07-29 10:30:00,118669.3,118788.6,118303.5,118329.5,1145.854,135740262.8544
2025-07-29 11:00:00,118329.5,118527.3,118117.9,118504.2,1403.288,166045447.3632
2025-07-29 11:30:00,118504.2,118604.9,118340.6,118602.1,581.334,68869677.5133
2025-07-29 12:00:00,118602.1,119050.0,118452.3,118940.0,1392.963,165403434.2865
2025-07-29 12:30:00,118940.0,119127.5,118781.6,118900.0,1609.612,191504308.7351
2025-07-29 13:00:00,118900.0,118961.9,118775.0,118940.0,694.6,82570794.1238
2025-07-29 13:30:00,118940.0,119023.0,118522.0,118620.0,1891.109,224550352.0504
2025-07-29 14:00:00,118620.0,118640.0,117952.0,118267.2,3256.054,384867915.3281
2025-07-29 14:30:00,118267.2,118310.0,117685.0,117813.0,2072.218,244373758.8926
2025-07-29 15:00:00,117813.0,117958.2,117500.0,117518.5,1962.221,230918456.6331
2025-07-29 15:30:00,117518.5,117641.3,117240.0,117372.2,4017.169,471890894.4663
2025-07-29 16:00:00,117372.2,117550.0,117244.9,117305.8,2020.939,237172750.7457
2025-07-29 16:30:00,117305.8,117730.0,116912.6,117727.2,4320.849,507113272.8545
2025-07-29 17:00:00,117727.2,117967.2,117611.0,117909.4,1525.192,179692833.8793
2025-07-29 17:30:00,117909.4,118045.8,117658.0,117766.0,939.515,110713376.4818
2025-07-29 18:00:00,117766.0,117824.2,117461.5,117726.8,832.474,97901649.1102
2025-07-29 18:30:00,117726.8,117817.6,117500.0,117609.2,605.192,71231211.05
2025-07-29 19:00:00,117609.2,118012.8,117387.0,117453.2,1521.124,179060841.4311
2025-07-29 19:30:00,117453.2,117663.2,117423.0,117523.6,545.874,64152253.3766
2025-07-29 20:00:00,117523.6,117891.2,117073.0,117544.5,3406.653,399871397.9917
2025-07-29 20:30:00,117544.5,117561.2,117055.6,117498.8,1999.029,234344738.4763
2025-07-29 21:00:00,117498.8,117550.2,117148.5,117320.7,1080.532,126799960.8973
2025-07-29 21:30:00,117320.7,117688.0,117230.0,117589.3,650.143,76315259.8921
2025-07-29 22:00:00,117589.3,117736.2,117424.8,117719.9,735.238,86463464.9934
2025-07-29 22:30:00,117719.9,117850.0,117688.8,117824.0,445.982,52516563.5997
2025-07-29 23:00:00,117824.0,117919.6,117775.8,117919.6,377.281,44464062.42
2025-07-29 23:30:00,117919.6,117982.7,117700.1,117923.3,516.06,60820403.812
2025-07-30 00:00:00,117923.3,117979.9,117674.4,117675.6,591.354,69674383.7232
2025-07-30 00:30:00,117675.6,117750.0,117506.1,117720.9,731.413,86022605.5576
2025-07-30 01:00:00,117720.9,117772.5,117371.4,117545.0,690.179,81152151.726
2025-07-30 01:30:00,117545.0,118008.6,117507.8,117832.0,572.571,67466137.7833
2025-07-30 02:00:00,117832.0,118098.0,117757.7,117928.5,719.958,84931053.1586
2025-07-30 02:30:00,117928.5,118098.0,117843.8,117999.4,428.643,50582850.6529
2025-07-30 03:00:00,117999.4,118070.0,117868.9,118070.0,380.908,44927061.6527
2025-07-30 03:30:00,118070.0,118234.0,118012.9,118130.0,625.659,73916530.7153
2025-07-30 04:00:00,118130.0,118254.4,118124.3,118153.5,426.487,50408142.3742
2025-07-30 04:30:00,118153.5,118153.5,117946.9,117980.7,636.714,75134538.3714
2025-07-30 05:00:00,117980.7,118064.9,117643.1,117945.0,1071.99,126322401.31
2025-07-30 05:30:00,117945.0,118023.2,117827.4,117973.2,292.225,34462717.7391
2025-07-30 06:00:00,117973.2,118182.1,117973.1,118176.5,497.665,58768407.9319
2025-07-30 06:30:00,118176.5,118310.0,118078.0,118259.0,845.951,100024032.2891
2025-07-30 07:00:00,118259.0,118389.2,118164.2,118332.1,749.442,88644836.7044
2025-07-30 07:30:00,118332.1,118350.0,118077.5,118103.2,372.579,44035841.9081
2025-07-30 08:00:00,118103.2,118239.8,117912.3,118141.9,676.925,79910644.399
2025-07-30 08:30:00,118141.9,118465.8,118032.7,118350.0,1282.032,151670179.5884
2025-07-30 09:00:00,118350.0,118404.6,118110.1,118117.3,743.828,87955253.4364
2025-07-30 09:30:00,118117.3,118189.7,117960.9,118122.0,917.674,108327232.1845
2025-07-30 10:00:00,118122.0,118316.3,118122.0,118289.8,577.137,68254299.7012
2025-07-30 10:30:00,118289.8,118390.0,117808.3,117990.0,1178.32,139192280.1873
2025-07-30 11:00:00,117990.0,118150.0,117747.2,117786.8,1610.872,189925859.0448
2025-07-30 11:30:00,117786.8,117959.6,117266.4,117542.3,2308.982,271417643.3176
2025-07-30 12:00:00,117542.3,117822.0,117310.9,117707.5,2087.865,245541151.1652
2025-07-30 12:30:00,117707.5,117894.6,117503.1,117689.5,1408.18,165731196.9099
2025-07-30 13:00:00,117689.5,117852.0,117338.6,117457.7,2135.796,251127406.949
2025-07-30 13:30:00,117457.7,117785.8,117370.6,117640.2,1382.693,162587590.8975
2025-07-30 14:00:00,117640.2,117983.5,117580.7,117708.6,1143.55,134699124.0012
2025-07-30 14:30:00,117708.6,118739.3,117708.6,118683.3,3252.769,384919811.5105
2025-07-30 15:00:00,118683.3,118769.0,118061.2,118132.9,1922.909,227648203.0169
2025-07-30 15:30:00,118132.9,118196.7,117810.0,117991.7,1137.026,134180737.8158
2025-07-30 16:00:00,117991.7,118033.4,117600.8,117764.8,1481.392,174530079.2388
2025-07-30 16:30:00,117764.8,117852.4,117639.9,117716.5,533.087,62765639.3711
2025-07-30 17:00:00,117716.5,117925.0,117670.3,117764.0,543.628,64026174.6661
2025-07-30 17:30:00,117764.0,117829.9,117609.2,117756.3,509.601,59993696.7208
2025-07-30 18:00:00,117756.3,118029.0,117324.5,117727.9,2225.142,261786530.8904
2025-07-30 18:30:00,117727.9,117801.9,116450.0,116471.7,6298.835,736724699.3099
2025-07-30 19:00:00,116471.7,116471.8,115738.1,116416.4,10082.098,1170768933.2373
2025-07-30 19:30:00,116416.4,117100.0,116200.1,116873.2,4850.671,566256529.0434
2025-07-30 20:00:00,116873.2,117296.8,116828.6,117077.8,2372.934,277972970.9377
2025-07-30 20:30:00,117077.8,117177.8,116898.3,117159.9,1112.529,130221330.2082
2025-07-30 21:00:00,117159.9,117215.1,116963.9,116963.9,584.857,68491732.297
2025-07-30 21:30:00,116963.9,117312.7,116928.0,117300.2,710.953,83275838.5182
2025-07-30 22:00:00,117300.2,117413.1,117204.1,117279.5,844.111,99040437.9739
2025-07-30 22:30:00,117279.5,117492.7,117233.3,117448.6,696.888,81816667.8205
2025-07-30 23:00:00,117448.6,117596.9,117411.9,117537.7,779.336,91579919.9201
2025-07-30 23:30:00,117537.7,117921.1,117506.3,117781.6,1298.472,152873154.3354
2025-07-31 00:00:00,117781.6,118054.4,117740.6,118045.8,1074.034,126632240.1954
2025-07-31 00:30:00,118045.8,118512.2,118004.6,118381.2,2600.17,307574519.6817
2025-07-31 01:00:00,118381.2,118447.6,118112.5,118281.2,1096.859,129750988.4079
2025-07-31 01:30:00,118281.2,118317.0,117942.8,118024.6,814.545,96217067.5767
2025-07-31 02:00:00,118024.6,118225.1,117930.4,118161.7,464.616,54875243.5631
2025-07-31 02:30:00,118161.7,118455.0,118157.0,118399.9,911.387,107847482.8103
2025-07-31 03:00:00,118399.9,118463.7,118333.3,118417.2,687.895,81451982.9119
2025-07-31 03:30:00,118417.2,118580.0,118355.6,118444.4,884.608,104792676.5252
2025-07-31 04:00:00,118444.4,118458.8,118320.2,118343.6,485.085,57434208.9589
2025-07-31 04:30:00,118343.6,118531.9,118342.1,118480.8,469.542,55622496.0319
2025-07-31 05:00:00,118480.8,118518.2,118312.9,118362.7,521.398,61735400.9522
2025-07-31 05:30:00,118362.7,118398.5,118298.0,118327.8,278.827,32997653.524
2025-07-31 06:00:00,118327.8,118399.8,118257.6,118399.8,421.315,49852663.653
2025-07-31 06:30:00,118399.8,118713.0,118373.5,118675.6,932.576,110583921.7849
2025-07-31 07:00:00,118675.6,118900.0,118574.8,118800.1,1468.048,174354766.5044
2025-07-31 07:30:00,118800.1,118800.1,118588.6,118646.6,790.344,93787898.3856
2025-07-31 08:00:00,118646.6,118696.2,118549.7,118608.1,443.231,52574314.0987
2025-07-31 08:30:00,118608.1,118739.2,118530.8,118563.2,617.525,73255342.4927
2025-07-31 09:00:00,118563.2,118563.2,118450.0,118517.6,513.545,60852413.8349
2025-07-31 09:30:00,118517.6,118600.0,118475.4,118582.5,669.535,79362023.8723
2025-07-31 10:00:00,118582.5,118707.0,118422.3,118452.7,602.937,71482564.6779
2025-07-31 10:30:00,118452.7,118626.8,118409.4,118499.9,778.061,92216397.1491
2025-07-31 11:00:00,118499.9,118553.0,118391.4,118408.8,475.11,56289549.6752
2025-07-31 11:30:00,118408.8,118478.7,118275.5,118346.9,589.808,69812987.9553
2025-07-31 12:00:00,118346.9,118531.2,118318.7,118526.4,687.718,81438068.3936
2025-07-31 12:30:00,118526.4,118629.2,118264.2,118601.2,1063.45,125971924.1308
2025-07-31 13:00:00,118601.2,118601.3,118066.0,118112.1,1846.673,218336044.7529
2025-07-31 13:30:00,118112.1,118663.3,117773.9,118537.2,4169.109,493020519.7692
2025-07-31 14:00:00,118537.2,118627.8,117882.9,117940.1,2085.564,246611954.9744
2025-07-31 14:30:00,117940.1,118190.0,117852.8,117880.0,1432.251,169009662.9143
2025-07-31 15:00:00,117880.0,118155.0,117842.7,118002.4,1284.139,151573175.7219
2025-07-31 15:30:00,118002.4,118324.8,118002.4,118273.2,1184.406,140027939.3367
2025-07-31 16:00:00,118273.2,118508.4,118200.6,118505.6,1175.075,139080044.4129
2025-07-31 16:30:00,118505.6,118860.0,118358.0,118508.2,2746.473,325791113.1764
2025-07-31 17:00:00,118508.2,118537.5,117708.0,117826.6,2157.921,254694541.5384
2025-07-31 17:30:00,117826.6,118185.2,117666.9,117710.0,2201.612,259626420.3485
2025-07-31 18:00:00,117710.0,117888.8,117350.0,117888.7,3972.388,467027818.8222
2025-07-31 18:30:00,117888.7,117957.8,117560.0,117615.1,962.236,113341140.6684
2025-07-31 19:00:00,117615.1,117730.6,117065.2,117097.5,2746.036,322060842.9888
2025-07-31 19:30:00,117097.5,117135.9,116685.5,116709.3,3369.864,393922564.6157
2025-07-31 20:00:00,116709.3,116940.0,116409.7,116699.7,3173.948,370140710.5154
2025-07-31 20:30:00,116699.7,116876.2,116353.6,116449.1,2198.186,256181388.0877
2025-07-31 21:00:00,116449.1,116703.6,116412.6,116703.6,1150.427,134092855.2253
2025-07-31 21:30:00,116703.6,116830.0,116172.5,116472.0,2084.739,242798224.8185
2025-07-31 22:00:00,116472.0,116472.0,116049.8,116223.5,2183.013,253636585.2283
2025-07-31 22:30:00,116223.5,116236.1,115941.1,115941.2,1644.767,190916867.5437
2025-07-31 23:00:00,115941.2,116294.1,115850.0,115961.7,2596.779,301437097.2382
2025-07-31 23:30:00,115961.7,115995.5,115368.6,115680.1,4661.286,539242340.5891
2025-08-01 00:00:00,115680.1,115884.2,115226.4,115719.0,3179.185,367485128.9085
2025-08-01 00:30:00,115719.0,115720.0,114240.0,115350.5,9159.567,1052062456.2118
2025-08-01 01:00:00,115350.5,115582.8,114514.6,115122.0,4066.174,467661910.9532
2025-08-01 01:30:00,115122.0,115347.6,114923.6,115257.3,1271.289,146423150.7607
2025-08-01 02:00:00,115257.3,115747.7,115158.2,115562.4,1756.413,202876141.0725
2025-08-01 02:30:00,115562.4,115955.0,115515.0,115909.9,1085.656,125747741.7848
2025-08-01 03:00:00,115909.9,115999.9,115742.9,115957.9,818.273,94813834.8803
2025-08-01 03:30:00,115957.9,115984.8,115550.0,115590.1,844.658,97743811.7222
2025-08-01 04:00:00,115590.1,115590.1,115200.1,115450.1,1705.839,196813844.9492
2025-08-01 04:30:00,115450.1,115628.1,115380.5,115623.2,819.303,94634075.5588
2025-08-01 05:00:00,115623.2,115857.2,115391.3,115518.6,1135.98,131332081.5291
2025-08-01 05:30:00,115518.6,115692.6,115307.3,115503.0,729.93,84292329.3867
2025-08-01 06:00:00,115503.0,115591.7,115149.0,115187.8,949.287,109501599.294
2025-08-01 06:30:00,115187.8,115263.2,115001.0,115099.2,1679.79,193360752.0743
2025-08-01 07:00:00,115099.2,115237.6,114694.9,114780.1,2252.001,258783244.0754
2025-08-01 07:30:00,114780.1,115032.1,114542.0,115012.4,2458.622,282058493.0294
2025-08-01 08:00:00,115012.4,115012.4,114300.0,114371.7,2794.169,320069696.5196
2025-08-01 08:30:00,114371.7,114736.5,114013.0,114558.3,2999.221,343066253.1178
2025-08-01 09:00:00,114558.3,115247.3,114492.0,115245.0,3170.136,364554388.2304
2025-08-01 09:30:00,115245.0,115295.2,114865.9,114886.7,1400.685,161179374.6057
2025-08-01 10:00:00,114886.7,115140.0,114800.4,114944.8,974.321,112031566.449
2025-08-01 10:30:00,114944.8,114971.0,114650.0,114699.3,1369.501,157229619.6116
2025-08-01 11:00:00,114699.3,115018.9,114537.7,115018.9,1028.104,117988886.0633
2025-08-01 11:30:00,115018.9,115316.1,115000.0,115239.2,1037.816,119530743.7598
2025-08-01 12:00:00,115239.2,115471.4,115168.0,115414.0,1322.49,152532795.3581
2025-08-01 12:30:00,115414.0,115841.6,115062.2,115673.2,4011.371,463693209.6265
2025-08-01 13:00:00,115673.2,115950.0,115468.0,115619.6,1601.288,185342366.556
2025-08-01 13:30:00,115619.6,115624.0,114116.6,114284.5,6297.519,722694779.9375
2025-08-01 14:00:00,114284.5,115700.0,113849.5,115700.0,7512.457,862062471.0566
2025-08-01 14:30:00,115700.0,115777.2,115300.0,115560.6,3482.609,402519620.7945
2025-08-01 15:00:00,115560.6,115590.1,114608.4,114739.2,3178.152,365606574.4874
2025-08-01 15:30:00,114739.2,115455.2,114630.9,115288.0,2421.639,278788060.0519
2025-08-01 16:00:00,115288.0,115659.3,115238.5,115555.6,1803.748,208406549.7666
2025-08-01 16:30:00,115555.6,115555.6,114758.4,114954.5,2535.379,291917321.5372
2025-08-01 17:00:00,114954.5,114984.0,114436.1,114606.3,2272.335,260505562.6375
2025-08-01 17:30:00,114606.3,115050.0,114300.0,114387.0,2293.368,262878652.5202
2025-08-01 18:00:00,114387.0,114463.9,113626.2,114114.0,6294.582,717495782.1557
2025-08-01 18:30:00,114114.0,114299.7,113700.0,113786.4,2715.663,309644464.7423
2025-08-01 19:00:00,113786.4,113886.1,113200.0,113344.0,4175.187,473874608.2103
2025-08-01 19:30:00,113344.0,113850.0,113153.9,113283.6,4236.215,480506482.3544
2025-08-01 20:00:00,113283.6,113626.7,113140.0,113432.0,2742.508,310805451.8627
2025-08-01 20:30:00,113432.0,113950.1,113359.4,113908.8,1339.249,152206112.002
2025-08-01 21:00:00,113908.8,114047.6,113556.3,113965.6,1940.418,220867593.8664
2025-08-01 21:30:00,113965.6,114055.5,113829.2,113838.3,689.455,78572368.312
2025-08-01 22:00:00,113838.3,113970.8,113141.0,113393.5,2485.253,281909222.0329
2025-08-01 22:30:00,113393.5,113432.0,112692.8,113084.3,6523.098,737237556.486
2025-08-01 23:00:00,113084.3,113521.5,112862.1,113502.8,1480.928,167619903.2863
2025-08-01 23:30:00,113502.8,113502.9,113171.0,113248.9,840.277,95193586.7557
2025-08-02 00:00:00,113248.9,113574.0,113150.0,113514.8,1013.748,114922884.5652
2025-08-02 00:30:00,113514.8,113801.9,113390.5,113778.6,1110.225,126153210.0684
2025-08-02 01:00:00,113778.6,113884.0,113451.0,113535.2,845.692,96142323.0284
2025-08-02 01:30:00,113535.2,113620.0,113373.0,113612.0,663.504,75322771.4495
2025-08-02 02:00:00,113612.0,113713.8,113469.0,113593.7,512.177,58181187.7163
2025-08-02 02:30:00,113593.7,113680.0,113565.1,113661.3,303.748,34513064.6503
2025-08-02 03:00:00,113661.3,113921.5,113657.2,113759.0,883.258,100524535.5114
2025-08-02 03:30:00,113759.0,113863.2,113711.4,113863.1,340.169,38709593.9385
2025-08-02 04:00:00,113863.1,113950.0,113800.0,113950.0,938.738,106887006.3772
2025-08-02 04:30:00,113950.0,114011.4,113949.9,113988.3,747.982,85258741.3244
2025-08-02 05:00:00,113988.3,114011.4,113830.6,114011.3,685.916,78148765.3135
2025-08-02 05:30:00,114011.3,114011.4,113878.5,113939.2,332.228,37858263.835
2025-08-02 06:00:00,113939.2,113955.3,113538.6,113538.6,1259.412,143195670.5957
2025-08-02 06:30:00,113538.6,113699.0,113438.3,113667.8,1098.275,124721596.9765
2025-08-02 07:00:00,113667.8,113892.6,113517.0,113879.3,537.656,61148933.6846
2025-08-02 07:30:00,113879.3,113977.5,113810.0,113934.6,651.385,74188489.9471
2025-08-02 08:00:00,113934.6,113998.0,113833.3,113833.4,583.586,66481217.4738
2025-08-02 08:30:00,113833.4,113837.5,113639.0,113644.1,750.244,85329904.4843
2025-08-02 09:00:00,113644.1,113824.1,113644.1,113675.1,412.3,46896635.8162
2025-08-02 09:30:00,113675.1,113675.1,113533.4,113658.6,552.007,62700609.9921
2025-08-02 10:00:00,113658.6,113675.0,113481.2,113606.0,581.128,66001020.1035
2025-08-02 10:30:00,113606.0,113618.9,113359.1,113530.1,1095.61,124336635.5898
2025-08-02 11:00:00,113530.1,113830.5,113419.9,113821.9,678.762,77121500.7334
2025-08-02 11:30:00,113821.9,113886.6,113711.0,113755.2,483.168,54987642.894
2025-08-02 12:00:00,113755.2,113756.2,113654.5,113679.9,267.233,30383644.008
2025-08-02 12:30:00,113679.9,113725.2,113543.9,113593.9,369.112,41937706.6082
2025-08-02 13:00:00,113593.9,113618.9,113270.0,113270.1,849.757,96395010.0548
2025-08-02 13:30:00,113270.1,113513.9,113204.5,113438.1,886.047,100441600.5034
2025-08-02 14:00:00,113438.1,113514.0,113110.0,113242.0,862.099,97633218.6133
2025-08-02 14:30:00,113242.0,113242.0,112904.3,113076.1,2426.091,274290023.3944
2025-08-02 15:00:00,113076.1,113400.0,113069.5,113220.5,877.205,99365423.3968
2025-08-02 15:30:00,113220.5,113220.5,112780.0,112816.3,1371.553,154922545.4304
2025-08-02 16:00:00,112816.3,112970.4,112700.0,112898.9,1235.681,139416989.2127
2025-08-02 16:30:00,112898.9,113239.7,112825.6,113184.7,1237.912,139930528.5661
2025-08-02 17:00:00,113184.7,113395.3,113131.8,113339.0,732.505,82983713.7144
2025-08-02 17:30:00,113339.0,113339.0,112535.8,112694.2,2440.437,275317360.8984
2025-08-02 18:00:00,112694.2,112872.2,112255.0,112340.0,4433.315,498735808.9977
2025-08-02 18:30:00,112340.0,112549.5,112001.0,112285.5,3281.958,368385517.4197
2025-08-02 19:00:00,112285.5,112687.0,111950.0,112687.0,3095.402,347504355.8007
2025-08-02 19:30:00,112687.0,112920.3,112191.8,112194.0,2209.117,248808476.3755
2025-08-02 20:00:00,112194.0,112440.0,112038.0,112387.5,1902.723,213525352.1683
2025-08-02 20:30:00,112387.5,112755.0,112257.5,112755.0,1101.94,123910793.5088
2025-08-02 21:00:00,112755.0,112897.0,112510.3,112550.2,1071.585,120772626.6102
2025-08-02 21:30:00,112550.2,113025.4,112550.1,112813.5,1000.133,112910907.5653
2025-08-02 22:00:00,112813.5,112996.3,112457.8,112556.2,1189.001,133968963.7262
2025-08-02 22:30:00,112556.2,112921.2,112556.2,112822.5,545.236,61476064.3322
2025-08-02 23:00:00,112822.5,112841.9,112282.2,112282.2,1390.386,156460512.0155
2025-08-02 23:30:00,112282.2,112738.0,112240.0,112518.0,1258.807,141630191.3571
2025-08-03 00:00:00,112518.0,112763.0,112250.1,112334.7,929.573,104591818.5368
2025-08-03 00:30:00,112334.7,112965.0,111870.0,112919.2,3066.67,344670904.9246
2025-08-03 01:00:00,112919.2,113201.5,112800.0,113180.0,1421.145,160620605.7182
2025-08-03 01:30:00,113180.0,113233.0,112950.0,113067.9,1259.992,142493169.9948
2025-08-03 02:00:00,113067.9,113369.0,113054.7,113307.1,935.612,105991619.1919
2025-08-03 02:30:00,113307.1,113478.0,113305.5,113477.9,673.956,76418981.9253
2025-08-03 03:00:00,113477.9,113529.8,113384.7,113488.5,744.627,84489830.6185
2025-08-03 03:30:00,113488.5,113706.0,113486.1,113562.3,672.93,76460767.3564
2025-08-03 04:00:00,113562.3,113562.4,113389.0,113499.9,652.739,74066557.3898
2025-08-03 04:30:00,113499.9,113500.0,113313.3,113442.8,454.95,51579868.8693
2025-08-03 05:00:00,113442.8,113578.6,113376.4,113562.4,339.522,38530905.7802
2025-08-03 05:30:00,113562.4,113624.2,113441.2,113578.3,404.87,45971040.9938
2025-08-03 06:00:00,113578.3,113593.8,113462.4,113502.4,307.953,34957663.0548
2025-08-03 06:30:00,113502.4,113562.9,113416.6,113528.3,331.069,37570977.4894
2025-08-03 07:00:00,113528.3,113677.1,113528.3,113675.9,426.248,48429613.2425
2025-08-03 07:30:00,113675.9,113680.6,113606.5,113662.8,367.479,41762357.4567
2025-08-03 08:00:00,113662.8,113760.0,113627.4,113631.6,717.553,81593537.7678
2025-08-03 08:30:00,113631.6,113662.2,113509.7,113658.3,589.701,66978967.6013
2025-08-03 09:00:00,113658.3,113687.9,113580.7,113620.0,357.624,40636037.416
2025-08-03 09:30:00,113620.0,113650.0,113583.7,113615.5,226.423,25728092.5616
2025-08-03 10:00:00,113615.5,113730.0,113615.4,113717.5,475.258,54031416.0142
2025-08-03 10:30:00,113717.5,113850.0,113670.7,113850.0,768.4,87430821.2983
2025-08-03 11:00:00,113850.0,114217.0,113849.9,113958.7,2230.667,254392059.754
2025-08-03 11:30:00,113958.7,114009.0,113798.3,113812.6,975.505,111132748.8983
2025-08-03 12:00:00,113812.6,113833.4,113605.8,113729.6,930.724,105853718.7316
2025-08-03 12:30:00,113729.6,114059.9,113718.3,113963.6,994.641,113314822.3825
2025-08-03 13:00:00,113963.6,114050.0,113750.0,113795.6,620.693,70699562.4447
2025-08-03 13:30:00,113795.6,113940.0,113765.5,113899.9,366.976,41785294.8265
2025-08-03 14:00:00,113899.9,114022.7,113531.5,113600.0,1542.623,175473723.6327
2025-08-03 14:30:00,113600.0,113799.9,113555.0,113724.7,445.732,50673204.7792
2025-08-03 15:00:00,113724.7,113831.4,113618.8,113785.0,403.014,45833387.2333
2025-08-03 15:30:00,113785.0,113917.3,113612.0,113892.7,486.224,55322370.2815
2025-08-03 16:00:00,113892.7,113892.8,113706.0,113837.2,300.446,34187532.2613
2025-08-03 16:30:00,113837.2,113981.3,113827.0,113952.1,316.32,36034066.3931
2025-08-03 17:00:00,113952.1,114182.9,113935.7,113958.1,889.989,101514901.3563
2025-08-03 17:30:00,113958.1,114075.2,113894.9,114063.7,289.524,33003849.2011
2025-08-03 18:00:00,114063.7,114408.1,114000.0,114240.9,1107.404,126547494.438
2025-08-03 18:30:00,114240.9,114372.8,114068.8,114323.2,726.163,82948520.5972
2025-08-03 19:00:00,114323.2,114599.0,114237.4,114462.5,1218.107,139402449.3675
2025-08-03 19:30:00,114462.5,114792.7,114192.3,114253.1,1757.793,201323705.2271
2025-08-03 20:00:00,114253.1,114253.2,114108.2,114144.3,719.175,82095514.0543
2025-08-03 20:30:00,114144.3,114421.9,114115.8,114375.4,461.92,52798444.8652
2025-08-03 21:00:00,114375.4,114490.9,114326.5,114444.8,539.796,61766704.1832
2025-08-03 21:30:00,114444.8,114469.9,114300.1,114366.2,325.911,37275733.8748
2025-08-03 22:00:00,114366.2,114564.3,114000.5,114062.8,1152.46,131589736.2029
2025-08-03 22:30:00,114062.8,114336.7,114055.3,114266.3,443.45,50642425.2355
2025-08-03 23:00:00,114266.3,114462.0,114208.7,114220.3,448.181,51236366.8446
2025-08-03 23:30:00,114220.3,114261.4,114112.9,114147.1,383.513,43789489.0543
2025-08-04 00:00:00,114147.1,114361.2,114064.3,114303.0,755.576,86284972.153
2025-08-04 00:30:00,114303.0,114877.7,114234.7,114859.9,1792.046,205560438.3673
2025-08-04 01:00:00,114859.9,114975.3,114567.7,114765.0,1366.936,156866028.3169
2025-08-04 01:30:00,114765.0,114894.0,114588.0,114635.3,466.9,53559622.9207
2025-08-04 02:00:00,114635.3,114718.2,114375.0,114676.0,707.066,80989331.4166
2025-08-04 02:30:00,114676.0,114840.0,114508.5,114772.2,546.028,62611545.5017
2025-08-04 03:00:00,114772.2,114772.3,114619.0,114633.2,423.038,48518621.1652
2025-08-04 03:30:00,114633.2,114633.2,114434.2,114522.0,510.594,58473814.4699
2025-08-04 04:00:00,114522.0,114604.1,114442.3,114548.5,305.908,35037534.1595
2025-08-04 04:30:00,114548.5,114548.5,114277.7,114338.4,647.434,74043952.0206
2025-08-04 05:00:00,114338.4,114355.8,114174.8,114174.8,753.385,86075432.1465
2025-08-04 05:30:00,114174.8,114375.0,114130.0,114334.7,619.536,70763701.9346
2025-08-04 06:00:00,114334.7,114395.2,114101.2,114205.9,473.253,54067475.8675
2025-08-04 06:30:00,114205.9,114442.8,114136.2,114375.6,546.266,62452518.2547
2025-08-04 07:00:00,114375.6,114508.6,114346.0,114463.5,555.407,63572262.3309
2025-08-04 07:30:00,114463.5,114746.7,114451.8,114615.1,613.054,70273071.2382
2025-08-04 08:00:00,114615.1,114728.2,114400.0,114416.6,988.242,113217002.2936
2025-08-04 08:30:00,114416.6,114589.8,114300.3,114497.2,907.252,103830135.3077
2025-08-04 09:00:00,114497.2,114713.6,114394.1,114580.4,583.44,66837948.2393
2025-08-04 09:30:00,114580.4,114663.5,114243.0,114280.6,582.768,66685444.4199
2025-08-04 10:00:00,114280.6,114462.0,114232.1,114290.0,482.521,55165485.6083
2025-08-04 10:30:00,114290.0,114405.1,114158.5,114200.1,610.834,69796682.6383
2025-08-04 11:00:00,114200.1,114336.1,114142.5,114328.4,815.372,93146982.2134
2025-08-04 11:30:00,114328.4,114473.1,114265.2,114445.0,497.01,56841801.5409
2025-08-04 12:00:00,114445.0,114504.0,114333.4,114390.7,1010.607,115655070.6156
2025-08-04 12:30:00,114390.7,114421.7,114258.2,114396.7,602.363,68874658.7391
2025-08-04 13:00:00,114396.7,114468.1,114114.0,114150.1,931.645,106454201.9054
2025-08-04 13:30:00,114150.1,114883.0,114061.7,114878.7,4888.942,560109453.5709
2025-08-04 14:00:00,114878.7,115443.5,114867.3,115381.8,5994.588,690763332.7857
2025-08-04 14:30:00,115381.8,115430.0,114576.2,114680.0,4886.295,561760528.2986
2025-08-04 15:00:00,114680.0,114963.2,114600.0,114705.9,1627.204,186807061.7189
2025-08-04 15:30:00,114705.9,114859.9,114475.2,114746.0,1357.69,155681443.4852
2025-08-04 16:00:00,114746.0,115143.0,114745.9,114828.8,1615.135,185697275.3489
2025-08-04 16:30:00,114828.8,115373.3,114825.9,115239.9,1488.748,171464754.7273
2025-08-04 17:00:00,115239.9,115682.8,115178.7,115479.0,2757.671,318462100.0069
2025-08-04 17:30:00,115479.0,115484.5,115072.2,115126.1,1456.139,167760755.6945
2025-08-04 18:00:00,115126.1,115255.1,114966.8,115220.0,863.629,99424804.7095
2025-08-04 18:30:00,115220.0,115220.1,114834.9,114887.9,672.507,77329022.8762
2025-08-04 19:00:00,114887.9,115076.3,114779.9,114853.7,860.891,98914092.4443
2025-08-04 19:30:00,114853.7,114886.7,114653.1,114716.0,787.735,90379704.2394
2025-08-04 20:00:00,114716.0,114816.4,114551.4,114673.3,1184.101,135779754.4732
2025-08-04 20:30:00,114673.3,115069.0,114673.2,114750.1,1227.867,141098589.4462
2025-08-04 21:00:00,114750.1,115125.7,114750.1,114942.5,602.343,69237642.9173
2025-08-04 21:30:00,114942.5,115233.6,114916.8,115070.7,963.744,110980159.5513
2025-08-04 22:00:00,115070.7,115245.0,115034.4,115034.4,771.032,88779466.3287
2025-08-04 22:30:00,115034.4,115295.2,115034.4,115295.2,924.447,106485906.7689
2025-08-04 23:00:00,115295.2,115326.7,115203.6,115274.4,379.593,43761076.6212
2025-08-04 23:30:00,115274.4,115274.5,115001.6,115006.0,596.905,68707518.4683
2025-08-05 00:00:00,115006.0,115075.2,114801.6,114850.1,1142.433,131310136.663
2025-08-05 00:30:00,114850.1,115084.2,114765.9,114848.8,846.709,97302026.562
2025-08-05 01:00:00,114848.8,115016.4,114750.0,114853.8,810.653,93135788.4457
2025-08-05 01:30:00,114853.8,114898.3,114650.0,114672.7,608.223,69796352.1629
2025-08-05 02:00:00,114672.7,114783.5,114574.0,114591.7,473.182,54251653.9602
2025-08-05 02:30:00,114591.7,114795.0,114578.5,114683.6,357.403,40975275.4884
2025-08-05 03:00:00,114683.6,114700.2,114235.5,114304.6,1766.025,202036699.7989
2025-08-05 03:30:00,114304.6,114360.0,114202.0,114212.3,915.644,104619034.7071
2025-08-05 04:00:00,114212.3,114382.0,114170.0,114200.0,658.156,75198166.529
2025-08-05 04:30:00,114200.0,114351.5,114117.7,114286.0,582.249,66512421.4138
2025-08-05 05:00:00,114286.0,114479.7,114247.0,114364.6,751.895,86018858.2511
2025-08-05 05:30:00,114364.6,114431.0,114146.7,114380.3,1270.723,145223201.3841
2025-08-05 06:00:00,114380.3,114480.0,114326.4,114446.3,470.36,53820234.6953
2025-08-05 06:30:00,114446.3,114446.4,114020.0,114138.1,1322.393,151002280.7559
2025-08-05 07:00:00,114138.1,114376.9,114080.3,114166.8,833.404,95190980.4963
2025-08-05 07:30:00,114166.8,114225.2,113628.2,113925.4,3496.956,398405586.3661
2025-08-05 08:00:00,113925.4,114342.1,113880.0,114335.2,1100.126,125511392.7186
2025-08-05 08:30:00,114335.2,114498.9,114174.3,114243.5,1046.879,119712918.8704
2025-08-05 09:00:00,114243.5,114571.4,114243.4,114547.4,819.502,93799417.7545
2025-08-05 09:30:00,114547.4,114776.8,114469.5,114656.8,1364.37,156388289.2643
2025-08-05 10:00:00,114656.8,115046.8,114541.0,114901.1,1744.632,200299540.8353
2025-08-05 10:30:00,114901.1,115040.0,114769.3,114799.8,1115.009,128132379.7879
2025-08-05 11:00:00,114799.8,114883.7,114700.0,114864.1,581.297,66712791.358
2025-08-05 11:30:00,114864.1,114956.1,114711.0,114782.3,863.176,99086182.3664
2025-08-05 12:00:00,114782.3,114860.0,114315.9,114470.2,1455.763,166739570.4592
2025-08-05 12:30:00,114470.2,114470.2,113424.2,113889.9,4513.464,514100442.8248
2025-08-05 13:00:00,113889.9,114159.4,113797.7,114110.0,1143.819,130388511.1635
2025-08-05 13:30:00,114110.0,114535.7,113982.7,114321.1,1877.279,214542867.209
2025-08-05 14:00:00,114321.1,114342.2,113067.7,113190.0,5923.225,672341888.9907
2025-08-05 14:30:00,113190.0,113223.9,112577.7,112972.8,6099.374,688426044.3383
2025-08-05 15:00:00,112972.8,113200.0,112606.0,112926.3,2860.264,323088981.8426
2025-08-05 15:30:00,112926.3,113040.0,112651.2,112882.1,1789.153,201790004.3621
2025-08-05 16:00:00,112882.1,113190.6,112775.2,113153.9,1432.729,161987053.4367
2025-08-05 16:30:00,113153.9,113321.0,112760.0,113132.3,1562.541,176629550.4835
2025-08-05 17:00:00,113132.3,113450.0,113041.5,113350.1,1218.894,138046191.6327
2025-08-05 17:30:00,113350.1,113650.0,113201.9,113590.2,1855.205,210450532.9166
2025-08-05 18:00:00,113590.2,113623.4,113335.1,113410.0,774.468,87894787.8639
2025-08-05 18:30:00,113410.0,113620.0,113208.0,113610.0,673.797,76418518.5768
2025-08-05 19:00:00,113610.0,113742.4,113515.8,113567.0,1102.66,125314362.9948
2025-08-05 19:30:00,113567.0,113678.2,113355.2,113582.1,920.775,104515648.6837
2025-08-05 20:00:00,113582.1,113948.0,113582.1,113948.0,1316.111,149781255.3852
2025-08-05 20:30:00,113948.0,113954.5,113440.0,113662.2,1004.929,114222790.4809
2025-08-05 21:00:00,113662.2,113829.6,113553.0,113796.5,508.757,57855174.6476
2025-08-05 21:30:00,113796.5,113807.2,113514.9,113550.0,283.563,32225336.7771
2025-08-05 22:00:00,113550.0,113858.5,113207.5,113858.3,1675.291,190150690.6433
2025-08-05 22:30:00,113858.3,113960.4,113807.0,113931.0,530.508,60416025.803
2025-08-05 23:00:00,113931.0,114142.2,113876.5,114019.9,919.163,104816267.5752
2025-08-05 23:30:00,114019.9,114222.6,113998.5,114079.6,551.252,62907200.8876
2025-08-06 00:00:00,114079.6,114104.7,113877.5,113915.8,567.397,64675905.3038
2025-08-06 00:30:00,113915.8,114010.0,113704.6,113847.1,643.384,73243262.5834
2025-08-06 01:00:00,113847.1,113913.4,113486.5,113552.0,981.568,111570163.281
2025-08-06 01:30:00,113552.0,113860.4,113540.4,113782.3,876.867,99687891.7175
2025-08-06 02:00:00,113782.3,113800.0,113452.8,113648.9,510.954,58048509.5514
2025-08-06 02:30:00,113648.9,113700.0,113506.1,113591.7,328.407,37307980.6668
2025-08-06 03:00:00,113591.7,113633.3,113355.8,113402.7,485.963,55152224.3287
2025-08-06 03:30:00,113402.7,113580.3,113387.1,113469.3,256.927,29155079.8479
2025-08-06 04:00:00,113469.3,113554.8,113333.4,113421.7,539.406,61179221.8329
2025-08-06 04:30:00,113421.7,113456.6,113300.2,113383.0,262.742,29790717.0969
2025-08-06 05:00:00,113383.0,114108.5,113338.2,113884.4,1674.712,190704722.2617
2025-08-06 05:30:00,113884.4,114398.6,113875.2,114122.7,1764.336,201488255.566
2025-08-06 06:00:00,114122.7,114156.3,113880.0,113941.6,796.916,90843785.0333
2025-08-06 06:30:00,113941.6,114171.0,113889.9,114049.9,485.258,55347841.4833
2025-08-06 07:00:00,114049.9,114300.0,113967.2,114243.7,670.834,76597309.9198
2025-08-06 07:30:00,114243.7,114260.4,114056.0,114180.6,388.859,44396625.3963
2025-08-06 08:00:00,114180.6,114227.4,113950.0,114011.7,706.961,80657541.9763
2025-08-06 08:30:00,114011.7,114011.8,113671.5,113888.4,1178.041,134109835.4297
2025-08-06 09:00:00,113888.4,114343.4,113854.0,114052.5,1265.836,144433799.3974
2025-08-06 09:30:00,114052.5,114113.6,113900.0,114042.5,707.275,80622132.5776
2025-08-06 10:00:00,114042.5,114188.3,113831.9,113925.4,849.675,96857519.0178
2025-08-06 10:30:00,113925.4,114096.8,113865.8,114011.1,476.562,54329498.213
2025-08-06 11:00:00,114011.1,114214.5,113940.0,114214.5,586.377,66900117.4861
2025-08-06 11:30:00,114214.5,114389.9,114120.3,114185.6,704.776,80523530.7385
2025-08-06 12:00:00,114185.6,114290.0,113740.0,114010.3,1382.006,157525594.9226
2025-08-06 12:30:00,114010.3,114221.1,113830.6,113876.0,761.628,86823413.1119
2025-08-06 13:00:00,113876.0,113994.2,113777.3,113874.6,656.258,74716041.2106
2025-08-06 13:30:00,113874.6,114345.0,113522.0,114218.6,5074.397,578626447.7081
2025-08-06 14:00:00,114218.6,114500.0,113808.0,114054.0,2503.676,285910299.4293
2025-08-06 14:30:00,114054.0,115150.1,113963.8,115132.8,4286.253,491611755.8143
2025-08-06 15:00:00,115132.8,115264.5,114770.0,114891.0,3554.195,408718773.4503
2025-08-06 15:30:00,114891.0,115502.6,114883.0,115360.7,2877.244,331590571.4917
2025-08-06 16:00:00,115360.7,115439.6,115002.5,115096.1,2004.741,230975891.548
2025-08-06 16:30:00,115096.1,115186.7,114895.7,115104.3,1057.817,121690522.4498
2025-08-06 17:00:00,115104.3,115328.3,114976.2,115328.2,777.828,89574221.9838
2025-08-06 17:30:00,115328.2,115484.9,115195.8,115473.0,830.077,95774908.9584
2025-08-06 18:00:00,115473.0,115666.3,115362.5,115371.4,1890.753,218423216.4036
2025-08-06 18:30:00,115371.4,115527.6,115231.9,115369.9,951.694,109779562.3359
2025-08-06 19:00:00,115369.9,115477.2,115266.4,115339.5,488.946,56409963.3068
2025-08-06 19:30:00,115339.5,115357.3,115065.0,115198.5,680.951,78438009.8809
2025-08-06 20:00:00,115198.5,115213.8,115090.2,115116.5,440.169,50691901.0253
2025-08-06 20:30:00,115116.5,115125.2,114916.2,114983.4,732.829,84283383.8278
2025-08-06 21:00:00,114983.4,115188.5,114961.0,115079.0,510.673,58771663.7225
2025-08-06 21:30:00,115079.0,115079.1,114747.5,115002.9,774.517,88997480.2205
2025-08-06 22:00:00,115002.9,115175.0,114990.3,115047.1,657.071,75617643.1413
2025-08-06 22:30:00,115047.1,115141.8,115000.0,115040.6,394.307,45370733.1324
2025-08-06 23:00:00,115040.6,115077.2,114926.3,114959.7,316.697,36418537.7686
2025-08-06 23:30:00,114959.7,114995.5,114925.0,114943.0,238.373,27402152.4897
2025-08-07 00:00:00,114943.0,114943.0,114818.3,114909.3,342.014,39292224.4095
2025-08-07 00:30:00,114909.3,114981.8,114810.2,114847.3,363.223,41736103.5189
2025-08-07 01:00:00,114847.3,115150.0,114820.6,115103.2,441.452,50756645.0095
2025-08-07 01:30:00,115103.2,115154.4,114515.2,114700.0,1610.805,184804356.0697
2025-08-07 02:00:00,114700.0,114822.0,114600.7,114761.1,790.801,90728025.3724
2025-08-07 02:30:00,114761.1,114761.1,114350.0,114516.8,1581.545,181086161.6827
2025-08-07 03:00:00,114516.8,114516.9,114350.5,114469.7,507.634,58096031.9469
2025-08-07 03:30:00,114469.7,114581.2,114468.0,114498.4,387.036,44322465.3603
2025-08-07 04:00:00,114498.4,114617.6,114455.4,114493.8,347.003,39745831.7362
2025-08-07 04:30:00,114493.8,114506.0,114218.0,114308.6,888.71,101604228.9804
2025-08-07 05:00:00,114308.6,114496.2,114231.4,114420.0,943.567,107902044.4673
2025-08-07 05:30:00,114420.0,114525.0,114415.4,114525.0,444.564,50890150.7875
2025-08-07 06:00:00,114525.0,114682.6,114483.4,114507.1,723.29,82875366.8557
2025-08-07 06:30:00,114507.1,114748.6,114407.8,114603.5,1005.374,115183667.4363
2025-08-07 07:00:00,114603.5,114837.8,114587.9,114783.1,653.404,74973367.5083
2025-08-07 07:30:00,114783.1,114800.0,114689.5,114747.6,309.392,35498875.6252
2025-08-07 08:00:00,114747.6,115137.8,114742.8,115106.8,1125.53,129403705.7763
2025-08-07 08:30:00,115106.8,115112.7,114887.6,114909.2,767.189,88229796.6967
2025-08-07 09:00:00,114909.2,114992.7,114747.8,114977.5,965.857,110938601.6195
2025-08-07 09:30:00,114977.5,115030.0,114840.0,115015.2,582.699,66975105.8273
2025-08-07 10:00:00,115015.2,115830.0,114982.0,115820.8,4478.529,517109805.9473
2025-08-07 10:30:00,115820.8,116401.7,115800.9,116280.0,5850.129,679545423.8282
2025-08-07 11:00:00,116280.0,116750.0,116280.0,116747.8,3899.26,454275872.9041
2025-08-07 11:30:00,116747.8,116763.6,116416.9,116446.2,2330.923,271754293.0787
2025-08-07 12:00:00,116446.2,116531.3,116171.8,116320.1,1789.942,208187739.316
2025-08-07 12:30:00,116320.1,116421.0,115955.9,116316.8,2192.763,254803237.6159
2025-08-07 13:00:00,116316.8,116393.1,116138.3,116362.2,990.673,115190350.6264
2025-08-07 13:30:00,116362.2,116716.2,116258.9,116587.9,2760.514,321690820.8843
2025-08-07 14:00:00,116587.9,116624.9,116166.7,116299.7,1643.286,191232747.025
2025-08-07 14:30:00,116299.7,116600.0,116129.4,116311.6,1342.692,156217969.7566
2025-08-07 15:00:00,116311.6,116545.1,116177.8,116486.0,1069.925,124533942.3554
2025-08-07 15:30:00,116486.0,116747.8,116450.0,116629.3,1703.57,198692945.6318
2025-08-07 16:00:00,116629.3,116711.7,116460.0,116628.8,938.044,109370293.069
2025-08-07 16:30:00,116628.8,116678.7,115555.1,116197.3,4438.486,514977160.4324
2025-08-07 17:00:00,116197.3,116513.0,116055.0,116342.1,1648.203,191685017.2495
2025-08-07 17:30:00,116342.1,116507.7,116140.0,116463.0,1018.247,118449770.3902
2025-08-07 18:00:00,116463.0,116500.0,116090.0,116291.5,761.896,88565006.3156
2025-08-07 18:30:00,116291.5,116540.9,116193.4,116518.0,519.848,60490939.0624
2025-08-07 19:00:00,116518.0,116698.8,116434.8,116652.9,995.408,116027119.2388
2025-08-07 19:30:00,116652.9,117450.0,116630.0,117380.6,5784.875,677575468.4856
2025-08-07 20:00:00,117380.6,117434.4,117195.7,117345.9,1365.492,160187002.0442
2025-08-07 20:30:00,117345.9,117390.0,117034.8,117113.3,1196.266,140226723.7643
2025-08-07 21:00:00,117113.3,117302.7,117113.3,117249.7,777.915,91183423.0303
2025-08-07 21:30:00,117249.7,117263.4,116931.9,117025.8,1197.255,140144391.9233
2025-08-07 22:00:00,117025.8,117497.1,117011.1,117424.9,1617.181,189657390.0038
2025-08-07 22:30:00,117424.9,117560.0,117246.7,117486.8,1219.085,143172165.3199
2025-08-07 23:00:00,117486.8,117510.0,117230.9,117243.0,620.225,72779778.1177
2025-08-07 23:30:00,117243.0,117407.5,117212.9,117399.9,523.339,61383772.1321
2025-08-08 00:00:00,117399.9,117432.0,116800.2,117083.4,1706.936,199799738.6025
2025-08-08 00:30:00,117083.4,117569.1,116966.1,117205.1,1448.718,170045540.8943
2025-08-08 01:00:00,117205.1,117205.1,116764.2,116873.3,1438.46,168212137.2256
2025-08-08 01:30:00,116873.3,116947.9,116726.0,116830.6,620.386,72468220.7323
2025-08-08 02:00:00,116830.6,116865.0,116709.9,116730.7,543.832,63507237.4656
2025-08-08 02:30:00,116730.7,116843.4,116642.2,116659.2,548.345,64010159.5851
2025-08-08 03:00:00,116659.2,116932.5,116632.6,116860.8,737.858,86172245.8931
2025-08-08 03:30:00,116860.8,116872.6,116660.9,116686.8,609.131,71092397.2288
2025-08-08 04:00:00,116686.8,116828.6,116615.0,116735.9,589.872,68845459.9866
2025-08-08 04:30:00,116735.9,116789.9,116684.0,116694.9,233.759,27288146.8242
2025-08-08 05:00:00,116694.9,116711.3,116538.2,116606.6,493.327,57526502.9
2025-08-08 05:30:00,116606.6,116606.6,116435.9,116479.1,468.801,54622688.1528
2025-08-08 06:00:00,116479.1,116637.0,116334.8,116593.4,1101.163,128236844.5942
2025-08-08 06:30:00,116593.4,116710.5,116517.1,116692.4,808.539,94290029.0273
2025-08-08 07:00:00,116692.4,116929.8,116499.0,116922.0,1162.448,135716593.441
2025-08-08 07:30:00,116922.0,116922.0,116770.0,116776.2,668.864,78157242.6326
2025-08-08 08:00:00,116776.2,116885.3,116618.4,116639.0,531.79,62088301.3955
2025-08-08 08:30:00,116639.0,116639.0,116355.5,116580.1,1247.911,145347915.7261
2025-08-08 09:00:00,116580.1,116626.2,116443.0,116509.6,429.969,50106814.5345
2025-08-08 09:30:00,116509.6,116686.0,116484.6,116633.7,262.853,30644456.7262
2025-08-08 10:00:00,116633.7,116679.2,116453.0,116464.7,252.575,29439258.9746
2025-08-08 10:30:00,116464.7,116546.2,116264.2,116498.5,1186.513,138122926.9439
2025-08-08 11:00:00,116498.5,116800.0,116498.5,116715.0,661.773,77244861.9123
2025-08-08 11:30:00,116715.0,116887.4,116700.0,116859.9,631.172,73714710.1467
2025-08-08 12:00:00,116859.9,116859.9,116511.0,116576.9,1017.037,118633415.9583
2025-08-08 12:30:00,116576.9,116626.5,116437.1,116449.0,315.37,36743019.6007
2025-08-08 13:00:00,116449.0,116700.0,116448.9,116693.5,404.567,47158536.964
2025-08-08 13:30:00,116693.5,116899.5,116450.0,116869.7,1697.623,198192881.2756
2025-08-08 14:00:00,116869.7,117239.4,116563.2,116692.9,3065.515,358245195.7613
2025-08-08 14:30:00,116692.9,116699.9,116311.4,116440.4,1395.224,162532838.8853
2025-08-08 15:00:00,116440.4,116511.0,116146.0,116226.2,1703.451,198119246.7372
2025-08-08 15:30:00,116226.2,116229.6,115854.2,116157.0,2634.153,305613174.3333
2025-08-08 16:00:00,116157.0,116319.9,116021.7,116059.2,942.373,109438158.484
2025-08-08 16:30:00,116059.2,116228.9,115933.1,116147.2,643.49,74696685.3124
2025-08-08 17:00:00,116147.2,116449.4,116100.7,116294.4,965.083,112253159.5578
2025-08-08 17:30:00,116294.4,116665.4,116294.4,116649.7,1083.679,126252546.5819
2025-08-08 18:00:00,116649.7,116850.0,116506.7,116540.9,2122.719,247744384.6758
2025-08-08 18:30:00,116540.9,116633.9,116254.3,116449.5,2171.668,252803964.8577
2025-08-08 19:00:00,116449.5,116648.9,116397.5,116416.9,1104.807,128713796.1655
2025-08-08 19:30:00,116416.9,116457.9,116268.4,116367.0,496.672,57794600.033
2025-08-08 20:00:00,116367.0,116456.7,116240.0,116444.4,625.097,72747054.0521
2025-08-08 20:30:00,116444.4,116862.0,116444.4,116843.2,1376.516,160667478.5255
2025-08-08 21:00:00,116843.2,116843.2,116680.0,116744.2,364.175,42514897.3612
2025-08-08 21:30:00,116744.2,116919.3,116743.8,116877.4,406.812,47542887.5312
2025-08-08 22:00:00,116877.4,116933.6,116679.9,116891.9,434.558,50764542.6969
2025-08-08 22:30:00,116891.9,116918.3,116792.2,116824.7,284.412,33234517.5673
2025-08-08 23:00:00,116824.7,116861.4,116732.8,116738.6,126.835,14815265.699
2025-08-08 23:30:00,116738.6,116738.7,116581.5,116625.1,406.589,47428294.1642
2025-08-09 00:00:00,116625.1,116700.0,116563.7,116654.8,356.084,41530467.3703
2025-08-09 00:30:00,116654.8,116654.8,116508.4,116535.5,291.608,33990939.1883
2025-08-09 01:00:00,116535.5,116599.9,116465.0,116507.6,476.545,55526887.9605
2025-08-09 01:30:00,116507.6,116607.4,116507.6,116511.1,192.95,22487519.9636
2025-08-09 02:00:00,116511.1,116511.1,116355.8,116380.8,362.948,42251066.6386
2025-08-09 02:30:00,116380.8,116415.0,116333.0,116340.1,220.012,25600861.4382
2025-08-09 03:00:00,116340.1,116434.1,116302.3,116399.3,290.035,33749071.5812
2025-08-09 03:30:00,116399.3,116399.3,116288.2,116322.3,354.152,41201167.6158
2025-08-09 04:00:00,116322.3,116508.8,116300.0,116418.7,492.301,57302533.402
2025-08-09 04:30:00,116418.7,116637.0,116318.5,116385.9,996.985,116145046.7263
2025-08-09 05:00:00,116385.9,116939.0,116361.6,116928.5,1775.423,207185897.7651
2025-08-09 05:30:00,116928.5,116933.1,116666.4,116691.7,992.611,115938708.5951
2025-08-09 06:00:00,116691.7,116707.0,116494.8,116563.1,846.983,98762465.396
2025-08-09 06:30:00,116563.1,116667.3,116473.4,116610.5,459.337,53541221.645
2025-08-09 07:00:00,116610.5,116852.8,116572.4,116852.7,697.876,81470497.6222
2025-08-09 07:30:00,116852.7,116868.9,116690.6,116703.4,332.389,38809642.7927
2025-08-09 08:00:00,116703.4,116841.1,116688.8,116826.2,501.734,58576765.7689
2025-08-09 08:30:00,116826.2,117146.0,116733.9,117062.8,1955.482,228680439.6842
2025-08-09 09:00:00,117062.8,117397.8,117000.0,117244.1,1835.449,215186006.9611
2025-08-09 09:30:00,117244.1,117459.9,117181.1,117459.9,1110.671,130288823.4309
2025-08-09 10:00:00,117459.9,117900.0,117411.7,117718.3,4577.567,538615197.6462
2025-08-09 10:30:00,117718.3,117718.4,117286.3,117366.1,1827.369,214692467.23
2025-08-09 11:00:00,117366.1,117413.8,117170.4,117220.0,1043.93,122406297.7973
2025-08-09 11:30:00,117220.0,117225.9,117020.0,117058.2,1172.522,137311529.3578
2025-08-09 12:00:00,117058.2,117181.9,116986.0,117106.2,941.396,110220341.8251
2025-08-09 12:30:00,117106.2,117152.5,116945.9,117040.2,774.3,90631190.8092
2025-08-09 13:00:00,117040.2,117094.9,116813.5,116934.9,949.94,111069201.3081
2025-08-09 13:30:00,116934.9,116999.0,116802.2,116899.2,792.374,92631769.1445
2025-08-09 14:00:00,116899.2,116936.6,116700.1,116851.2,1353.945,158148334.0894
2025-08-09 14:30:00,116851.2,116922.7,116723.0,116896.1,875.089,102216231.3205
2025-08-09 15:00:00,116896.1,117077.5,116636.0,116756.2,1447.892,169145672.7216
2025-08-09 15:30:00,116756.2,116827.7,116718.8,116827.6,535.917,62578879.6358
2025-08-09 16:00:00,116827.6,116883.7,116636.7,116646.7,812.459,94834909.8931
2025-08-09 16:30:00,116646.7,116708.9,116555.0,116576.3,864.691,100843211.8495
2025-08-09 17:00:00,116576.3,116723.2,116562.5,116681.0,560.451,65379714.5825
2025-08-09 17:30:00,116681.0,116708.3,116555.0,116611.5,494.308,57646079.5295
2025-08-09 18:00:00,116611.5,116660.7,116569.2,116612.6,411.965,48039606.1656
2025-08-09 18:30:00,116612.6,116637.9,116475.0,116556.8,571.108,66565936.8584
2025-08-09 19:00:00,116556.8,116680.4,116459.9,116562.0,787.37,91785303.6428
2025-08-09 19:30:00,116562.0,116579.2,116435.0,116496.9,332.459,38731778.0474
2025-08-09 20:00:00,116496.9,116680.8,116438.4,116680.7,972.947,113391629.4967
2025-08-09 20:30:00,116680.7,116957.2,116655.1,116705.5,1403.358,163889997.1701
2025-08-09 21:00:00,116705.5,116745.3,116303.1,116348.2,1106.051,128864848.4834
2025-08-09 21:30:00,116348.2,116555.9,116323.8,116453.9,474.923,55298840.0068
2025-08-09 22:00:00,116453.9,116683.0,116427.8,116626.3,456.02,53154651.1699
2025-08-09 22:30:00,116626.3,116637.3,116443.8,116496.4,334.416,38972584.4801
2025-08-09 23:00:00,116496.4,116551.9,116394.8,116394.9,287.032,33427964.4982
2025-08-09 23:30:00,116394.9,116464.3,116381.0,116406.2,212.913,24787084.779
2025-08-10 00:00:00,116406.2,116576.1,116400.0,116517.3,381.676,44468580.4926
2025-08-10 00:30:00,116517.3,116708.6,116463.6,116704.1,793.405,92517830.34
2025-08-10 01:00:00,116704.1,116736.8,116543.5,116550.3,560.414,65349977.1221
2025-08-10 01:30:00,116550.3,116618.5,116483.7,116524.4,347.27,40476077.1218
2025-08-10 02:00:00,116524.4,116750.0,116524.4,116750.0,410.38,47866855.4968
2025-08-10 02:30:00,116750.0,117274.5,116713.1,117269.4,1989.108,232785737.6239
2025-08-10 03:00:00,117269.4,119433.6,117190.7,118345.7,13631.871,1610959806.7217
2025-08-10 03:30:00,118345.7,118489.0,118123.5,118488.9,3758.432,444681022.676
2025-08-10 04:00:00,118488.9,118728.5,118488.9,118627.9,2263.426,268492303.0586
2025-08-10 04:30:00,118627.9,118630.5,118383.6,118483.6,1199.715,142167042.7049
2025-08-10 05:00:00,118483.6,118503.0,117884.0,117884.1,1711.743,202273065.6336
2025-08-10 05:30:00,117884.1,118250.0,117884.0,118036.2,1374.939,162302263.0131
2025-08-10 06:00:00,118036.2,118156.0,117806.2,117831.0,925.238,109140844.9407
2025-08-10 06:30:00,117831.0,118133.3,117713.1,118043.9,1147.15,135258142.5922
2025-08-10 07:00:00,118043.9,118245.5,118038.1,118068.8,832.471,98354199.4957
2025-08-10 07:30:00,118068.8,118110.1,117431.0,117784.9,2996.931,352664210.3827
2025-08-10 08:00:00,117784.9,118156.3,117576.0,118118.6,1777.659,209581925.2003
2025-08-10 08:30:00,118118.6,118384.7,118075.3,118290.8,1142.892,135145181.7237
2025-08-10 09:00:00,118290.8,118394.6,118229.9,118267.6,642.43,76005380.7513
2025-08-10 09:30:00,118267.6,118424.3,118093.3,118266.7,724.822,85708558.5316
2025-08-10 10:00:00,118266.7,118281.3,118069.6,118158.6,414.434,48974555.0071
2025-08-10 10:30:00,118158.6,118239.6,117963.0,117988.0,963.842,113830747.4207
2025-08-10 11:00:00,117988.0,118274.0,117910.0,118270.1,695.431,82079001.9274
2025-08-10 11:30:00,118270.1,118491.0,118185.5,118324.0,1428.098,169032131.9424
2025-08-10 12:00:00,118324.0,118660.4,118221.0,118556.9,1729.089,204913228.9424
2025-08-10 12:30:00,118556.9,118739.4,118450.0,118500.1,1111.82,131877693.2391
2025-08-10 13:00:00,118500.1,118682.6,118371.5,118553.1,889.829,105451609.6925
2025-08-10 13:30:00,118553.1,118671.9,118340.0,118425.0,981.816,116355175.7968
2025-08-10 14:00:00,118425.0,118815.0,118295.5,118800.1,1275.855,151308205.5262
2025-08-10 14:30:00,118800.1,118845.3,118571.0,118765.6,1092.155,129658022.2642
2025-08-10 15:00:00,118765.6,119111.9,118600.1,118655.0,2548.391,302931037.9722
2025-08-10 15:30:00,118655.0,118863.6,118533.8,118776.2,1117.949,132693802.1044
2025-08-10 16:00:00,118776.2,118922.4,118640.7,118680.0,838.09,99561298.0342
2025-08-10 16:30:00,118680.0,118818.5,118590.6,118637.8,594.962,70610460.0942
2025-08-10 17:00:00,118637.8,118673.2,118416.7,118438.2,489.686,58043494.9907
2025-08-10 17:30:00,118438.2,118581.9,118438.1,118500.1,344.05,40778222.3909
2025-08-10 18:00:00,118500.1,118552.8,118404.0,118428.1,387.787,45938747.7017
2025-08-10 18:30:00,118428.1,118590.0,118417.2,118515.1,234.918,27844982.7874
2025-08-10 19:00:00,118515.1,118662.6,118426.5,118530.1,294.023,34857708.3675
2025-08-10 19:30:00,118530.1,118698.4,118499.4,118634.5,329.125,39041545.834
2025-08-10 20:00:00,118634.5,118662.0,118049.4,118254.8,2999.069,354618502.4744
2025-08-10 20:30:00,118254.8,118746.0,118254.8,118282.4,1837.007,217768952.2301
2025-08-10 21:00:00,118282.4,118447.7,118051.4,118181.4,1965.3,232337968.2539
2025-08-10 21:30:00,118181.4,118685.8,118101.0,118685.7,572.936,67781938.2815
2025-08-10 22:00:00,118685.7,118968.2,118577.2,118809.9,1568.833,186412244.4274
2025-08-10 22:30:00,118809.9,119055.6,118809.9,119055.6,694.206,82577962.6449
2025-08-10 23:00:00,119055.6,119228.9,118809.9,118993.2,1489.43,177290279.4575
2025-08-10 23:30:00,118993.2,119288.0,118967.1,119271.8,971.746,115829576.287
2025-08-11 00:00:00,119271.8,119532.1,119093.2,119400.0,2425.949,289436453.3995
2025-08-11 00:30:00,119400.0,119426.0,119072.9,119104.0,918.995,109572872.8185
2025-08-11 01:00:00,119104.0,119230.0,118964.7,119152.3,1109.51,132139345.1881
2025-08-11 01:30:00,119152.3,119989.8,119152.3,119989.7,4293.709,514066680.7935
2025-08-11 02:00:00,119989.7,122421.0,119902.8,121466.6,14551.456,1761515732.0623
2025-08-11 02:30:00,121466.6,121900.0,121321.5,121840.1,3082.844,375053027.9492
2025-08-11 03:00:00,121840.1,122151.1,121555.0,121742.1,3382.878,412149753.4185
2025-08-11 03:30:00,121742.1,121947.9,121540.0,121709.4,1838.768,223789450.2808
2025-08-11 04:00:00,121709.4,121911.3,121632.0,121700.2,1368.087,166578983.483
2025-08-11 04:30:00,121700.2,122186.4,121607.1,122064.8,3569.189,435094978.453
2025-08-11 05:00:00,122064.8,122350.2,121809.7,121964.2,2469.262,301549532.9252
2025-08-11 05:30:00,121964.2,122118.0,121811.0,122054.5,1109.852,135374022.0669
2025-08-11 06:00:00,122054.5,122138.9,121940.0,122084.0,1152.19,140628847.996
2025-08-11 06:30:00,122084.0,122335.5,122060.2,122296.2,1271.484,155393202.8659
2025-08-11 07:00:00,122296.2,122300.0,121856.0,121900.0,1420.351,173330410.7006
2025-08-11 07:30:00,121900.0,121956.0,121445.5,121530.2,2153.861,262085248.8504
2025-08-11 08:00:00,121530.2,121732.0,121177.8,121719.0,2768.682,336299604.3985
2025-08-11 08:30:00,121719.0,121819.1,121587.5,121667.0,939.922,114386199.9226
2025-08-11 09:00:00,121667.0,121710.5,121250.0,121286.3,1206.407,146500789.5198
2025-08-11 09:30:00,121286.3,121471.5,121104.0,121432.7,1558.649,189040195.5514
2025-08-11 10:00:00,121432.7,121458.6,121100.0,121277.8,1405.02,170367961.279
2025-08-11 10:30:00,121277.8,121298.0,120957.8,121169.9,1467.381,177701039.7512
2025-08-11 11:00:00,121169.9,121278.7,120502.0,120502.1,3320.314,401133453.6433
2025-08-11 11:30:00,120502.1,120800.6,120262.0,120540.3,4171.122,502746758.2412
2025-08-11 12:00:00,120540.3,120650.0,119965.0,120154.8,3351.231,402940649.2894
2025-08-11 12:30:00,120154.8,120275.6,119506.1,119638.0,5096.451,610537324.45
2025-08-11 13:00:00,119638.0,119748.2,119340.6,119520.0,3608.857,431363164.4926
2025-08-11 13:30:00,119520.0,120298.2,119461.4,119992.0,4817.885,577896348.7909
2025-08-11 14:00:00,119992.0,120223.5,119771.5,119871.8,1861.382,223403875.6341
2025-08-11 14:30:00,119871.8,120565.3,119836.3,120211.4,2845.37,342090984.2328
2025-08-11 15:00:00,120211.4,120336.3,119813.0,120080.1,1459.438,175251030.0086
2025-08-11 15:30:00,120080.1,120390.6,120055.1,120274.6,1401.215,168536357.4983
2025-08-11 16:00:00,120274.6,120768.0,120192.9,120508.1,2475.822,298514125.2263
2025-08-11 16:30:00,120508.1,120583.0,119851.1,119908.1,2536.526,304589457.3343
2025-08-11 17:00:00,119908.1,120120.0,119577.2,119760.2,1683.96,201735170.929
2025-08-11 17:30:00,119760.2,119851.5,119427.3,119470.7,2971.745,355450941.1231
2025-08-11 18:00:00,119470.7,119697.7,119219.8,119581.4,3131.687,374073259.1223
2025-08-11 18:30:00,119581.4,119857.2,119409.2,119753.9,2534.075,303249037.1891
2025-08-11 19:00:00,119753.9,119763.8,119450.0,119450.1,617.354,73813127.1806
2025-08-11 19:30:00,119450.1,119454.0,118576.0,119052.9,6289.751,748304340.3921
2025-08-11 20:00:00,119052.9,119074.1,118570.0,118840.6,1745.643,207279900.9742
2025-08-11 20:30:00,118840.6,119075.3,118801.0,118816.6,1151.439,136941870.0879
2025-08-11 21:00:00,118816.6,119175.3,118760.0,119015.5,1012.16,120414143.4758
2025-08-11 21:30:00,119015.5,119015.5,117855.3,118700.0,4749.99,562294466.2893
2025-08-11 22:00:00,118700.0,118746.0,118258.9,118516.3,1615.928,191493901.5939
2025-08-11 22:30:00,118516.3,118915.3,118324.2,118878.0,997.235,118360761.1902
2025-08-11 23:00:00,118878.0,118894.5,118640.1,118670.1,616.077,73188223.474
2025-08-11 23:30:00,118670.1,118819.0,118560.1,118679.2,698.736,82943712.8913
2025-08-12 00:00:00,118679.2,118981.0,118575.6,118860.5,1241.689,147518347.3334
2025-08-12 00:30:00,118860.5,119024.4,118633.8,118940.3,879.223,104482440.2344
2025-08-12 01:00:00,118940.3,119110.8,118745.6,119025.9,984.516,117116725.0138
2025-08-12 01:30:00,119025.9,119053.0,118892.4,118944.1,504.715,60055119.88
2025-08-12 02:00:00,118944.1,119130.0,118809.0,119100.1,615.72,73255550.2646
2025-08-12 02:30:00,119100.1,119277.0,119022.4,119034.1,596.471,71071520.6854
2025-08-12 03:00:00,119034.1,119067.0,118833.4,118925.7,510.656,60738737.2677
2025-08-12 03:30:00,118925.7,119117.1,118724.5,118844.7,534.522,63554498.2455
2025-08-12 04:00:00,118844.7,119027.2,118781.0,119027.2,326.998,38884147.8941
2025-08-12 04:30:00,119027.2,119144.4,118932.2,119029.9,885.331,105410046.0052
2025-08-12 05:00:00,119029.9,119029.9,118586.1,118599.8,1634.19,194087298.1588
2025-08-12 05:30:00,118599.8,118797.2,118403.0,118797.2,1153.26,136729442.7492
2025-08-12 06:00:00,118797.2,119000.0,118565.7,118965.4,964.181,114559087.2463
2025-08-12 06:30:00,118965.4,118983.0,118787.0,118811.3,441.718,52517826.5868
2025-08-12 07:00:00,118811.3,119100.0,118811.3,119087.2,779.318,92775851.6601
2025-08-12 07:30:00,119087.2,119087.2,118918.9,118948.0,578.142,68792455.2424
2025-08-12 08:00:00,118948.0,118985.6,118756.0,118793.0,638.355,75881534.8857
2025-08-12 08:30:00,118793.0,119017.9,118709.4,118773.3,521.55,61984055.4538
2025-08-12 09:00:00,118773.3,118860.0,118500.0,118651.3,1047.605,124286784.7039
2025-08-12 09:30:00,118651.3,118654.4,118357.9,118377.0,928.427,110011566.0995
2025-08-12 10:00:00,118377.0,118551.9,118150.0,118482.5,1682.659,199079627.2782
2025-08-12 10:30:00,118482.5,118617.3,118308.1,118408.9,1711.384,202711771.0868
2025-08-12 11:00:00,118408.9,118484.2,118152.3,118442.3,1715.462,202983927.7896
2025-08-12 11:30:00,118442.3,118605.0,118290.7,118457.9,1205.714,142796876.4325
2025-08-12 12:00:00,118457.9,118550.0,118205.5,118408.4,1738.311,205747230.6593
2025-08-12 12:30:00,118408.4,119200.0,118408.4,119199.9,9382.709,1116077112.5567
2025-08-12 13:00:00,119199.9,119243.7,118746.0,119140.1,2120.727,252414736.8895
2025-08-12 13:30:00,119140.1,119647.0,118533.0,118800.0,9297.408,1106391714.2203
2025-08-12 14:00:00,118800.0,119233.0,118709.4,119147.6,3285.43,391160521.2295
2025-08-12 14:30:00,119147.6,119390.0,118904.4,119390.0,1636.521,195055429.5276
2025-08-12 15:00:00,119390.0,119715.7,119251.3,119715.6,2576.01,307822460.4529
2025-08-12 15:30:00,119715.6,119912.1,119537.1,119888.2,2927.842,350616941.6229
2025-08-12 16:00:00,119888.2,120143.0,119541.6,119675.4,2528.215,303029334.7349
2025-08-12 16:30:00,119675.4,119692.4,119465.4,119620.4,1161.738,138901348.8528
2025-08-12 17:00:00,119620.4,119836.0,119248.4,119377.9,1999.132,238992357.2407
2025-08-12 17:30:00,119377.9,119522.4,119120.2,119236.8,1843.644,220017889.1227
2025-08-12 18:00:00,119236.8,120054.2,119230.9,119735.9,1981.788,237315444.3687
2025-08-12 18:30:00,119735.9,119794.8,119188.8,119294.2,1455.501,173833456.8051
2025-08-12 19:00:00,119294.2,119828.1,119250.0,119766.3,938.671,112244757.3647
2025-08-12 19:30:00,119766.3,119919.0,119580.3,119610.6,671.278,80384647.3843
2025-08-12 20:00:00,119610.6,119996.6,119430.0,119777.7,1121.083,134255817.621
2025-08-12 20:30:00,119777.7,120280.0,119769.2,120153.8,3388.218,406947387.1705
2025-08-12 21:00:00,120153.8,120174.7,119803.4,120067.1,1214.864,145784492.9927
2025-08-12 21:30:00,120067.1,120067.1,119756.6,119875.4,1196.378,143461523.413
2025-08-12 22:00:00,119875.4,119992.3,119599.9,119744.3,1882.827,225435950.7976
2025-08-12 22:30:00,119744.3,120067.7,119734.1,120065.9,799.496,95842857.7563
2025-08-12 23:00:00,120065.9,120194.5,119872.6,120144.5,1010.931,121336966.9859
2025-08-12 23:30:00,120144.5,120270.0,120007.7,120090.5,988.73,118796337.2068
2025-08-13 00:00:00,120090.5,120165.8,119882.0,119916.0,906.282,108783364.6254
2025-08-13 00:30:00,119916.0,120014.2,119614.6,119677.4,1362.658,163256377.516
2025-08-13 01:00:00,119677.4,119690.0,119212.6,119483.9,3292.831,393321084.4961
2025-08-13 01:30:00,119483.9,119541.9,119350.0,119441.3,535.339,63941705.9087
2025-08-13 02:00:00,119441.3,119441.3,118974.1,119241.1,2706.486,322481521.8291
2025-08-13 02:30:00,119241.1,119708.9,119241.1,119521.3,1893.213,226240159.6919
2025-08-13 03:00:00,119521.3,119616.9,119277.0,119395.3,1530.302,182761829.0541
2025-08-13 03:30:00,119395.3,119609.4,119328.4,119460.7,911.192,108870769.3929
2025-08-13 04:00:00,119460.7,119822.3,119440.6,119575.2,1094.95,131016624.2574
2025-08-13 04:30:00,119575.2,119675.1,119301.7,119318.3,1905.512,227565511.939
2025-08-13 05:00:00,119318.3,119675.2,119300.9,119596.1,836.744,99983026.4341
2025-08-13 05:30:00,119596.1,119605.0,118900.5,119050.1,2166.127,258065005.8594
2025-08-13 06:00:00,119050.1,119274.6,118924.4,119165.3,903.353,107609074.8724
2025-08-13 06:30:00,119165.3,119416.7,119101.4,119406.9,688.989,82196596.6366
2025-08-13 07:00:00,119406.9,119488.3,119299.2,119402.1,725.569,86634230.7647
2025-08-13 07:30:00,119402.1,119617.9,119262.3,119555.9,1073.773,128242522.9142
2025-08-13 08:00:00,119555.9,119864.9,119423.0,119808.1,1856.486,222227951.1158
2025-08-13 08:30:00,119808.1,120050.1,119802.6,120050.0,1165.943,139805220.8807
2025-08-13 09:00:00,120050.0,120166.6,119786.0,119866.5,1642.412,197087917.3221
2025-08-13 09:30:00,119866.5,120177.9,119866.4,120132.5,1191.081,142972949.8167
2025-08-13 10:00:00,120132.5,120488.0,120050.0,120385.7,2676.194,322006004.1791
2025-08-13 10:30:00,120385.7,120500.0,120372.0,120496.9,976.926,117665150.0104
2025-08-13 11:00:00,120496.9,120740.3,120433.3,120671.8,1809.812,218276281.9931
2025-08-13 11:30:00,120671.8,120747.0,120572.2,120572.2,1018.061,122859597.4415
2025-08-13 12:00:00,120572.2,120700.0,120359.6,120546.2,1444.605,174114550.058
2025-08-13 12:30:00,120546.2,120650.0,120165.9,120294.0,2645.187,318465849.6583
2025-08-13 13:00:00,120294.0,120775.6,120211.7,120645.0,2357.115,284021706.2164
2025-08-13 13:30:00,120645.0,122090.0,120115.8,121786.0,11477.927,1391667237.9113
2025-08-13 14:00:00,121786.0,122239.3,121394.3,121692.8,9469.506,1154339746.3049
2025-08-13 14:30:00,121692.8,121919.9,120760.0,120880.1,5821.805,705757052.9318
2025-08-13 15:00:00,120880.1,121247.2,120318.1,120570.2,4073.359,492089537.0502
2025-08-13 15:30:00,120570.2,121355.0,120441.2,120920.7,3520.481,426053623.4854
2025-08-13 16:00:00,120920.7,121751.1,120920.7,121530.1,2839.39,345018916.8463
2025-08-13 16:30:00,121530.1,121698.4,121181.5,121433.1,1818.974,220842131.9284
2025-08-13 17:00:00,121433.1,121841.8,121406.3,121773.3,1472.476,179165167.2267
2025-08-13 17:30:00,121773.3,121850.0,121501.0,121791.7,1374.436,167269935.3564
2025-08-13 18:00:00,121791.7,121964.4,121553.7,121606.8,1727.563,210356210.0527
2025-08-13 18:30:00,121606.8,121871.8,121401.3,121602.7,1541.376,187404476.4685
2025-08-13 19:00:00,121602.7,122539.4,121472.2,122376.1,3971.817,485194252.4521
2025-08-13 19:30:00,122376.1,122856.0,122200.0,122748.9,3655.381,447990605.5864
2025-08-13 20:00:00,122748.9,122886.0,122460.0,122617.3,2481.314,304467994.6892
2025-08-13 20:30:00,122617.3,122998.1,122610.6,122924.1,1778.979,218559042.4543
2025-08-13 21:00:00,122924.1,123128.7,122672.3,122684.7,2488.789,305797470.441
2025-08-13 21:30:00,122684.7,122844.9,122302.1,122574.5,1955.435,239724200.768
2025-08-13 22:00:00,122574.5,123098.0,122556.6,122961.0,1745.774,214517286.6709
2025-08-13 22:30:00,122961.0,123659.2,122900.0,122971.0,5551.422,684586751.3454
2025-08-13 23:00:00,122971.0,123364.0,122930.0,123351.5,1687.419,207743231.5035
2025-08-13 23:30:00,123351.5,123742.2,123340.0,123348.0,2181.309,269457799.4022
2025-08-14 00:00:00,123348.0,124409.9,123298.4,124308.1,4406.393,545902339.11
2025-08-14 00:30:00,124308.1,124571.2,123516.7,123889.2,4501.573,558356151.8557
2025-08-14 01:00:00,123889.2,123984.4,123390.4,123614.0,1844.683,228136934.2587
2025-08-14 01:30:00,123614.0,123842.2,123375.0,123383.6,741.265,91616604.7658
2025-08-14 02:00:00,123383.6,123637.7,123307.7,123369.2,1318.148,162732715.7417
2025-08-14 02:30:00,123369.2,123768.5,123351.0,123719.0,1183.67,146308473.5702
2025-08-14 03:00:00,123719.0,123930.0,123592.5,123623.1,1449.104,179324604.7416
2025-08-14 03:30:00,123623.1,123657.3,123343.3,123400.2,696.16,85975397.5552
2025-08-14 04:00:00,123400.2,123500.0,123193.8,123401.4,906.463,111810243.5702
2025-08-14 04:30:00,123401.4,123419.5,123045.3,123068.3,1940.592,239042573.4845
2025-08-14 05:00:00,123068.3,123206.4,122762.0,122767.3,1431.48,176037015.4796
2025-08-14 05:30:00,122767.3,122875.2,122116.9,122203.8,3937.507,482244300.4486
2025-08-14 06:00:00,122203.8,122203.9,121354.6,121648.1,5873.788,715409056.6409
2025-08-14 06:30:00,121648.1,122016.0,121645.6,121826.2,2633.65,320956801.6872
2025-08-14 07:00:00,121826.2,121987.5,121572.4,121656.1,1790.173,217934883.1652
2025-08-14 07:30:00,121656.1,122144.8,121656.0,121772.0,1939.266,236422634.8077
2025-08-14 08:00:00,121772.0,122067.4,121612.5,122030.8,1057.405,128832219.6231
2025-08-14 08:30:00,122030.8,122030.8,121566.3,121658.2,1089.197,132610228.5802
2025-08-14 09:00:00,121658.2,121942.0,121513.5,121830.1,1361.078,165694731.8514
2025-08-14 09:30:00,121830.1,121835.1,121586.3,121651.7,1087.432,132305374.5013
2025-08-14 10:00:00,121651.7,121799.5,121440.4,121537.5,1315.117,159885370.0106
2025-08-14 10:30:00,121537.5,121690.7,120750.0,120957.2,4814.236,583016552.4324
2025-08-14 11:00:00,120957.2,121057.2,120721.3,120884.0,2778.318,335848795.5262
2025-08-14 11:30:00,120884.0,120974.4,120700.0,120974.4,1374.679,166110029.4963
2025-08-14 12:00:00,120974.4,121173.0,120436.6,121158.0,5743.654,693899982.4914
2025-08-14 12:30:00,121158.0,121159.6,117224.6,118863.2,28411.569,3384951480.8969
2025-08-14 13:00:00,118863.2,119280.6,118027.3,118247.6,9513.35,1128070920.498
2025-08-14 13:30:00,118247.6,118865.7,117712.1,118408.5,6122.895,724534120.6261
2025-08-14 14:00:00,118408.5,118863.0,117976.3,118845.5,3143.017,371899587.6127
2025-08-14 14:30:00,118845.5,119350.0,118688.7,118783.7,3949.316,470094750.8707
2025-08-14 15:00:00,118783.7,118877.9,118013.0,118121.3,3553.193,420823123.6868
2025-08-14 15:30:00,118121.3,118266.7,117822.6,118199.4,3927.16,463670720.862
2025-08-14 16:00:00,118199.4,118212.9,117360.9,117607.1,4892.707,575802967.9085
2025-08-14 16:30:00,117607.1,117967.3,117325.2,117816.9,2522.936,296915539.328
2025-08-14 17:00:00,117816.9,118113.0,117450.0,118077.1,1736.595,204486199.0156
2025-08-14 17:30:00,118077.1,118103.1,117511.2,117876.8,1068.367,125820947.9499
2025-08-14 18:00:00,117876.8,117902.0,117117.0,117807.9,2700.781,317301321.367
2025-08-14 18:30:00,117807.9,118209.4,117760.3,118056.9,1304.594,153941426.0313
2025-08-14 19:00:00,118056.9,118394.5,117950.0,118252.9,1333.178,157576035.4479
2025-08-14 19:30:00,118252.9,118496.4,117856.0,117915.4,2019.756,238706057.6296
2025-08-14 20:00:00,117915.4,118101.3,117660.7,118085.1,1877.444,221226566.4974
2025-08-14 20:30:00,118085.1,118100.6,117676.5,117806.3,867.635,102263060.4693
2025-08-14 21:00:00,117806.3,118158.6,117509.8,117569.8,1450.695,170915929.9197
2025-08-14 21:30:00,117569.8,117894.0,117241.3,117844.8,2364.216,277890717.777
2025-08-14 22:00:00,117844.8,118181.6,117570.2,118172.3,970.343,114452735.8628
2025-08-14 22:30:00,118172.3,118315.2,118052.3,118226.2,708.279,83703735.0166
2025-08-14 23:00:00,118226.2,118472.6,118180.0,118465.0,871.641,103163146.1443
2025-08-14 23:30:00,118465.0,118486.1,118200.0,118250.1,759.739,89933647.8662
2025-08-15 00:00:00,118250.1,118432.9,118144.4,118184.5,671.428,79418672.5903
2025-08-15 00:30:00,118184.5,118458.8,117993.1,118142.5,1176.949,139164297.7337
2025-08-15 01:00:00,118142.5,118399.4,117977.9,118365.5,476.561,56301776.5533
2025-08-15 01:30:00,118365.5,118701.7,118267.8,118630.3,1043.263,123669268.8881
2025-08-15 02:00:00,118630.3,118777.4,118540.1,118747.1,523.682,62148137.7342
2025-08-15 02:30:00,118747.1,118873.6,118611.0,118663.1,772.398,91725076.3626
2025-08-15 03:00:00,118663.1,118977.0,118557.2,118968.3,573.841,68179967.5006
2025-08-15 03:30:00,118968.3,119050.0,118838.7,118933.2,612.189,72821300.7149
2025-08-15 04:00:00,118933.2,119144.4,118876.9,119143.8,902.237,107410427.8196
2025-08-15 04:30:00,119143.8,119166.7,118738.3,118803.0,741.241,88152605.0554
2025-08-15 05:00:00,118803.0,118932.6,118586.6,118721.4,1120.828,133097720.823
2025-08-15 05:30:00,118721.4,118979.0,118623.6,118942.6,624.06,74116544.5219
2025-08-15 06:00:00,118942.6,119186.9,118831.6,119066.9,1666.853,198419227.0413
2025-08-15 06:30:00,119066.9,119208.0,119034.0,119064.7,681.132,81153238.3432
2025-08-15 07:00:00,119064.7,119089.5,118766.8,118865.1,648.517,77120614.7226
2025-08-15 07:30:00,118865.1,118945.4,118730.4,118942.3,810.688,96317517.3727
2025-08-15 08:00:00,118942.3,119095.9,118864.3,119060.5,487.077,57959941.436
2025-08-15 08:30:00,119060.5,119150.0,118850.4,118859.4,478.575,56962325.4457
2025-08-15 09:00:00,118859.4,119040.1,118700.0,118718.8,1062.008,126188072.2146
2025-08-15 09:30:00,118718.8,118888.0,118600.0,118693.4,1265.388,150227854.3135
2025-08-15 10:00:00,118693.4,119013.9,118693.4,118950.1,603.925,71790868.6265
2025-08-15 10:30:00,118950.1,119004.2,118850.0,118850.0,315.871,37561127.5247
2025-08-15 11:00:00,118850.0,119074.4,118850.0,118982.2,633.702,75416080.2627
2025-08-15 11:30:00,118982.2,119069.0,118953.8,118973.8,638.818,76036483.2216
2025-08-15 12:00:00,118973.8,119080.0,118626.7,118636.9,1375.397,163488013.1746
2025-08-15 12:30:00,118636.9,119100.0,118431.5,118611.4,3299.961,391814614.863
2025-08-15 13:00:00,118611.4,118706.2,118272.6,118428.9,2137.407,253138992.2089
2025-08-15 13:30:00,118428.9,118496.2,117660.9,117724.0,4481.145,528923163.8147
2025-08-15 14:00:00,117724.0,118240.0,117600.0,117849.8,3248.313,383050300.9703
2025-08-15 14:30:00,117849.8,117982.6,117200.0,117359.9,3520.669,413563059.5531
2025-08-15 15:00:00,117359.9,117541.1,116873.7,117000.0,5187.87,607866472.119
2025-08-15 15:30:00,117000.0,117350.0,116727.1,117224.6,3812.326,446212576.5152
2025-08-15 16:00:00,117224.6,117321.7,116719.3,116992.0,2958.245,345989029.7273
2025-08-15 16:30:00,116992.0,117353.0,116972.3,117295.6,1177.918,138058626.9519
2025-08-15 17:00:00,117295.6,117617.2,116922.5,117478.5,1485.832,174304728.8328
2025-08-15 17:30:00,117478.5,117827.0,117333.4,117530.3,1962.091,230702635.8262
2025-08-15 18:00:00,117530.3,117602.7,117218.3,117272.6,784.11,92019696.9298
2025-08-15 18:30:00,117272.6,117398.6,116966.9,117105.7,1281.633,150149467.5441
2025-08-15 19:00:00,117105.7,117369.7,116943.6,117073.3,1556.376,182335800.3901
2025-08-15 19:30:00,117073.3,117143.3,116785.6,116875.5,1561.159,182529845.6832
2025-08-15 20:00:00,116875.5,117150.0,116780.1,117116.8,854.911,100000320.7366
2025-08-15 20:30:00,117116.8,117279.3,117109.2,117210.0,476.398,55837063.4886
2025-08-15 21:00:00,117210.0,117314.1,116881.8,117194.0,1245.381,145837381.6912
2025-08-15 21:30:00,117194.0,117266.6,117058.7,117266.5,507.813,59496590.1499
2025-08-15 22:00:00,117266.5,117329.9,117226.7,117321.6,387.392,45438246.691
2025-08-15 22:30:00,117321.6,117715.7,117310.7,117652.0,2024.809,238000536.5628
2025-08-15 23:00:00,117652.0,117725.8,116972.8,117122.1,1595.028,187118051.5139
2025-08-15 23:30:00,117122.1,117295.7,117026.0,117280.8,486.94,57037667.1894
2025-08-16 00:00:00,117280.8,117520.8,117177.5,117431.1,690.871,81085655.9923
2025-08-16 00:30:00,117431.1,117744.0,117423.3,117695.3,604.34,71079890.4782
2025-08-16 01:00:00,117695.3,117776.6,117565.3,117666.6,668.443,78644369.9348
2025-08-16 01:30:00,117666.6,117857.2,117645.3,117777.4,522.708,61559185.6901
2025-08-16 02:00:00,117777.4,117777.5,117513.5,117572.4,495.858,58323514.6901
2025-08-16 02:30:00,117572.4,117609.2,117385.1,117450.0,502.458,59036744.5816
2025-08-16 03:00:00,117450.0,117621.7,117363.8,117581.3,460.826,54177384.5338
2025-08-16 03:30:00,117581.3,117581.3,117335.3,117390.2,304.768,35803988.2425
2025-08-16 04:00:00,117390.2,117773.8,117360.7,117750.6,351.868,41360267.9913
2025-08-16 04:30:00,117750.6,117841.3,117650.1,117781.6,357.825,42137977.8259
2025-08-16 05:00:00,117781.6,117814.8,117500.4,117534.0,355.854,41853492.103
2025-08-16 05:30:00,117534.0,117605.8,117428.1,117555.0,516.762,60728580.5649
2025-08-16 06:00:00,117555.0,117599.0,117320.0,117393.7,610.383,71672981.6572
2025-08-16 06:30:00,117393.7,117431.0,117234.0,117335.7,525.992,61708115.1114
2025-08-16 07:00:00,117335.7,117486.4,117285.5,117463.9,241.842,28393829.4363
2025-08-16 07:30:00,117463.9,117636.6,117448.2,117547.6,416.455,48958822.4227
2025-08-16 08:00:00,117547.6,117549.1,117433.1,117466.9,400.032,47003857.8196
2025-08-16 08:30:00,117466.9,117629.8,117466.8,117566.6,151.707,17835353.705
2025-08-16 09:00:00,117566.6,117658.4,117495.6,117616.0,266.616,31354095.0131
2025-08-16 09:30:00,117616.0,117649.8,117236.9,117253.4,620.118,72829590.4295
2025-08-16 10:00:00,117253.4,117398.0,117069.7,117276.5,1564.7,183436092.1872
2025-08-16 10:30:00,117276.5,117357.2,117168.8,117334.4,388.086,45517404.7438
2025-08-16 11:00:00,117334.4,117487.0,117334.3,117439.2,369.323,43366489.0978
2025-08-16 11:30:00,117439.2,117439.2,117301.0,117340.0,391.862,45993787.5911
2025-08-16 12:00:00,117340.0,117470.6,117265.3,117470.6,400.597,47009944.3234
2025-08-16 12:30:00,117470.6,117698.8,117470.5,117689.5,951.6,111919640.4476
2025-08-16 13:00:00,117689.5,117755.0,117592.6,117700.3,671.884,79070659.8595
2025-08-16 13:30:00,117700.3,117742.4,117534.1,117583.5,314.889,37040908.6842
2025-08-16 14:00:00,117583.5,117727.1,117486.8,117700.1,377.728,44422295.9687
2025-08-16 14:30:00,117700.1,117734.8,117587.2,117717.1,233.88,27522966.1633
2025-08-16 15:00:00,117717.1,117779.4,117610.9,117713.9,354.577,41732841.5977
2025-08-16 15:30:00,117713.9,117722.0,117550.3,117627.7,190.942,22461000.6897
2025-08-16 16:00:00,117627.7,117765.8,117627.7,117756.5,272.908,32125937.2405
2025-08-16 16:30:00,117756.5,117770.5,117650.6,117698.8,191.018,22483083.5371
2025-08-16 17:00:00,117698.8,117706.1,117578.1,117667.2,254.295,29914783.1692
2025-08-16 17:30:00,117667.2,117681.7,117581.4,117639.3,149.319,17564383.6707
2025-08-16 18:00:00,117639.3,117712.5,117603.7,117655.0,142.982,16821794.3036
2025-08-16 18:30:00,117655.0,117660.6,117552.3,117640.3,153.07,18003217.3096
2025-08-16 19:00:00,117640.3,117649.1,117554.0,117646.3,363.168,42709160.017
2025-08-16 19:30:00,117646.3,117729.1,117595.9,117603.0,363.503,42766426.0894
2025-08-16 20:00:00,117603.0,117662.8,117428.1,117590.0,308.209,36229277.6228
2025-08-16 20:30:00,117590.0,117661.1,117554.3,117604.6,144.167,16954237.9086
2025-08-16 21:00:00,117604.6,117604.6,117508.3,117536.5,303.346,35650519.3867
2025-08-16 21:30:00,117536.5,117536.5,117350.0,117380.0,384.131,45106079.371
2025-08-16 22:00:00,117380.0,117412.5,117156.9,117378.1,659.66,77378747.4656
2025-08-16 22:30:00,117378.1,117495.6,117362.2,117400.1,382.196,44887878.095
2025-08-16 23:00:00,117400.1,117414.9,117225.7,117225.7,330.942,38822311.4587
2025-08-16 23:30:00,117225.7,117412.9,117214.8,117327.7,353.174,41425815.1938
2025-08-17 00:00:00,117327.7,117327.7,117214.3,117290.0,290.669,34087954.2195
2025-08-17 00:30:00,117290.0,117372.0,117168.0,117186.2,461.644,54130079.262
2025-08-17 01:00:00,117186.2,117280.0,117101.0,117249.4,398.873,46742130.5055
2025-08-17 01:30:00,117249.4,117435.3,117236.0,117380.0,373.399,43819640.9169
2025-08-17 02:00:00,117380.0,117495.2,117320.6,117495.1,311.002,36519538.0876
2025-08-17 02:30:00,117495.1,117575.0,117384.0,117543.3,324.532,38129099.7395
2025-08-17 03:00:00,117543.3,117575.3,117451.5,117530.1,230.552,27088996.2588
2025-08-17 03:30:00,117530.1,117708.0,117501.7,117628.3,456.212,53662499.4041
2025-08-17 04:00:00,117628.3,117723.6,117628.3,117723.6,296.718,34919200.725
2025-08-17 04:30:00,117723.6,118149.9,117723.6,118033.8,1438.86,169707994.8254
2025-08-17 05:00:00,118033.8,118212.1,117973.6,118089.0,751.879,88796179.8517
2025-08-17 05:30:00,118089.0,118100.0,117950.0,117956.2,344.485,40646385.0291
2025-08-17 06:00:00,117956.2,118063.6,117956.2,118036.8,197.628,23323593.6037
2025-08-17 06:30:00,118036.8,118036.9,117860.0,117882.2,504.655,59502790.4977
2025-08-17 07:00:00,117882.2,117996.6,117795.6,117900.1,505.376,59581401.8616
2025-08-17 07:30:00,117900.1,117953.7,117836.0,117944.9,216.556,25532289.8509
2025-08-17 08:00:00,117944.9,117990.0,117863.0,117948.7,246.002,29007458.7738
2025-08-17 08:30:00,117948.7,118340.0,117939.0,118321.1,793.77,93815654.6192
2025-08-17 09:00:00,118321.1,118431.5,118182.0,118297.0,970.623,114820642.7402
2025-08-17 09:30:00,118297.0,118346.3,118175.1,118283.0,451.354,53370541.2917
2025-08-17 10:00:00,118283.0,118289.2,118126.3,118164.0,245.029,28962552.9399
2025-08-17 10:30:00,118164.0,118338.5,118126.4,118338.4,253.924,30022613.2492
2025-08-17 11:00:00,118338.4,118339.6,118197.6,118293.1,211.773,25048075.0281
2025-08-17 11:30:00,118293.1,118325.8,118221.8,118258.1,153.629,18170326.2638
2025-08-17 12:00:00,118258.1,118311.7,118152.6,118206.4,384.348,45442426.1936
2025-08-17 12:30:00,118206.4,118247.4,118083.4,118116.8,372.075,43966367.6372
2025-08-17 13:00:00,118116.8,118136.8,117983.0,118132.6,981.371,115856231.6969
2025-08-17 13:30:00,118132.6,118585.7,118112.8,118394.0,1628.793,192817069.5028
2025-08-17 14:00:00,118394.0,118430.0,118042.0,118191.5,1175.824,138948495.2398
2025-08-17 14:30:00,118191.5,118264.0,118087.0,118113.8,614.404,72597320.6259
2025-08-17 15:00:00,118113.8,118209.7,118076.2,118092.6,246.54,29125521.8415
2025-08-17 15:30:00,118092.6,118225.9,118092.5,118199.6,314.911,37211427.7237
2025-08-17 16:00:00,118199.6,118274.8,117900.3,118010.0,948.654,111995508.7309
2025-08-17 16:30:00,118010.0,118076.1,117647.7,117786.1,1270.697,149735612.0007
2025-08-17 17:00:00,117786.1,117843.3,117541.9,117764.4,773.853,91102922.8638
2025-08-17 17:30:00,117764.4,117912.2,117764.3,117860.1,778.843,91792454.5348
2025-08-17 18:00:00,117860.1,117940.0,117688.5,117770.8,666.374,78538578.5708
2025-08-17 18:30:00,117770.8,117803.3,117265.0,117511.0,1247.076,146496179.7431
2025-08-17 19:00:00,117511.0,117718.8,117415.0,117715.0,447.14,52580909.394
2025-08-17 19:30:00,117715.0,117715.0,117420.9,117545.1,395.629,46503706.522
2025-08-17 20:00:00,117545.1,117672.5,117473.3,117599.2,414.24,48702039.7136
2025-08-17 20:30:00,117599.2,117718.3,117545.0,117547.9,171.186,20139053.9433
2025-08-17 21:00:00,117547.9,117680.1,117547.9,117619.4,277.539,32640344.3596
2025-08-17 21:30:00,117619.4,117754.9,117563.1,117666.8,294.663,34665861.6679
2025-08-17 22:00:00,117666.8,117878.3,117630.6,117722.9,1108.911,130587992.2828
2025-08-17 22:30:00,117722.9,117957.0,117707.7,117904.4,391.937,46198649.254
2025-08-17 23:00:00,117904.4,117936.7,117426.4,117517.0,721.66,84891564.0007
2025-08-17 23:30:00,117517.0,117565.4,117312.6,117355.6,538.716,63262613.281
2025-08-18 00:00:00,117355.6,117509.6,117038.8,117105.8,1213.928,142338927.7494
2025-08-18 00:30:00,117105.8,117331.0,116966.0,117249.9,925.736,108444372.036
2025-08-18 01:00:00,117249.9,117374.9,116635.0,116635.0,1782.781,208501341.5576
2025-08-18 01:30:00,116635.0,116887.2,116147.3,116230.0,5372.586,625759878.6758
2025-08-18 02:00:00,116230.0,116296.0,115699.2,115747.9,4639.713,537859624.5166
2025-08-18 02:30:00,115747.9,116045.1,115234.4,115400.1,4798.463,554569056.8978
2025-08-18 03:00:00,115400.1,115591.1,115275.2,115320.4,1264.488,145938343.4713
2025-08-18 03:30:00,115320.4,115392.3,114936.8,115268.6,3234.022,372421627.897
2025-08-18 04:00:00,115268.6,115420.0,115032.5,115398.9,1052.44,121281712.1367
2025-08-18 04:30:00,115398.9,115495.4,115345.5,115432.9,855.876,98780653.1223
2025-08-18 05:00:00,115432.9,115655.0,115432.9,115530.4,808.051,93377184.1301
2025-08-18 05:30:00,115530.4,115650.0,114909.1,115650.0,1833.602,211351325.6301
2025-08-18 06:00:00,115650.0,115672.0,115000.0,115155.6,1943.415,224002774.4779
2025-08-18 06:30:00,115155.6,115328.1,114828.9,115210.9,2112.873,243064137.8223
2025-08-18 07:00:00,115210.9,115440.2,115167.7,115315.5,993.513,114558947.0964
2025-08-18 07:30:00,115315.5,115422.7,115132.7,115155.6,708.034,81619911.0494
2025-08-18 08:00:00,115155.6,115339.5,115022.0,115300.0,796.197,91694524.8982
2025-08-18 08:30:00,115300.0,115362.8,115058.9,115090.1,499.886,57591303.807
2025-08-18 09:00:00,115090.1,115100.0,114599.1,114635.3,2693.367,309182680.9765
2025-08-18 09:30:00,114635.3,115089.9,114577.7,114986.6,2391.542,274697767.3618
2025-08-18 10:00:00,114986.6,115228.5,114926.5,114939.7,789.535,90857655.2591
2025-08-18 10:30:00,114939.7,115220.2,114939.2,115008.5,403.202,46408463.1818
2025-08-18 11:00:00,115008.5,115091.0,114870.6,114950.0,435.583,50082203.2369
2025-08-18 11:30:00,114950.0,114975.2,114804.6,114893.0,656.114,75390938.6456
2025-08-18 12:00:00,114893.0,115145.5,114843.8,115083.6,890.02,102397547.4991
2025-08-18 12:30:00,115083.6,115488.6,115022.6,115469.7,1294.096,149127259.905
2025-08-18 13:00:00,115469.7,115644.0,115372.5,115599.9,1606.445,185551737.2186
2025-08-18 13:30:00,115599.9,115697.8,114719.6,114785.3,3007.068,346492673.4483
2025-08-18 14:00:00,114785.3,115465.6,114778.6,115312.5,1988.324,228812137.5313
2025-08-18 14:30:00,115312.5,115590.0,114850.0,115590.0,1758.835,202673439.6025
2025-08-18 15:00:00,115590.0,115686.8,115350.0,115570.3,912.056,105359196.1157
2025-08-18 15:30:00,115570.3,116120.0,115489.3,116082.5,2551.64,295685585.4479
2025-08-18 16:00:00,116082.5,116299.8,115925.7,115979.9,2482.307,288230593.8231
2025-08-18 16:30:00,115979.9,116197.6,115745.9,115902.6,1446.349,167711095.811
2025-08-18 17:00:00,115902.6,116650.0,115902.6,116479.9,2189.101,254721010.5692
2025-08-18 17:30:00,116479.9,116761.4,116360.5,116365.6,2651.578,309170019.0301
2025-08-18 18:00:00,116365.6,116417.2,116144.7,116312.5,1076.046,125142159.865
2025-08-18 18:30:00,116312.5,116554.7,116309.3,116439.9,703.157,81877198.9674
2025-08-18 19:00:00,116439.9,116619.7,116134.6,116294.1,1534.215,178533747.9491
2025-08-18 19:30:00,116294.1,116355.2,116155.5,116263.9,593.624,69002310.8144
2025-08-18 20:00:00,116263.9,116468.4,116178.4,116468.4,355.955,41410930.922
2025-08-18 20:30:00,116468.4,116498.6,115924.7,116348.6,1244.135,144519355.6402
2025-08-18 21:00:00,116348.6,116642.7,116341.4,116588.7,563.812,65685222.365
2025-08-18 21:30:00,116588.7,116617.1,116379.5,116605.0,491.708,57291190.4047
2025-08-18 22:00:00,116605.0,116945.3,116605.0,116870.6,1774.536,207310324.1479
2025-08-18 22:30:00,116870.6,116899.1,116319.5,116349.9,868.102,101209695.9169
2025-08-18 23:00:00,116349.9,116502.2,116210.6,116223.9,602.445,70085114.8773
2025-08-18 23:30:00,116223.9,116288.0,116030.2,116168.0,718.962,83504124.2556
2025-08-19 00:00:00,116168.0,116254.0,115851.0,115864.8,1169.211,135693358.1881
2025-08-19 00:30:00,115864.8,116519.3,115410.7,116506.1,3064.657,355221219.9371
2025-08-19 01:00:00,116506.1,116681.9,116150.0,116150.0,1044.539,121603147.492
2025-08-19 01:30:00,116150.0,116150.1,115660.4,115749.9,1098.044,127241700.5708
2025-08-19 02:00:00,115749.9,115880.7,115582.9,115772.3,909.013,105191624.289
2025-08-19 02:30:00,115772.3,116000.0,115659.8,115703.8,454.166,52591000.6959
2025-08-19 03:00:00,115703.8,115725.0,115206.6,115309.7,1681.535,194199805.6361
2025-08-19 03:30:00,115309.7,115316.0,114718.5,114750.6,2686.852,308979985.2914
2025-08-19 04:00:00,114750.6,114978.2,114292.4,114829.3,3867.279,443343952.8734
2025-08-19 04:30:00,114829.3,115307.9,114806.3,115242.0,1229.636,141500309.5293
2025-08-19 05:00:00,115242.0,115432.4,115050.2,115319.4,1195.199,137756819.7703
2025-08-19 05:30:00,115319.4,115352.4,114801.6,114900.2,1436.165,165182405.3934
2025-08-19 06:00:00,114900.2,115166.7,114819.4,115071.0,947.744,108945309.0607
2025-08-19 06:30:00,115071.0,115081.0,114853.0,114953.0,486.775,55952026.9775
2025-08-19 07:00:00,114953.0,114999.0,114590.7,114644.3,1114.516,127907199.2818
2025-08-19 07:30:00,114644.3,114943.8,114551.5,114921.2,889.164,102053741.4917
2025-08-19 08:00:00,114921.2,115056.9,114738.6,114920.9,897.369,103133016.7631
2025-08-19 08:30:00,114920.9,115257.6,114742.5,115140.6,866.985,99732235.2835
2025-08-19 09:00:00,115140.6,115384.7,115129.5,115384.6,878.2,101244786.9946
2025-08-19 09:30:00,115384.6,115449.0,115203.1,115280.1,796.775,91909065.7359
2025-08-19 10:00:00,115280.1,115538.9,115252.2,115450.0,659.986,76180782.6556
2025-08-19 10:30:00,115450.0,115484.9,115267.2,115359.1,474.898,54785224.0683
2025-08-19 11:00:00,115359.1,115599.0,115359.1,115523.0,622.716,71939973.5109
2025-08-19 11:30:00,115523.0,115559.6,115417.8,115462.4,550.879,63624863.5555
2025-08-19 12:00:00,115462.4,115571.8,115367.0,115441.0,393.032,45380897.1839
2025-08-19 12:30:00,115441.0,115561.5,115212.8,115556.0,866.387,99968773.487
2025-08-19 13:00:00,115556.0,115738.5,115443.0,115705.1,840.424,97150365.2717
2025-08-19 13:30:00,115705.1,115838.9,114825.8,115148.3,4562.369,525645227.7223
2025-08-19 14:00:00,115148.3,115334.7,114038.7,114056.1,5377.006,615721503.1177
2025-08-19 14:30:00,114056.1,114409.0,113683.7,113820.1,7141.29,813995891.6453
2025-08-19 15:00:00,113820.1,114145.0,113483.4,114034.2,4605.068,524082423.7904
2025-08-19 15:30:00,114034.2,114099.9,113657.6,113728.0,2324.84,264709417.5579
2025-08-19 16:00:00,113728.0,113830.0,113565.3,113592.9,1057.86,120297631.096
2025-08-19 16:30:00,113592.9,113789.1,113278.1,113335.8,3284.835,372693116.3087
2025-08-19 17:00:00,113335.8,113446.9,113031.0,113374.3,2977.088,337139722.5567
2025-08-19 17:30:00,113374.3,113545.6,113250.0,113460.9,1243.529,141013226.7556
2025-08-19 18:00:00,113460.9,113470.2,113201.3,113201.4,747.539,84740430.5769
2025-08-19 18:30:00,113201.4,113221.9,112778.0,113000.1,2239.647,253037640.3823
2025-08-19 19:00:00,113000.1,113375.0,112712.2,113345.0,3387.332,382554664.7496
2025-08-19 19:30:00,113345.0,113500.0,113023.1,113078.1,1093.972,123942948.8888
2025-08-19 20:00:00,113078.1,113258.5,112851.7,113258.5,1416.869,160133358.3594
2025-08-19 20:30:00,113258.5,113537.6,113258.5,113532.8,1363.954,154660363.0754
2025-08-19 21:00:00,113532.8,113543.6,113411.1,113480.7,523.312,59381562.7254
2025-08-19 21:30:00,113480.7,113522.6,113363.2,113374.6,393.506,44642294.5535
2025-08-19 22:00:00,113374.6,113406.1,113024.5,113254.2,647.717,73333784.4318
2025-08-19 22:30:00,113254.2,113297.5,113020.0,113119.5,371.482,42038954.3292
2025-08-19 23:00:00,113119.5,113149.0,112770.4,112877.4,907.511,102485749.8112
2025-08-19 23:30:00,112877.4,113100.0,112673.0,112825.7,1722.31,194329836.1954
2025-08-20 00:00:00,112825.7,113224.9,112794.4,112947.3,1235.667,139680698.232
2025-08-20 00:30:00,112947.3,113288.0,112900.0,113169.6,991.953,112257529.1537
2025-08-20 01:00:00,113169.6,113363.9,112853.8,112900.0,917.461,103791405.9655
2025-08-20 01:30:00,112900.0,113096.7,112520.0,112975.2,1713.53,193224402.0853
2025-08-20 02:00:00,112975.2,113304.6,112907.0,113283.8,546.246,61813618.1105
2025-08-20 02:30:00,113283.8,113464.4,113255.3,113409.9,741.569,84054221.4135
2025-08-20 03:00:00,113409.9,113580.9,113273.0,113580.8,841.819,95515225.6599
2025-08-20 03:30:00,113580.8,113609.8,113370.5,113483.2,874.306,99217785.0754
2025-08-20 04:00:00,113483.2,113647.6,113479.5,113579.5,696.658,79135306.5
2025-08-20 04:30:00,113579.5,113667.6,113411.4,113606.7,937.418,106423807.6254
2025-08-20 05:00:00,113606.7,113610.0,113426.2,113578.0,388.92,44152658.948
2025-08-20 05:30:00,113578.0,113739.8,113528.9,113687.3,410.255,46629219.8678
2025-08-20 06:00:00,113687.3,113705.5,113462.8,113624.1,345.571,39251417.1057
2025-08-20 06:30:00,113624.1,113716.4,113530.4,113631.4,583.919,66361392.6486
2025-08-20 07:00:00,113631.4,113817.5,113600.2,113682.2,446.502,50777191.1149
2025-08-20 07:30:00,113682.2,113682.3,113392.3,113453.9,572.269,64972574.854
2025-08-20 08:00:00,113453.9,113828.9,113356.2,113814.5,727.5,82629789.6989
2025-08-20 08:30:00,113814.5,114019.7,113760.7,113983.0,1570.633,178871463.1542
2025-08-20 09:00:00,113983.0,113983.1,113726.4,113774.0,767.184,87312540.4902
2025-08-20 09:30:00,113774.0,113950.2,113616.7,113684.0,771.522,87787286.914
2025-08-20 10:00:00,113684.0,113811.9,113562.0,113566.2,467.028,53103012.2977
2025-08-20 10:30:00,113566.2,113862.4,113566.0,113774.3,303.815,34546352.8677
2025-08-20 11:00:00,113774.3,113848.0,113427.2,113433.8,924.322,104945370.7165
2025-08-20 11:30:00,113433.8,113643.0,113010.1,113641.9,3773.753,427587103.2782
2025-08-20 12:00:00,113641.9,113925.3,113464.5,113679.3,1497.163,170292998.1234
2025-08-20 12:30:00,113679.3,113843.6,113598.7,113620.7,1051.391,119573573.3534
2025-08-20 13:00:00,113620.7,113620.7,113207.5,113370.1,1474.715,167193285.6383
2025-08-20 13:30:00,113370.1,113610.3,112530.6,112626.1,4484.55,506373029.4134
2025-08-20 14:00:00,112626.1,113182.7,112286.8,113099.7,5587.053,629371614.2776
2025-08-20 14:30:00,113099.7,113809.9,113099.7,113407.4,3441.74,390739354.4104
2025-08-20 15:00:00,113407.4,114287.0,113333.4,114238.8,3415.484,389393143.8478
2025-08-20 15:30:00,114238.8,114250.0,113174.0,113314.5,2560.67,291278431.5766
2025-08-20 16:00:00,113314.5,114300.0,113223.9,114245.0,2808.24,319777472.0252
2025-08-20 16:30:00,114245.0,114258.1,113713.2,113809.3,1535.619,174990345.7532
2025-08-20 17:00:00,113809.3,114120.0,113735.4,113750.2,818.968,93301858.0968
2025-08-20 17:30:00,113750.2,114416.0,113734.0,114162.9,1386.92,158354339.2028
2025-08-20 18:00:00,114162.9,114242.9,113247.5,113281.6,3177.078,361158850.2523
2025-08-20 18:30:00,113281.6,113632.3,113194.3,113456.8,1434.507,162763722.9626
2025-08-20 19:00:00,113456.8,114286.1,113425.2,114017.0,2073.906,236354861.4429
2025-08-20 19:30:00,114017.0,114294.3,113862.0,114231.5,2009.488,229169676.6394
2025-08-20 20:00:00,114231.5,114237.4,113947.4,114087.9,522.858,59647678.8945
2025-08-20 20:30:00,114087.9,114340.0,114077.3,114337.5,606.839,69329247.3297
2025-08-20 21:00:00,114337.5,114449.7,113948.0,113994.2,1502.583,171561201.0687
2025-08-20 21:30:00,113994.2,114426.5,113939.1,114296.0,1007.948,115135133.4473
2025-08-20 22:00:00,114296.0,114430.0,114156.0,114345.2,416.104,47561629.5308
2025-08-20 22:30:00,114345.2,114567.0,114243.7,114536.6,800.244,91605278.5755
2025-08-20 23:00:00,114536.6,114565.0,114166.0,114183.2,474.134,54192032.1441
2025-08-20 23:30:00,114183.2,114327.6,114151.7,114217.4,336.732,38460583.527
2025-08-21 00:00:00,114217.4,114217.4,113957.0,114034.0,665.799,75943856.9596
2025-08-21 00:30:00,114034.0,114452.5,114034.0,114249.8,638.118,72935125.3461
2025-08-21 01:00:00,114249.8,114296.7,113904.0,114070.3,519.385,59253705.1049
2025-08-21 01:30:00,114070.3,114706.4,114053.1,114682.0,836.569,95760035.6345
2025-08-21 02:00:00,114682.0,114783.7,113784.4,113953.2,1896.535,216565753.2037
2025-08-21 02:30:00,113953.2,114016.2,113846.9,113992.2,604.081,68825198.0389
2025-08-21 03:00:00,113992.2,114489.5,113960.8,114188.2,1050.975,120082159.7641
2025-08-21 03:30:00,114188.2,114230.0,113906.5,113917.6,442.616,50499234.0342
2025-08-21 04:00:00,113917.6,113981.6,113812.5,113876.5,389.235,44323786.2694
2025-08-21 04:30:00,113876.5,113991.1,113738.4,113759.2,646.842,73651125.0779
2025-08-21 05:00:00,113759.2,113800.0,113560.1,113684.8,1354.689,153962437.9932
2025-08-21 05:30:00,113684.8,113983.9,113680.0,113954.2,799.776,91080361.8583
2025-08-21 06:00:00,113954.2,113954.3,113578.7,113578.8,1118.005,127098129.9796
2025-08-21 06:30:00,113578.8,113848.7,113578.7,113765.0,446.953,50830375.062
2025-08-21 07:00:00,113765.0,113846.5,113522.0,113676.1,561.473,63816223.5283
2025-08-21 07:30:00,113676.1,113893.7,113613.5,113854.5,449.317,51134566.7577
2025-08-21 08:00:00,113854.5,113957.1,113619.9,113725.8,989.395,112563254.1152
2025-08-21 08:30:00,113725.8,113788.4,113550.0,113550.1,579.102,65828517.1673
2025-08-21 09:00:00,113550.1,113569.4,113257.7,113383.8,1153.656,130823419.0918
2025-08-21 09:30:00,113383.8,113582.8,113350.0,113350.0,519.924,58988264.1888
2025-08-21 10:00:00,113350.0,113440.0,113177.1,113406.9,866.943,98230416.8169
2025-08-21 10:30:00,113406.9,113435.1,113250.3,113301.6,279.323,31661289.5466
2025-08-21 11:00:00,113301.6,113504.2,113296.2,113438.3,493.564,55988338.9514
2025-08-21 11:30:00,113438.3,113513.6,112945.6,113104.6,1460.58,165211033.3338
2025-08-21 12:00:00,113104.6,113322.8,112979.7,113195.9,794.66,89910858.7119
2025-08-21 12:30:00,113195.9,113398.3,112902.1,113051.4,1624.874,183786064.3954
2025-08-21 13:00:00,113051.4,113326.8,113004.0,113289.5,913.122,103352020.7531
2025-08-21 13:30:00,113289.5,113680.0,113079.5,113431.0,2333.829,264663489.4081
2025-08-21 14:00:00,113431.0,113945.7,113288.4,113680.1,1759.489,200080455.3156
2025-08-21 14:30:00,113680.1,113694.1,112855.7,113243.5,2810.306,317991735.4593
2025-08-21 15:00:00,113243.5,113350.0,112550.0,112978.1,3145.722,355039338.8689
2025-08-21 15:30:00,112978.1,113114.3,112703.7,112745.8,991.088,111899873.9352
2025-08-21 16:00:00,112745.8,112938.6,112574.5,112713.0,1479.168,166787349.1162
2025-08-21 16:30:00,112713.0,112847.1,112258.7,112334.6,2087.357,234847035.8721
2025-08-21 17:00:00,112334.6,112416.7,112112.0,112200.1,2527.136,283654681.9383
2025-08-21 17:30:00,112200.1,112550.0,112149.0,112378.1,1653.138,185769435.4098
2025-08-21 18:00:00,112378.1,112566.7,112199.4,112454.5,1287.907,144709576.5952
2025-08-21 18:30:00,112454.5,112644.2,112171.5,112556.0,1366.214,153537166.1619
2025-08-21 19:00:00,112556.0,112693.5,112100.0,112200.8,1953.463,219558543.9264
2025-08-21 19:30:00,112200.8,112236.0,111945.2,112146.2,2170.221,243183987.5344
2025-08-21 20:00:00,112146.2,112421.9,112106.3,112399.2,1032.939,115998398.1096
2025-08-21 20:30:00,112399.2,112835.1,112009.1,112403.7,2062.757,232065206.4737
2025-08-21 21:00:00,112403.7,112611.7,112039.2,112506.0,2777.515,312029749.7434
2025-08-21 21:30:00,112506.0,112702.3,112398.3,112587.9,1339.37,150745664.193
2025-08-21 22:00:00,112587.9,112666.2,112455.9,112580.1,397.983,44800985.7921
2025-08-21 22:30:00,112580.1,112580.1,112355.0,112457.2,306.627,34479665.4966
2025-08-21 23:00:00,112457.2,112457.2,112220.3,112419.8,540.204,60664746.1536
2025-08-21 23:30:00,112419.8,112472.8,112221.0,112462.7,299.017,33589334.9473
2025-08-22 00:00:00,112462.7,112766.8,112430.2,112614.9,1096.921,123516091.4635
2025-08-22 00:30:00,112614.9,112818.9,112522.2,112594.7,500.134,56342235.111
2025-08-22 01:00:00,112594.7,112745.2,112277.2,112735.8,792.656,89177883.6736
2025-08-22 01:30:00,112735.8,112892.2,112663.8,112801.3,591.593,66719678.7048
2025-08-22 02:00:00,112801.3,113499.9,112736.8,113457.4,2989.097,338369697.8851
2025-08-22 02:30:00,113457.4,113478.3,113100.0,113123.1,1645.635,186492799.5471
2025-08-22 03:00:00,113123.1,113416.3,113080.7,113173.5,622.571,70490524.8194
2025-08-22 03:30:00,113173.5,113278.4,112851.7,112903.7,1124.693,127126505.098
2025-08-22 04:00:00,112903.7,113231.7,112892.4,113026.6,996.576,112697856.5497
2025-08-22 04:30:00,113026.6,113188.6,112667.8,112814.5,817.042,92227539.9351
2025-08-22 05:00:00,112814.5,113043.6,112805.1,112916.8,521.376,58876114.0934
2025-08-22 05:30:00,112916.8,113260.5,112916.8,113210.1,520.862,58923930.7157
2025-08-22 06:00:00,113210.1,113364.4,113020.0,113209.9,724.209,82007172.8057
2025-08-22 06:30:00,113209.9,113258.1,112792.4,112955.3,841.295,95016249.9174
2025-08-22 07:00:00,112955.3,113226.6,112905.2,113134.4,733.773,82988684.0062
2025-08-22 07:30:00,113134.4,113190.7,113033.9,113050.8,653.962,73978844.9091
2025-08-22 08:00:00,113050.8,113280.0,113011.0,113220.6,1274.396,144223763.755
2025-08-22 08:30:00,113220.6,113239.2,112905.4,112949.0,633.193,71566416.3679
2025-08-22 09:00:00,112949.0,112990.0,112813.4,112934.7,591.598,66775028.1766
2025-08-22 09:30:00,112934.7,113106.7,112767.3,113035.3,1071.912,121063115.7442
2025-08-22 10:00:00,113035.3,113049.6,112611.9,112700.0,724.414,81686647.1171
2025-08-22 10:30:00,112700.0,112700.0,112485.0,112511.5,816.22,91877234.5846
2025-08-22 11:00:00,112511.5,112607.4,112230.4,112248.2,1464.679,164551911.9455
2025-08-22 11:30:00,112248.2,112358.1,112137.8,112280.0,743.797,83491245.127
2025-08-22 12:00:00,112280.0,112331.9,111934.0,112010.6,2555.357,286329194.4964
2025-08-22 12:30:00,112010.6,112683.7,111618.8,112302.5,6449.478,722727499.0389
2025-08-22 13:00:00,112302.5,112494.5,112020.0,112249.9,1635.281,183547477.5821
2025-08-22 13:30:00,112249.9,112621.6,111864.9,112430.5,3732.205,419224849.569
2025-08-22 14:00:00,112430.5,115729.8,112417.9,115128.6,25234.118,2889745442.6051
2025-08-22 14:30:00,115128.6,116064.0,115128.6,115746.0,8838.836,1022916876.024
2025-08-22 15:00:00,115746.0,116909.0,115741.7,116665.0,7265.777,846722991.598
2025-08-22 15:30:00,116665.0,117276.2,116313.7,116313.7,6490.843,758522406.5965
2025-08-22 16:00:00,116313.7,116771.8,116075.0,116356.0,4963.675,577814009.8145
2025-08-22 16:30:00,116356.0,116493.7,116042.1,116088.6,1995.471,232069655.4582
2025-08-22 17:00:00,116088.6,116965.2,116088.6,116885.9,3864.045,450683364.7111
2025-08-22 17:30:00,116885.9,116966.3,116466.7,116941.2,2442.04,284916252.1495
2025-08-22 18:00:00,116941.2,117374.5,116740.4,116827.6,3221.163,377228958.0515
2025-08-22 18:30:00,116827.6,117100.0,116682.1,116752.2,905.644,105853472.4474
2025-08-22 19:00:00,116752.2,116868.8,116671.5,116673.3,593.927,69346264.6238
2025-08-22 19:30:00,116673.3,116730.3,116433.1,116604.4,1290.928,150504961.4488
2025-08-22 20:00:00,116604.4,117066.9,116518.3,117057.2,1439.487,168175650.3399
2025-08-22 20:30:00,117057.2,117060.0,116835.0,117022.1,1149.884,134460729.62
2025-08-22 21:00:00,117022.1,117044.0,116769.6,116914.1,1169.144,136678903.767
2025-08-22 21:30:00,116914.1,117144.6,116842.8,116991.5,620.39,72575888.434
2025-08-22 22:00:00,116991.5,117010.4,116521.5,116592.6,1154.421,134757903.9849
2025-08-22 22:30:00,116592.6,116745.1,116522.7,116729.9,658.878,76854246.5205
2025-08-22 23:00:00,116729.9,116802.0,116635.6,116693.0,316.501,36941497.1994
2025-08-22 23:30:00,116693.0,116900.0,116685.6,116899.8,369.607,43164533.4281
2025-08-23 00:00:00,116899.8,116973.4,116670.8,116910.9,688.82,80462930.4341
2025-08-23 00:30:00,116910.9,116998.0,116800.0,116830.2,368.795,43118720.905
2025-08-23 01:00:00,116830.2,116844.4,116550.0,116550.0,459.68,53638787.4712
2025-08-23 01:30:00,116550.0,116630.9,116265.0,116417.3,1277.725,148735418.2898
2025-08-23 02:00:00,116417.3,116514.5,115850.0,115850.1,2082.87,241799559.8933
2025-08-23 02:30:00,115850.1,116079.9,115452.0,115895.5,3275.786,379208874.3209
2025-08-23 03:00:00,115895.5,116026.3,115600.0,115675.3,1178.489,136443287.6751
2025-08-23 03:30:00,115675.3,115694.5,115432.0,115530.1,910.97,105246115.4357
2025-08-23 04:00:00,115530.1,115745.9,115503.9,115680.6,719.849,83252469.3372
2025-08-23 04:30:00,115680.6,115941.4,115674.7,115880.7,973.458,112738150.3623
2025-08-23 05:00:00,115880.7,115959.4,115759.0,115908.6,550.987,63837527.1318
2025-08-23 05:30:00,115908.6,116000.0,115860.7,115920.7,444.505,51540424.9714
2025-08-23 06:00:00,115920.7,115999.6,115725.0,115747.6,717.43,83097528.5035
2025-08-23 06:30:00,115747.6,115838.2,115661.8,115750.6,539.929,62501955.207
2025-08-23 07:00:00,115750.6,115869.8,115650.0,115707.9,384.116,44470477.2714
2025-08-23 07:30:00,115707.9,115908.9,115636.4,115788.4,554.359,64168239.915
2025-08-23 08:00:00,115788.4,115861.5,115601.2,115641.0,417.067,48274060.5258
2025-08-23 08:30:00,115641.0,115845.3,115581.6,115720.6,378.075,43754819.568
2025-08-23 09:00:00,115720.6,115772.8,115580.6,115597.7,328.366,37969930.2354
2025-08-23 09:30:00,115597.7,115748.0,115597.7,115746.1,421.163,48712377.2236
2025-08-23 10:00:00,115746.1,115756.8,115573.3,115584.3,575.229,66527488.5785
2025-08-23 10:30:00,115584.3,115624.9,115550.0,115550.0,210.269,24304383.7296
2025-08-23 11:00:00,115550.0,115609.0,115489.0,115489.0,649.125,75001548.8371
2025-08-23 11:30:00,115489.0,115538.5,115180.0,115270.0,1663.413,191880317.3646
2025-08-23 12:00:00,115270.0,115457.9,115157.4,115324.1,1116.407,128734930.5262
2025-08-23 12:30:00,115324.1,115445.9,115135.2,115191.9,773.003,89136591.2039
2025-08-23 13:00:00,115191.9,115191.9,114958.6,114996.6,959.369,110402411.661
2025-08-23 13:30:00,114996.6,115090.0,114713.7,114833.9,4272.953,490767418.6306
2025-08-23 14:00:00,114833.9,115051.3,114789.1,115007.3,1314.56,151050695.6384
2025-08-23 14:30:00,115007.3,115066.8,114531.2,114602.3,2224.324,255163196.165
2025-08-23 15:00:00,114602.3,114922.6,114504.7,114869.9,2264.36,259802790.8128
2025-08-23 15:30:00,114869.9,114936.3,114781.7,114792.4,632.774,72681319.3882
2025-08-23 16:00:00,114792.4,114960.2,114660.9,114851.0,759.707,87228174.683
2025-08-23 16:30:00,114851.0,115092.8,114752.2,114996.7,781.405,89833442.9106
2025-08-23 17:00:00,114996.7,115129.9,114892.6,114991.6,1593.591,183322098.7043
2025-08-23 17:30:00,114991.6,115183.2,114986.7,115099.5,603.732,69478616.0417
2025-08-23 18:00:00,115099.5,115195.8,115050.0,115075.3,453.48,52211149.3899
2025-08-23 18:30:00,115075.3,115206.5,115035.6,115140.0,421.766,48565643.5281
2025-08-23 19:00:00,115140.0,115163.0,115024.1,115092.2,352.286,40547527.5064
2025-08-23 19:30:00,115092.2,115170.5,115067.8,115136.8,227.933,26236184.4046
2025-08-23 20:00:00,115136.8,115239.4,115089.9,115239.4,260.203,29963801.7595
2025-08-23 20:30:00,115239.4,115328.4,115126.0,115328.4,479.848,55308369.2577
2025-08-23 21:00:00,115328.4,115328.4,115042.0,115053.9,394.621,45445778.2817
2025-08-23 21:30:00,115053.9,115204.6,114985.8,115022.2,363.99,41895228.6383
2025-08-23 22:00:00,115022.2,115270.1,115022.2,115265.9,266.562,30707392.5667
2025-08-23 22:30:00,115265.9,115299.6,115222.0,115294.0,142.862,16466734.0854
2025-08-23 23:00:00,115294.0,115305.5,115227.2,115261.9,171.845,19809877.9969
2025-08-23 23:30:00,115261.9,115413.0,115224.4,115404.8,372.63,42983749.1651
2025-08-24 00:00:00,115404.8,115410.8,115290.6,115407.5,289.397,33384726.0215
2025-08-24 00:30:00,115407.5,115580.0,115330.0,115363.7,1122.477,129591688.3613
2025-08-24 01:00:00,115363.7,115411.2,115172.0,115282.7,616.715,71110692.5521
2025-08-24 01:30:00,115282.7,115571.0,115241.1,115459.6,716.917,82773899.6394
2025-08-24 02:00:00,115459.6,115656.7,115408.0,115525.2,861.009,99484888.3131
2025-08-24 02:30:00,115525.2,115556.3,115000.0,115003.2,822.747,94791379.0366
2025-08-24 03:00:00,115003.2,115166.1,114943.1,114965.9,730.078,83986687.1961
2025-08-24 03:30:00,114965.9,115148.5,114950.0,115042.5,431.854,49674119.4445
2025-08-24 04:00:00,115042.5,115284.5,115042.5,115226.9,468.352,53946138.2784
2025-08-24 04:30:00,115226.9,115226.9,115073.8,115179.2,255.886,29462032.5408
2025-08-24 05:00:00,115179.2,115217.9,115076.0,115076.1,359.578,41403898.4325
2025-08-24 05:30:00,115076.1,115076.1,114934.8,115002.4,454.147,52219840.0781
2025-08-24 06:00:00,115002.4,115078.2,114854.8,115024.0,489.632,56274843.2903
2025-08-24 06:30:00,115024.0,115044.1,114846.0,114860.1,403.562,46388705.7813
2025-08-24 07:00:00,114860.1,115050.0,114854.7,115050.0,318.333,36587453.3227
2025-08-24 07:30:00,115050.0,115120.5,114880.6,114880.7,291.29,33497348.4174
2025-08-24 08:00:00,114880.7,114987.9,114760.0,114835.4,640.085,73507828.1408
2025-08-24 08:30:00,114835.4,114873.3,114761.0,114856.0,317.499,36447898.0524
2025-08-24 09:00:00,114856.0,114892.0,114688.2,114851.6,471.275,54091803.1196
2025-08-24 09:30:00,114851.6,115078.1,114851.0,114858.5,536.026,61617914.8602
2025-08-24 10:00:00,114858.5,114938.6,114706.6,114747.2,470.851,54056940.1024
2025-08-24 10:30:00,114747.2,114966.7,114602.0,114786.0,1071.154,122927008.8497
2025-08-24 11:00:00,114786.0,114908.2,114630.0,114661.8,886.287,101701168.671
2025-08-24 11:30:00,114661.8,114770.0,114632.3,114745.2,363.992,41744432.4035
2025-08-24 12:00:00,114745.2,114840.6,114682.2,114698.3,393.389,45151072.0332
2025-08-24 12:30:00,114698.3,114762.0,114603.5,114691.5,452.444,51877224.2591
2025-08-24 13:00:00,114691.5,114887.8,114650.0,114662.9,600.4,68899011.2422
2025-08-24 13:30:00,114662.9,114836.7,114572.0,114577.3,1269.408,145583809.8203
2025-08-24 14:00:00,114577.3,114620.7,114312.8,114466.3,2005.146,229515752.9222
2025-08-24 14:30:00,114466.3,114675.0,114406.6,114530.1,794.809,91027838.2313
2025-08-24 15:00:00,114530.1,114865.4,114459.5,114660.5,1556.16,178484217.4119
2025-08-24 15:30:00,114660.5,114800.0,114420.0,114420.1,1090.625,125006501.5654
2025-08-24 16:00:00,114420.1,114576.7,114369.0,114437.4,784.997,89851369.7776
2025-08-24 16:30:00,114437.4,114498.1,114250.1,114290.0,939.466,107440310.156
2025-08-24 17:00:00,114290.0,114559.0,114254.0,114308.5,836.797,95732285.4913
2025-08-24 17:30:00,114308.5,114608.0,114300.4,114442.3,1045.296,119644573.1041
2025-08-24 18:00:00,114442.3,114862.5,114329.1,114704.4,1856.383,212839020.0887
2025-08-24 18:30:00,114704.4,114950.0,114577.3,114656.9,1669.946,191670198.0199
2025-08-24 19:00:00,114656.9,114751.0,114527.2,114751.0,770.612,88345170.6113
2025-08-24 19:30:00,114751.0,114820.2,110551.0,112595.1,31514.204,3546644057.7563
2025-08-24 20:00:00,112595.1,112970.1,111626.0,112876.3,6260.063,703334759.4535
2025-08-24 20:30:00,112876.3,112999.0,112520.6,112782.7,1791.923,202044492.6188
2025-08-24 21:00:00,112782.7,112908.6,112353.8,112908.6,1596.884,179850348.4424
2025-08-24 21:30:00,112908.6,113404.4,112881.8,112989.6,1414.184,160014379.4861
2025-08-24 22:00:00,112989.6,113140.4,112601.2,112631.6,1608.789,181541584.23
2025-08-24 22:30:00,112631.6,113490.0,112602.9,113437.0,1450.783,164181876.793
2025-08-24 23:00:00,113437.0,113642.9,113335.5,113624.6,1126.607,127860617.1198
2025-08-24 23:30:00,113624.6,113677.4,113382.2,113474.8,981.731,111442202.2836
2025-08-25 00:00:00,113474.8,113517.9,112994.0,113042.1,1494.644,169261162.4667
2025-08-25 00:30:00,113042.1,113067.0,112133.4,112628.4,3851.356,433358766.9684
2025-08-25 01:00:00,112628.4,113125.0,112588.0,112975.4,1806.094,203760439.6187
2025-08-25 01:30:00,112975.4,113080.4,112673.5,113049.9,706.158,79728351.2842
2025-08-25 02:00:00,113049.9,113623.6,113041.6,113414.0,1231.993,139645853.3468
2025-08-25 02:30:00,113414.0,113510.0,113278.1,113390.2,594.633,67425082.7943
2025-08-25 03:00:00,113390.2,113649.9,113299.3,113346.1,594.991,67516833.5951
2025-08-25 03:30:00,113346.1,113455.0,112863.0,112890.0,1201.033,135844400.7764
2025-08-25 04:00:00,112890.0,113040.0,112604.0,112676.0,1876.7,211754725.2741
2025-08-25 04:30:00,112676.0,112803.5,112561.8,112735.8,1390.553,156710959.0017
2025-08-25 05:00:00,112735.8,112827.6,112458.4,112526.2,848.312,95514750.3633
2025-08-25 05:30:00,112526.2,112605.9,112300.0,112300.1,780.761,87795969.6344
2025-08-25 06:00:00,112300.1,112445.3,112158.0,112242.8,1377.532,154708494.2685
2025-08-25 06:30:00,112242.8,112315.8,111734.6,111899.5,3821.259,427980655.4082
2025-08-25 07:00:00,111899.5,112143.1,111759.0,111875.0,1749.504,195884409.0541
2025-08-25 07:30:00,111875.0,111924.1,111257.5,111466.7,6497.33,725000826.6847
2025-08-25 08:00:00,111466.7,111777.6,110937.3,111634.2,4012.491,446870755.1099
2025-08-25 08:30:00,111634.2,111800.3,111317.6,111376.6,1461.325,163009864.9294
2025-08-25 09:00:00,111376.6,111637.9,111199.2,111433.3,2354.466,262235168.2493
2025-08-25 09:30:00,111433.3,111828.8,111335.8,111764.9,1589.976,177403647.3833
2025-08-25 10:00:00,111764.9,111788.2,111050.0,111208.8,1951.356,217390809.1211
2025-08-25 10:30:00,111208.8,111398.9,110912.1,110970.1,2281.953,253626095.1638
2025-08-25 11:00:00,110970.1,111150.0,110906.9,111054.8,1278.385,141964109.5305
2025-08-25 11:30:00,111054.8,111273.0,110918.1,111199.9,1485.652,165086249.9733
2025-08-25 12:00:00,111199.9,111675.7,111036.4,111667.7,1771.525,197229056.0123
2025-08-25 12:30:00,111667.7,111667.8,111315.0,111564.1,1041.61,116146042.5884
2025-08-25 13:00:00,111564.1,111737.7,111290.1,111646.7,1145.725,127763117.7255
2025-08-25 13:30:00,111646.7,111698.4,110552.0,111479.9,6826.065,758039508.6784
2025-08-25 14:00:00,111479.9,112197.5,111300.0,111896.4,4201.313,470054999.3544
2025-08-25 14:30:00,111896.4,112313.2,111825.7,112239.5,2283.832,256058936.0849
2025-08-25 15:00:00,112239.5,112576.5,111802.0,112436.0,2464.421,276578603.5044
2025-08-25 15:30:00,112436.0,112509.9,112087.3,112172.3,1188.033,133393745.2248
2025-08-25 16:00:00,112172.3,112945.4,111989.5,112610.4,2711.736,305346965.5955
2025-08-25 16:30:00,112610.4,112789.6,112465.7,112476.6,1317.834,148403699.3187
2025-08-25 17:00:00,112476.6,112788.5,112132.8,112699.9,2221.022,249687860.0039
2025-08-25 17:30:00,112699.9,112766.2,112218.8,112419.3,1747.522,196465005.9854
2025-08-25 18:00:00,112419.3,112600.0,112227.7,112542.8,1213.614,136403361.7444
2025-08-25 18:30:00,112542.8,112557.7,112216.7,112368.3,699.435,78601332.2411
2025-08-25 19:00:00,112368.3,112408.7,111613.5,111936.3,2901.831,324629944.597
2025-08-25 19:30:00,111936.3,111961.3,110600.0,110664.1,3884.047,431668503.8988
2025-08-25 20:00:00,110664.1,111083.0,109915.9,110476.4,10252.052,1131684834.4599
2025-08-25 20:30:00,110476.4,110519.9,109304.1,109520.7,11042.996,1211501884.2042
2025-08-25 21:00:00,109520.7,109874.2,109410.1,109472.0,3387.661,371326592.1654
2025-08-25 21:30:00,109472.0,110240.0,109222.6,109850.4,2688.146,295325473.4432
2025-08-25 22:00:00,109850.4,110341.3,109850.3,110336.2,1085.576,119507603.6644
2025-08-25 22:30:00,110336.2,110567.6,110056.0,110093.4,1536.467,169546913.6656
2025-08-25 23:00:00,110093.4,110128.3,109735.6,109899.9,1222.502,134378346.9379
2025-08-25 23:30:00,109899.9,110244.6,109854.3,110069.7,706.871,77813914.9141
2025-08-26 00:00:00,110069.7,110069.7,109359.4,109626.2,3227.925,353988680.0901
2025-08-26 00:30:00,109626.2,109851.8,108891.4,109071.5,5810.414,634919003.5372
2025-08-26 01:00:00,109071.5,109790.0,108669.0,109724.0,3707.346,404571953.2507
2025-08-26 01:30:00,109724.0,109887.4,109502.4,109860.1,1191.88,130774345.611
2025-08-26 02:00:00,109860.1,109994.0,109642.7,109823.1,1070.164,117560841.2416
2025-08-26 02:30:00,109823.1,109866.3,109471.6,109692.3,845.428,92691309.492
2025-08-26 03:00:00,109692.3,109900.0,109400.0,109753.4,804.336,88213061.6283
2025-08-26 03:30:00,109753.4,109910.0,109752.0,109846.0,514.525,56512041.5131
2025-08-26 04:00:00,109846.0,110165.7,109846.0,110139.3,1157.63,127382573.445
2025-08-26 04:30:00,110139.3,110210.9,109890.0,110057.7,624.499,68729910.9231
2025-08-26 05:00:00,110057.7,110237.3,110046.9,110124.7,514.608,56692638.1169
2025-08-26 05:30:00,110124.7,110346.0,110026.7,110164.4,965.922,106492459.4369
2025-08-26 06:00:00,110164.4,110312.0,109839.4,109984.4,1337.383,147193088.8652
2025-08-26 06:30:00,109984.4,110078.2,109861.5,109953.7,872.024,95916526.9912
2025-08-26 07:00:00,109953.7,110000.0,109706.1,109946.0,1355.186,148881014.865
2025-08-26 07:30:00,109946.0,110499.9,109896.0,110259.1,2117.59,233498072.7604
2025-08-26 08:00:00,110259.1,110415.4,109953.0,110039.9,689.324,75960714.9541
2025-08-26 08:30:00,110039.9,110391.7,109966.9,110047.0,1537.169,169346521.4285
2025-08-26 09:00:00,110047.0,110384.0,110047.0,110292.7,1356.122,149495672.4531
2025-08-26 09:30:00,110292.7,110327.9,109975.7,110113.6,530.703,58423065.7278
2025-08-26 10:00:00,110113.6,110385.6,109997.9,110299.9,681.511,75133205.3838
2025-08-26 10:30:00,110299.9,110359.9,110096.3,110176.7,516.986,56993203.6921
2025-08-26 11:00:00,110176.7,110193.5,109765.3,109822.3,1224.913,134655197.0616
2025-08-26 11:30:00,109822.3,109853.0,109527.9,109853.0,1700.774,186526223.6944
2025-08-26 12:00:00,109853.0,109878.0,109576.0,109690.9,846.335,92824384.9417
2025-08-26 12:30:00,109690.9,110793.1,109690.9,110173.7,5381.781,593424824.498
2025-08-26 13:00:00,110173.7,110230.1,109744.4,109801.9,1273.341,140085335.9832
2025-08-26 13:30:00,109801.9,110194.0,109334.2,110049.9,4023.818,441724110.2062
2025-08-26 14:00:00,110049.9,110522.4,109750.0,110166.4,3119.006,343661746.5565
2025-08-26 14:30:00,110166.4,110490.4,110090.0,110350.1,1993.269,219891920.186
2025-08-26 15:00:00,110350.1,110544.0,110008.3,110049.5,1509.509,166490705.0193
2025-08-26 15:30:00,110049.5,110056.7,109505.9,109623.0,3000.345,329259299.4669
2025-08-26 16:00:00,109623.0,109755.6,109412.5,109719.3,1176.943,128993698.7202
2025-08-26 16:30:00,109719.3,110166.8,109560.3,110154.8,1581.058,173601355.9801
2025-08-26 17:00:00,110154.8,110198.0,109731.0,109822.1,1069.241,117568375.705
2025-08-26 17:30:00,109822.1,109964.8,109547.8,109964.8,732.043,80298132.5297
2025-08-26 18:00:00,109964.8,110487.0,109937.3,110476.2,1584.34,174558438.7301
2025-08-26 18:30:00,110476.2,110973.0,110372.1,110685.0,2252.658,249400269.1708
2025-08-26 19:00:00,110685.0,111118.4,110483.2,111084.3,1966.202,217885662.7596
2025-08-26 19:30:00,111084.3,111120.5,110790.0,111086.2,1350.585,149947258.5192
2025-08-26 20:00:00,111086.2,111354.8,110874.0,111305.0,1317.605,146454587.8239
2025-08-26 20:30:00,111305.0,111352.5,111121.2,111298.4,819.905,91212402.5568
2025-08-26 21:00:00,111298.4,111316.1,111074.5,111241.2,640.703,71235466.4268
2025-08-26 21:30:00,111241.2,111571.0,111145.7,111558.4,867.852,96662877.2917
2025-08-26 22:00:00,111558.4,111901.4,111555.0,111602.5,2210.549,247004815.6335
2025-08-26 22:30:00,111602.5,111898.9,111510.3,111865.6,1271.807,142020769.8083
2025-08-26 23:00:00,111865.6,112342.4,111847.5,111929.9,2230.501,250142461.7088
2025-08-26 23:30:00,111929.9,111946.7,111686.8,111723.1,1160.81,129746356.6087
2025-08-27 00:00:00,111723.1,111754.3,111562.7,111599.9,738.966,82504611.108
2025-08-27 00:30:00,111599.9,111801.0,111305.0,111329.7,1132.957,126313093.5786
2025-08-27 01:00:00,111329.7,111450.5,111173.1,111228.4,988.678,110022142.032
2025-08-27 01:30:00,111228.4,111341.8,111058.5,111270.0,745.198,82863522.0729
2025-08-27 02:00:00,111270.0,111437.0,111080.0,111285.4,901.252,100281606.9313
2025-08-27 02:30:00,111285.4,111427.7,111066.6,111095.5,667.193,74218832.5547
2025-08-27 03:00:00,111095.5,111194.6,110877.7,110936.3,1012.204,112361049.4896
2025-08-27 03:30:00,110936.3,111700.0,110936.3,111387.5,1513.552,168633599.7766
2025-08-27 04:00:00,111387.5,111699.6,111369.4,111413.0,1049.966,117117170.4089
2025-08-27 04:30:00,111413.0,111640.6,111378.9,111525.8,511.545,57060081.7088
2025-08-27 05:00:00,111525.8,111641.4,111293.9,111326.6,744.223,82938378.5633
2025-08-27 05:30:00,111326.6,111440.6,111269.9,111318.6,420.611,46829027.6833
2025-08-27 06:00:00,111318.6,111340.9,111108.6,111221.4,728.523,81027261.6542
2025-08-27 06:30:00,111221.4,111267.2,110979.9,111003.4,559.867,62194457.0608
2025-08-27 07:00:00,111003.4,111092.9,110660.0,110794.2,1197.707,132734223.1199
2025-08-27 07:30:00,110794.2,110871.1,110582.7,110686.0,1099.259,121715289.8602
2025-08-27 08:00:00,110686.0,110810.8,110520.0,110555.5,945.488,104635048.1466
2025-08-27 08:30:00,110555.5,110719.0,110312.1,110702.7,1498.938,165666173.6862
2025-08-27 09:00:00,110702.7,110956.8,110659.2,110917.9,1000.601,110897160.2862
2025-08-27 09:30:00,110917.9,111088.3,110750.3,110768.2,741.539,82233097.1762
2025-08-27 10:00:00,110768.2,111216.0,110764.2,110998.7,746.082,82829709.7592
2025-08-27 10:30:00,110998.7,111086.0,110855.0,110928.1,470.416,52199865.071
2025-08-27 11:00:00,110928.1,111230.7,110928.1,111133.1,479.129,53250821.0546
2025-08-27 11:30:00,111133.1,111330.6,111133.1,111265.0,488.46,54341919.5928
2025-08-27 12:00:00,111265.0,111346.4,111072.6,111091.0,626.684,69700679.1075
2025-08-27 12:30:00,111091.0,111329.2,110971.2,111289.9,1031.419,114613524.4972
2025-08-27 13:00:00,111289.9,111295.9,111035.0,111270.3,658.182,73183672.0171
2025-08-27 13:30:00,111270.3,111850.0,110951.4,111439.9,4002.615,446383199.461
2025-08-27 14:00:00,111439.9,112162.4,111222.3,112149.9,2418.315,270187543.9546
2025-08-27 14:30:00,112149.9,112589.9,111590.2,111756.8,4866.293,546016278.7216
2025-08-27 15:00:00,111756.8,112038.6,111614.9,111720.2,1853.693,207315701.2563
2025-08-27 15:30:00,111720.2,111977.0,111432.1,111961.2,1339.539,149646601.0666
2025-08-27 16:00:00,111961.2,112098.1,111604.9,111787.4,1015.442,113624620.4602
2025-08-27 16:30:00,111787.4,112222.0,111500.0,112072.7,1480.542,165650667.3723
2025-08-27 17:00:00,112072.7,112377.4,111852.0,112280.2,826.3,92629716.6755
2025-08-27 17:30:00,112280.2,112420.5,112211.2,112304.5,630.616,70824747.5046
2025-08-27 18:00:00,112304.5,112588.0,112279.5,112447.1,1423.157,160038196.9334
2025-08-27 18:30:00,112447.1,112454.5,111875.7,111913.5,1011.832,113523860.4131
2025-08-27 19:00:00,111913.5,112138.5,111537.1,111985.6,1860.826,208132410.8898
2025-08-27 19:30:00,111985.6,112190.8,111878.3,112037.4,1071.769,120081513.4877
2025-08-27 20:00:00,112037.4,112336.1,110823.9,112031.6,7155.269,798023192.8181
2025-08-27 20:30:00,112031.6,112393.1,111962.9,112387.7,2026.791,227386413.4519
2025-08-27 21:00:00,112387.7,112444.2,111592.2,111743.8,2376.677,266115961.4003
2025-08-27 21:30:00,111743.8,111858.5,111293.1,111472.5,1161.418,129574860.1649
2025-08-27 22:00:00,111472.5,111484.1,110937.0,111249.9,1850.898,205708463.5382
2025-08-27 22:30:00,111249.9,111540.0,111216.3,111354.4,1116.352,124374714.8545
2025-08-27 23:00:00,111354.4,111475.6,111158.9,111282.6,398.865,44390382.423
2025-08-27 23:30:00,111282.6,111365.6,111031.3,111184.3,532.707,59202836.4427
2025-08-28 00:00:00,111184.3,111483.4,110875.0,111079.0,918.395,102075529.4017
2025-08-28 00:30:00,111079.0,111411.0,110781.5,111290.5,1029.094,114292016.804
2025-08-28 01:00:00,111290.5,111550.0,111274.8,111383.4,482.996,53826475.4389
2025-08-28 01:30:00,111383.4,111663.6,111366.1,111591.0,806.046,89913954.4933
2025-08-28 02:00:00,111591.0,111715.4,111398.1,111550.0,748.036,83451934.0558
2025-08-28 02:30:00,111550.0,111594.7,111380.7,111438.0,338.977,37784514.1181
2025-08-28 03:00:00,111438.0,111888.0,111336.3,111879.8,865.921,96720788.2013
2025-08-28 03:30:00,111879.8,111990.2,111807.1,111945.9,805.881,90166977.395
2025-08-28 04:00:00,111945.9,112271.6,111888.3,112244.4,926.489,103862721.5267
2025-08-28 04:30:00,112244.4,113040.0,112232.8,112923.6,3444.942,388386300.1694
2025-08-28 05:00:00,112923.6,113123.3,112747.4,112819.2,1940.165,219111532.3236
2025-08-28 05:30:00,112819.2,112904.7,112666.8,112811.4,920.512,103827921.5354
2025-08-28 06:00:00,112811.4,112969.8,112672.9,112969.8,753.805,85040376.6067
2025-08-28 06:30:00,112969.8,113261.9,112905.5,113168.5,1283.641,145157371.1144
2025-08-28 07:00:00,113168.5,113345.4,113066.1,113119.0,1712.629,193917042.2133
2025-08-28 07:30:00,113119.0,113139.3,112952.4,113077.0,939.179,106175962.6035
2025-08-28 08:00:00,113077.0,113310.0,112978.4,113015.7,1254.385,141943995.2913
2025-08-28 08:30:00,113015.7,113250.0,112917.9,113082.9,1283.934,145195740.8807
2025-08-28 09:00:00,113082.9,113098.6,112843.4,112936.2,670.799,75790383.2478
2025-08-28 09:30:00,112936.2,112936.3,112803.8,112824.9,446.284,50366150.0126
2025-08-28 10:00:00,112824.9,112988.7,112772.9,112872.5,560.985,63325184.747
2025-08-28 10:30:00,112872.5,113076.7,112872.5,113076.6,433.578,48985824.0652
2025-08-28 11:00:00,113076.6,113110.8,112899.7,112911.7,339.74,38391376.1409
2025-08-28 11:30:00,112911.7,112964.8,112800.1,112880.2,519.881,58686018.4058
2025-08-28 12:00:00,112880.2,112924.7,112780.0,112800.0,864.016,97499756.0942
2025-08-28 12:30:00,112800.0,113287.7,112723.6,113190.2,1414.389,159892640.7391
2025-08-28 13:00:00,113190.2,113433.0,112960.2,112985.1,1323.071,149735003.334
2025-08-28 13:30:00,112985.1,113176.3,112501.1,112780.5,2851.985,321623664.8947
2025-08-28 14:00:00,112780.5,113120.8,112582.9,112591.9,1476.849,166683291.864
2025-08-28 14:30:00,112591.9,113276.4,112451.7,113110.3,2385.554,269441455.0576
2025-08-28 15:00:00,113110.3,113218.8,112375.1,112515.0,1749.506,197240881.1902
2025-08-28 15:30:00,112515.0,112771.7,112330.1,112620.5,1593.829,179343663.7382
2025-08-28 16:00:00,112620.5,113150.0,112571.8,112952.8,1478.806,166967012.6246
2025-08-28 16:30:00,112952.8,112999.4,112272.6,112272.6,1210.181,136267018.7024
2025-08-28 17:00:00,112272.6,112499.7,112138.9,112457.8,2163.382,242882290.5385
2025-08-28 17:30:00,112457.8,112582.5,112290.5,112350.5,1266.692,142433165.0396
2025-08-28 18:00:00,112350.5,112610.4,112180.1,112596.2,886.988,99632712.825
2025-08-28 18:30:00,112596.2,112670.1,112250.0,112322.2,693.865,78026700.4283
2025-08-28 19:00:00,112322.2,112548.0,112107.5,112315.2,1205.801,135333620.7165
2025-08-28 19:30:00,112315.2,112361.6,111828.0,111842.6,1952.793,218746298.0343
2025-08-28 20:00:00,111842.6,112063.3,111810.1,111963.9,1166.541,130578592.7788
2025-08-28 20:30:00,111963.9,112016.8,111828.9,111837.0,495.21,55421124.3515
2025-08-28 21:00:00,111837.0,112092.4,111836.9,111923.4,693.219,77618688.4755
2025-08-28 21:30:00,111923.4,112029.2,111854.3,111962.2,459.044,51380841.7028
2025-08-28 22:00:00,111962.2,112350.0,111962.2,112349.3,1205.209,135192563.7903
2025-08-28 22:30:00,112349.3,112498.2,112273.1,112310.8,829.911,93284289.6119
2025-08-28 23:00:00,112310.8,112439.4,112254.7,112344.1,511.158,57425368.8299
2025-08-28 23:30:00,112344.1,112538.3,112291.3,112511.4,652.489,73358169.2407
2025-08-29 00:00:00,112511.4,112616.4,112273.0,112547.7,683.067,76790220.4035
2025-08-29 00:30:00,112547.7,112567.1,112080.0,112170.2,672.769,75531241.7886
2025-08-29 01:00:00,112170.2,112233.0,111360.5,111497.6,4304.211,480862989.2343
2025-08-29 01:30:00,111497.6,111666.0,111400.0,111432.3,918.337,102410297.6829
2025-08-29 02:00:00,111432.3,111761.9,111366.0,111494.7,1032.781,115211269.0196
2025-08-29 02:30:00,111494.7,111543.7,111312.2,111370.8,708.618,78954118.0565
2025-08-29 03:00:00,111370.8,111595.1,111250.0,111547.1,751.844,83790734.3966
2025-08-29 03:30:00,111547.1,111786.7,111508.4,111642.0,613.528,68520098.6507
2025-08-29 04:00:00,111642.0,111800.0,111553.9,111621.9,504.972,56382578.2235
2025-08-29 04:30:00,111621.9,111643.4,111375.2,111450.4,626.088,69821379.6756
2025-08-29 05:00:00,111450.4,111540.0,111192.5,111264.1,815.696,90806227.1195
2025-08-29 05:30:00,111264.1,111265.2,111075.1,111253.9,1024.763,113901390.9452
2025-08-29 06:00:00,111253.9,111361.3,110938.0,110953.7,1119.978,124382925.418
2025-08-29 06:30:00,110953.7,111246.3,110918.0,111230.0,2652.585,294768811.1925
2025-08-29 07:00:00,111230.0,111235.7,110050.0,110083.7,4566.867,504924677.1088
2025-08-29 07:30:00,110083.7,110286.0,109832.5,109946.7,3182.638,350183168.9824
2025-08-29 08:00:00,109946.7,110220.0,109877.1,109961.1,2608.719,287026341.6956
2025-08-29 08:30:00,109961.1,110106.1,109537.2,109577.4,2510.595,275526302.6734
2025-08-29 09:00:00,109577.4,109757.7,109346.7,109695.5,2776.26,304076464.8567
2025-08-29 09:30:00,109695.5,109866.1,109575.3,109707.5,1104.905,121240119.325
2025-08-29 10:00:00,109707.5,109950.0,109684.0,109868.8,1170.454,128558012.5814
2025-08-29 10:30:00,109868.8,109970.0,109780.0,109942.5,630.344,69263117.4841
2025-08-29 11:00:00,109942.5,110100.0,109840.8,110007.3,1063.648,117009515.6977
2025-08-29 11:30:00,110007.3,110039.5,109757.7,110039.5,983.835,108119607.5648
2025-08-29 12:00:00,110039.5,110317.7,110012.9,110279.9,1540.338,169711365.0264
2025-08-29 12:30:00,110279.9,111490.7,110279.9,110664.0,8026.081,889686683.8055
2025-08-29 13:00:00,110664.0,110732.0,110354.7,110457.1,911.453,100742748.2677
2025-08-29 13:30:00,110457.1,110518.1,108817.7,109063.3,8322.389,911510466.5252
2025-08-29 14:00:00,109063.3,109484.6,108260.0,108613.8,8224.96,894116388.3293
2025-08-29 14:30:00,108613.8,108830.8,108063.3,108174.1,3763.105,408048397.2517
2025-08-29 15:00:00,108174.1,108673.3,108139.2,108312.5,3275.466,355181433.0579
2025-08-29 15:30:00,108312.5,108557.8,108151.6,108336.7,1799.476,195040937.0507
2025-08-29 16:00:00,108336.7,108738.0,108084.8,108464.5,1547.175,167786521.0202
2025-08-29 16:30:00,108464.5,108788.0,108464.5,108654.7,1099.061,119442039.8946
2025-08-29 17:00:00,108654.7,108688.7,108107.0,108350.0,1313.049,142245160.4428
2025-08-29 17:30:00,108350.0,108562.8,108276.3,108414.8,720.582,78139712.1416
2025-08-29 18:00:00,108414.8,108463.2,108040.3,108082.1,1388.078,150192945.083
2025-08-29 18:30:00,108082.1,108200.0,108052.7,108100.1,760.215,82191860.3426
2025-08-29 19:00:00,108100.1,108705.0,107888.0,108619.1,3163.026,342300850.5534
2025-08-29 19:30:00,108619.1,108700.0,108142.9,108180.8,1326.288,143786924.9953
2025-08-29 20:00:00,108180.8,108234.9,107687.0,107946.4,3354.852,361971118.9131
2025-08-29 20:30:00,107946.4,107946.5,107500.0,107758.1,2242.273,241414731.9588
2025-08-29 21:00:00,107758.1,107934.8,107432.6,107934.8,1754.71,189030618.9902
2025-08-29 21:30:00,107934.8,108442.8,107934.8,108410.1,1908.677,206559879.0509
2025-08-29 22:00:00,108410.1,108450.0,108241.3,108305.8,591.326,64051028.1723
2025-08-29 22:30:00,108305.8,108382.2,108168.5,108365.9,378.086,40931115.0703
2025-08-29 23:00:00,108365.9,108500.0,108319.5,108428.2,667.058,72322364.5828
2025-08-29 23:30:00,108428.2,108530.4,108305.2,108355.3,447.392,48525140.7761
2025-08-30 00:00:00,108355.3,108397.4,108204.0,108284.8,581.674,62988711.5238
2025-08-30 00:30:00,108284.8,108298.9,108103.6,108272.1,579.311,62677800.6176
2025-08-30 01:00:00,108272.1,108330.3,108000.0,108016.1,449.921,48655050.1386
2025-08-30 01:30:00,108016.1,108104.0,107300.0,107413.5,2124.212,228784982.049
2025-08-30 02:00:00,107413.5,107820.0,107348.9,107787.6,1261.334,135786386.6563
2025-08-30 02:30:00,107787.6,107919.8,107750.0,107750.1,509.15,54912614.2047
2025-08-30 03:00:00,107750.1,108287.5,107744.0,108184.6,1435.935,155232922.6855
2025-08-30 03:30:00,108184.6,108398.0,108184.5,108393.9,732.496,79346517.4447
2025-08-30 04:00:00,108393.9,108637.8,108330.6,108604.4,883.672,95864978.1669
2025-08-30 04:30:00,108604.4,108604.5,108371.7,108396.1,647.792,70256288.2181
2025-08-30 05:00:00,108396.1,108435.6,108171.7,108174.6,788.889,85438292.8334
2025-08-30 05:30:00,108174.6,108409.1,108100.0,108314.9,836.394,90574661.3474
2025-08-30 06:00:00,108314.9,108524.4,108226.0,108241.2,708.059,76741208.8243
2025-08-30 06:30:00,108241.2,108307.1,108171.0,108288.2,335.819,36344365.9994
2025-08-30 07:00:00,108288.2,108350.7,108075.0,108245.8,414.471,44845278.8869
2025-08-30 07:30:00,108245.8,108470.1,108235.7,108466.8,526.062,57036980.256
2025-08-30 08:00:00,108466.8,108739.5,108440.0,108692.5,935.436,101583413.2325
2025-08-30 08:30:00,108692.5,108699.0,108500.0,108548.1,466.539,50658464.9107
2025-08-30 09:00:00,108548.1,108583.4,108461.5,108503.3,394.389,42800199.0761
2025-08-30 09:30:00,108503.3,108586.0,108438.6,108491.1,446.513,48442504.1184
2025-08-30 10:00:00,108491.1,108685.9,108461.1,108667.2,425.233,46176169.8716
2025-08-30 10:30:00,108667.2,108668.4,108376.0,108404.7,523.625,56797735.2793
2025-08-30 11:00:00,108404.7,108534.0,108400.0,108528.8,211.62,22955502.7731
2025-08-30 11:30:00,108528.8,108707.6,108486.9,108652.3,555.053,60290870.5061
2025-08-30 12:00:00,108652.3,108662.1,108436.3,108484.6,402.375,43662217.9634
2025-08-30 12:30:00,108484.6,108594.5,108307.9,108589.3,765.256,82987841.9244
2025-08-30 13:00:00,108589.3,108589.4,108176.0,108399.9,1015.964,110068716.8264
2025-08-30 13:30:00,108399.9,108518.0,108323.1,108510.2,481.661,52240610.6887
2025-08-30 14:00:00,108510.2,108537.2,108352.6,108537.1,983.59,106658149.0698
2025-08-30 14:30:00,108537.1,108705.0,108511.5,108643.7,644.638,70031131.66
2025-08-30 15:00:00,108643.7,108868.7,108525.0,108746.7,1095.939,119164871.4511
2025-08-30 15:30:00,108746.7,108902.3,108616.6,108834.7,1062.272,115582328.6027
2025-08-30 16:00:00,108834.7,108843.4,108641.3,108692.0,467.339,50809801.1107
2025-08-30 16:30:00,108692.0,108856.5,108662.2,108787.8,676.381,73580976.7071
2025-08-30 17:00:00,108787.8,108878.3,108766.1,108811.5,314.474,34219206.4277
2025-08-30 17:30:00,108811.5,108839.6,108583.3,108762.1,388.12,42180770.7989
2025-08-30 18:00:00,108762.1,108795.2,108615.0,108674.5,274.521,29840719.5889
2025-08-30 18:30:00,108674.5,108826.0,108592.6,108723.8,345.642,37573997.3785
2025-08-30 19:00:00,108723.8,108800.0,108625.0,108797.3,223.531,24300706.4164
2025-08-30 19:30:00,108797.3,108900.0,108755.0,108814.5,406.424,44229167.4376
2025-08-30 20:00:00,108814.5,108821.0,108653.0,108755.3,331.998,36093131.2712
2025-08-30 20:30:00,108755.3,108760.8,108550.1,108621.7,596.008,64736269.9227
2025-08-30 21:00:00,108621.7,108654.1,108481.8,108588.2,776.121,84273692.4201
2025-08-30 21:30:00,108588.2,108590.0,108490.0,108552.2,354.878,38520723.4063
2025-08-30 22:00:00,108552.2,108560.0,108436.9,108529.9,250.589,27187356.487
2025-08-30 22:30:00,108529.9,108545.5,108465.8,108501.7,218.612,23723272.4837
2025-08-30 23:00:00,108501.7,108690.3,108496.4,108662.5,196.658,21357081.7883
2025-08-30 23:30:00,108662.5,108787.4,108613.8,108780.7,207.209,22526854.8834
2025-08-31 00:00:00,108780.7,108855.5,108763.9,108855.4,302.264,32891093.315
2025-08-31 00:30:00,108855.4,109360.0,108834.1,109357.5,2742.403,299325880.2108
2025-08-31 01:00:00,109357.5,109360.0,109086.3,109289.1,912.675,99660808.9647
2025-08-31 01:30:00,109289.1,109444.0,109240.1,109380.1,995.911,108904857.0525
2025-08-31 02:00:00,109380.1,109402.7,109239.9,109294.0,451.557,49359585.706
2025-08-31 02:30:00,109294.0,109294.1,109123.8,109175.8,282.954,30894316.5616
2025-08-31 03:00:00,109175.8,109290.5,109140.3,109163.7,331.551,36212096.9305
2025-08-31 03:30:00,109163.7,109327.3,109102.7,109179.3,405.2,44253234.0529
2025-08-31 04:00:00,109179.3,109191.1,108775.0,108791.0,956.397,104184585.2644
2025-08-31 04:30:00,108791.0,108828.1,108622.3,108773.5,898.635,97715144.0606
2025-08-31 05:00:00,108773.5,108773.6,108500.3,108537.9,870.44,94543819.6973
2025-08-31 05:30:00,108537.9,108726.7,108537.8,108708.7,423.265,45988209.714
2025-08-31 06:00:00,108708.7,108719.0,108507.6,108516.4,423.128,45956473.889
2025-08-31 06:30:00,108516.4,108697.1,108455.0,108654.9,664.902,72189126.7977
2025-08-31 07:00:00,108654.9,108776.5,108603.2,108648.1,437.344,47532794.6849
2025-08-31 07:30:00,108648.1,108749.5,108620.5,108640.4,214.723,23333924.9432
2025-08-31 08:00:00,108640.4,108871.7,108640.4,108838.5,452.433,49215386.616
2025-08-31 08:30:00,108838.5,108973.5,108752.3,108951.9,537.876,58564539.1825
2025-08-31 09:00:00,108951.9,109065.4,108841.5,108849.0,854.034,93062970.2737
2025-08-31 09:30:00,108849.0,108873.8,108389.5,108469.8,1895.454,205901081.3401
2025-08-31 10:00:00,108469.8,108510.3,108301.6,108417.7,1023.923,110985869.7122
2025-08-31 10:30:00,108417.7,108588.9,108237.1,108512.2,1364.581,147944051.3337
2025-08-31 11:00:00,108512.2,108552.5,108268.0,108484.7,629.575,68258423.6131
2025-08-31 11:30:00,108484.7,108522.8,108322.1,108335.0,557.907,60472033.6705
2025-08-31 12:00:00,108335.0,108400.0,108265.0,108356.0,532.716,57707424.8854
2025-08-31 12:30:00,108356.0,108441.0,108261.0,108266.2,440.063,47675162.2086
2025-08-31 13:00:00,108266.2,108400.0,108135.9,108238.2,1246.612,134929552.4905
2025-08-31 13:30:00,108238.2,108393.3,108160.4,108370.8,415.945,45039274.3075
2025-08-31 14:00:00,108370.8,108430.5,108200.0,108315.1,746.876,80872091.2389
2025-08-31 14:30:00,108315.1,108458.6,108315.1,108413.3,441.868,47902247.263
2025-08-31 15:00:00,108413.3,108642.8,108400.1,108499.8,1109.962,120441135.3778
2025-08-31 15:30:00,108499.8,108814.7,108416.7,108750.0,1003.954,109090344.3055
2025-08-31 16:00:00,108750.0,108826.6,108485.3,108624.8,1181.501,128393768.3727
2025-08-31 16:30:00,108624.8,108923.2,108550.0,108871.0,786.832,85614548.9274
2025-08-31 17:00:00,108871.0,108923.0,108784.1,108906.0,340.179,37030521.8181
2025-08-31 17:30:00,108906.0,108950.0,108800.0,108945.0,646.058,70371038.6265
2025-08-31 18:00:00,108945.0,109080.9,108863.7,108950.5,528.756,57623245.7511
2025-08-31 18:30:00,108950.5,109197.5,108933.4,109086.3,535.797,58455619.3516
2025-08-31 19:00:00,109086.3,109125.6,108882.5,108921.1,396.194,43180679.8949
2025-08-31 19:30:00,108921.1,109073.8,108861.0,108887.9,381.304,41548683.4432
2025-08-31 20:00:00,108887.9,109061.0,108825.2,109016.7,413.155,45014281.883
2025-08-31 20:30:00,109016.7,109079.4,108915.1,109074.9,467.115,50913947.684
2025-08-31 21:00:00,109074.9,109074.9,108900.5,108971.1,268.406,29250266.6766
2025-08-31 21:30:00,108971.1,109066.4,108951.7,108987.6,165.465,18035320.8456
2025-08-31 22:00:00,108987.6,109199.1,108808.3,109127.3,946.391,103204999.031
2025-08-31 22:30:00,109127.3,109129.6,108702.4,108846.5,1084.431,118082575.9921
2025-08-31 23:00:00,108846.5,108870.4,108283.9,108335.5,1883.435,204413194.8746
2025-08-31 23:30:00,108335.5,108374.3,108008.4,108200.0,2125.457,229948067.2155
2025-09-01 00:00:00,108200.0,108292.9,107564.7,107768.0,3034.755,327295243.6405
