timestamp,open,high,low,close,volume,turnover
2025-01-01 00:00:00,93530.0,94457.9,93451.0,93802.0,7739.072,726590859.7947
2025-01-01 04:00:00,93802.0,93909.3,93472.9,93642.7,4120.241,385944995.1817
2025-01-01 08:00:00,93642.7,93737.7,92840.0,93393.3,9560.895,892145182.8921
2025-01-01 12:00:00,93393.3,94481.4,93351.2,94411.6,11108.105,1043786663.9926
2025-01-01 16:00:00,94411.6,94786.8,93687.7,94583.4,7059.929,665127016.7504
2025-01-01 20:00:00,94583.4,95158.4,94500.0,94564.6,7242.128,686340741.6923
2025-01-02 00:00:00,94564.6,95515.7,94339.9,94985.8,10814.035,1027519267.0644
2025-01-02 04:00:00,94985.8,95987.5,94957.8,95799.9,9517.606,909922419.1088
2025-01-02 08:00:00,95799.9,96869.8,95591.5,96717.7,13235.558,1275600466.8384
2025-01-02 12:00:00,96717.7,97400.0,95889.7,96427.0,29673.084,2868785480.6836
2025-01-02 16:00:00,96427.0,97764.0,96003.0,97294.1,22684.186,2201308934.8957
2025-01-02 20:00:00,97294.1,97844.8,96618.3,96960.5,10102.465,981905561.3614
2025-01-03 00:00:00,96960.5,97329.6,96605.3,97024.2,5882.404,570252317.8354
2025-01-03 04:00:00,97024.2,97042.8,96253.5,96283.3,6233.078,602088426.0665
2025-01-03 08:00:00,96283.3,96810.7,96062.1,96715.4,7732.189,745689290.9571
2025-01-03 12:00:00,96715.4,97631.5,96432.0,97491.8,15973.863,1549467321.6467
2025-01-03 16:00:00,97491.8,98950.0,97360.2,98555.2,17414.522,1710594519.8377
2025-01-03 20:00:00,98555.2,98709.0,98016.9,98140.0,7112.804,699294155.5066
2025-01-04 00:00:00,98140.0,98275.2,97750.0,98144.1,4643.313,455140035.6592
2025-01-04 04:00:00,98144.1,98298.6,97832.8,98235.0,3531.224,346261126.4938
2025-01-04 08:00:00,98235.0,98268.2,97502.1,97848.4,5116.297,500488140.5677
2025-01-04 12:00:00,97848.4,98122.7,97442.8,97617.4,6565.157,642109151.2924
2025-01-04 16:00:00,97617.4,98380.7,97527.7,98129.3,5430.726,531866242.6157
2025-01-04 20:00:00,98129.3,98759.6,98105.0,98177.2,5744.56,565341330.3426
2025-01-05 00:00:00,98177.2,98370.0,98011.0,98161.7,2505.421,245918251.6459
2025-01-05 04:00:00,98161.7,98516.0,98161.7,98227.4,3117.754,306602252.603
2025-01-05 08:00:00,98227.4,98227.4,97543.0,97607.6,8103.949,792356594.2339
2025-01-05 12:00:00,97607.6,98245.7,97216.0,97990.1,12074.288,1179803422.3735
2025-01-05 16:00:00,97990.1,98308.6,97536.7,98049.2,5809.446,568744682.3961
2025-01-05 20:00:00,98049.2,98828.5,97977.5,98340.5,7834.273,771284706.4685
2025-01-06 00:00:00,98340.5,99282.2,97861.0,99001.7,14342.997,1415866212.6216
2025-01-06 04:00:00,99001.7,99877.7,99001.7,99275.0,13058.874,1299064251.7552
2025-01-06 08:00:00,99275.0,99608.1,98679.2,99238.8,10391.066,1029375288.7628
2025-01-06 12:00:00,99238.8,102471.7,98612.2,102117.4,42895.359,4312579425.0211
2025-01-06 16:00:00,102117.4,102459.4,101210.0,101761.6,18637.002,1899567388.824
2025-01-06 20:00:00,101761.6,102291.7,101515.0,102185.9,7910.39,806469968.2953
2025-01-07 00:00:00,102185.9,102702.1,101454.1,101650.9,9125.455,930700667.5957
2025-01-07 04:00:00,101650.9,101975.0,101524.7,101646.2,4239.168,431252391.3437
2025-01-07 08:00:00,101646.2,101966.0,100441.0,100796.4,12295.196,1243902918.0277
2025-01-07 12:00:00,100796.4,100955.5,97088.0,97905.1,60664.958,6010826246.8065
2025-01-07 16:00:00,97905.1,98329.8,96159.2,96415.7,36836.402,3581710587.7868
2025-01-07 20:00:00,96415.7,97188.8,96113.4,96908.1,17499.647,1691081485.9188
2025-01-08 00:00:00,96908.1,97224.3,96165.4,96487.5,12636.984,1222251272.7644
2025-01-08 04:00:00,96487.5,96623.5,95202.3,95608.9,21506.64,2062190178.1172
2025-01-08 08:00:00,95608.9,96095.9,94458.0,95101.8,21833.333,2082273039.8518
2025-01-08 12:00:00,95101.8,96037.9,94571.0,95455.3,34768.112,3310716788.2266
2025-01-08 16:00:00,95455.3,95457.8,92378.5,94211.6,51570.313,4846537151.0092
2025-01-08 20:00:00,94211.6,95254.5,93530.5,95022.2,14019.714,1323163486.1674
2025-01-09 00:00:00,95022.2,95356.6,93374.9,93966.1,21824.602,2058536101.3324
2025-01-09 04:00:00,93966.1,94588.6,93089.4,93175.6,11589.063,1088608816.7176
2025-01-09 08:00:00,93175.6,93827.2,92705.0,93410.1,16000.889,1491584555.7799
2025-01-09 12:00:00,93410.1,94555.0,91738.0,94210.8,36150.323,3356912209.9529
2025-01-09 16:00:00,94210.8,94666.0,91850.0,91859.5,26211.052,2441743327.8832
2025-01-09 20:00:00,91859.5,92699.2,91151.0,92507.7,24933.837,2291902124.1259
2025-01-10 00:00:00,92507.7,93687.8,92406.6,93655.9,9983.104,928700551.0055
2025-01-10 04:00:00,93655.9,94948.4,93457.9,94457.1,13967.468,1314199691.8784
2025-01-10 08:00:00,94457.1,95233.0,94342.1,95019.8,12071.135,1144267159.8292
2025-01-10 12:00:00,95019.8,95079.9,92161.2,93695.9,64100.975,6004579128.7681
2025-01-10 16:00:00,93695.9,95873.6,93153.9,95275.4,31498.571,2978894009.0103
2025-01-10 20:00:00,95275.4,95416.6,94534.1,94684.2,8428.512,798894761.7037
2025-01-11 00:00:00,94684.2,94709.7,94054.9,94163.1,6036.428,569600481.2671
2025-01-11 04:00:00,94163.1,94409.5,93800.0,94204.3,5164.582,486198207.4953
2025-01-11 08:00:00,94204.3,94750.0,93981.0,94574.6,5229.41,493464401.1453
2025-01-11 12:00:00,94574.6,94611.2,94258.7,94371.5,4478.753,423006906.4132
2025-01-11 16:00:00,94371.5,94696.5,93888.3,94201.1,5907.904,556774502.319
2025-01-11 20:00:00,94201.1,94991.9,94142.1,94569.4,5995.607,567366111.2564
2025-01-12 00:00:00,94569.4,94663.9,94255.0,94587.3,2832.691,267602777.8331
2025-01-12 04:00:00,94587.3,94610.2,94210.3,94295.1,2013.028,190071275.2218
2025-01-12 08:00:00,94295.1,94358.6,93660.0,94211.2,6940.813,652545524.5138
2025-01-12 12:00:00,94211.2,95439.9,94120.6,95043.8,11824.25,1121099965.4682
2025-01-12 16:00:00,95043.8,95283.7,94540.2,94632.4,6052.348,574573920.9628
2025-01-12 20:00:00,94632.4,94782.7,93740.0,94510.0,8152.577,768147543.9853
2025-01-13 00:00:00,94510.0,95954.8,93868.4,94217.1,20720.425,1964107183.3905
2025-01-13 04:00:00,94217.1,94888.2,93151.0,93557.9,17471.652,1640444532.5078
2025-01-13 08:00:00,93557.9,93621.2,90769.0,90811.9,32978.812,3034920395.6243
2025-01-13 12:00:00,90811.9,93050.9,89100.0,92081.1,66923.277,6100067652.2104
2025-01-13 16:00:00,92081.1,92500.0,91200.0,92260.7,30230.758,2777675403.5462
2025-01-13 20:00:00,92260.7,94700.0,91839.2,94508.2,23969.882,2245338313.9856
2025-01-14 00:00:00,94508.2,95285.1,94330.3,94849.3,12415.24,1176953832.6332
2025-01-14 04:00:00,94849.3,95484.3,94714.4,94838.4,8044.266,764375408.5132
2025-01-14 08:00:00,94838.4,97395.5,94838.4,96526.2,28204.747,2719511834.392
2025-01-14 12:00:00,96526.2,97247.9,95712.1,96415.4,30608.493,2954525189.1969
2025-01-14 16:00:00,96415.4,97064.0,95308.8,96518.1,20325.41,1954292618.0755
2025-01-14 20:00:00,96518.1,96899.5,96100.0,96523.3,7362.93,710469210.6879
2025-01-15 00:00:00,96523.3,97548.7,96450.0,97281.3,10957.004,1063299270.0089
2025-01-15 04:00:00,97281.3,97691.7,96707.2,97255.8,8888.028,863783477.1675
2025-01-15 08:00:00,97255.8,97499.0,96469.6,96722.3,8525.264,826563768.0916
2025-01-15 12:00:00,96722.3,99765.0,96500.0,98955.1,44389.776,4375155880.3385
2025-01-15 16:00:00,98955.1,99942.5,98555.9,99807.5,14071.393,1396094985.5745
2025-01-15 20:00:00,99807.5,100700.0,99400.1,100465.0,18401.808,1839120902.5081
2025-01-16 00:00:00,100465.0,100866.1,99129.8,99437.5,13782.273,1377762276.9923
2025-01-16 04:00:00,99437.5,99891.8,99293.1,99783.6,4995.324,497529975.7152
2025-01-16 08:00:00,99783.6,99799.0,98599.9,99125.7,13750.405,1361755109.4719
2025-01-16 12:00:00,99125.7,99498.2,97291.0,99255.6,32401.777,3188681961.7297
2025-01-16 16:00:00,99255.6,100400.0,99029.5,100373.3,21173.939,2110088698.4107
2025-01-16 20:00:00,100373.3,100620.0,99331.0,99945.8,12434.828,1244130772.8398
2025-01-17 00:00:00,99945.8,102150.0,99906.1,101016.1,19044.738,1925069858.4786
2025-01-17 04:00:00,101016.1,101911.9,100907.6,101410.4,7283.81,738942192.6694
2025-01-17 08:00:00,101410.4,102579.3,101410.4,102205.4,11972.681,1222054294.6382
2025-01-17 12:00:00,102205.4,104219.8,102164.4,103988.4,33832.388,3491330565.4328
2025-01-17 16:00:00,103988.4,105815.8,103802.0,105788.5,31725.756,3325714981.521
2025-01-17 20:00:00,105788.5,105806.4,104026.0,104048.8,14269.978,1495733583.5719
2025-01-18 00:00:00,104048.8,104617.0,103008.0,103530.0,10366.889,1077832244.3484
2025-01-18 04:00:00,103530.0,103750.2,102545.5,102773.7,15696.276,1619916088.3338
2025-01-18 08:00:00,102773.7,103851.9,102244.0,103538.9,12711.281,1309791506.9564
2025-01-18 12:00:00,103538.9,104963.0,103076.7,104521.4,13271.103,1380651647.0045
2025-01-18 16:00:00,104521.4,104692.3,103107.3,104366.0,13884.627,1443205327.671
2025-01-18 20:00:00,104366.0,104738.6,103734.2,104520.0,7090.465,738558149.064
2025-01-19 00:00:00,104520.0,105431.1,103970.9,104955.1,8784.124,919847423.3407
2025-01-19 04:00:00,104955.1,105618.8,104227.7,105158.7,9247.433,971019293.5065
2025-01-19 08:00:00,105158.7,105442.4,103427.9,104344.9,17498.944,1829644001.6831
2025-01-19 12:00:00,104344.9,105700.0,104281.3,104904.0,14017.17,1470808459.9445
2025-01-19 16:00:00,104904.0,106250.0,104471.3,106231.4,12646.615,1329588555.8447
2025-01-19 20:00:00,106231.4,106476.5,99600.0,101310.7,61219.383,6292372947.306
2025-01-20 00:00:00,101310.7,102305.5,99500.1,101880.0,35319.937,3559873292.3008
2025-01-20 04:00:00,101880.0,109951.7,101523.9,107172.9,65438.643,7005365225.0392
2025-01-20 08:00:00,107172.9,109237.2,107153.9,108271.9,22304.588,2414111989.7656
2025-01-20 12:00:00,108271.9,108767.6,104500.0,105000.0,48923.932,5224127928.7324
2025-01-20 16:00:00,105000.0,107089.2,100519.0,103693.3,111502.502,11567431644.6331
2025-01-20 20:00:00,103693.3,104343.2,101700.0,102258.7,24101.933,2483785122.0921
2025-01-21 00:00:00,102258.7,103250.0,100000.0,102915.8,32409.217,3297748178.1359
2025-01-21 04:00:00,102915.8,102949.9,101073.9,101962.7,16099.665,1642425282.8889
2025-01-21 08:00:00,101962.7,103978.9,101707.6,103745.9,14476.517,1489868824.8253
2025-01-21 12:00:00,103745.9,105340.4,102777.1,103931.7,33667.647,3501374096.8099
2025-01-21 16:00:00,103931.7,107265.6,103800.0,107008.2,36944.511,3913677183.9324
2025-01-21 20:00:00,107008.2,107211.0,105330.3,106133.3,19069.624,2025491657.1889
2025-01-22 00:00:00,106133.3,106387.4,105423.6,105588.9,9520.706,1008102545.7009
2025-01-22 04:00:00,105588.9,106020.0,105029.4,105063.5,8080.987,852629714.9657
2025-01-22 08:00:00,105063.5,105463.2,104606.8,105112.6,11809.696,1240351889.0087
2025-01-22 12:00:00,105112.6,105568.0,103625.7,104152.5,26768.1,2795829884.7503
2025-01-22 16:00:00,104152.5,104742.0,103310.0,104613.8,16648.643,1732660728.2964
2025-01-22 20:00:00,104613.8,104830.0,103572.7,103670.4,9942.536,1034945253.3207
2025-01-23 00:00:00,103670.4,103780.0,102071.4,102411.6,17368.547,1785773464.8543
2025-01-23 04:00:00,102411.6,102933.4,101527.8,102659.0,12602.794,1287848776.7633
2025-01-23 08:00:00,102659.0,102669.6,101205.1,101921.5,12046.16,1227010553.3495
2025-01-23 12:00:00,101921.5,106053.4,101277.8,105235.5,76207.955,7920449176.9408
2025-01-23 16:00:00,105235.5,106875.0,103350.0,103736.6,50766.962,5350817926.7671
2025-01-23 20:00:00,103736.6,106400.0,102147.3,103862.4,74679.081,7798161549.4811
2025-01-24 00:00:00,103862.4,104240.0,102691.8,103831.5,10989.234,1137618606.5348
2025-01-24 04:00:00,103831.5,105316.0,103747.6,105008.8,10111.533,1058541718.1072
2025-01-24 08:00:00,105008.8,105733.4,104891.5,105384.1,9104.565,958783132.6996
2025-01-24 12:00:00,105384.1,106319.3,104622.3,105827.8,18441.448,1945876962.0273
2025-01-24 16:00:00,105827.8,107118.6,105532.2,105734.3,21060.374,2238561362.4267
2025-01-24 20:00:00,105734.3,105755.3,104386.7,104800.1,13315.256,1398266855.059
2025-01-25 00:00:00,104800.1,105227.3,104308.6,105146.5,5692.425,595921288.5989
2025-01-25 04:00:00,105146.5,105165.5,104175.0,104349.9,4324.387,451666504.2134
2025-01-25 08:00:00,104349.9,104640.0,104036.9,104619.1,4317.197,450493555.5236
2025-01-25 12:00:00,104619.1,105072.0,104405.7,104846.5,5026.961,526423820.7846
2025-01-25 16:00:00,104846.5,105276.1,104380.2,104997.8,5804.313,608533815.3575
2025-01-25 20:00:00,104997.8,105237.4,104638.9,104709.4,3371.53,353866369.3966
2025-01-26 00:00:00,104709.4,105217.5,104466.9,105024.5,3401.427,356449732.3271
2025-01-26 04:00:00,105024.5,105591.5,104903.9,104966.0,2956.773,310911805.0813
2025-01-26 08:00:00,104966.0,105200.0,104400.0,104773.6,5280.246,552820287.6824
2025-01-26 12:00:00,104773.6,105053.7,104654.6,104934.4,3010.751,315793772.6778
2025-01-26 16:00:00,104934.4,105243.6,104861.5,105056.7,2734.587,287273014.287
2025-01-26 20:00:00,105056.7,105188.4,102457.1,102553.7,16046.838,1662153163.6182
2025-01-27 00:00:00,102553.7,103217.8,100667.7,101345.0,24920.156,2533866449.374
2025-01-27 04:00:00,101345.0,101347.1,97694.2,98986.3,34489.328,3427998166.4044
2025-01-27 08:00:00,98986.3,99478.6,98208.0,98700.0,17503.919,1731297418.2059
2025-01-27 12:00:00,98700.0,102270.4,98655.6,101055.2,39977.225,4032595923.0077
2025-01-27 16:00:00,101055.2,101195.5,98793.3,99649.9,25508.759,2542923191.4081
2025-01-27 20:00:00,99649.9,102376.8,99549.6,102024.2,17665.672,1790561372.3182
2025-01-28 00:00:00,102024.2,102910.4,101280.0,102594.9,11708.279,1195801426.0966
2025-01-28 04:00:00,102594.9,103329.9,102458.4,102745.3,10601.938,1091271213.6527
2025-01-28 08:00:00,102745.3,103178.1,102322.7,102703.8,8246.788,847165954.4925
2025-01-28 12:00:00,102703.8,103800.0,101767.0,102718.8,26382.273,2709824900.7278
2025-01-28 16:00:00,102718.8,103077.6,101739.8,102375.4,18974.142,1943029053.6235
2025-01-28 20:00:00,102375.4,102490.0,100205.7,101278.0,16550.208,1673088225.0007
2025-01-29 00:00:00,101278.0,102266.0,101265.3,101970.4,7707.563,784343072.9635
2025-01-29 04:00:00,101970.4,102847.4,101899.9,102700.1,6691.486,685308828.292
2025-01-29 08:00:00,102700.1,102974.0,102150.0,102591.5,7459.098,765159731.2666
2025-01-29 12:00:00,102591.5,102781.2,101516.2,101919.3,15798.293,1611955423.1411
2025-01-29 16:00:00,101919.3,103985.2,101335.9,103536.1,31671.227,3250126810.1591
2025-01-29 20:00:00,103536.1,104777.0,102800.0,103700.0,21971.484,2282455882.6305
2025-01-30 00:00:00,103700.0,105293.9,103235.0,105166.3,14254.622,1487311129.6552
2025-01-30 04:00:00,105166.3,105582.2,104777.0,105100.0,8767.893,922062481.0601
2025-01-30 08:00:00,105100.0,105534.0,104901.0,105281.5,6284.631,661359427.5014
2025-01-30 12:00:00,105281.5,106421.1,104628.0,105516.5,22361.659,2359580506.7785
2025-01-30 16:00:00,105516.5,105970.0,104711.0,105676.0,12116.447,1276410247.5123
2025-01-30 20:00:00,105676.0,105789.0,104633.0,104684.6,7460.768,784327990.5508
2025-01-31 00:00:00,104684.6,104976.2,103875.0,104273.2,9994.687,1043404882.8382
2025-01-31 04:00:00,104273.2,104761.1,103911.0,104146.1,7255.966,757092178.2845
2025-01-31 08:00:00,104146.1,104796.0,103863.0,104675.0,7352.739,766618707.3184
2025-01-31 12:00:00,104675.0,105998.0,104050.1,105404.7,16507.182,1731610463.2242
2025-01-31 16:00:00,105404.7,105535.7,102058.5,102232.0,28162.008,2913852323.3285
2025-01-31 20:00:00,102232.0,102419.9,101468.4,102377.6,18987.245,1934826922.648
2025-02-01 00:00:00,102377.6,102735.0,102117.5,102173.1,5690.061,582743010.9834
2025-02-01 04:00:00,102173.1,102517.3,102033.0,102112.1,4729.603,483583292.2855
2025-02-01 08:00:00,102112.1,102222.9,101350.1,101966.9,8031.876,817375522.9387
2025-02-01 12:00:00,101966.9,102233.0,101670.3,102023.4,7669.231,782337617.5893
2025-02-01 16:00:00,102023.4,102220.0,101404.0,101622.6,5773.984,588168304.7587
2025-02-01 20:00:00,101622.6,101622.6,100215.1,100576.5,15983.483,1613049236.4617
2025-02-02 00:00:00,100576.5,101410.0,99100.3,99157.1,14728.295,1475648907.4676
2025-02-02 04:00:00,99157.1,100434.1,98958.0,99569.9,12728.672,1270477699.3756
2025-02-02 08:00:00,99569.9,100057.8,98580.0,98824.4,14071.919,1397632297.997
2025-02-02 12:00:00,98824.4,99364.6,98100.0,99292.7,17146.615,1693566373.4232
2025-02-02 16:00:00,99292.7,99308.6,96625.0,98223.3,36012.741,3518731560.1892
2025-02-02 20:00:00,98223.3,98575.0,95994.3,97645.7,26522.407,2577762991.1888
2025-02-03 00:00:00,97645.7,97737.5,91166.6,93998.2,104851.129,9886038421.0991
2025-02-03 04:00:00,93998.2,95336.0,92609.9,95247.1,22552.312,2114169675.2082
2025-02-03 08:00:00,95247.1,95885.5,94703.0,95052.3,18504.353,1762858334.5256
2025-02-03 12:00:00,95052.3,99468.8,94091.0,98804.0,53482.704,5155176800.4595
2025-02-03 16:00:00,98804.0,101840.0,97979.5,101831.8,33674.916,3349914480.7987
2025-02-03 20:00:00,101831.8,102457.8,100867.2,101294.8,22663.775,2301374182.2799
2025-02-04 00:00:00,101294.8,101684.7,100500.0,100580.5,8066.009,815273120.7516
2025-02-04 04:00:00,100580.5,100727.0,98170.6,98409.6,26582.702,2634896330.8743
2025-02-04 08:00:00,98409.6,99445.5,97800.0,98923.4,14894.268,1468278520.2513
2025-02-04 12:00:00,98923.4,100381.1,98248.5,99310.1,32706.774,3249865468.6783
2025-02-04 16:00:00,99310.1,100765.5,98734.0,98828.6,23616.726,2352184066.3223
2025-02-04 20:00:00,98828.6,99464.7,96086.1,97706.0,38503.067,3764738094.4369
2025-02-05 00:00:00,97706.0,98900.0,97094.2,98000.3,14948.738,1464333517.4754
2025-02-05 04:00:00,98000.3,98309.6,97313.9,97814.3,8765.25,857492058.8491
2025-02-05 08:00:00,97814.3,98198.4,97209.6,98186.2,10570.856,1033746367.203
2025-02-05 12:00:00,98186.2,99170.0,97700.1,98064.2,18736.64,1842864631.2344
2025-02-05 16:00:00,98064.2,98265.9,96450.0,97331.8,19210.426,1869170243.5833
2025-02-05 20:00:00,97331.8,97671.8,96100.1,96568.5,9883.21,957376011.7026
2025-02-06 00:00:00,96568.5,97480.4,96363.1,97308.9,6901.179,669264671.1013
2025-02-06 04:00:00,97308.9,98400.0,97230.0,98164.9,7063.283,691696088.8842
2025-02-06 08:00:00,98164.9,99099.0,97816.5,98829.0,11577.831,1141358852.4378
2025-02-06 12:00:00,98829.0,99000.0,96880.0,97292.6,23939.463,2346291935.6047
2025-02-06 16:00:00,97292.6,97499.0,95631.8,95953.5,21809.567,2104660869.5216
2025-02-06 20:00:00,95953.5,97050.0,95750.0,96500.0,10279.312,992082370.1104
2025-02-07 00:00:00,96500.0,97791.7,96365.7,97407.6,9356.794,909403594.4423
2025-02-07 04:00:00,97407.6,97833.3,96532.6,96694.9,8758.864,849891864.0193
2025-02-07 08:00:00,96694.9,97718.4,96560.9,97706.0,6397.478,622337848.0274
2025-02-07 12:00:00,97706.0,100120.0,97139.1,98245.5,51187.971,5049985802.4016
2025-02-07 16:00:00,98245.5,98550.0,96823.1,96852.7,28107.161,2746026676.5623
2025-02-07 20:00:00,96852.7,96890.9,95556.5,96440.6,17433.279,1674062129.6289
2025-02-08 00:00:00,96440.6,96840.0,96273.0,96646.8,4969.369,479969157.379
2025-02-08 04:00:00,96646.8,96646.8,95723.8,96160.0,6051.926,581522658.5556
2025-02-08 08:00:00,96160.0,96250.0,95819.4,96080.0,3702.996,355569575.7329
2025-02-08 12:00:00,96080.0,96444.0,95635.8,95802.9,6348.179,609511610.6729
2025-02-08 16:00:00,95802.9,96700.0,95703.0,96541.4,4950.615,476473744.6698
2025-02-08 20:00:00,96541.4,96664.8,96302.0,96406.8,2663.2,256914277.3674
2025-02-09 00:00:00,96406.8,97266.8,96314.4,97266.8,5472.824,529843582.5571
2025-02-09 04:00:00,97266.8,97275.0,96727.0,97013.9,4332.756,420155006.8083
2025-02-09 08:00:00,97013.9,97250.0,96503.1,96513.4,5028.268,486903762.519
2025-02-09 12:00:00,96513.4,96657.1,95681.0,96447.5,11705.974,1125863422.6231
2025-02-09 16:00:00,96447.5,96546.1,95805.2,96016.6,4662.389,448241217.1811
2025-02-09 20:00:00,96016.6,96740.9,94651.2,96428.6,19269.099,1842021643.879
2025-02-10 00:00:00,96428.6,97100.0,95202.8,96764.3,17074.82,1643979674.2242
2025-02-10 04:00:00,96764.3,97631.8,96570.2,97405.1,12933.667,1255674539.6616
2025-02-10 08:00:00,97405.1,97937.3,97318.8,97629.9,9262.385,904962560.3319
2025-02-10 12:00:00,97629.9,98343.4,96812.1,97188.9,18587.808,1812401174.4974
2025-02-10 16:00:00,97188.9,97611.0,96826.4,97338.5,8104.311,787877444.6874
2025-02-10 20:00:00,97338.5,97476.7,97085.0,97384.2,3207.166,312046560.5126
2025-02-11 00:00:00,97384.2,98150.0,97379.2,97571.8,7841.491,766535024.9039
2025-02-11 04:00:00,97571.8,98459.0,97505.2,98230.0,7362.737,722645665.6565
2025-02-11 08:00:00,98230.0,98298.7,97826.2,98092.4,4861.406,476623001.0993
2025-02-11 12:00:00,98092.4,98102.8,96551.3,96982.0,20137.865,1955405029.0609
2025-02-11 16:00:00,96982.0,97009.3,94821.9,94985.9,24183.209,2315208343.575
2025-02-11 20:00:00,94985.9,96450.0,94871.0,95748.6,16070.531,1537151100.3293
2025-02-12 00:00:00,95748.6,96234.5,95050.0,95256.0,8502.271,813263088.5736
2025-02-12 04:00:00,95256.0,96130.0,95219.8,96025.7,6644.55,635994423.62
2025-02-12 08:00:00,96025.7,96429.9,95865.0,96045.3,6455.8,620654095.9323
2025-02-12 12:00:00,96045.3,96600.0,94001.2,95767.2,49881.33,4747843681.7727
2025-02-12 16:00:00,95767.2,97675.0,95060.0,97170.3,27750.143,2683059280.0008
2025-02-12 20:00:00,97170.3,98089.1,96805.3,97828.1,12353.059,1205142828.9446
2025-02-13 00:00:00,97828.1,98047.0,97328.3,97462.7,4909.199,479501328.7505
2025-02-13 04:00:00,97462.7,97524.3,95788.0,96023.0,13938.861,1343617783.5735
2025-02-13 08:00:00,96023.0,96307.4,95310.1,95890.0,12669.422,1215658833.0322
2025-02-13 12:00:00,95890.0,96439.5,95250.0,95941.2,22690.029,2175582637.233
2025-02-13 16:00:00,95941.2,96347.9,95156.1,95594.3,16788.475,1606229916.3516
2025-02-13 20:00:00,95594.3,96808.5,95553.2,96570.7,9794.602,943491677.2174
2025-02-14 00:00:00,96570.7,97173.8,96330.7,97109.0,7626.471,737633581.7827
2025-02-14 04:00:00,97109.0,97216.8,96512.6,96907.8,5885.115,569967961.0292
2025-02-14 08:00:00,96907.8,97171.7,96757.8,96843.9,5928.281,574771848.176
2025-02-14 12:00:00,96843.9,97569.9,96200.0,96886.3,19311.163,1869706177.766
2025-02-14 16:00:00,96886.3,98821.0,96436.8,97911.2,24676.595,2414131739.7608
2025-02-14 20:00:00,97911.2,98262.8,96639.0,97450.1,13454.262,1308916721.7322
2025-02-15 00:00:00,97450.1,97933.0,97175.8,97625.6,6185.513,603639432.8297
2025-02-15 04:00:00,97625.6,97746.8,97303.1,97303.5,3349.746,326549291.1875
2025-02-15 08:00:00,97303.5,97695.2,97258.1,97581.6,2690.728,262315400.8949
2025-02-15 12:00:00,97581.6,97898.8,97370.0,97599.3,4866.633,475092571.8105
2025-02-15 16:00:00,97599.3,97677.8,97268.9,97486.8,3660.896,356727604.9981
2025-02-15 20:00:00,97486.8,97700.0,97349.9,97533.9,5873.009,572557693.7316
2025-02-16 00:00:00,97533.9,97678.7,97299.8,97490.7,3110.778,303315297.7742
2025-02-16 04:00:00,97490.7,97620.2,97164.0,97200.9,2707.671,263768497.5387
2025-02-16 08:00:00,97200.9,97341.9,97012.0,97288.2,3296.132,320325319.7843
2025-02-16 12:00:00,97288.2,97288.3,96636.0,96850.1,7273.287,704856827.9361
2025-02-16 16:00:00,96850.1,97119.4,96500.0,97021.5,5953.413,576577402.3218
2025-02-16 20:00:00,97021.5,97247.2,96000.0,96060.1,10001.614,965611487.7352
2025-02-17 00:00:00,96060.1,96580.0,95980.1,96165.4,6590.748,634252401.6077
2025-02-17 04:00:00,96165.4,96429.0,95730.3,96023.0,7608.444,731114265.1458
2025-02-17 08:00:00,96023.0,96357.6,95888.9,96019.8,6788.31,652538352.0266
2025-02-17 12:00:00,96019.8,96988.3,95514.7,95613.5,15160.267,1459727078.2111
2025-02-17 16:00:00,95613.5,95895.0,95160.0,95500.1,13294.769,1269221098.1158
2025-02-17 20:00:00,95500.1,96370.0,95448.5,95735.0,8293.019,795879138.2284
2025-02-18 00:00:00,95735.0,96274.0,95500.0,96150.7,6409.224,615086523.4047
2025-02-18 04:00:00,96150.7,96251.5,95193.6,95410.1,9311.561,889643523.7902
2025-02-18 08:00:00,95410.1,95835.0,94988.0,95594.4,8120.903,774871788.8659
2025-02-18 12:00:00,95594.4,96730.9,95153.0,95518.1,18823.51,1805148231.7269
2025-02-18 16:00:00,95518.1,95613.1,93318.1,94066.0,33188.624,3126893672.7929
2025-02-18 20:00:00,94066.0,95650.0,93682.3,95618.8,17420.202,1652139966.1539
2025-02-19 00:00:00,95618.8,95923.4,95008.6,95678.0,7738.086,739003366.9336
2025-02-19 04:00:00,95678.0,95817.5,95018.5,95660.0,8235.914,785866268.1679
2025-02-19 08:00:00,95660.0,96457.7,95588.1,96407.9,10745.765,1032728197.7646
2025-02-19 12:00:00,96407.9,96676.5,95500.0,95904.4,17998.861,1730204702.36
2025-02-19 16:00:00,95904.4,96461.0,95370.0,96168.6,11547.661,1108572287.9481
2025-02-19 20:00:00,96168.6,96897.1,96014.2,96616.4,8058.451,777077321.1282
2025-02-20 00:00:00,96616.4,97419.9,96386.5,97027.3,9130.694,885040244.9032
2025-02-20 04:00:00,97027.3,97333.3,96750.0,96838.5,6438.668,624649540.3177
2025-02-20 08:00:00,96838.5,97348.3,96788.0,97163.9,4217.317,409657994.7599
2025-02-20 12:00:00,97163.9,98000.0,96758.0,96861.0,21333.378,2076182467.8602
2025-02-20 16:00:00,96861.0,98489.6,96825.2,98368.7,15651.044,1532466388.5723
2025-02-20 20:00:00,98368.7,98680.8,97954.0,98246.7,8139.338,800234016.4952
2025-02-21 00:00:00,98246.7,98457.0,98035.1,98113.5,3799.909,373131772.165
2025-02-21 04:00:00,98113.5,98568.0,98080.5,98134.9,4580.952,450317068.2565
2025-02-21 08:00:00,98134.9,98907.8,98061.7,98586.3,9143.018,900269298.5085
2025-02-21 12:00:00,98586.3,99454.2,97111.0,98074.8,42952.702,4227744950.8014
2025-02-21 16:00:00,98074.8,98699.9,95191.1,95260.0,36613.364,3551160141.7871
2025-02-21 20:00:00,95260.0,96244.3,94832.2,96198.4,15480.236,1477893516.5012
2025-02-22 00:00:00,96198.4,96494.0,95814.8,96310.0,4889.92,470530935.2515
2025-02-22 04:00:00,96310.0,96639.9,96280.0,96331.1,3758.233,362528695.5569
2025-02-22 08:00:00,96331.1,96623.4,96152.7,96594.7,4562.199,439860617.3952
2025-02-22 12:00:00,96594.7,97056.0,96502.5,96613.2,5057.087,489204359.3489
2025-02-22 16:00:00,96613.2,96837.6,96344.2,96620.0,3810.039,368059797.136
2025-02-22 20:00:00,96620.0,96703.1,96465.9,96554.4,1584.857,153086066.4333
2025-02-23 00:00:00,96554.4,96637.0,96351.9,96420.7,1610.361,155369247.0756
2025-02-23 04:00:00,96420.7,96541.6,96121.5,96500.0,2883.619,277798657.0813
2025-02-23 08:00:00,96500.0,96500.1,96009.4,96120.5,2834.853,272797764.2419
2025-02-23 12:00:00,96120.5,96165.0,95358.5,95446.1,8970.263,859184255.8247
2025-02-23 16:00:00,95446.1,95887.2,95254.0,95770.8,4530.775,433051436.0687
2025-02-23 20:00:00,95770.8,96340.4,95547.9,96262.6,4614.239,442702643.1121
2025-02-24 00:00:00,96262.6,96536.3,95267.0,95446.6,7575.671,726630533.5177
2025-02-24 04:00:00,95446.6,95964.4,95088.5,95860.1,6217.719,593809602.6
2025-02-24 08:00:00,95860.1,96189.3,95354.9,95837.1,7671.987,734186946.6445
2025-02-24 12:00:00,95837.1,96111.6,93816.4,94376.8,23257.6,2206750472.0138
2025-02-24 16:00:00,94376.8,95262.0,93631.0,93984.9,14189.175,1341502031.1486
2025-02-24 20:00:00,93984.9,94607.7,91258.7,91478.2,30121.328,2799827506.7337
2025-02-25 00:00:00,91478.2,92520.9,90821.1,92128.0,19589.617,1798019498.1189
2025-02-25 04:00:00,92128.0,92300.0,88093.2,89227.5,36595.616,3291770224.2961
2025-02-25 08:00:00,89227.5,89937.3,86833.0,89220.0,41132.625,3636877738.8447
2025-02-25 12:00:00,89220.0,89519.7,86055.5,87250.1,45106.839,3956244653.9367
2025-02-25 16:00:00,87250.1,88092.0,86177.0,87959.5,28202.32,2458785269.1461
2025-02-25 20:00:00,87959.5,89482.5,87618.8,88665.3,18738.253,1659910653.278
2025-02-26 00:00:00,88665.3,89389.9,88131.6,88882.4,8043.119,713467715.1442
2025-02-26 04:00:00,88882.4,89242.1,88356.6,88682.1,8367.474,742928280.1434
2025-02-26 08:00:00,88682.1,89287.0,88073.5,88589.3,10211.612,906596405.3996
2025-02-26 12:00:00,88589.3,88665.2,85350.0,87499.9,54374.764,4736563085.4979
2025-02-26 16:00:00,87499.9,87752.2,83200.0,83768.7,65707.027,5595197587.8293
2025-02-26 20:00:00,83768.7,85360.7,82055.6,84208.6,49196.687,4125879406.9441
2025-02-27 00:00:00,84208.6,85391.8,83988.1,85181.0,13553.436,1147588630.854
2025-02-27 04:00:00,85181.0,86668.0,84623.5,86220.0,15817.55,1356940693.27
2025-02-27 08:00:00,86220.0,87043.6,85814.3,86650.7,15388.99,1329229925.3127
2025-02-27 12:00:00,86650.7,86757.1,84614.3,85480.0,35080.286,3009018487.4862
2025-02-27 16:00:00,85480.0,85656.0,83550.9,84070.2,24631.225,2084087622.6063
2025-02-27 20:00:00,84070.2,84909.2,82670.0,84686.0,22408.994,1875273246.4783
2025-02-28 00:00:00,84686.0,84875.6,79400.9,80399.9,63205.782,5145517314.1387
2025-02-28 04:00:00,80399.9,80921.9,78814.8,79176.1,49871.766,3976235990.2087
2025-02-28 08:00:00,79176.1,80808.4,78210.5,80461.9,34699.977,2760809232.0582
2025-02-28 12:00:00,80461.9,84360.0,80038.9,83952.8,44444.738,3648918539.8838
2025-02-28 16:00:00,83952.8,85124.4,83168.4,84394.0,36329.985,3057106302.3935
2025-02-28 20:00:00,84394.0,84750.0,83573.6,84307.6,10803.122,908747784.7812
2025-03-01 00:00:00,84307.6,85664.0,83760.9,85317.8,14070.917,1193862902.4922
2025-03-01 04:00:00,85317.8,86533.3,84665.9,84683.4,20622.167,1766353481.2623
2025-03-01 08:00:00,84683.4,85474.4,84335.6,84589.2,10356.379,879754518.9
2025-03-01 12:00:00,84589.2,84908.2,84280.0,84747.7,7866.719,665336751.2445
2025-03-01 16:00:00,84747.7,85582.6,84646.7,85440.1,6434.332,547723857.0383
2025-03-01 20:00:00,85440.1,86240.5,85245.5,86024.4,6709.186,575705590.4623
2025-03-02 00:00:00,86024.4,86459.0,85573.0,85830.9,7762.013,667767244.3354
2025-03-02 04:00:00,85830.9,86602.0,85486.9,86213.7,7353.407,632750055.2384
2025-03-02 08:00:00,86213.7,86247.3,85613.7,86055.0,6849.183,588250857.8103
2025-03-02 12:00:00,86055.0,88703.4,85007.7,87416.7,37393.942,3250961715.1545
2025-03-02 16:00:00,87416.7,95058.7,87283.0,93517.4,84730.539,7787242261.58
2025-03-02 20:00:00,93517.4,94851.9,93507.0,94259.7,18593.535,1751019225.3891
2025-03-03 00:00:00,94259.7,94414.2,92411.0,92700.0,16604.05,1546554893.2736
2025-03-03 04:00:00,92700.0,93327.5,91150.3,92347.3,18527.551,1706464833.5191
2025-03-03 08:00:00,92347.3,92888.0,91094.6,92718.3,15554.878,1430809699.0039
2025-03-03 12:00:00,92718.3,93697.0,89130.0,90048.6,54586.15,4981384719.0223
2025-03-03 16:00:00,90048.6,91037.5,85456.8,85532.1,64416.795,5669740064.762
2025-03-03 20:00:00,85532.1,86983.4,85023.4,86165.3,32120.983,2760508201.8788
2025-03-04 00:00:00,86165.3,86761.1,82378.7,83939.9,44134.417,3704860262.2289
2025-03-04 04:00:00,83939.9,84569.1,83086.3,83138.6,16829.664,1410060944.524
2025-03-04 08:00:00,83138.6,84350.0,82968.0,83900.0,11819.481,989510120.4431
2025-03-04 12:00:00,83900.0,84975.9,81413.7,82950.0,60523.69,5034338585.9669
2025-03-04 16:00:00,82950.0,88515.6,81970.6,88183.9,48661.351,4159745839.9967
2025-03-04 20:00:00,88183.9,88946.0,86561.1,87260.1,27427.13,2407910427.3449
2025-03-05 00:00:00,87260.1,87886.0,86350.8,86829.0,13043.721,1137498664.0436
2025-03-05 04:00:00,86829.0,87709.8,86706.1,87579.7,6579.815,573652705.8664
2025-03-05 08:00:00,87579.7,90622.8,87562.3,89776.5,20431.533,1824665056.089
2025-03-05 12:00:00,89776.5,90930.0,87843.3,88306.1,41704.865,3726127319.9505
2025-03-05 16:00:00,88306.1,90444.0,87553.2,89716.5,27055.722,2411543021.0721
2025-03-05 20:00:00,89716.5,90975.0,89631.6,90567.8,10783.844,973441157.5833
2025-03-06 00:00:00,90567.8,91999.9,89961.3,91573.8,17162.767,1564010028.9856
2025-03-06 04:00:00,91573.8,92781.6,91236.1,91324.6,14911.785,1373112512.9988
2025-03-06 08:00:00,91324.6,91642.0,90570.4,91298.6,13992.578,1275470866.2471
2025-03-06 12:00:00,91298.6,91427.2,89065.3,90779.9,33859.975,3054492763.9357
2025-03-06 16:00:00,90779.9,91020.0,87800.1,88495.2,27802.174,2473410136.1419
2025-03-06 20:00:00,88495.2,90756.2,88435.2,89899.6,21937.858,1970494779.3966
2025-03-07 00:00:00,89899.6,91279.5,84594.7,86952.3,66685.996,5824879347.0069
2025-03-07 04:00:00,86952.3,88595.9,86806.9,88324.2,12281.44,1080481525.6967
2025-03-07 08:00:00,88324.2,89678.3,87957.4,88946.6,12494.35,1110418076.3456
2025-03-07 12:00:00,88946.6,91119.0,87973.6,88439.9,56619.272,5064683659.4356
2025-03-07 16:00:00,88439.9,89043.7,86530.4,87792.8,43390.444,3809314673.0798
2025-03-07 20:00:00,87792.8,88500.0,85453.4,86758.5,40925.266,3547418461.9911
2025-03-08 00:00:00,86758.5,86886.3,85185.9,85869.9,11494.048,988143238.0523
2025-03-08 04:00:00,85869.9,86620.0,85617.7,86165.6,6417.254,553606829.6742
2025-03-08 08:00:00,86165.6,86427.2,85719.0,85923.9,5994.175,515754167.1601
2025-03-08 12:00:00,85923.9,86602.7,85775.0,86363.9,6122.72,528206580.7071
2025-03-08 16:00:00,86363.9,86491.0,85615.3,86189.9,7454.468,641150813.6797
2025-03-08 20:00:00,86189.9,86475.0,85813.3,86187.2,4269.263,367860155.3774
2025-03-09 00:00:00,86187.2,86485.0,85910.0,86080.0,3400.931,293130923.3285
2025-03-09 04:00:00,86080.0,86142.5,85760.0,85971.6,3698.916,317941931.5014
2025-03-09 08:00:00,85971.6,86066.8,84584.3,84954.3,15971.914,1360231883.2419
2025-03-09 12:00:00,84954.3,84997.7,82700.0,83037.3,27880.12,2335013118.8951
2025-03-09 16:00:00,83037.3,83723.7,82151.4,82545.7,28622.261,2366752737.9174
2025-03-09 20:00:00,82545.7,83461.2,79913.4,80692.3,31878.72,2595278185.7259
2025-03-10 00:00:00,80692.3,82675.0,79947.0,81994.3,26065.406,2122367896.0546
2025-03-10 04:00:00,81994.3,82739.3,81923.3,82272.0,8590.006,706974671.8306
2025-03-10 08:00:00,82272.0,84050.0,81085.4,83541.9,38691.869,3193722508.2482
2025-03-10 12:00:00,83541.9,83743.8,79120.0,80011.0,60811.809,4924803564.2264
2025-03-10 16:00:00,80011.0,80212.0,77403.1,79019.5,48703.226,3830959564.8074
2025-03-10 20:00:00,79019.5,79860.6,78358.1,78563.2,18773.858,1486961107.2999
2025-03-11 00:00:00,78563.2,79936.7,76545.0,79486.6,33355.361,2604347774.0416
2025-03-11 04:00:00,79486.6,80579.4,79406.1,80391.6,14293.092,1145255120.9326
2025-03-11 08:00:00,80391.6,82081.9,80282.8,81685.3,21029.072,1711282676.0656
2025-03-11 12:00:00,81685.3,82257.4,79000.0,81180.4,66129.363,5339406499.359
2025-03-11 16:00:00,81180.4,83622.9,80609.4,83082.7,36721.429,3016024421.887
2025-03-11 20:00:00,83082.7,83273.8,82518.8,82889.2,9580.23,794261303.2772
2025-03-12 00:00:00,82889.2,83738.0,82076.1,82098.2,14233.661,1178406940.8639
2025-03-12 04:00:00,82098.2,82538.2,81245.1,82423.7,16575.057,1356183900.2959
2025-03-12 08:00:00,82423.7,83082.1,82032.4,82989.9,18504.306,1527198302.9325
2025-03-12 12:00:00,82989.9,84489.8,80534.6,81646.6,63428.957,5239725942.5095
2025-03-12 16:00:00,81646.6,83120.0,81528.3,82868.8,24881.212,2047307887.4827
2025-03-12 20:00:00,82868.8,83862.1,82652.0,83649.9,9122.299,760086404.7587
2025-03-13 00:00:00,83649.9,84343.2,83282.0,83550.0,11247.355,942657950.8709
2025-03-13 04:00:00,83550.0,83677.9,82811.1,83128.2,9805.245,816399953.8241
2025-03-13 08:00:00,83128.2,83485.5,82357.7,82924.3,13490.923,1119407298.512
2025-03-13 12:00:00,82924.3,83838.0,80905.2,80999.9,37004.902,3041413178.6425
2025-03-13 16:00:00,80999.9,81200.0,79888.0,80170.8,28726.353,2313672409.7019
2025-03-13 20:00:00,80170.8,81428.2,80156.1,81072.3,10571.595,853978904.2569
2025-03-14 00:00:00,81072.3,82218.4,80766.6,81854.0,12118.418,989151613.4302
2025-03-14 04:00:00,81854.0,82422.0,81743.3,82141.6,7139.135,585554549.367
2025-03-14 08:00:00,82141.6,83317.4,82139.4,83220.1,12292.77,1018291357.4069
2025-03-14 12:00:00,83220.1,85299.9,82585.4,84714.7,41257.305,3458645882.745
2025-03-14 16:00:00,84714.7,84943.1,83914.2,84520.0,20089.211,1697476923.8579
2025-03-14 20:00:00,84520.0,84527.4,83702.0,83948.3,9915.001,834290972.6831
2025-03-15 00:00:00,83948.3,84661.8,83936.3,84459.8,6625.053,558695056.8002
2025-03-15 04:00:00,84459.8,84545.0,83780.5,83811.9,5852.794,492593502.183
2025-03-15 08:00:00,83811.9,84144.2,83591.8,84055.1,6928.004,580902913.2281
2025-03-15 12:00:00,84055.1,84429.8,83972.3,84299.5,5860.527,493551262.4671
2025-03-15 16:00:00,84299.5,84457.2,84061.1,84260.0,3722.681,313752364.9139
2025-03-15 20:00:00,84260.0,84442.0,84200.9,84308.4,2611.954,220293832.71
2025-03-16 00:00:00,84308.4,84352.5,83718.9,84293.9,5821.688,489201846.8302
2025-03-16 04:00:00,84293.9,84380.0,83928.4,84235.8,3866.198,325622196.4552
2025-03-16 08:00:00,84235.8,84295.5,82309.1,82346.6,17387.437,1445640208.9597
2025-03-16 12:00:00,82346.6,83466.4,82338.0,83273.5,15264.634,1264538865.4311
2025-03-16 16:00:00,83273.5,85136.0,82500.1,83066.1,29711.718,2492055620.856
2025-03-16 20:00:00,83066.1,83408.2,81934.4,82528.5,13894.239,1146544975.0917
2025-03-17 00:00:00,82528.5,83696.8,82470.4,83630.2,9056.15,752647691.3593
2025-03-17 04:00:00,83630.2,83836.2,82642.9,83519.1,10517.816,876247459.4964
2025-03-17 08:00:00,83519.1,83749.3,83159.1,83473.9,8807.648,735166282.1414
2025-03-17 12:00:00,83473.9,83999.9,82400.7,83497.5,32487.013,2701307972.689
2025-03-17 16:00:00,83497.5,84728.5,83079.0,84433.4,17108.44,1437463833.0623
2025-03-17 20:00:00,84433.4,84462.7,83686.2,83955.1,7328.086,615651992.3841
2025-03-18 00:00:00,83955.1,83975.1,82905.8,83100.5,9686.714,806990151.7571
2025-03-18 04:00:00,83100.5,83278.3,82200.1,83117.7,14579.67,1207699831.7532
2025-03-18 08:00:00,83117.7,83421.3,82471.5,82546.1,8681.259,719863678.3061
2025-03-18 12:00:00,82546.1,82786.1,81093.6,81556.0,27867.11,2277780181.9895
2025-03-18 16:00:00,81556.0,82427.2,81175.3,82263.2,14051.34,1148456480.5126
2025-03-18 20:00:00,82263.2,82782.7,81828.0,82675.7,7284.207,599483192.6756
2025-03-19 00:00:00,82675.7,83211.9,82475.5,82997.8,10409.805,862429198.0481
2025-03-19 04:00:00,82997.8,83335.9,82752.7,83161.3,6376.066,529905916.4816
2025-03-19 08:00:00,83161.3,84050.0,83149.5,83836.8,12246.224,1023925675.0804
2025-03-19 12:00:00,83836.8,84850.0,83483.9,84694.6,20082.762,1689504341.4888
2025-03-19 16:00:00,84694.6,85927.6,83505.9,85406.0,43699.178,3704643781.4752
2025-03-19 20:00:00,85406.0,86970.0,85161.0,86792.3,19230.869,1654849771.0627
2025-03-20 00:00:00,86792.3,87400.0,85584.0,85854.6,16859.068,1456547644.6761
2025-03-20 04:00:00,85854.6,85963.6,85366.0,85780.7,7521.511,644535239.5716
2025-03-20 08:00:00,85780.7,86291.7,84746.4,85450.2,16372.737,1399205612.7737
2025-03-20 12:00:00,85450.2,86488.0,84510.4,84658.5,33353.837,2854163725.6432
2025-03-20 16:00:00,84658.5,84883.1,83605.8,84129.2,26624.556,2239367037.3449
2025-03-20 20:00:00,84129.2,84550.0,83880.0,84168.9,8300.337,699268306.4646
2025-03-21 00:00:00,84168.9,84800.0,84118.2,84402.9,8020.354,677575602.0473
2025-03-21 04:00:00,84402.9,84758.5,83700.0,83897.9,9222.082,776808428.7732
2025-03-21 08:00:00,83897.9,84313.5,83684.6,84001.3,9664.684,811942966.9644
2025-03-21 12:00:00,84001.3,84323.5,83136.3,83524.7,24454.097,2047656945.6699
2025-03-21 16:00:00,83524.7,84431.5,83311.3,83921.0,13302.028,1116031860.0802
2025-03-21 20:00:00,83921.0,84567.3,83771.8,84054.6,5656.988,476357234.048
2025-03-22 00:00:00,84054.6,84287.4,83950.8,84214.1,3249.273,273315774.897
2025-03-22 04:00:00,84214.1,84388.7,84120.9,84238.2,2813.087,237055700.5241
2025-03-22 08:00:00,84238.2,84500.0,84078.8,84193.9,3727.061,314184076.9573
2025-03-22 12:00:00,84193.9,84259.0,83932.5,84067.1,3651.43,306970943.3755
2025-03-22 16:00:00,84067.1,84279.5,84017.6,84130.9,2575.711,216765441.045
2025-03-22 20:00:00,84130.9,84170.0,83616.0,83805.9,4887.831,410103672.7084
2025-03-23 00:00:00,83805.9,84257.5,83753.2,84198.6,3325.82,279500485.1336
2025-03-23 04:00:00,84198.6,84290.6,84023.4,84230.1,2054.563,172928366.9012
2025-03-23 08:00:00,84230.1,84990.0,84218.4,84632.8,8284.216,701057012.0416
2025-03-23 12:00:00,84632.8,85230.5,84526.4,85141.5,9933.003,843633209.2154
2025-03-23 16:00:00,85141.5,85400.0,84755.5,84971.5,8956.751,762110659.207
2025-03-23 20:00:00,84971.5,86088.0,84880.0,86037.8,10373.107,886369060.181
2025-03-24 00:00:00,86037.8,86611.2,85488.4,86501.1,17202.286,1480210294.029
2025-03-24 04:00:00,86501.1,87269.0,86501.0,86843.6,15731.445,1366801860.4616
2025-03-24 08:00:00,86843.6,87888.0,86824.2,87646.6,15313.443,1338787414.3551
2025-03-24 12:00:00,87646.6,88740.0,87109.2,88283.9,32077.059,2819560511.1853
2025-03-24 16:00:00,88283.9,88496.1,87636.3,88165.2,16798.482,1480985776.5207
2025-03-24 20:00:00,88165.2,88441.1,86963.8,87459.9,12476.355,1093721607.2558
2025-03-25 00:00:00,87459.9,87646.3,86288.0,86468.5,13026.257,1132503293.4602
2025-03-25 04:00:00,86468.5,86832.3,86261.0,86408.9,9542.599,825748118.0858
2025-03-25 08:00:00,86408.9,87479.5,86360.9,87333.4,11907.028,1036694448.2285
2025-03-25 12:00:00,87333.4,88200.0,86872.8,87731.2,24491.082,2145845258.3606
2025-03-25 16:00:00,87731.2,88296.5,87520.0,88053.8,11973.123,1052340966.905
2025-03-25 20:00:00,88053.8,88500.0,87074.2,87362.4,16201.247,1422468691.5819
2025-03-26 00:00:00,87362.4,87869.3,86980.2,87122.2,7975.693,697549485.8212
2025-03-26 04:00:00,87122.2,88284.0,86997.9,88103.4,11063.129,970082995.8253
2025-03-26 08:00:00,88103.4,88234.0,87790.0,87919.5,8304.0,731096096.05
2025-03-26 12:00:00,87919.5,87980.0,86363.1,86686.5,27331.591,2379517781.0742
2025-03-26 16:00:00,86686.5,87038.8,85800.1,86518.6,17345.935,1498956766.5861
2025-03-26 20:00:00,86518.6,87358.8,86460.5,86860.8,15376.436,1337138122.8618
2025-03-27 00:00:00,86860.8,87727.9,86747.6,87626.7,10658.924,930899156.8136
2025-03-27 04:00:00,87626.7,87650.0,87201.3,87349.9,6231.828,544568967.335
2025-03-27 08:00:00,87349.9,87570.0,86755.0,86900.1,10597.055,924147177.5246
2025-03-27 12:00:00,86900.1,87529.1,85695.4,86914.3,36005.023,3118203125.7202
2025-03-27 16:00:00,86914.3,87387.1,86728.3,87019.9,11367.3,989571888.9648
2025-03-27 20:00:00,87019.9,87699.9,86884.8,87181.7,7836.7,684204376.5704
2025-03-28 00:00:00,87181.7,87479.4,86702.6,86744.5,8954.612,779551571.8622
2025-03-28 04:00:00,86744.5,86788.0,85108.3,85158.0,24721.28,2122060504.5433
2025-03-28 08:00:00,85158.0,85398.5,84750.0,85200.9,17401.777,1480647226.4468
2025-03-28 12:00:00,85200.9,85598.4,83927.2,84006.8,33939.626,2873792249.62
2025-03-28 16:00:00,84006.8,84184.9,83545.0,83764.0,16571.534,1389042233.4008
2025-03-28 20:00:00,83764.0,84488.0,83652.8,84375.0,8216.654,690785735.8948
2025-03-29 00:00:00,84375.0,84573.8,83659.1,84120.0,7461.46,627797709.1168
2025-03-29 04:00:00,84120.0,84221.9,83613.0,83689.5,4425.911,370921778.6797
2025-03-29 08:00:00,83689.5,83908.5,81958.3,82245.0,23691.451,1963305841.8462
2025-03-29 12:00:00,82245.0,82839.9,82086.9,82370.7,11164.024,920879644.8121
2025-03-29 16:00:00,82370.7,82739.9,81602.9,82728.2,16884.874,1387807714.4237
2025-03-29 20:00:00,82728.2,82799.1,82221.3,82603.9,5453.124,449805967.1324
2025-03-30 00:00:00,82603.9,83450.0,82457.5,83042.1,9320.193,773896092.2519
2025-03-30 04:00:00,83042.1,83280.9,82813.0,83032.9,5731.746,476126247.8884
2025-03-30 08:00:00,83032.9,83496.8,82920.1,83073.1,7677.927,638846139.8949
2025-03-30 12:00:00,83073.1,83225.4,82513.5,82692.9,9847.877,815718220.2349
2025-03-30 16:00:00,82692.9,82870.0,81985.8,82512.0,11400.629,939737164.3739
2025-03-30 20:00:00,82512.0,82724.1,81510.0,82347.9,12423.386,1020779475.9196
2025-03-31 00:00:00,82347.9,82405.4,81212.3,81486.7,16383.533,1339350459.1248
2025-03-31 04:00:00,81486.7,82279.6,81355.0,81899.3,10040.078,822477250.6036
2025-03-31 08:00:00,81899.3,82237.0,81232.4,82169.3,14042.665,1148756728.8563
2025-03-31 12:00:00,82169.3,83895.7,81600.0,83377.8,41570.108,3446159522.8971
2025-03-31 16:00:00,83377.8,83640.5,82342.0,82409.3,18208.561,1512477012.8452
2025-03-31 20:00:00,82409.3,82828.8,82213.1,82504.4,10439.848,861074624.5089
2025-04-01 00:00:00,82504.4,83200.0,82375.6,82928.3,8389.877,694502370.4166
2025-04-01 04:00:00,82928.3,83572.8,82851.0,83420.1,8563.617,712747952.9897
2025-04-01 08:00:00,83420.1,84471.2,83400.0,83895.0,19830.945,1667589824.2731
2025-04-01 12:00:00,83895.0,85468.3,82509.7,85250.0,41225.704,3461143775.8186
2025-04-01 16:00:00,85250.0,85455.0,84671.4,84908.8,16925.242,1438901826.0529
2025-04-01 20:00:00,84908.8,85555.0,84723.2,85130.5,9647.602,821535931.9953
2025-04-02 00:00:00,85130.5,85235.0,84463.9,84504.0,9744.241,826731533.1083
2025-04-02 04:00:00,84504.0,84678.1,83867.2,84382.4,10634.224,895700081.8603
2025-04-02 08:00:00,84382.4,85429.6,84215.0,84520.0,15066.894,1278485354.3024
2025-04-02 12:00:00,84520.0,87297.1,84403.5,86699.3,46690.31,4011027543.6314
2025-04-02 16:00:00,86699.3,87278.0,86124.6,86853.9,19983.072,1732256130.2921
2025-04-02 20:00:00,86853.9,88560.1,82281.9,82468.1,80752.639,6898297808.2394
2025-04-03 00:00:00,82468.1,83888.0,82107.1,83442.4,20859.642,1736257058.2473
2025-04-03 04:00:00,83442.4,83697.0,82955.0,83422.0,9449.993,787269847.9995
2025-04-03 08:00:00,83422.0,83774.8,83010.7,83061.8,10408.694,868371537.4137
2025-04-03 12:00:00,83061.8,83116.1,81146.0,81990.1,43941.419,3605891756.1221
2025-04-03 16:00:00,81990.1,82409.6,81501.0,81971.7,16786.59,1376177200.9319
2025-04-03 20:00:00,81971.7,83288.3,81758.6,83175.2,11325.393,935268728.8301
2025-04-04 00:00:00,83175.2,83389.9,82561.0,82786.5,9541.076,791763186.1021
2025-04-04 04:00:00,82786.5,83999.2,82585.0,83973.7,12065.78,1005678155.1106
2025-04-04 08:00:00,83973.7,84736.0,81605.0,82617.9,46574.104,3877271932.5514
2025-04-04 12:00:00,82617.9,83682.0,81800.0,82813.1,60158.57,4981322710.4598
2025-04-04 16:00:00,82813.1,84600.0,82691.0,83989.0,37643.416,3152937181.207
2025-04-04 20:00:00,83989.0,84418.9,83457.1,83862.1,11076.471,929636947.9447
2025-04-05 00:00:00,83862.1,84244.0,83374.6,83600.0,7381.721,619007920.7816
2025-04-05 04:00:00,83600.0,83838.0,83304.3,83483.3,4687.312,391637788.2559
2025-04-05 08:00:00,83483.3,83872.8,83341.0,83428.0,5173.224,432479043.9003
2025-04-05 12:00:00,83428.0,83526.6,82343.0,82579.5,15144.874,1254486130.28
2025-04-05 16:00:00,82579.5,83125.5,82566.7,82827.7,6546.321,542461402.2381
2025-04-05 20:00:00,82827.7,83659.9,82783.1,83496.7,6562.346,545631132.6936
2025-04-06 00:00:00,83496.7,83774.3,83131.9,83313.8,5793.996,483405469.4434
2025-04-06 04:00:00,83313.8,83500.0,82984.0,82988.9,5509.437,458523388.0775
2025-04-06 08:00:00,82988.9,83139.3,82617.5,82812.5,7852.555,650526674.7685
2025-04-06 12:00:00,82812.5,82940.0,82159.7,82507.1,14009.036,1156117593.0868
2025-04-06 16:00:00,82507.1,82529.0,78643.0,79579.5,52667.65,4229261540.7263
2025-04-06 20:00:00,79579.5,79844.0,77083.5,78376.1,50613.595,3971841002.342
2025-04-07 00:00:00,78376.1,79315.8,77303.9,77650.0,30436.145,2383129359.4599
2025-04-07 04:00:00,77650.0,77947.3,74456.2,75077.5,51711.851,3928941304.4874
2025-04-07 08:00:00,75077.5,77550.0,75040.9,76650.0,36064.818,2760149817.3464
2025-04-07 12:00:00,76650.0,81216.8,75739.6,78427.5,118844.797,9321695035.3473
2025-04-07 16:00:00,78427.5,79342.0,77250.0,78091.6,38387.573,3008878957.5392
2025-04-07 20:00:00,78091.6,80189.3,78057.1,79144.1,17291.969,1370012980.8205
2025-04-08 00:00:00,79144.1,80833.6,78738.9,79867.0,18452.256,1474252420.9043
2025-04-08 04:00:00,79867.0,80368.5,79188.9,79464.7,12097.146,963553756.075
2025-04-08 08:00:00,79464.7,80044.0,78777.2,79955.8,16389.853,1298713440.1042
2025-04-08 12:00:00,79955.8,80350.0,78128.0,78456.0,37741.041,2995741764.5283
2025-04-08 16:00:00,78456.0,78486.3,76316.1,76827.6,45959.243,3548833006.0774
2025-04-08 20:00:00,76827.6,77251.4,76200.9,76286.9,14362.363,1101386192.3166
2025-04-09 00:00:00,76286.9,76823.1,74565.9,75012.1,36939.573,2795249955.9768
2025-04-09 04:00:00,75012.1,77910.1,74936.6,77653.9,37441.952,2872063806.3615
2025-04-09 08:00:00,77653.9,77847.7,75742.3,76200.1,34973.865,2681323159.003
2025-04-09 12:00:00,76200.1,78300.0,75982.2,77234.7,44609.822,3444622524.2585
2025-04-09 16:00:00,77234.7,82975.2,77110.0,82294.6,92039.67,7439144297.4423
2025-04-09 20:00:00,82294.6,83560.0,81972.1,82593.9,24106.294,1999500078.334
2025-04-10 00:00:00,82593.9,82719.2,81440.8,81755.8,13268.241,1089586126.1415
2025-04-10 04:00:00,81755.8,82312.4,81255.5,81557.4,13624.959,1114966017.778
2025-04-10 08:00:00,81557.4,82086.9,81301.0,81836.0,13212.636,1079580635.5975
2025-04-10 12:00:00,81836.0,82491.1,78565.8,78734.1,53561.682,4326800444.1775
2025-04-10 16:00:00,78734.1,80027.5,78422.0,79600.7,36861.514,2918962357.2115
2025-04-10 20:00:00,79600.7,80000.0,79339.2,79557.5,8795.054,700895888.6919
2025-04-11 00:00:00,79557.5,80886.1,78928.2,80806.2,17256.78,1380663193.2501
2025-04-11 04:00:00,80806.2,81404.0,80481.6,81222.0,13800.323,1117419137.9762
2025-04-11 08:00:00,81222.0,82950.0,80750.0,82114.7,30324.153,2486326900.2555
2025-04-11 12:00:00,82114.7,83333.0,81315.7,82494.8,37634.923,3096836994.3292
2025-04-11 16:00:00,82494.8,84191.9,81970.0,83826.1,24284.513,2024366670.8915
2025-04-11 20:00:00,83826.1,84288.0,83126.3,83382.8,10777.182,901714291.8575
2025-04-12 00:00:00,83382.8,83544.8,82753.3,82933.0,6783.441,563852924.5336
2025-04-12 04:00:00,82933.0,83784.4,82803.6,83684.8,9310.531,776262241.9343
2025-04-12 08:00:00,83684.8,83998.8,83260.1,83481.1,7665.602,640468866.1465
2025-04-12 12:00:00,83481.1,85386.4,83433.5,84977.5,25078.606,2119952065.7981
2025-04-12 16:00:00,84977.5,85221.0,84400.0,84882.2,11097.643,941453681.0867
2025-04-12 20:00:00,84882.2,85888.0,84815.6,85238.4,11906.103,1016800321.7759
2025-04-13 00:00:00,85238.4,86099.0,84666.8,85389.3,14591.173,1244955930.4837
2025-04-13 04:00:00,85389.3,85396.8,84358.4,84372.0,11470.163,971320537.2366
2025-04-13 08:00:00,84372.0,84908.4,84147.0,84478.5,9423.818,796514621.0684
2025-04-13 12:00:00,84478.5,84644.4,83413.0,83801.8,15353.235,1288780516.2687
2025-04-13 16:00:00,83801.8,84982.7,82953.1,83943.6,21958.628,1849267750.5754
2025-04-13 20:00:00,83943.6,84393.4,82977.9,83716.8,17102.351,1428462586.211
2025-04-14 00:00:00,83716.8,85535.8,83637.5,84530.1,24005.17,2034635907.7586
2025-04-14 04:00:00,84530.1,85073.2,84169.7,84552.8,9399.738,794883084.9517
2025-04-14 08:00:00,84552.8,84931.0,84210.4,84890.0,9734.629,823846556.046
2025-04-14 12:00:00,84890.0,85771.1,83639.4,84064.9,33757.436,2859717326.6376
2025-04-14 16:00:00,84064.9,85174.0,83812.7,84870.4,16163.322,1367150519.1178
2025-04-14 20:00:00,84870.4,84937.3,84376.7,84547.4,6316.382,534556022.3907
2025-04-15 00:00:00,84547.4,85397.3,84300.9,85367.3,12149.093,1032135491.7001
2025-04-15 04:00:00,85367.3,85873.3,85126.0,85710.5,13118.552,1122000246.441
2025-04-15 08:00:00,85710.5,85998.9,85327.3,85549.9,12429.162,1065455963.7909
2025-04-15 12:00:00,85549.9,86444.0,84560.7,84863.3,35298.315,3015894707.5825
2025-04-15 16:00:00,84863.3,85104.4,83865.0,83943.7,15060.317,1271718584.3419
2025-04-15 20:00:00,83943.7,84181.7,83518.5,83603.7,10521.333,882363059.577
2025-04-16 00:00:00,83603.7,83910.5,83055.0,83634.6,10831.12,904443030.9409
2025-04-16 04:00:00,83634.6,83760.0,83150.0,83312.8,9923.162,828102774.3653
2025-04-16 08:00:00,83312.8,84093.0,83075.3,84004.8,13236.163,1107892221.5937
2025-04-16 12:00:00,84004.8,85225.4,83456.7,84799.9,25108.683,2118182313.7752
2025-04-16 16:00:00,84799.9,85522.7,83224.4,84294.1,33480.072,2822254402.7674
2025-04-16 20:00:00,84294.1,84636.3,83985.3,83986.0,6534.598,551204572.7541
2025-04-17 00:00:00,83986.0,84450.9,83762.0,83949.2,7112.197,597831224.393
2025-04-17 04:00:00,83949.2,85018.5,83849.4,84638.3,8262.226,698221471.2959
2025-04-17 08:00:00,84638.3,84736.4,84134.1,84527.3,7643.021,645271966.1205
2025-04-17 12:00:00,84527.3,84831.3,83677.4,84499.4,18040.604,1521651749.4366
2025-04-17 16:00:00,84499.4,85455.8,84339.5,84799.4,21969.416,1865907212.9386
2025-04-17 20:00:00,84799.4,85112.3,84685.0,84906.5,5564.739,472637469.5935
2025-04-18 00:00:00,84906.5,85104.7,84675.2,84796.7,3784.084,321092950.4097
2025-04-18 04:00:00,84796.7,84810.1,84375.0,84615.1,5688.311,481084833.5051
2025-04-18 08:00:00,84615.1,84738.9,84420.1,84627.3,3836.813,324512411.4515
2025-04-18 12:00:00,84627.3,84725.3,84276.1,84329.4,6433.672,543573263.946
2025-04-18 16:00:00,84329.4,84618.0,84250.0,84533.9,3562.507,300954874.9177
2025-04-18 20:00:00,84533.9,84647.0,84290.0,84419.6,2751.726,232429505.4127
2025-04-19 00:00:00,84419.6,84944.7,84324.1,84838.4,3987.35,337617761.7534
2025-04-19 04:00:00,84838.4,85235.1,84833.9,85186.9,6364.609,541312419.5555
2025-04-19 08:00:00,85186.9,85426.1,85085.1,85194.0,5991.867,510948266.597
2025-04-19 12:00:00,85194.0,85644.6,85041.6,85150.0,8180.403,698420634.7539
2025-04-19 16:00:00,85150.0,85295.1,84659.4,85054.7,8605.451,731894810.5991
2025-04-19 20:00:00,85054.7,85371.3,84973.7,85048.5,3148.451,268297596.3127
2025-04-20 00:00:00,85048.5,85290.0,85006.6,85119.1,2417.29,205891622.984
2025-04-20 04:00:00,85119.1,85212.0,84608.2,84730.1,5282.526,448376329.8534
2025-04-20 08:00:00,84730.1,84757.4,83882.7,84080.1,11030.463,929694175.3381
2025-04-20 12:00:00,84080.1,84627.6,84054.3,84296.0,7735.31,652504847.3811
2025-04-20 16:00:00,84296.0,84623.6,84222.7,84600.6,3704.327,313032146.2027
2025-04-20 20:00:00,84600.6,85281.8,84571.3,85145.5,10116.118,859697964.4904
2025-04-21 00:00:00,85145.5,87626.4,85106.1,87174.8,31674.801,2747500415.04
2025-04-21 04:00:00,87174.8,87737.7,87033.0,87418.7,12393.165,1083167410.3571
2025-04-21 08:00:00,87418.7,87771.9,86615.2,86940.4,13321.021,1162327548.92
2025-04-21 12:00:00,86940.4,88442.9,86755.5,87992.1,35455.957,3108008948.5332
2025-04-21 16:00:00,87992.1,88219.9,86350.0,87359.9,28136.981,2450071315.2582
2025-04-21 20:00:00,87359.9,87592.6,86786.8,87471.1,8422.203,734166015.4462
2025-04-22 00:00:00,87471.1,88842.1,87013.6,88117.4,23539.84,2073271702.2648
2025-04-22 04:00:00,88117.4,88449.8,87920.0,88439.4,8966.258,790767681.5947
2025-04-22 08:00:00,88439.4,88681.9,88200.1,88581.0,8561.105,757365882.3101
2025-04-22 12:00:00,88581.0,91366.9,88440.0,90876.0,55414.478,4992593726.2728
2025-04-22 16:00:00,90876.0,91671.2,90566.6,91355.9,20315.779,1851132327.7901
2025-04-22 20:00:00,91355.9,94000.0,90984.1,93400.0,36576.328,3389063961.3824
2025-04-23 00:00:00,93400.0,93873.4,92561.0,93128.3,14343.458,1335516122.2316
2025-04-23 04:00:00,93128.3,94242.6,92969.0,94100.4,12278.998,1149008449.4827
2025-04-23 08:00:00,94100.4,94507.0,93268.4,93426.3,15765.542,1479906184.9884
2025-04-23 12:00:00,93426.3,94722.9,91911.8,93133.0,44845.463,4183586129.2849
2025-04-23 16:00:00,93133.0,94189.1,92862.8,93427.9,18666.924,1745174076.5018
2025-04-23 20:00:00,93427.9,93876.8,93178.3,93635.2,8072.534,755552671.9789
2025-04-24 00:00:00,93635.2,93724.8,92579.2,92621.7,10380.891,967373578.3281
2025-04-24 04:00:00,92621.7,92862.0,92060.8,92156.4,10995.58,1017008157.6025
2025-04-24 08:00:00,92156.4,92620.0,91631.5,92577.5,14968.136,1380052302.4917
2025-04-24 12:00:00,92577.5,93420.3,92388.4,93160.0,18779.868,1744763802.5406
2025-04-24 16:00:00,93160.0,93624.1,92613.3,93519.4,13576.672,1265764676.0764
2025-04-24 20:00:00,93519.4,93985.8,92999.0,93945.5,9890.125,925075762.6192
2025-04-25 00:00:00,93945.5,94400.0,92775.6,93259.9,15330.47,1434197525.8806
2025-04-25 04:00:00,93259.9,93835.0,92951.1,93747.9,8582.842,801726990.4358
2025-04-25 08:00:00,93747.9,94619.6,93505.3,94593.2,9769.698,917726237.8374
2025-04-25 12:00:00,94593.2,95724.5,93888.8,95012.8,40736.044,3865154683.5559
2025-04-25 16:00:00,95012.8,95515.3,94329.6,95230.6,16004.247,1520055536.3006
2025-04-25 20:00:00,95230.6,95286.5,94406.0,94596.2,6033.857,571813853.5114
2025-04-26 00:00:00,94596.2,95150.0,94510.0,94689.7,5216.073,494620831.2403
2025-04-26 04:00:00,94689.7,94776.5,94264.1,94507.6,4685.314,443103610.4991
2025-04-26 08:00:00,94507.6,94680.0,93950.0,94101.0,6908.711,650997520.5432
2025-04-26 12:00:00,94101.0,94363.4,93839.8,94333.6,6139.576,577924940.6935
2025-04-26 16:00:00,94333.6,94333.6,94000.2,94251.1,2737.782,257893409.3637
2025-04-26 20:00:00,94251.1,94870.0,94035.0,94578.3,5375.374,507906197.4878
2025-04-27 00:00:00,94578.3,95279.4,93959.1,94120.0,10622.105,1004419799.4396
2025-04-27 04:00:00,94120.0,94250.0,93592.8,94022.1,6313.611,592966223.0324
2025-04-27 08:00:00,94022.1,94279.1,93835.5,93866.0,4057.695,381681231.4732
2025-04-27 12:00:00,93866.0,94130.0,93538.4,93851.6,7803.548,732297316.0485
2025-04-27 16:00:00,93851.6,94405.3,93673.5,94396.1,4751.299,447033127.4618
2025-04-27 20:00:00,94396.1,94516.8,93576.9,93700.0,6458.521,606919680.1178
2025-04-28 00:00:00,93700.0,93943.5,92750.0,93812.3,16441.776,1534394289.9396
2025-04-28 04:00:00,93812.3,94762.7,93812.2,94650.0,9818.06,925819336.3199
2025-04-28 08:00:00,94650.0,95480.2,94280.5,95274.2,17212.944,1634106723.3763
2025-04-28 12:00:00,95274.2,95564.8,93524.0,93782.2,31784.728,3003155899.0328
2025-04-28 16:00:00,93782.2,94874.3,93381.9,94733.5,14608.558,1373725321.3959
2025-04-28 20:00:00,94733.5,95126.8,94250.8,94969.7,8055.336,762993895.8981
2025-04-29 00:00:00,94969.7,95440.0,94375.7,94612.8,11617.147,1102599748.2704
2025-04-29 04:00:00,94612.8,94930.4,94146.8,94879.9,7398.663,699366103.8333
2025-04-29 08:00:00,94879.9,95250.0,94692.0,95084.4,9807.303,931242248.2119
2025-04-29 12:00:00,95084.4,95266.0,94466.8,94792.7,16429.176,1558123033.3953
2025-04-29 16:00:00,94792.7,95444.3,94601.4,95264.1,18047.465,1717082764.5324
2025-04-29 20:00:00,95264.1,95362.7,93682.0,94200.0,18882.372,1782392416.2845
2025-04-30 00:00:00,94200.0,95076.8,94076.0,95000.0,10656.833,1007927043.8734
2025-04-30 04:00:00,95000.0,95146.5,94453.2,94584.3,7779.72,737920698.7529
2025-04-30 08:00:00,94584.3,95187.5,94481.3,95131.3,6533.052,619748695.3486
2025-04-30 12:00:00,95131.3,95174.3,92852.4,93951.1,35385.232,3323051413.8032
2025-04-30 16:00:00,93951.1,94499.9,93465.7,94100.0,11551.464,1085435014.1619
2025-04-30 20:00:00,94100.0,94750.0,93923.2,94118.0,9806.443,925653461.7216
2025-05-01 00:00:00,94118.0,94964.5,94070.7,94738.5,8274.528,783103957.4305
2025-05-01 04:00:00,94738.5,95150.0,94672.1,94978.6,7203.925,684018529.9892
2025-05-01 08:00:00,94978.6,96366.0,94865.0,96138.2,21022.165,2013917953.3517
2025-05-01 12:00:00,96138.2,97383.1,95772.0,96804.4,36596.953,3532883336.8908
2025-05-01 16:00:00,96804.4,97300.0,96361.0,96466.0,15019.095,1453773790.0669
2025-05-01 20:00:00,96466.0,96852.6,96132.9,96430.9,9305.824,897633677.5505
2025-05-02 00:00:00,96430.9,97199.9,96417.1,97062.0,9565.434,926833573.6425
2025-05-02 04:00:00,97062.0,97276.6,96310.0,96310.0,9910.794,958343922.1744
2025-05-02 08:00:00,96310.0,97050.0,96306.9,96866.5,7192.369,695634059.0055
2025-05-02 12:00:00,96866.5,97868.0,96574.9,97263.1,26766.989,2601302181.5729
2025-05-02 16:00:00,97263.1,97746.3,96692.8,96843.6,14969.013,1456032708.4771
2025-05-02 20:00:00,96843.6,97070.0,96500.1,96833.5,5809.528,562054038.5371
2025-05-03 00:00:00,96833.5,96865.0,96266.2,96292.9,4760.699,459465193.4982
2025-05-03 04:00:00,96292.9,96548.6,96056.8,96283.7,5140.859,494965146.1342
2025-05-03 08:00:00,96283.7,96370.3,95819.0,95894.6,7237.004,695087445.325
2025-05-03 12:00:00,95894.6,96455.0,95828.9,96362.4,6363.551,612179516.8026
2025-05-03 16:00:00,96362.4,96369.5,95783.8,96307.6,5550.487,533358836.5477
2025-05-03 20:00:00,96307.6,96408.7,95700.1,95815.5,5403.272,519051041.5757
2025-05-04 00:00:00,95815.5,96257.0,95535.4,95674.0,8025.025,769135883.1024
2025-05-04 04:00:00,95674.0,96108.8,95649.9,95840.6,3688.542,353644760.0863
2025-05-04 08:00:00,95840.6,95890.7,95233.0,95379.9,7053.472,673432703.9226
2025-05-04 12:00:00,95379.9,95644.2,95187.5,95424.0,6727.832,642211366.8083
2025-05-04 16:00:00,95424.0,95583.0,95152.6,95525.2,5301.07,505512343.6163
2025-05-04 20:00:00,95525.2,95706.0,94100.0,94224.1,14692.922,1393314556.5162
2025-05-05 00:00:00,94224.1,94745.0,93460.2,94012.4,19060.591,1793784703.3649
2025-05-05 04:00:00,94012.4,94792.6,93980.1,94719.1,7282.057,688028939.2221
2025-05-05 08:00:00,94719.1,94748.3,93847.7,93997.9,10590.019,997636044.3993
2025-05-05 12:00:00,93997.9,94510.0,93543.9,93723.1,22712.68,2134346471.0064
2025-05-05 16:00:00,93723.1,94880.8,93704.7,94306.2,11931.339,1126599344.941
2025-05-05 20:00:00,94306.2,95149.0,93801.0,94698.7,11271.353,1066176400.2825
2025-05-06 00:00:00,94698.7,94876.6,93970.0,94417.0,8724.171,823289700.5809
2025-05-06 04:00:00,94417.0,94593.5,94253.3,94351.2,3601.123,339978446.2076
2025-05-06 08:00:00,94351.2,94352.7,93680.0,93777.5,8526.126,801703250.514
2025-05-06 12:00:00,93777.5,94701.1,93333.5,94512.9,22259.742,2093400921.0993
2025-05-06 16:00:00,94512.9,95110.0,94172.6,94912.9,12677.416,1200632466.9285
2025-05-06 20:00:00,94912.9,96880.6,94401.9,96799.0,27088.818,2594709304.3722
2025-05-07 00:00:00,96799.0,97700.0,96157.1,96471.1,22854.743,2216629588.5937
2025-05-07 04:00:00,96471.1,96964.9,96278.2,96942.3,7133.26,688867113.156
2025-05-07 08:00:00,96942.3,97069.6,96780.2,97000.0,6479.11,628054029.2755
2025-05-07 12:00:00,97000.0,97444.2,96669.6,96888.7,15821.841,1534673395.5108
2025-05-07 16:00:00,96888.7,96932.1,95724.2,96122.1,28697.514,2765612329.4768
2025-05-07 20:00:00,96122.1,97369.6,96012.2,96988.1,12127.681,1175236054.6587
2025-05-08 00:00:00,96988.1,99187.9,96832.1,99105.8,27907.161,2740522694.8828
2025-05-08 04:00:00,99105.8,99393.1,98698.0,99218.0,15012.244,1487673014.6606
2025-05-08 08:00:00,99218.0,99876.2,99163.1,99376.0,13890.481,1383381533.5601
2025-05-08 12:00:00,99376.0,101500.0,99055.0,100716.5,40634.81,4070536057.6654
2025-05-08 16:00:00,100716.5,101687.9,100543.5,101244.1,20916.48,2114885338.3224
2025-05-08 20:00:00,101244.1,104253.8,101203.6,103240.0,34497.976,3541631469.7543
2025-05-09 00:00:00,103240.0,103241.3,102314.2,102410.3,10385.462,1067167884.4746
2025-05-09 04:00:00,102410.3,104330.1,102332.0,103598.9,13729.208,1418717579.8185
2025-05-09 08:00:00,103598.9,103911.0,102378.3,102909.9,22011.594,2268664288.7103
2025-05-09 12:00:00,102909.9,103735.1,102354.0,102855.7,23476.247,2418110984.0726
2025-05-09 16:00:00,102855.7,103338.3,102264.1,103135.8,12244.691,1259770314.7232
2025-05-09 20:00:00,103135.8,103364.0,102692.2,102931.2,5307.522,546693981.7352
2025-05-10 00:00:00,102931.2,103239.4,102772.0,103182.8,3578.485,368587215.1554
2025-05-10 04:00:00,103182.8,104079.9,103005.3,103727.5,9350.312,968274036.0423
2025-05-10 08:00:00,103727.5,104050.0,103328.1,103399.2,8261.287,856207376.1317
2025-05-10 12:00:00,103399.2,103792.8,103053.6,103100.6,6404.492,662690489.5712
2025-05-10 16:00:00,103100.6,103585.7,102880.0,103141.2,6558.088,677057204.37
2025-05-10 20:00:00,103141.2,104986.7,103017.7,104782.3,13473.804,1404137633.0425
2025-05-11 00:00:00,104782.3,104936.7,103342.3,103961.9,15623.117,1625992534.5411
2025-05-11 04:00:00,103961.9,104368.0,103250.0,103354.3,8327.476,864645898.8141
2025-05-11 08:00:00,103354.3,104731.0,103331.0,104600.9,8501.738,885698306.2852
2025-05-11 12:00:00,104600.9,104855.0,103750.0,104097.0,13453.51,1402628666.8518
2025-05-11 16:00:00,104097.0,104812.0,103713.3,104402.0,9340.012,973083857.5306
2025-05-11 20:00:00,104402.0,104564.6,103540.0,104080.0,8223.223,855173445.9265
2025-05-12 00:00:00,104080.0,105133.7,103666.0,104072.7,13307.095,1388185001.2454
2025-05-12 04:00:00,104072.7,105842.1,103730.8,104434.5,25094.356,2631817749.8219
2025-05-12 08:00:00,104434.5,104721.2,103580.0,103712.3,13666.492,1424436169.9574
2025-05-12 12:00:00,103712.3,104614.0,102303.5,102470.1,34345.071,3549213400.5325
2025-05-12 16:00:00,102470.1,103050.0,100688.0,101803.0,28367.089,2889958607.239
2025-05-12 20:00:00,101803.0,103098.2,101723.7,102746.0,9924.908,1017872388.8563
2025-05-13 00:00:00,102746.0,102746.1,101380.0,101666.7,12031.19,1228148453.314
2025-05-13 04:00:00,101666.7,102908.8,101560.1,102627.9,9174.001,939543242.7873
2025-05-13 08:00:00,102627.9,103788.0,102505.0,103683.5,10521.314,1086611256.5035
2025-05-13 12:00:00,103683.5,103933.3,102745.0,103628.2,25244.418,2612075673.4826
2025-05-13 16:00:00,103628.2,104949.9,103485.3,104751.3,18477.112,1926283938.1059
2025-05-13 20:00:00,104751.3,104907.2,103820.0,104070.6,8069.753,841676306.4894
2025-05-14 00:00:00,104070.6,104073.6,103400.0,103534.4,6927.453,718668861.4722
2025-05-14 04:00:00,103534.4,103953.0,103335.2,103664.3,6237.112,646657022.4016
2025-05-14 08:00:00,103664.3,104138.6,102803.4,103908.2,14052.31,1454059914.4685
2025-05-14 12:00:00,103908.2,104325.6,102770.1,103455.9,23486.609,2430854426.4478
2025-05-14 16:00:00,103455.9,103668.8,102550.0,103279.4,12568.905,1296789416.1226
2025-05-14 20:00:00,103279.4,103620.3,103238.6,103445.0,3199.436,330992944.0457
2025-05-15 00:00:00,103445.0,103824.0,102650.1,102690.1,7851.692,809821201.8352
2025-05-15 04:00:00,102690.1,102915.7,101666.7,101729.2,13130.945,1343013447.7881
2025-05-15 08:00:00,101729.2,102377.9,101450.0,102322.9,12309.41,1254639047.6124
2025-05-15 12:00:00,102322.9,103200.0,101333.0,103191.8,28617.395,2927128110.3073
2025-05-15 16:00:00,103191.8,104203.9,102500.0,103100.0,24477.23,2529192815.4922
2025-05-15 20:00:00,103100.0,103920.3,102653.3,103710.0,13131.039,1357234014.3136
2025-05-16 00:00:00,103710.0,104433.3,103405.9,103971.6,12072.566,1255011896.4365
2025-05-16 04:00:00,103971.6,104152.8,103653.1,103665.0,6239.942,648412525.9139
2025-05-16 08:00:00,103665.0,103866.0,103042.2,103622.0,10424.312,1079018729.7149
2025-05-16 12:00:00,103622.0,104246.1,103279.3,104137.0,14521.196,1506307581.7959
2025-05-16 16:00:00,104137.0,104555.0,103534.1,103962.0,11291.296,1174590223.6306
2025-05-16 20:00:00,103962.0,103972.6,103356.4,103410.2,4834.097,500686048.0452
2025-05-17 00:00:00,103410.2,103536.0,102539.7,103459.9,11769.972,1212874812.0344
2025-05-17 04:00:00,103459.9,103669.4,103240.0,103388.4,4339.156,448970585.817
2025-05-17 08:00:00,103388.4,103526.1,102700.1,102932.4,7595.533,782406971.0843
2025-05-17 12:00:00,102932.4,103141.1,102600.2,102900.0,4921.223,506444386.6977
2025-05-17 16:00:00,102900.0,103325.0,102725.0,103109.4,4359.545,449259703.2403
2025-05-17 20:00:00,103109.4,103451.1,102852.8,103081.2,3522.49,363331509.5552
2025-05-18 00:00:00,103081.2,103377.0,103050.0,103233.7,3043.821,314218757.7341
2025-05-18 04:00:00,103233.7,103956.4,103233.7,103883.4,5270.712,545801309.6264
2025-05-18 08:00:00,103883.4,104050.0,103747.4,103758.7,5686.896,590779762.6137
2025-05-18 12:00:00,103758.7,105687.0,103666.7,105484.4,22004.188,2306312544.886
2025-05-18 16:00:00,105484.4,105950.0,103817.4,103842.3,28756.021,3017069482.9863
2025-05-18 20:00:00,103842.3,106650.0,103228.0,106428.1,30975.539,3252835374.8652
2025-05-19 00:00:00,106428.1,107134.3,103510.6,103566.8,24887.756,2620950447.9318
2025-05-19 04:00:00,103566.8,103737.0,102000.0,103169.4,30992.153,3187640184.0468
2025-05-19 08:00:00,103169.4,103392.0,102733.1,102910.8,8802.011,906992506.8863
2025-05-19 12:00:00,102910.8,104952.3,102100.0,104749.7,28173.479,2918487814.4087
2025-05-19 16:00:00,104749.7,105500.0,104462.6,105461.7,28084.791,2950286705.8896
2025-05-19 20:00:00,105461.7,105798.4,104947.2,105538.0,10382.819,1094731780.6929
2025-05-20 00:00:00,105538.0,106844.4,105471.6,105718.4,26579.07,2820904703.6029
2025-05-20 04:00:00,105718.4,106379.9,104842.4,104958.2,14474.762,1529275367.1017
2025-05-20 08:00:00,104958.2,105375.0,104807.7,105163.1,8793.323,924152528.2146
2025-05-20 12:00:00,105163.1,105353.7,104125.4,105287.3,20766.385,2173334256.4718
2025-05-20 16:00:00,105287.3,107237.1,105030.0,106986.0,29982.046,3180925814.5132
2025-05-20 20:00:00,106986.0,107292.4,105888.0,106808.2,22991.284,2452393829.7083
2025-05-21 00:00:00,106808.2,107225.3,106136.0,106788.0,13835.655,1476476343.5587
2025-05-21 04:00:00,106788.0,108033.3,106369.6,106426.7,30737.916,3298149910.4443
2025-05-21 08:00:00,106426.7,106732.4,106001.8,106490.0,14434.465,1534815762.0641
2025-05-21 12:00:00,106490.0,109472.8,106255.4,108941.9,53266.512,5760207557.7115
2025-05-21 16:00:00,108941.9,109833.0,106078.5,108554.7,72940.968,7857261096.6828
2025-05-21 20:00:00,108554.7,110800.0,107657.9,109608.7,36555.661,3990645419.6024
2025-05-22 00:00:00,109608.7,111885.0,109150.0,111742.9,34700.611,3830841644.4539
2025-05-22 04:00:00,111742.9,111771.9,110406.5,110990.0,20031.258,2224539464.1489
2025-05-22 08:00:00,110990.0,111285.0,110218.4,110923.1,16847.091,1865058282.4978
2025-05-22 12:00:00,110923.1,111590.0,110495.3,111256.6,27703.2,3078173759.397
2025-05-22 16:00:00,111256.6,111968.0,110846.4,111148.7,19474.244,2171614569.6262
2025-05-22 20:00:00,111148.7,111670.0,110683.2,111646.5,10125.655,1125000518.9643
2025-05-23 00:00:00,111646.5,111758.4,110950.0,111051.8,8451.109,941035530.296
2025-05-23 04:00:00,111051.8,111137.1,110349.0,110673.4,9399.846,1040260491.054
2025-05-23 08:00:00,110673.4,111340.3,108825.9,109026.5,21926.942,2415744849.8306
2025-05-23 12:00:00,109026.5,109968.0,107263.6,108885.2,59398.694,6463983671.8734
2025-05-23 16:00:00,108885.2,109790.2,107977.1,108655.5,30178.986,3285963535.3448
2025-05-23 20:00:00,108655.5,108671.9,106755.0,107275.9,18834.108,2029999279.2036
2025-05-24 00:00:00,107275.9,108318.6,106832.3,108295.6,11401.366,1226278347.4438
2025-05-24 04:00:00,108295.6,108531.6,107506.1,107545.3,8589.957,928147374.3543
2025-05-24 08:00:00,107545.3,109454.5,107545.3,109142.9,13476.619,1465294340.3475
2025-05-24 12:00:00,109142.9,109222.0,108469.5,108896.7,10526.394,1145426577.5965
2025-05-24 16:00:00,108896.7,109172.0,108624.7,108904.9,5466.883,595173405.6572
2025-05-24 20:00:00,108904.9,109090.7,107434.5,107716.0,13781.176,1489459135.1486
2025-05-25 00:00:00,107716.0,108222.0,107118.1,108059.5,12642.871,1361678407.1413
2025-05-25 04:00:00,108059.5,108249.7,107407.5,107631.0,6019.723,649405997.089
2025-05-25 08:00:00,107631.0,107648.6,106650.2,107200.0,12964.45,1387949281.3995
2025-05-25 12:00:00,107200.0,107708.9,106538.4,106931.9,14738.772,1579906875.0236
2025-05-25 16:00:00,106931.9,107919.8,106606.6,107679.0,7405.087,794107065.6057
2025-05-25 20:00:00,107679.0,109300.0,107106.5,108976.2,19405.016,2103859665.4715
2025-05-26 00:00:00,108976.2,109838.0,108640.7,109599.9,15653.513,1712576580.7051
2025-05-26 04:00:00,109599.9,110209.3,109331.5,110083.3,10638.315,1167793762.0158
2025-05-26 08:00:00,110083.3,110171.8,109505.7,109734.6,8204.388,900266417.606
2025-05-26 12:00:00,109734.6,110379.0,109423.3,109970.4,14660.733,1610856185.6246
2025-05-26 16:00:00,109970.4,110452.2,108816.5,109077.8,18415.79,2014196129.3355
2025-05-26 20:00:00,109077.8,109887.8,108900.0,109382.3,11864.893,1297299706.5682
2025-05-27 00:00:00,109382.3,109656.9,107421.7,108820.1,29844.183,3236828477.4033
2025-05-27 04:00:00,108820.1,109594.8,108470.7,109494.0,13869.785,1512340797.4142
2025-05-27 08:00:00,109494.0,109879.4,109351.5,109538.4,9939.88,1089537508.3417
2025-05-27 12:00:00,109538.4,110700.0,108606.6,110087.8,41889.609,4599082994.1905
2025-05-27 16:00:00,110087.8,110459.6,109500.0,109815.4,14427.057,1587130665.0371
2025-05-27 20:00:00,109815.4,109844.7,108458.6,108864.0,14883.683,1622673595.0499
2025-05-28 00:00:00,108864.0,109217.8,108304.1,108793.8,10012.466,1088593077.0759
2025-05-28 04:00:00,108793.8,109032.1,108550.0,108750.0,5288.681,575532185.4141
2025-05-28 08:00:00,108750.0,109070.8,108171.3,108800.1,9973.444,1083618664.839
2025-05-28 12:00:00,108800.1,109000.0,106973.9,107071.4,25190.903,2718075473.8966
2025-05-28 16:00:00,107071.4,107800.0,106841.5,106883.4,13851.226,1487618353.8127
2025-05-28 20:00:00,106883.4,108017.2,106718.0,107738.9,10276.671,1103988316.3289
2025-05-29 00:00:00,107738.9,108437.9,107395.0,108002.4,11239.13,1213859561.6989
2025-05-29 04:00:00,108002.4,108065.4,106880.0,107824.9,10602.525,1140086957.9923
2025-05-29 08:00:00,107824.9,108850.0,107576.5,108741.4,13171.828,1428498053.869
2025-05-29 12:00:00,108741.4,108773.3,106339.4,106965.1,35786.195,3848145511.3525
2025-05-29 16:00:00,106965.1,107120.0,105600.0,105692.9,26886.185,2858680982.6154
2025-05-29 20:00:00,105692.9,106434.5,105250.0,105550.0,12232.307,1295546012.004
2025-05-30 00:00:00,105550.0,106175.1,104520.1,105982.0,25295.722,2665740697.8459
2025-05-30 04:00:00,105982.0,106278.3,104680.2,104996.9,14004.501,1476968708.9091
2025-05-30 08:00:00,104996.9,105986.3,104555.1,105860.0,20101.334,2118020193.2539
2025-05-30 12:00:00,105860.0,105996.6,104971.8,105500.0,19903.163,2099916071.1694
2025-05-30 16:00:00,105500.0,105525.0,103666.0,104609.3,27057.621,2824501152.2057
2025-05-30 20:00:00,104609.3,104870.0,103569.0,103976.6,11821.086,1231953385.999
2025-05-31 00:00:00,103976.6,104288.8,103036.8,103643.0,16971.605,1758168405.3846
2025-05-31 04:00:00,103643.0,103882.5,103442.7,103713.4,5764.479,597583286.0567
2025-05-31 08:00:00,103713.4,103787.8,103246.0,103459.4,4468.883,462525793.2177
2025-05-31 12:00:00,103459.4,104800.0,103441.3,104512.9,11635.897,1212998521.0881
2025-05-31 16:00:00,104512.9,104769.9,104238.1,104686.0,6047.91,632160657.9627
2025-05-31 20:00:00,104686.0,104898.5,104456.8,104566.1,6784.111,710386064.5952
2025-06-01 00:00:00,104566.1,104611.4,103863.4,104333.1,8042.205,838215419.8529
2025-06-01 04:00:00,104333.1,104699.0,104150.1,104230.0,3926.293,409889225.9131
2025-06-01 08:00:00,104230.0,104410.0,103696.7,104040.0,6323.823,657420566.4839
2025-06-01 12:00:00,104040.0,104773.5,103719.7,104676.9,6838.737,713911462.5487
2025-06-01 16:00:00,104676.9,105266.0,104302.4,105084.1,10725.735,1125356383.4541
2025-06-01 20:00:00,105084.1,105843.6,104856.9,105614.4,8213.492,866234002.0521
2025-06-02 00:00:00,105614.4,105719.0,104502.2,104786.8,8876.854,933391599.9154
2025-06-02 04:00:00,104786.8,105394.7,104568.3,105333.8,6508.205,683310597.0139
2025-06-02 08:00:00,105333.8,105894.0,103868.0,104004.4,18633.773,1952749576.8085
2025-06-02 12:00:00,104004.4,104631.4,103606.4,104382.0,24605.263,2561199645.3764
2025-06-02 16:00:00,104382.0,104683.0,103962.5,104376.4,8558.222,892212765.8021
2025-06-02 20:00:00,104376.4,105919.7,104376.4,105827.2,12705.259,1337318169.1472
2025-06-03 00:00:00,105827.2,106478.8,105281.8,105426.8,13855.841,1467648473.1956
2025-06-03 04:00:00,105426.8,105462.3,105061.8,105121.9,5585.046,587826949.2823
2025-06-03 08:00:00,105121.9,105324.8,104813.9,105255.7,7486.589,786900660.6572
2025-06-03 12:00:00,105255.7,106773.7,104971.9,106550.6,26156.989,2772072676.7456
2025-06-03 16:00:00,106550.6,106626.0,105546.1,106168.3,16598.692,1759708656.271
2025-06-03 20:00:00,106168.3,106195.1,105204.5,105324.7,11828.531,1248613158.6051
2025-06-04 00:00:00,105324.7,105777.4,105052.5,105463.1,9139.643,963777478.9405
2025-06-04 04:00:00,105463.1,105551.7,105200.0,105253.7,4398.357,463335795.1331
2025-06-04 08:00:00,105253.7,105952.9,105050.0,105056.6,9190.337,969290327.3778
2025-06-04 12:00:00,105056.6,105492.5,104135.3,105238.2,29601.608,3104795659.0352
2025-06-04 16:00:00,105238.2,105425.0,104825.0,104863.1,9884.605,1038756534.2211
2025-06-04 20:00:00,104863.1,105013.3,104355.1,104630.0,6903.728,722667024.0628
2025-06-05 00:00:00,104630.0,105213.5,104581.6,104980.8,6332.008,664351275.548
2025-06-05 04:00:00,104980.8,105200.0,104307.6,104461.2,7843.491,820901307.0835
2025-06-05 08:00:00,104461.2,104876.4,104366.7,104771.7,6218.848,650853500.5246
2025-06-05 12:00:00,104771.7,105866.7,103830.0,104483.0,39251.577,4112594048.2674
2025-06-05 16:00:00,104483.0,104547.0,101490.8,101870.0,45577.329,4690045608.4935
2025-06-05 20:00:00,101870.0,102139.1,100350.0,101455.2,39834.64,4028525137.5269
2025-06-06 00:00:00,101455.2,102470.0,101046.0,102449.9,11033.688,1122534811.4267
2025-06-06 04:00:00,102449.9,103419.2,102340.2,103099.9,12069.556,1241837979.1253
2025-06-06 08:00:00,103099.9,103949.6,103099.9,103873.4,12203.49,1264371665.5954
2025-06-06 12:00:00,103873.4,105320.4,103463.9,105035.2,35482.43,3703353310.9867
2025-06-06 16:00:00,105035.2,105249.5,104012.0,104167.4,14898.232,1559130755.4563
2025-06-06 20:00:00,104167.4,104584.9,104111.0,104227.5,4167.261,434710049.8957
2025-06-07 00:00:00,104227.5,104900.4,103811.0,104842.7,9941.806,1038377492.1197
2025-06-07 04:00:00,104842.7,105292.6,104626.0,104817.0,7970.596,836219184.2236
2025-06-07 08:00:00,104817.0,105215.2,104645.4,105093.7,5867.704,615774020.1224
2025-06-07 12:00:00,105093.7,105766.7,105093.6,105505.1,11674.313,1231317481.3994
2025-06-07 16:00:00,105505.1,105848.0,105220.7,105678.1,7236.509,764185042.5026
2025-06-07 20:00:00,105678.1,105865.9,105472.3,105499.9,3933.856,415837608.5686
2025-06-08 00:00:00,105499.9,105732.0,105340.0,105415.8,2563.976,270422691.109
2025-06-08 04:00:00,105415.8,105587.2,105352.3,105370.4,2000.974,211022208.0028
2025-06-08 08:00:00,105370.4,105664.4,104924.7,105634.2,7651.653,805674997.493
2025-06-08 12:00:00,105634.2,106097.0,105452.4,105921.5,8761.293,926701239.6475
2025-06-08 16:00:00,105921.5,106312.2,105879.4,106239.8,7202.04,764409286.348
2025-06-08 20:00:00,106239.8,106441.8,105500.0,105670.8,7212.687,763802069.3691
2025-06-09 00:00:00,105670.8,105932.1,105252.6,105610.7,6716.098,708981314.1484
2025-06-09 04:00:00,105610.7,105672.9,105264.1,105511.4,3516.07,370824021.9694
2025-06-09 08:00:00,105511.4,107775.9,105433.2,107723.1,28057.132,2999961308.902
2025-06-09 12:00:00,107723.1,108033.4,106835.4,107592.8,24023.717,2584245798.074
2025-06-09 16:00:00,107592.8,108733.4,107592.7,108512.9,16288.246,1762649631.6859
2025-06-09 20:00:00,108512.9,110660.8,108372.2,110219.9,25802.154,2831506993.5561
2025-06-10 00:00:00,110219.9,110273.5,109342.2,109517.7,7732.931,848450336.761
2025-06-10 04:00:00,109517.7,109683.0,109050.0,109170.9,6722.448,734979347.239
2025-06-10 08:00:00,109170.9,109812.0,109016.0,109507.1,9941.42,1088201150.3441
2025-06-10 12:00:00,109507.1,109863.0,108279.2,108972.4,23606.487,2572561350.9851
2025-06-10 16:00:00,108972.4,110351.0,108464.3,109476.1,15308.024,1675045530.292
2025-06-10 20:00:00,109476.1,110251.4,109206.1,110227.5,9941.718,1091127619.3922
2025-06-11 00:00:00,110227.5,110234.0,109487.9,109670.6,5219.588,572898614.6293
2025-06-11 04:00:00,109670.6,109686.7,109311.0,109381.5,3873.877,424171596.2183
2025-06-11 08:00:00,109381.5,109625.3,109113.8,109200.9,4850.021,530210863.0103
2025-06-11 12:00:00,109200.9,110375.5,108967.0,109697.6,29978.022,3289369959.3011
2025-06-11 16:00:00,109697.6,109770.5,108355.5,108697.7,17869.745,1947645792.2362
2025-06-11 20:00:00,108697.7,109180.1,108006.6,108611.1,12850.002,1393939698.4404
2025-06-12 00:00:00,108611.1,108782.5,107673.4,107831.1,10275.828,1112171814.8847
2025-06-12 04:00:00,107831.1,107950.0,107305.1,107567.2,7833.999,843330144.0976
2025-06-12 08:00:00,107567.2,107805.0,106830.0,106856.0,10948.666,1174811301.8464
2025-06-12 12:00:00,106856.0,107775.1,106554.3,106967.4,23471.362,2515327600.3145
2025-06-12 16:00:00,106967.4,108400.0,106600.0,106735.2,20706.76,2227355342.8593
2025-06-12 20:00:00,106735.2,106911.7,105579.8,105600.9,22646.949,2402725238.9428
2025-06-13 00:00:00,105600.9,105640.0,102626.9,104251.0,57396.582,5966703780.8036
2025-06-13 04:00:00,104251.0,104923.5,103734.2,104839.7,14245.673,1485535285.8388
2025-06-13 08:00:00,104839.7,105425.5,104359.4,104996.4,14030.802,1471061936.7062
2025-06-13 12:00:00,104996.4,105729.8,104057.2,105387.9,23744.885,2491850415.0743
2025-06-13 16:00:00,105387.9,105921.8,104590.9,105047.6,17392.831,1830564719.585
2025-06-13 20:00:00,105047.6,106140.0,104958.0,106023.1,5838.981,616572154.7878
2025-06-14 00:00:00,106023.1,106168.8,105140.5,105185.3,6210.351,655917440.1938
2025-06-14 04:00:00,105185.3,105361.4,104723.5,105016.0,5803.524,609883072.0276
2025-06-14 08:00:00,105016.0,105072.8,104788.4,105034.0,3416.756,358565710.5544
2025-06-14 12:00:00,105034.0,105070.8,104556.2,104780.6,5299.201,555550039.533
2025-06-14 16:00:00,104780.6,105015.6,104285.0,104610.5,10689.035,1118785322.8761
2025-06-14 20:00:00,104610.5,105454.3,104250.0,105356.7,9974.693,1046955678.193
2025-06-15 00:00:00,105356.7,105630.9,105215.1,105430.5,3633.667,383167932.1221
2025-06-15 04:00:00,105430.5,106080.0,105145.1,105391.8,7674.718,810750160.6589
2025-06-15 08:00:00,105391.8,105440.0,104820.0,104933.2,6051.474,635661141.6942
2025-06-15 12:00:00,104933.2,105798.1,104906.6,105533.2,8087.622,852809287.6518
2025-06-15 16:00:00,105533.2,105746.1,105024.1,105246.3,4818.874,507890639.269
2025-06-15 20:00:00,105246.3,105576.0,104433.0,105547.8,9159.013,961039240.6436
2025-06-16 00:00:00,105547.8,105946.2,104921.2,105875.4,9523.51,1005273472.2132
2025-06-16 04:00:00,105875.4,107237.5,105830.0,107014.0,13896.275,1480965773.7285
2025-06-16 08:00:00,107014.0,107206.7,106534.3,106866.2,8480.787,906678087.4607
2025-06-16 12:00:00,106866.2,107739.5,106440.0,107378.2,22001.92,2357837151.165
2025-06-16 16:00:00,107378.2,108873.8,107253.9,108585.7,17551.47,1898015483.0302
2025-06-16 20:00:00,108585.7,108955.5,106630.0,106749.3,21657.689,2336019955.3522
2025-06-17 00:00:00,106749.3,107724.9,106072.3,107558.8,21318.6,2278757758.6136
2025-06-17 04:00:00,107558.8,107671.9,106434.8,106732.0,10114.648,1081913945.5666
2025-06-17 08:00:00,106732.0,106783.0,105436.1,105590.1,14596.83,1546880720.9828
2025-06-17 12:00:00,105590.1,105809.2,104065.1,104192.3,30029.657,3152359541.256
2025-06-17 16:00:00,104192.3,105286.7,103303.4,104625.9,33379.286,3476930296.0248
2025-06-17 20:00:00,104625.9,104834.9,104142.8,104512.7,9939.001,1038330450.6045
2025-06-18 00:00:00,104512.7,105186.2,104320.0,105124.6,6028.836,631984333.7656
2025-06-18 04:00:00,105124.6,105500.0,104654.3,104921.2,8558.531,899955046.6494
2025-06-18 08:00:00,104921.2,105260.2,104132.1,104788.9,11070.138,1158071340.1458
2025-06-18 12:00:00,104788.9,105290.9,103767.1,104743.6,24910.28,2604526288.052
2025-06-18 16:00:00,104743.6,104786.7,103422.3,103761.2,24158.167,2515059740.8239
2025-06-18 20:00:00,103761.2,105100.7,103586.6,104847.3,10255.954,1072673144.8507
2025-06-19 00:00:00,104847.3,105191.9,104394.9,105041.2,6777.655,710148679.2944
2025-06-19 04:00:00,105041.2,105189.5,104558.0,104582.4,4569.755,479137128.3174
2025-06-19 08:00:00,104582.4,105027.3,104564.2,104712.9,4344.192,455447365.9563
2025-06-19 12:00:00,104712.9,104854.6,104025.1,104045.8,11653.6,1216323766.262
2025-06-19 16:00:00,104045.8,104798.3,103864.0,104210.1,12309.478,1284785833.7173
2025-06-19 20:00:00,104210.1,104870.0,104100.0,104604.2,5014.56,524016434.3355
2025-06-20 00:00:00,104604.2,104782.9,104341.3,104555.1,4224.52,441787876.5014
2025-06-20 04:00:00,104555.1,105780.9,104191.9,105769.9,12199.909,1280547966.6396
2025-06-20 08:00:00,105769.9,106499.9,105689.9,105923.7,17807.23,1888689400.0347
2025-06-20 12:00:00,105923.7,106103.4,103811.0,104166.3,26763.936,2806582361.9831
2025-06-20 16:00:00,104166.3,104220.8,102260.0,103264.6,30555.92,3151676641.0739
2025-06-20 20:00:00,103264.6,103797.0,102913.2,103243.9,8156.743,843022027.6778
2025-06-21 00:00:00,103243.9,103644.1,103066.0,103436.0,2786.156,287954450.9033
2025-06-21 04:00:00,103436.0,103545.5,103262.0,103414.1,2570.92,265805539.8284
2025-06-21 08:00:00,103414.1,103949.9,103406.6,103819.8,5560.075,576942509.0195
2025-06-21 12:00:00,103819.8,103893.3,103235.0,103517.2,8062.895,834966316.7
2025-06-21 16:00:00,103517.2,103610.9,102150.0,102200.8,11847.654,1218209546.6868
2025-06-21 20:00:00,102200.8,102848.4,100800.0,102083.9,33113.883,3367173775.5357
2025-06-22 00:00:00,102083.9,103347.0,101780.6,102340.3,24321.946,2491306238.3975
2025-06-22 04:00:00,102340.3,102913.6,102214.0,102381.8,8740.941,896878080.6779
2025-06-22 08:00:00,102381.8,102769.4,102034.0,102687.9,7422.273,760224007.7179
2025-06-22 12:00:00,102687.9,102789.0,98856.7,98871.2,64688.014,6486409761.4539
2025-06-22 16:00:00,98871.2,100348.2,98596.0,98821.1,24967.047,2479470782.3874
2025-06-22 20:00:00,98821.1,100996.9,98125.0,100904.3,32924.733,3277656431.626
2025-06-23 00:00:00,100904.3,101553.7,100433.4,101115.4,12521.796,1264469065.5556
2025-06-23 04:00:00,101115.4,102151.4,100923.2,101891.6,12838.321,1304891714.9636
2025-06-23 08:00:00,101891.6,102044.6,101055.4,101239.9,11295.462,1145908716.8318
2025-06-23 12:00:00,101239.9,102590.0,100738.1,101382.3,30944.851,3148161588.4187
2025-06-23 16:00:00,101382.3,103283.7,99581.0,103109.2,51018.309,5181420922.2523
2025-06-23 20:00:00,103109.2,106024.8,102836.3,105283.5,41279.573,4321470665.2581
2025-06-24 00:00:00,105283.5,105469.0,104657.9,104875.7,9255.86,971888356.7652
2025-06-24 04:00:00,104875.7,105784.7,104650.0,104907.9,14163.272,1490866022.2522
2025-06-24 08:00:00,104907.9,105542.0,104567.0,105129.9,13175.641,1384297140.8065
2025-06-24 12:00:00,105129.9,105709.9,104755.0,105180.3,14828.208,1560448067.4898
2025-06-24 16:00:00,105180.3,106269.9,105116.2,105580.0,14853.412,1570450031.7797
2025-06-24 20:00:00,105580.0,106089.3,105379.0,106048.5,6752.031,714647582.2941
2025-06-25 00:00:00,106048.5,106782.3,105750.0,106177.1,14179.841,1507612489.3801
2025-06-25 04:00:00,106177.1,106666.0,105931.3,106560.1,5692.955,605177863.8371
2025-06-25 08:00:00,106560.1,107169.4,106285.8,107126.1,14163.262,1512655028.9561
2025-06-25 12:00:00,107126.1,108090.0,106672.8,106980.3,29862.072,3209120261.4391
2025-06-25 16:00:00,106980.3,107849.9,106853.0,107700.2,10748.455,1153943636.4534
2025-06-25 20:00:00,107700.2,107942.0,107005.4,107264.0,6128.487,658494619.2868
2025-06-26 00:00:00,107264.0,108239.6,107028.0,107806.7,12274.248,1322123857.3688
2025-06-26 04:00:00,107806.7,108050.1,107447.1,107771.7,7095.424,764663590.0634
2025-06-26 08:00:00,107771.7,108132.4,107051.3,107266.8,7871.955,845915600.2968
2025-06-26 12:00:00,107266.8,107721.1,106457.7,107251.2,17483.75,1872998540.5467
2025-06-26 16:00:00,107251.2,107623.1,106950.1,107477.4,7504.196,805050624.2527
2025-06-26 20:00:00,107477.4,108000.0,106773.4,106905.3,8610.069,923615170.1073
2025-06-27 00:00:00,106905.3,107472.1,106351.6,107419.9,9196.324,984018864.9096
2025-06-27 04:00:00,107419.9,107688.9,106810.0,106820.7,6612.1,709218274.2941
2025-06-27 08:00:00,106820.7,107108.0,106633.2,106933.0,8422.612,900408122.0965
2025-06-27 12:00:00,106933.0,107374.8,106280.0,107268.3,19026.645,2031113710.4675
2025-06-27 16:00:00,107268.3,107738.1,106388.0,106741.4,14983.19,1601797848.1958
2025-06-27 20:00:00,106741.4,107218.0,106735.0,106999.6,3513.248,376045745.5801
2025-06-28 00:00:00,106999.6,107296.5,106761.0,107241.2,2940.509,314663315.6843
2025-06-28 04:00:00,107241.2,107444.3,107109.5,107420.9,3675.123,394289340.9145
2025-06-28 08:00:00,107420.9,107443.0,107202.1,107320.0,2757.013,295823163.0932
2025-06-28 12:00:00,107320.0,107499.9,107037.1,107401.4,2548.804,273287198.0259
2025-06-28 16:00:00,107401.4,107495.3,107161.5,107161.6,2674.621,287049013.3761
2025-06-28 20:00:00,107161.6,107335.8,107100.0,107241.0,1802.064,193238717.4702
2025-06-29 00:00:00,107241.0,107444.9,107113.8,107157.1,2907.924,312062733.5283
2025-06-29 04:00:00,107157.1,107350.0,107157.0,107350.0,1338.776,143585392.8555
2025-06-29 08:00:00,107350.0,108507.0,107335.4,108420.1,11892.498,1283957804.3628
2025-06-29 12:00:00,108420.1,108484.2,107602.0,107693.5,8058.193,870183750.4917
2025-06-29 16:00:00,107693.5,107738.7,107222.0,107337.0,7437.769,799222617.5762
2025-06-29 20:00:00,107337.0,108396.7,107171.2,108314.8,11237.627,1211835133.7374
2025-06-30 00:00:00,108314.8,108766.4,108203.2,108466.6,9800.266,1063633484.254
2025-06-30 04:00:00,108466.6,108500.0,107410.0,107552.3,10287.567,1109665630.408
2025-06-30 08:00:00,107552.3,107904.7,107300.0,107590.9,8196.453,881887365.1679
2025-06-30 12:00:00,107590.9,107821.6,106677.0,107517.2,20387.122,2186877205.3064
2025-06-30 16:00:00,107517.2,107769.3,107057.9,107686.3,9139.926,982076925.1615
2025-06-30 20:00:00,107686.3,107724.5,106858.8,107081.2,4518.839,484493472.5348
2025-07-01 00:00:00,107081.2,107484.8,106957.7,107150.5,4594.629,492587024.1626
2025-07-01 04:00:00,107150.5,107158.3,106546.0,107119.9,9858.355,1053213246.6424
2025-07-01 08:00:00,107119.9,107119.9,106233.7,106553.8,9545.077,1016768793.3924
2025-07-01 12:00:00,106553.8,107139.9,105550.0,105909.6,24713.714,2626010097.9722
2025-07-01 16:00:00,105909.6,106250.0,105335.0,105342.3,13156.225,1392148886.5273
2025-07-01 20:00:00,105342.3,106065.0,105180.3,105634.8,7866.196,830673853.0385
2025-07-02 00:00:00,105634.8,106178.6,105058.6,106148.6,8219.04,868390566.7747
2025-07-02 04:00:00,106148.6,107145.0,106082.2,107040.9,12119.877,1292925879.299
2025-07-02 08:00:00,107040.9,107795.0,107040.9,107436.2,13279.131,1427968621.1502
2025-07-02 12:00:00,107436.2,108740.0,107134.7,108712.4,24997.601,2697835489.5077
2025-07-02 16:00:00,108712.4,109740.9,108620.8,109631.3,26420.538,2886088090.6534
2025-07-02 20:00:00,109631.3,109631.3,108669.0,108803.0,8071.556,880927119.7845
2025-07-03 00:00:00,108803.0,109081.5,108455.1,108592.6,6486.807,705537562.5478
2025-07-03 04:00:00,108592.6,109512.0,108510.0,109242.1,8409.435,917836960.938
2025-07-03 08:00:00,109242.1,110256.4,109242.1,109551.1,13255.161,1455395513.8926
2025-07-03 12:00:00,109551.1,110485.7,108704.4,109063.1,33981.439,3723886046.0839
2025-07-03 16:00:00,109063.1,109868.5,108955.0,109744.1,9059.87,991329365.7552
2025-07-03 20:00:00,109744.1,109978.3,109483.4,109540.0,5101.54,559864432.2352
2025-07-04 00:00:00,109540.0,109725.3,109058.0,109186.9,5360.504,586044553.3912
2025-07-04 04:00:00,109186.9,109285.6,108650.0,108650.0,7726.675,841550278.6153
2025-07-04 08:00:00,108650.0,109042.0,108456.0,108826.0,7474.454,813203427.7068
2025-07-04 12:00:00,108826.0,108914.5,107452.3,107552.9,24806.843,2678753302.1654
2025-07-04 16:00:00,107552.9,107898.5,107220.3,107453.9,11610.224,1248671589.9118
2025-07-04 20:00:00,107453.9,108223.9,107408.8,107947.4,6657.272,718223838.2023
2025-07-05 00:00:00,107947.4,108229.9,107685.9,108107.1,4145.64,447752378.123
2025-07-05 04:00:00,108107.1,108429.2,107934.8,108008.7,4349.609,470341817.6299
2025-07-05 08:00:00,108008.7,108172.9,107809.9,108055.9,2859.04,308723677.6668
2025-07-05 12:00:00,108055.9,108191.6,107911.0,108017.2,1994.321,215525587.3645
2025-07-05 16:00:00,108017.2,108120.0,107820.8,108096.4,2861.977,308990411.8143
2025-07-05 20:00:00,108096.4,108179.0,107939.7,108144.4,1575.629,170295926.6331
2025-07-06 00:00:00,108144.4,108200.0,107961.7,107999.7,1987.283,214806767.5754
2025-07-06 04:00:00,107999.7,108168.0,107888.0,107988.8,2287.044,247017284.6728
2025-07-06 08:00:00,107988.8,108080.0,107762.6,108028.8,3205.47,345921950.2688
2025-07-06 12:00:00,108028.8,109088.6,108000.0,108860.0,13046.874,1417574857.5237
2025-07-06 16:00:00,108860.0,108920.0,108225.7,108498.1,6531.786,708972173.6748
2025-07-06 20:00:00,108498.1,109685.0,108484.7,109160.5,12413.834,1355047906.5426
2025-07-07 00:00:00,109160.5,109681.4,108612.0,109355.1,8830.443,963950982.1973
2025-07-07 04:00:00,109355.1,109423.6,108573.5,109015.1,5968.263,650238732.042
2025-07-07 08:00:00,109015.1,109048.4,108525.0,108593.9,5347.945,581773764.1201
2025-07-07 12:00:00,108593.9,108625.5,107896.8,108244.4,17074.758,1848662040.5644
2025-07-07 16:00:00,108244.4,108455.9,107449.6,107990.0,12748.246,1375996836.026
2025-07-07 20:00:00,107990.0,108249.4,107714.2,108200.0,5015.822,541546750.3203
2025-07-08 00:00:00,108200.0,108482.3,107369.7,107850.1,10963.32,1183244896.0416
2025-07-08 04:00:00,107850.1,108443.8,107691.5,108427.9,5241.081,566695105.0168
2025-07-08 08:00:00,108427.9,108977.6,108181.0,108718.1,8768.847,952344860.4119
2025-07-08 12:00:00,108718.1,109188.0,108140.2,108202.7,18220.019,1979106067.7053
2025-07-08 16:00:00,108202.7,109126.2,108029.9,108728.6,11946.284,1299029327.3286
2025-07-08 20:00:00,108728.6,108931.5,108567.0,108881.9,3403.255,370262669.315
2025-07-09 00:00:00,108881.9,109093.0,108284.8,108312.6,4721.643,513198520.1338
2025-07-09 04:00:00,108312.6,108900.0,108263.4,108671.7,5262.057,571687814.6739
2025-07-09 08:00:00,108671.7,109090.0,108527.3,109018.9,4571.645,497544052.4326
2025-07-09 12:00:00,109018.9,109746.0,108447.8,109009.9,21803.687,2379799201.7278
2025-07-09 16:00:00,109009.9,111999.0,108968.8,111702.6,28196.323,3113956987.975
2025-07-09 20:00:00,111702.6,111914.2,110530.0,111209.7,18145.378,2017459778.216
2025-07-10 00:00:00,111209.7,111524.7,110832.8,111025.8,6033.976,670575262.817
2025-07-10 04:00:00,111025.8,111421.2,110863.1,111190.8,6779.092,753283082.98
2025-07-10 08:00:00,111190.8,111366.0,110825.0,110979.5,4460.738,495405198.0692
2025-07-10 12:00:00,110979.5,111379.2,110450.9,111359.2,12716.499,1410540616.9174
2025-07-10 16:00:00,111359.2,113789.3,111293.8,113247.4,36475.218,4117580878.3829
2025-07-10 20:00:00,113247.4,117896.7,113220.0,115990.1,43701.536,5056867206.2493
2025-07-11 00:00:00,115990.1,116941.4,115200.0,116853.2,11966.532,1389107229.3788
2025-07-11 04:00:00,116853.2,118387.0,116461.1,117554.6,25844.221,3040348498.2342
2025-07-11 08:00:00,117554.6,118849.9,117554.5,117801.6,15106.12,1784993775.2233
2025-07-11 12:00:00,117801.6,118224.9,116727.4,116908.7,19184.754,2255970104.6214
2025-07-11 16:00:00,116908.7,118117.7,116600.8,118079.2,13456.772,1580329285.0337
2025-07-11 20:00:00,118079.2,118079.3,117114.1,117508.8,7330.47,862071316.415
2025-07-12 00:00:00,117508.8,117820.0,117101.9,117752.5,4271.663,501993849.6185
2025-07-12 04:00:00,117752.5,118035.2,117456.2,117683.9,3741.883,440586322.8961
2025-07-12 08:00:00,117683.9,118195.1,117580.0,117772.2,7776.679,916929053.7146
2025-07-12 12:00:00,117772.2,117825.8,116868.1,117066.3,12073.383,1416780828.0864
2025-07-12 16:00:00,117066.3,117601.4,117007.3,117511.2,4080.389,478817341.4732
2025-07-12 20:00:00,117511.2,117518.9,116940.0,117369.9,3312.032,388378729.9865
2025-07-13 00:00:00,117369.9,117787.9,117173.3,117706.6,3910.038,459401557.3247
2025-07-13 04:00:00,117706.6,118023.0,117627.1,117950.8,3141.457,370217281.1348
2025-07-13 08:00:00,117950.8,118054.5,117653.1,118029.9,3219.474,379385186.7509
2025-07-13 12:00:00,118029.9,119390.4,117929.6,118623.0,21720.464,2577421846.7722
2025-07-13 16:00:00,118623.0,119474.9,118320.0,118918.6,8182.697,972852675.9657
2025-07-13 20:00:00,118918.6,119347.8,118168.2,119050.2,7397.937,878434543.3624
2025-07-14 00:00:00,119050.2,121600.0,118859.2,120725.0,24905.968,2993131328.766
2025-07-14 04:00:00,120725.0,123250.0,120509.2,122741.2,30309.98,3697828913.891
2025-07-14 08:00:00,122741.2,122758.0,121350.0,121480.1,14225.932,1736047355.3479
2025-07-14 12:00:00,121480.1,122100.0,119609.8,119889.3,26278.951,3178775921.6249
2025-07-14 16:00:00,119889.3,120535.9,119232.4,119950.0,16529.965,1981891727.5275
2025-07-14 20:00:00,119950.0,120458.8,119501.6,119841.6,6714.991,806173816.8086
2025-07-15 00:00:00,119841.6,119946.6,116880.0,117210.2,31142.267,3682969527.9521
2025-07-15 04:00:00,117210.2,117800.0,116302.4,116822.5,22349.658,2616107339.8033
2025-07-15 08:00:00,116822.5,117246.2,116114.6,117150.4,14353.157,1676804857.9468
2025-07-15 12:00:00,117150.4,118510.5,115750.0,116430.6,43992.952,5150494540.3912
2025-07-15 16:00:00,116430.6,117758.1,116047.2,116430.2,20955.404,2451388523.6422
2025-07-15 20:00:00,116430.2,117999.8,116161.3,117745.7,11522.623,1351071177.8531
2025-07-16 00:00:00,117745.7,118250.0,117031.0,117500.0,7461.523,877717743.5641
2025-07-16 04:00:00,117500.0,118307.7,117264.3,118200.0,6912.888,815169907.4153
2025-07-16 08:00:00,118200.0,119327.4,118130.0,118776.1,11638.596,1383333779.7844
2025-07-16 12:00:00,118776.1,119778.5,118127.9,119067.4,30908.429,3673120585.9799
2025-07-16 16:00:00,119067.4,119928.6,118432.2,119230.0,17673.875,2107532541.5285
2025-07-16 20:00:00,119230.0,120114.6,118409.1,118626.3,11683.628,1394316928.4143
2025-07-17 00:00:00,118626.3,119173.2,117662.2,118089.6,11856.969,1402054127.3182
2025-07-17 04:00:00,118089.6,118781.7,117809.9,118319.9,9631.084,1139580432.7184
2025-07-17 08:00:00,118319.9,119246.4,117982.1,118001.0,12330.071,1461809555.3475
2025-07-17 12:00:00,118001.0,119145.3,117449.9,118911.2,19935.12,2356799362.0018
2025-07-17 16:00:00,118911.2,119944.5,118364.0,119000.0,12196.464,1453665663.5293
2025-07-17 20:00:00,119000.0,121044.0,118423.5,119218.7,28521.952,3422786410.9834
2025-07-18 00:00:00,119218.7,120844.7,119028.2,120257.9,13358.711,1603627602.5918
2025-07-18 04:00:00,120257.9,120896.9,119355.0,119420.0,11859.538,1424998528.3967
2025-07-18 08:00:00,119420.0,119534.5,118444.0,119222.7,13853.397,1647494791.1121
2025-07-18 12:00:00,119222.7,119574.4,117311.7,117866.2,29629.441,3505870021.4339
2025-07-18 16:00:00,117866.2,118078.0,117133.0,117380.8,11436.062,1344753926.5474
2025-07-18 20:00:00,117380.8,118017.3,116822.1,117930.1,10666.027,1252305265.451
2025-07-19 00:00:00,117930.1,118398.5,117630.8,118349.6,4895.956,577937469.4111
2025-07-19 04:00:00,118349.6,118379.0,118030.8,118175.8,3044.079,359829950.8516
2025-07-19 08:00:00,118175.8,118523.7,117935.6,118330.4,4619.317,546347537.9667
2025-07-19 12:00:00,118330.4,118345.7,117612.0,118058.2,7277.911,859196904.0557
2025-07-19 16:00:00,118058.2,118186.3,117580.8,118005.8,4301.001,507274675.4966
2025-07-19 20:00:00,118005.8,118176.4,117237.7,117842.1,6240.804,734567243.7839
2025-07-20 00:00:00,117842.1,118186.8,117659.3,117975.4,4088.528,482269597.7691
2025-07-20 04:00:00,117975.4,118254.4,117772.4,118052.4,2679.694,316222934.6741
2025-07-20 08:00:00,118052.4,118328.1,117860.2,117925.4,4688.341,553651892.8876
2025-07-20 12:00:00,117925.4,118916.0,117745.4,118722.6,10803.924,1279566961.586
2025-07-20 16:00:00,118722.6,118931.0,118000.0,118197.0,7756.35,918487118.1484
2025-07-20 20:00:00,118197.0,118301.9,116455.6,117290.4,16129.438,1893064285.1496
2025-07-21 00:00:00,117290.4,118649.8,116550.0,118429.2,12936.576,1521921781.2848
2025-07-21 04:00:00,118429.2,119750.0,118200.0,119420.0,10870.299,1293690366.0168
2025-07-21 08:00:00,119420.0,119548.0,118108.9,118118.7,9550.878,1134640564.8153
2025-07-21 12:00:00,118118.7,119300.0,117809.4,118377.8,17120.21,2030949213.7358
2025-07-21 16:00:00,118377.8,118459.4,116677.4,116796.9,22685.093,2668508111.1358
2025-07-21 20:00:00,116796.9,117669.6,116652.0,117393.0,7319.573,857825427.1725
2025-07-22 00:00:00,117393.0,117988.0,116123.0,117235.1,16765.569,1963781010.3184
2025-07-22 04:00:00,117235.1,118620.1,116562.6,118027.4,14541.045,1710178118.9597
2025-07-22 08:00:00,118027.4,119250.0,117517.7,119199.1,12398.036,1468642334.6918
2025-07-22 12:00:00,119199.1,119649.9,117601.2,118962.1,22456.136,2668132928.8224
2025-07-22 16:00:00,118962.1,120297.1,118451.8,119333.3,16049.883,1916311554.247
2025-07-22 20:00:00,119333.3,120321.0,119255.0,120043.6,7717.933,925051431.0318
2025-07-23 00:00:00,120043.6,120194.7,118582.4,118675.1,9138.258,1090606258.1235
2025-07-23 04:00:00,118675.1,119055.7,118311.9,118398.9,7545.948,895420673.2168
2025-07-23 08:00:00,118398.9,118661.6,117850.0,118558.0,12335.647,1458893734.9907
2025-07-23 12:00:00,118558.0,118748.6,117300.0,118589.2,21165.272,2496652669.008
2025-07-23 16:00:00,118589.2,118589.2,117309.4,118397.8,12832.065,1513357418.9226
2025-07-23 20:00:00,118397.8,118771.5,117357.7,118743.4,11263.818,1330448931.1204
2025-07-24 00:00:00,118743.4,119279.7,118479.5,118513.1,8685.608,1033041149.147
2025-07-24 04:00:00,118513.1,118571.3,117050.1,118398.0,17114.127,2016251605.2019
2025-07-24 08:00:00,118398.0,118821.0,117944.8,118613.5,12216.561,1447319899.1955
2025-07-24 12:00:00,118613.5,119492.9,117815.8,119121.2,16270.729,1931712047.4467
2025-07-24 16:00:00,119121.2,119427.2,118360.0,118953.7,9366.456,1114337707.3342
2025-07-24 20:00:00,118953.7,119004.3,118150.4,118328.0,5292.589,627466506.8571
2025-07-25 00:00:00,118328.0,118440.3,115297.7,115400.1,30750.672,3585046394.1508
2025-07-25 04:00:00,115400.1,116107.2,114710.0,115329.5,27459.969,3169608521.0813
2025-07-25 08:00:00,115329.5,116793.1,115045.6,116544.9,18853.002,2185639215.3362
2025-07-25 12:00:00,116544.9,116675.8,114905.0,115734.4,22122.5,2561207765.9797
2025-07-25 16:00:00,115734.4,117014.7,115455.5,116679.5,12005.621,1396603215.648
2025-07-25 20:00:00,116679.5,117642.8,116572.8,117616.3,10021.001,1174108040.0683
2025-07-26 00:00:00,117616.3,117750.0,117150.0,117469.2,4956.951,582304342.7129
2025-07-26 04:00:00,117469.2,117542.7,117307.9,117322.8,2728.856,320370882.019
2025-07-26 08:00:00,117322.8,118252.1,117322.8,117755.6,6623.957,780546911.7631
2025-07-26 12:00:00,117755.6,118226.2,117745.0,118141.5,5628.971,664405806.1839
2025-07-26 16:00:00,118141.5,118333.4,117940.3,118235.2,3115.049,367932730.2665
2025-07-26 20:00:00,118235.2,118281.5,117857.5,117898.8,3177.226,374935388.1449
2025-07-27 00:00:00,117898.8,118425.6,117807.6,118174.7,4157.512,491182327.8437
2025-07-27 04:00:00,118174.7,118443.7,118055.3,118117.0,2890.312,341706763.9758
2025-07-27 08:00:00,118117.0,118297.7,117850.1,118070.3,3798.81,448552388.5778
2025-07-27 12:00:00,118070.3,118640.3,117876.8,118586.8,5909.316,699173023.9612
2025-07-27 16:00:00,118586.8,119600.0,118586.7,118978.8,11841.468,1410981049.4308
2025-07-27 20:00:00,118978.8,119784.0,118730.8,119429.9,6962.121,831120669.1495
2025-07-28 00:00:00,119429.9,119844.9,118950.0,119287.6,6315.47,754091190.231
2025-07-28 04:00:00,119287.6,119699.1,118753.0,118885.8,6175.011,735770381.3629
2025-07-28 08:00:00,118885.8,119104.4,118435.7,118810.6,6350.137,754298877.106
2025-07-28 12:00:00,118810.6,119092.0,117874.0,118160.0,17851.605,2113537848.1662
2025-07-28 16:00:00,118160.0,118376.8,117401.5,118070.0,12329.529,1452847403.4475
2025-07-28 20:00:00,118070.0,118346.7,117480.0,118068.9,6215.268,733148548.8479
2025-07-29 00:00:00,118068.9,118820.7,117434.0,118761.9,9601.172,1133893977.03
2025-07-29 04:00:00,118761.9,119300.0,118406.2,118889.8,6889.808,818809925.0398
2025-07-29 08:00:00,118889.8,119083.9,118117.9,118602.1,6673.53,791726286.5511
2025-07-29 12:00:00,118602.1,119127.5,117240.0,117372.2,16895.946,1996079914.5159
2025-07-29 16:00:00,117372.2,118045.8,116912.6,117523.6,12311.159,1447038188.9292
2025-07-29 20:00:00,117523.6,117982.7,117055.6,117923.3,9210.918,1081595852.0825
2025-07-30 00:00:00,117923.3,118234.0,117371.4,118130.0,4740.685,558672774.9696
2025-07-30 04:00:00,118130.0,118389.2,117643.1,118103.2,4893.053,577800918.6282
2025-07-30 08:00:00,118103.2,118465.8,117266.4,117542.3,9295.77,1096653391.8592
2025-07-30 12:00:00,117542.3,118769.0,117310.9,117991.7,14470.788,1706435222.266
2025-07-30 16:00:00,117991.7,118033.4,115738.1,116873.2,26524.454,3096852282.4778
2025-07-30 20:00:00,116873.2,117921.1,116828.6,117781.6,8400.08,985272052.011
2025-07-31 00:00:00,117781.6,118580.0,117740.6,118444.4,8534.114,1009142201.6722
2025-07-31 04:00:00,118444.4,118900.0,118257.6,118646.6,5367.135,636369009.7949
2025-07-31 08:00:00,118646.6,118739.2,118275.5,118346.9,4689.752,555845593.7561
2025-07-31 12:00:00,118346.9,118663.3,117773.9,118273.2,13753.31,1625989289.9938
2025-07-31 16:00:00,118273.2,118860.0,116685.5,116709.3,19331.605,2275544486.5713
2025-07-31 20:00:00,116709.3,116940.0,115368.6,115680.1,19693.145,2288446069.2462
2025-08-01 00:00:00,115680.1,115999.9,114240.0,115590.1,22181.215,2554814176.294
2025-08-01 04:00:00,115590.1,115857.2,114542.0,115012.4,11730.752,1350776419.8969
2025-08-01 08:00:00,115012.4,115316.1,114013.0,115239.2,14773.953,1695650528.3572
2025-08-01 12:00:00,115239.2,115950.0,113849.5,115288.0,29827.525,3433239877.8685
2025-08-01 16:00:00,115288.0,115659.3,113153.9,113283.6,26326.477,3005229423.9242
2025-08-01 20:00:00,113283.6,114055.5,112692.8,113248.9,18041.186,2044411794.604
2025-08-02 00:00:00,113248.9,113921.5,113150.0,113863.1,5672.521,644469570.928
2025-08-02 04:00:00,113863.1,114011.4,113438.3,113934.6,6251.592,711407468.054
2025-08-02 08:00:00,113934.6,113998.0,113359.1,113755.2,5136.805,583855167.0871
2025-08-02 12:00:00,113755.2,113756.2,112780.0,112816.3,7909.097,895369172.0093
2025-08-02 16:00:00,112816.3,113395.3,111950.0,112194.0,18666.327,2101082750.9852
2025-08-02 20:00:00,112194.0,113025.4,112038.0,112518.0,9459.811,1064655411.2836
2025-08-03 00:00:00,112518.0,113706.0,111870.0,113562.3,9704.505,1095737698.2665
2025-08-03 04:00:00,113562.3,113680.6,113313.3,113662.8,3284.83,372868984.2765
2025-08-03 08:00:00,113662.8,114217.0,113509.7,113812.6,6341.131,721923681.3115
2025-08-03 12:00:00,113812.6,114059.9,113531.5,113892.7,5790.627,658956084.312
2025-08-03 16:00:00,113892.7,114792.7,113706.0,114253.1,6605.746,754962518.8416
2025-08-03 20:00:00,114253.1,114564.3,114000.5,114147.1,4474.406,511194414.3148
2025-08-04 00:00:00,114147.1,114975.3,114064.3,114522.0,6568.184,752864374.3113
2025-08-04 04:00:00,114522.0,114746.7,114101.2,114615.1,4514.243,516285947.9525
2025-08-04 08:00:00,114615.1,114728.2,114142.5,114445.0,5467.439,625521482.2614
2025-08-04 12:00:00,114445.0,115443.5,114061.7,114746.0,21299.334,2446105751.1194
2025-08-04 16:00:00,114746.0,115682.8,114653.1,114716.0,10502.455,1209432510.047
2025-08-04 20:00:00,114716.0,115326.7,114551.4,115006.0,6650.032,764830114.5751
2025-08-05 00:00:00,115006.0,115084.2,114202.0,114212.3,6920.272,793426967.7882
2025-08-05 04:00:00,114212.3,114480.0,113628.2,113925.4,9386.136,1071371729.8916
2025-08-05 08:00:00,113925.4,115046.8,113880.0,114782.3,8634.991,989642912.9554
2025-08-05 12:00:00,114782.3,114860.0,112577.7,112882.1,25662.341,2911418311.1902
2025-08-05 16:00:00,112882.1,113742.4,112760.0,113582.1,9541.069,1081256646.5887
2025-08-05 20:00:00,113582.1,114222.6,113207.5,114079.6,6789.574,772374742.1999
2025-08-06 00:00:00,114079.6,114104.7,113355.8,113469.3,4651.467,528841017.2805
2025-08-06 04:00:00,113469.3,114398.6,113300.2,114180.6,6583.063,750348478.5902
2025-08-06 08:00:00,114180.6,114389.9,113671.5,114185.6,6475.503,738433974.8364
2025-08-06 12:00:00,114185.6,115502.6,113522.0,115360.7,21095.657,2415522897.1388
2025-08-06 16:00:00,115360.7,115666.3,114895.7,115198.5,8682.807,1001066296.8672
2025-08-06 20:00:00,115198.5,115213.8,114747.5,114943.0,4064.636,467553495.3281
2025-08-07 00:00:00,114943.0,115154.4,114350.0,114498.4,6024.51,690822013.3699
2025-08-07 04:00:00,114498.4,114837.8,114218.0,114747.6,5315.304,608673533.3969
2025-08-07 08:00:00,114747.6,116763.6,114742.8,116446.2,20000.116,2318232605.6781
2025-08-07 12:00:00,116446.2,116747.8,115955.9,116629.3,13493.365,1570549753.2114
2025-08-07 16:00:00,116629.3,117450.0,115555.1,117380.6,16105.007,1877140774.2435
2025-08-07 20:00:00,117380.6,117560.0,116931.9,117399.9,8516.758,998734646.3356
2025-08-08 00:00:00,117399.9,117569.1,116632.6,116686.8,7653.666,895307677.6273
2025-08-08 04:00:00,116686.8,116929.8,116334.8,116776.2,5526.773,644683507.5587
2025-08-08 08:00:00,116776.2,116887.4,116264.2,116859.9,5204.556,606709246.3598
2025-08-08 12:00:00,116859.9,117239.4,115854.2,116157.0,12232.94,1425238309.5157
2025-08-08 16:00:00,116157.0,116850.0,115933.1,116367.0,9530.491,1109697295.6681
2025-08-08 20:00:00,116367.0,116933.6,116240.0,116625.1,4024.994,469714937.5974
2025-08-09 00:00:00,116625.1,116700.0,116288.2,116322.3,2544.334,296337981.7565
2025-08-09 04:00:00,116322.3,116939.0,116300.0,116703.4,6593.905,769156013.9444
2025-08-09 08:00:00,116703.4,117900.0,116688.8,117058.2,14024.724,1645757527.8764
2025-08-09 12:00:00,117058.2,117181.9,116636.0,116827.6,7670.853,896641620.8542
2025-08-09 16:00:00,116827.6,116883.7,116435.0,116496.9,4834.811,563826540.5688
2025-08-09 20:00:00,116496.9,116957.2,116303.1,116406.2,5247.66,611787600.0842
2025-08-10 00:00:00,116406.2,119433.6,116400.0,118488.9,21872.556,2579105887.5949
2025-08-10 04:00:00,118488.9,118728.5,117431.0,117784.9,12451.613,1470652071.8215
2025-08-10 08:00:00,117784.9,118491.0,117576.0,118324.0,7789.608,920357482.5045
2025-08-10 12:00:00,118324.0,119111.9,118221.0,118776.2,10746.904,1275188775.5378
2025-08-10 16:00:00,118776.2,118922.4,118404.0,118634.5,3512.641,416676460.2006
2025-08-10 20:00:00,118634.5,119288.0,118049.4,119271.8,12098.527,1434617424.0567
2025-08-11 00:00:00,119271.8,122421.0,118964.7,121709.4,31604.109,3817723315.9104
2025-08-11 04:00:00,121709.4,122350.2,121445.5,121530.2,14514.276,1770035227.341
2025-08-11 08:00:00,121530.2,121819.1,120262.0,120540.3,16837.497,2038176002.307
2025-08-11 12:00:00,120540.3,120650.0,119340.6,120274.6,24441.829,2932019734.3967
2025-08-11 16:00:00,120274.6,120768.0,118576.0,119052.9,22240.92,2659729458.4968
2025-08-11 20:00:00,119052.9,119175.3,117855.3,118679.2,12587.208,1492916979.9766
2025-08-12 00:00:00,118679.2,119277.0,118575.6,118844.7,5867.512,697792938.9248
2025-08-12 04:00:00,118844.7,119144.4,118403.0,118948.0,6763.138,803756155.5429
2025-08-12 08:00:00,118948.0,119017.9,118150.0,118457.9,9451.156,1119736143.73
2025-08-12 12:00:00,118457.9,119912.1,118205.5,119888.2,32964.958,3925286147.1587
2025-08-12 16:00:00,119888.2,120143.0,119120.2,119610.6,12579.967,1504719235.8739
2025-08-12 20:00:00,119610.6,120280.0,119430.0,120090.5,11602.527,1391861333.9438
2025-08-13 00:00:00,120090.5,120165.8,118974.1,119460.7,13138.303,1569656812.5142
2025-08-13 04:00:00,119460.7,119822.3,118900.5,119555.9,9395.017,1121312593.6778
2025-08-13 08:00:00,119555.9,120747.0,119423.0,120572.2,12336.915,1482901072.7594
2025-08-13 12:00:00,120572.2,122239.3,120115.8,120920.7,40809.985,4946509303.6163
2025-08-13 16:00:00,120920.7,122856.0,120920.7,122748.9,18401.413,2243241695.9175
2025-08-13 20:00:00,122748.9,123742.2,122302.1,123348.0,19870.441,2444853777.2745
2025-08-14 00:00:00,123348.0,124571.2,123298.4,123400.2,16140.996,1998353221.5989
2025-08-14 04:00:00,123400.2,123500.0,121354.6,121772.0,20452.919,2499857509.2839
2025-08-14 08:00:00,121772.0,122067.4,120700.0,120974.4,14877.462,1804303302.0215
2025-08-14 12:00:00,120974.4,121173.0,117224.6,118199.4,64364.154,7657944687.5446
2025-08-14 16:00:00,118199.4,118496.4,117117.0,117915.4,17578.914,2070550494.6778
2025-08-14 20:00:00,117915.4,118486.1,117241.3,118250.1,9869.992,1163549539.5533
2025-08-15 00:00:00,118250.1,119050.0,117977.9,118933.2,5850.311,693428498.0777
2025-08-15 04:00:00,118933.2,119208.0,118586.6,118942.3,7195.556,855787895.6997
2025-08-15 08:00:00,118942.3,119150.0,118600.0,118973.8,5485.364,652142753.0453
2025-08-15 12:00:00,118973.8,119100.0,116727.1,117224.6,27063.088,3188057193.2188
2025-08-15 16:00:00,117224.6,117827.0,116719.3,116875.5,12767.364,1496089831.8854
2025-08-15 20:00:00,116875.5,117725.8,116780.1,117280.8,7578.672,888765858.0234
2025-08-16 00:00:00,117280.8,117857.2,117177.5,117390.2,4250.272,499710734.1434
2025-08-16 04:00:00,117390.2,117841.3,117234.0,117547.6,3376.981,396814067.1127
2025-08-16 08:00:00,117547.6,117658.4,117069.7,117340.0,4152.444,487336670.5871
2025-08-16 12:00:00,117340.0,117779.4,117265.3,117627.7,3496.097,411180257.7341
2025-08-16 16:00:00,117627.7,117770.5,117552.3,117603.0,1890.263,222388785.3371
2025-08-16 20:00:00,117603.0,117662.8,117156.9,117327.7,2865.825,336454866.5022
2025-08-17 00:00:00,117327.7,117708.0,117101.0,117628.3,2846.883,334179938.3939
2025-08-17 04:00:00,117628.3,118212.1,117628.3,117944.9,4256.157,502009836.2451
2025-08-17 08:00:00,117944.9,118431.5,117863.0,118258.1,3326.104,393217864.9059
2025-08-17 12:00:00,118258.1,118585.7,117983.0,118199.6,5718.266,675964860.4614
2025-08-17 16:00:00,118199.6,118274.8,117265.0,117545.1,6528.266,768745872.3601
2025-08-17 20:00:00,117545.1,117957.0,117312.6,117355.6,3918.852,461088118.5029
2025-08-18 00:00:00,117355.6,117509.6,114936.8,115268.6,23231.717,2695833172.8015
2025-08-18 04:00:00,115268.6,115672.0,114828.9,115155.6,10307.804,1188036645.4652
2025-08-18 08:00:00,115155.6,115362.8,114577.7,114893.0,8665.426,995905537.3669
2025-08-18 12:00:00,114893.0,116120.0,114719.6,116082.5,14008.484,1616099576.7684
2025-08-18 16:00:00,116082.5,116761.4,115745.9,116263.9,12676.377,1474388136.8293
2025-08-18 20:00:00,116263.9,116945.3,115924.7,116168.0,6619.655,771015958.5296
2025-08-19 00:00:00,116168.0,116681.9,114718.5,114750.6,12108.017,1400721842.1004
2025-08-19 04:00:00,114750.6,115432.4,114292.4,114921.2,11166.478,1282641764.3781
2025-08-19 08:00:00,114921.2,115599.0,114738.6,115462.4,5747.808,662549948.5674
2025-08-19 12:00:00,115462.4,115838.9,113483.4,113728.0,26110.416,2986654499.7762
2025-08-19 16:00:00,113728.0,113830.0,112712.2,113078.1,16031.802,1815419381.3146
2025-08-19 20:00:00,113078.1,113543.6,112673.0,112825.7,7346.661,831005903.4813
2025-08-20 00:00:00,112825.7,113609.8,112520.0,113483.2,7862.551,889554885.6958
2025-08-20 04:00:00,113483.2,113817.5,113392.3,113453.9,4381.512,497703568.6644
2025-08-20 08:00:00,113453.9,114019.7,113010.1,113641.9,9305.757,1056782919.4174
2025-08-20 12:00:00,113641.9,114287.0,112286.8,113314.5,23512.766,2664215430.6409
2025-08-20 16:00:00,113314.5,114416.0,113194.3,114231.5,15244.726,1735871126.3752
2025-08-20 20:00:00,114231.5,114567.0,113939.1,114217.4,5667.442,647492784.5176
2025-08-21 00:00:00,114217.4,114783.7,113784.4,113917.6,6654.078,759865068.086
2025-08-21 04:00:00,113917.6,113991.1,113522.0,113854.5,5766.29,655897006.5264
2025-08-21 08:00:00,113854.5,113957.1,112945.6,113104.6,6342.487,719294533.2118
2025-08-21 12:00:00,113104.6,113945.7,112550.0,112745.8,14373.09,1626723836.8475
2025-08-21 16:00:00,112745.8,112938.6,111945.2,112146.2,14524.604,1632047776.5543
2025-08-21 20:00:00,112146.2,112835.1,112009.1,112462.7,8756.412,984373750.9093
2025-08-22 00:00:00,112462.7,113499.9,112277.2,112903.7,9363.3,1058235416.3025
2025-08-22 04:00:00,112903.7,113364.4,112667.8,113050.8,5809.095,656716392.9323
2025-08-22 08:00:00,113050.8,113280.0,112137.8,112280.0,7320.209,825235362.8179
2025-08-22 12:00:00,112280.0,117276.2,111618.8,116313.7,62201.895,7129736737.51
2025-08-22 16:00:00,116313.7,117374.5,116042.1,116604.4,19276.893,2248416938.7048
2025-08-22 20:00:00,116604.4,117144.6,116518.3,116899.8,6878.312,803609353.2938
2025-08-23 00:00:00,116899.8,116998.0,115432.0,115530.1,10243.135,1188653694.4251
2025-08-23 04:00:00,115530.1,116000.0,115503.9,115788.4,4884.633,565606772.6996
2025-08-23 08:00:00,115788.4,115861.5,115180.0,115270.0,4642.707,536424926.0626
2025-08-23 12:00:00,115270.0,115457.9,114504.7,114792.4,13557.75,1557739354.0261
2025-08-23 16:00:00,114792.4,115206.5,114660.9,115136.8,5193.9,597422837.1686
2025-08-23 20:00:00,115136.8,115413.0,114985.8,115404.8,2452.561,282580931.7513
2025-08-24 00:00:00,115404.8,115656.7,114943.1,115042.5,5591.194,644798080.5646
2025-08-24 04:00:00,115042.5,115284.5,114846.0,114880.7,3040.78,349780260.1415
2025-08-24 08:00:00,114880.7,115078.1,114602.0,114745.2,4757.169,546094994.1996
2025-08-24 12:00:00,114745.2,114887.8,114312.8,114420.1,8162.381,935545427.4856
2025-08-24 16:00:00,114420.1,114950.0,110551.0,112595.1,39417.701,4452166985.0052
2025-08-24 20:00:00,112595.1,113677.4,111626.0,113474.8,16230.964,1830270260.4272
2025-08-25 00:00:00,113474.8,113649.9,112133.4,112890.0,11480.902,1296540890.8506
2025-08-25 04:00:00,112890.0,113040.0,111257.5,111466.7,18341.951,2055350789.689
2025-08-25 08:00:00,111466.7,111828.8,110906.9,111199.9,16415.604,1827586699.4606
2025-08-25 12:00:00,111199.9,112576.5,110552.0,112172.3,20922.524,2335264009.1731
2025-08-25 16:00:00,112172.3,112945.4,110600.0,110664.1,16697.041,1871206673.3848
2025-08-25 20:00:00,110664.1,111083.0,109222.6,110069.7,31922.271,3511085563.4547
2025-08-26 00:00:00,110069.7,110069.7,108669.0,109846.0,17172.018,1879231236.364
2025-08-26 04:00:00,109846.0,110499.9,109706.1,110259.1,8944.842,984786285.4037
2025-08-26 08:00:00,110259.1,110415.4,109527.9,109853.0,8237.502,906533804.3954
2025-08-26 12:00:00,109853.0,110793.1,109334.2,109623.0,21147.404,2327362326.8578
2025-08-26 16:00:00,109623.0,111120.5,109412.5,111086.2,11713.07,1292253192.1147
2025-08-26 20:00:00,111086.2,112342.4,110874.0,111723.1,10519.732,1174479737.8585
2025-08-27 00:00:00,111723.1,111801.0,110877.7,111387.5,7700.0,857198457.5437
2025-08-27 04:00:00,111387.5,111699.6,110582.7,110686.0,6311.701,701615890.0594
2025-08-27 08:00:00,110686.0,111330.6,110312.1,111265.0,6370.653,706053794.7728
2025-08-27 12:00:00,111265.0,112589.9,110951.4,111961.2,16796.74,1877047200.0819
2025-08-27 16:00:00,111961.2,112588.0,111500.0,112037.4,9320.484,1044505733.7366
2025-08-27 20:00:00,112037.4,112444.2,110823.9,111184.3,16618.977,1854776825.0936
2025-08-28 00:00:00,111184.3,111990.2,110781.5,111945.9,5995.346,668232189.9081
2025-08-28 04:00:00,111945.9,113345.4,111888.3,113077.0,11921.362,1345479228.093
2025-08-28 08:00:00,113077.0,113310.0,112772.9,112880.2,5509.586,622684672.7913
2025-08-28 12:00:00,112880.2,113433.0,112330.1,112620.5,13659.199,1541460356.912
2025-08-28 16:00:00,112620.5,113150.0,111828.0,111842.6,10858.508,1220288818.9092
2025-08-28 20:00:00,111842.6,112538.3,111810.1,112511.4,6012.781,674259638.7814
2025-08-29 00:00:00,112511.4,112616.4,111250.0,111642.0,9685.155,1082070969.2327
2025-08-29 04:00:00,111642.0,111800.0,109832.5,109946.7,14493.587,1605171158.6655
2025-08-29 08:00:00,109946.7,110220.0,109346.7,110039.5,12848.76,1410819481.8787
2025-08-29 12:00:00,110039.5,111490.7,108063.3,108336.7,35863.268,3924038419.3144
2025-08-29 16:00:00,108336.7,108788.0,107888.0,108180.8,11317.474,1226086014.4735
2025-08-29 20:00:00,108180.8,108530.4,107432.6,108355.3,11344.374,1224805997.5145
2025-08-30 00:00:00,108355.3,108398.0,107300.0,108393.9,7674.033,828384985.3202
2025-08-30 04:00:00,108393.9,108637.8,108075.0,108466.8,5141.158,557102054.5324
2025-08-30 08:00:00,108466.8,108739.5,108376.0,108652.3,3958.408,429704859.7678
2025-08-30 12:00:00,108652.3,108902.3,108176.0,108834.7,6451.695,700395868.1865
2025-08-30 16:00:00,108834.7,108900.0,108583.3,108814.5,3096.432,336735345.8658
2025-08-30 20:00:00,108814.5,108821.0,108436.9,108780.7,2932.073,318418382.6627
2025-08-31 00:00:00,108780.7,109444.0,108763.9,109179.3,6424.515,701501872.794
2025-08-31 04:00:00,109179.3,109191.1,108455.0,108640.4,4888.834,531444079.0511
2025-08-31 08:00:00,108640.4,109065.4,108237.1,108335.0,7315.783,794404355.7418
2025-08-31 12:00:00,108335.0,108814.7,108135.9,108750.0,5937.996,643657232.0772
2025-08-31 16:00:00,108750.0,109197.5,108485.3,108887.9,4796.621,522218106.1855
2025-08-31 20:00:00,108887.9,109199.1,108008.4,108200.0,7353.855,798862654.2024
2025-09-01 00:00:00,108200.0,108447.3,107340.0,107607.5,13245.115,1428024444.4343
