timestamp,open,high,low,close,volume,turnover
2025-04-01 00:00:00,82504.4,82769.8,82375.6,82600.0,2166.571,178959478.0577
2025-04-01 01:00:00,82600.0,82691.2,82413.1,82659.9,1772.883,146389042.6226
2025-04-01 02:00:00,82659.9,83065.9,82595.5,83052.4,2809.481,232844545.1884
2025-04-01 03:00:00,83052.4,83200.0,82888.6,82928.3,1640.942,136309304.5479
2025-04-01 04:00:00,82928.3,83199.2,82851.3,83030.9,1475.377,122451931.7897
2025-04-01 05:00:00,83030.9,83293.0,82958.8,82975.0,1590.549,132249846.3241
2025-04-01 06:00:00,82975.0,83468.7,82851.0,83425.7,3146.673,261857241.852
2025-04-01 07:00:00,83425.7,83572.8,83334.2,83420.1,2351.018,196188933.0239
2025-04-01 08:00:00,83420.1,84174.6,83400.0,84066.6,6701.862,562264912.2664
2025-04-01 09:00:00,84066.6,84350.0,84056.7,84317.9,4777.861,402403943.1139
2025-04-01 10:00:00,84317.9,84471.2,84118.5,84152.3,4894.83,412632145.8204
2025-04-01 11:00:00,84152.3,84182.7,83791.0,83895.0,3456.392,290288823.0724
2025-04-01 12:00:00,83895.0,84125.3,83535.2,83577.7,3322.942,278547005.852
2025-04-01 13:00:00,83577.7,83849.5,83373.4,83591.9,7111.794,594723166.4532
2025-04-01 14:00:00,83591.9,84298.9,82509.7,84135.4,15814.295,1316920823.2427
2025-04-01 15:00:00,84135.4,85468.3,84121.9,85250.0,14976.673,1270952780.2707
2025-04-01 16:00:00,85250.0,85455.0,84750.1,85070.1,8078.12,687267413.5036
2025-04-01 17:00:00,85070.1,85297.0,84849.9,85077.1,3297.172,280440547.7464
2025-04-01 18:00:00,85077.1,85132.8,84671.4,85069.1,3397.018,288285196.6326
2025-04-01 19:00:00,85069.1,85131.9,84762.0,84908.8,2152.932,182908668.1703
2025-04-01 20:00:00,84908.8,85342.2,84723.2,85197.3,3534.871,300535479.5327
2025-04-01 21:00:00,85197.3,85442.8,85080.1,85191.2,1486.922,126776130.4148
2025-04-01 22:00:00,85191.2,85429.8,85043.2,85066.8,1683.054,143407251.3812
2025-04-01 23:00:00,85066.8,85555.0,84936.9,85130.5,2942.755,250817070.6666
2025-04-02 00:00:00,85130.5,85235.0,84888.6,84933.5,1954.068,166219089.3175
2025-04-02 01:00:00,84933.5,85184.4,84821.5,85111.1,2170.788,184475388.5683
2025-04-02 02:00:00,85111.1,85133.9,84585.6,84679.0,3871.144,328051256.9079
2025-04-02 03:00:00,84679.0,84870.0,84463.9,84504.0,1748.241,147985798.3146
2025-04-02 04:00:00,84504.0,84678.1,84424.6,84562.3,1862.359,157428561.0296
2025-04-02 05:00:00,84562.3,84562.3,84060.0,84060.0,2709.465,228253255.3266
2025-04-02 06:00:00,84060.0,84320.8,83867.2,84075.0,3747.184,315012619.7203
2025-04-02 07:00:00,84075.0,84420.4,83965.7,84382.4,2315.216,195005645.7838
2025-04-02 08:00:00,84382.4,84700.0,84215.0,84619.9,2745.318,232001911.6682
2025-04-02 09:00:00,84619.9,85429.6,84582.6,84989.8,5762.371,489938805.5292
2025-04-02 10:00:00,84989.8,85258.8,84789.4,84822.7,3370.607,286490706.513
2025-04-02 11:00:00,84822.7,84942.3,84485.6,84520.0,3188.598,270053930.592
2025-04-02 12:00:00,84520.0,85016.8,84403.5,84995.6,4451.619,377045749.4327
2025-04-02 13:00:00,84995.6,86066.2,84407.1,85169.7,14018.917,1196756929.0262
2025-04-02 14:00:00,85169.7,85940.1,85105.9,85833.1,8349.793,714632527.7955
2025-04-02 15:00:00,85833.1,87297.1,85771.2,86699.3,19869.981,1722592337.377
2025-04-02 16:00:00,86699.3,87186.3,86536.9,87013.4,6426.675,558184527.5226
2025-04-02 17:00:00,87013.4,87278.0,86307.3,86580.5,6427.969,557753648.9872
2025-04-02 18:00:00,86580.5,86688.1,86169.0,86252.7,3168.541,273815175.2813
2025-04-02 19:00:00,86252.7,86993.4,86124.6,86853.9,3959.887,342502778.501
2025-04-02 20:00:00,86853.9,88560.1,85165.8,85622.4,48277.072,4181909195.3695
2025-04-02 21:00:00,85622.4,85698.4,84168.0,84808.1,11101.698,940153794.6453
2025-04-02 22:00:00,84808.1,84808.1,82625.0,82777.1,13924.193,1161359958.8655
2025-04-02 23:00:00,82777.1,82813.0,82281.9,82468.1,7449.676,614874859.3591
2025-04-03 00:00:00,82468.1,83350.0,82107.1,83170.6,8708.296,721352916.7783
2025-04-03 01:00:00,83170.6,83888.0,83042.1,83714.7,5379.201,449109987.3601
2025-04-03 02:00:00,83714.7,83859.1,83227.4,83725.6,4717.013,394218871.4586
2025-04-03 03:00:00,83725.6,83735.0,83300.8,83442.4,2055.132,171575282.6503
2025-04-03 04:00:00,83442.4,83697.0,83230.0,83517.2,2282.587,190448313.2768
2025-04-03 05:00:00,83517.2,83684.9,83294.2,83305.3,1807.643,150913139.9844
2025-04-03 06:00:00,83305.3,83387.3,82955.0,83010.5,2683.112,223181248.9896
2025-04-03 07:00:00,83010.5,83466.9,82966.0,83422.0,2676.651,222727145.7487
2025-04-03 08:00:00,83422.0,83774.8,83408.7,83646.2,3167.645,264797088.1743
2025-04-03 09:00:00,83646.2,83735.3,83416.7,83442.1,1776.204,148502587.1542
2025-04-03 10:00:00,83442.1,83714.4,83116.7,83186.8,3204.093,267144479.8194
2025-04-03 11:00:00,83186.8,83320.3,83010.7,83061.8,2260.752,187927382.2658
2025-04-03 12:00:00,83061.8,83116.1,81831.4,81904.0,10821.525,892021714.1584
2025-04-03 13:00:00,81904.0,82750.0,81724.8,82338.5,12072.86,992561774.3443
2025-04-03 14:00:00,82338.5,82364.0,81266.6,81481.6,13753.925,1125744788.6888
2025-04-03 15:00:00,81481.6,82046.3,81146.0,81990.1,7293.109,595563478.9306
2025-04-03 16:00:00,81990.1,82409.6,81672.8,81792.4,5671.166,465415025.3331
2025-04-03 17:00:00,81792.4,82146.6,81588.3,81790.0,3178.356,260188056.4233
2025-04-03 18:00:00,81790.0,82298.2,81501.0,82079.4,4388.048,359438826.3156
2025-04-03 19:00:00,82079.4,82327.8,81786.4,81971.7,3549.02,291135292.8599
2025-04-03 20:00:00,81971.7,82397.0,81758.6,82334.1,2407.576,197629026.9247
2025-04-03 21:00:00,82334.1,82837.6,82301.3,82694.0,3379.47,278877707.5716
2025-04-03 22:00:00,82694.0,82854.2,82574.0,82707.8,2270.25,187807676.09
2025-04-03 23:00:00,82707.8,83288.3,82472.9,83175.2,3268.097,270954318.2438
2025-04-04 00:00:00,83175.2,83389.9,82966.7,83012.5,2876.498,239304690.6582
2025-04-04 01:00:00,83012.5,83330.4,82561.0,82676.5,2975.708,246773942.7833
2025-04-04 02:00:00,82676.5,83150.0,82674.2,82870.0,1996.06,165493104.1561
2025-04-04 03:00:00,82870.0,83029.6,82650.0,82786.5,1692.81,140191448.5045
2025-04-04 04:00:00,82786.5,82884.0,82585.0,82684.1,1454.358,120314379.6015
2025-04-04 05:00:00,82684.1,83178.9,82603.6,83163.7,1827.844,151703261.9639
2025-04-04 06:00:00,83163.7,83228.3,83000.8,83018.6,1729.563,143776904.4925
2025-04-04 07:00:00,83018.6,83999.2,83018.6,83973.7,7054.015,589883609.0527
2025-04-04 08:00:00,83973.7,84637.4,83973.6,84391.5,9107.481,768197830.3854
2025-04-04 09:00:00,84391.5,84736.0,84115.6,84553.0,4550.437,384149911.1198
2025-04-04 10:00:00,84553.0,84675.7,82378.5,82543.7,18361.231,1529139440.6616
2025-04-04 11:00:00,82543.7,82740.9,81605.0,82617.9,14554.955,1195784750.3846
2025-04-04 12:00:00,82617.9,83183.3,82181.0,82837.8,12670.34,1047106979.6271
2025-04-04 13:00:00,82837.8,83510.5,82103.3,83308.0,13861.082,1147423168.8769
2025-04-04 14:00:00,83308.0,83497.9,81800.0,82516.1,16547.135,1366825905.76
2025-04-04 15:00:00,82516.1,83682.0,82431.6,82813.1,17080.013,1419966656.1958
2025-04-04 16:00:00,82813.1,83539.8,82691.0,83359.3,10082.348,838184137.5488
2025-04-04 17:00:00,83359.3,84600.0,82910.0,84454.9,14062.261,1179846103.1474
2025-04-04 18:00:00,84454.9,84577.3,83697.0,83965.1,8447.942,710114908.0598
2025-04-04 19:00:00,83965.1,84450.0,83750.0,83989.0,5050.865,424792032.451
2025-04-04 20:00:00,83989.0,84260.8,83457.1,84132.8,5728.41,480304982.8335
2025-04-04 21:00:00,84132.8,84418.9,83887.2,84149.1,2359.444,198567328.31
2025-04-04 22:00:00,84149.1,84242.0,83978.3,84020.3,1097.987,92325530.2348
2025-04-04 23:00:00,84020.3,84079.9,83615.5,83862.1,1890.63,158439106.5664
2025-04-05 00:00:00,83862.1,83862.1,83374.6,83758.5,2112.415,176654127.3858
2025-04-05 01:00:00,83758.5,84244.0,83758.4,83958.6,2836.691,238381799.7449
2025-04-05 02:00:00,83958.6,84074.9,83762.0,83939.9,1437.645,120651152.979
2025-04-05 03:00:00,83939.9,83940.0,83598.3,83600.0,994.97,83320840.6719
2025-04-05 04:00:00,83600.0,83838.0,83580.0,83655.0,1010.851,84622500.5364
2025-04-05 05:00:00,83655.0,83827.8,83596.8,83654.2,675.42,56546071.4083
2025-04-05 06:00:00,83654.2,83703.4,83304.3,83436.8,1778.766,148507379.1875
2025-04-05 07:00:00,83436.8,83529.3,83328.4,83483.3,1222.275,101961837.1237
2025-04-05 08:00:00,83483.3,83623.4,83341.0,83489.7,1502.123,125420553.9902
2025-04-05 09:00:00,83489.7,83832.2,83486.8,83807.0,1247.759,104420292.5983
2025-04-05 10:00:00,83807.0,83872.8,83545.1,83608.0,1308.436,109514147.5964
2025-04-05 11:00:00,83608.0,83661.0,83410.1,83428.0,1114.906,93124049.7154
2025-04-05 12:00:00,83428.0,83526.6,83088.0,83245.6,2692.079,224214134.6026
2025-04-05 13:00:00,83245.6,83311.2,82478.0,82714.9,6106.379,505515104.5571
2025-04-05 14:00:00,82714.9,82991.2,82631.0,82871.6,2810.393,232755042.1635
2025-04-05 15:00:00,82871.6,82871.7,82343.0,82579.5,3536.023,292001848.9568
2025-04-05 16:00:00,82579.5,82797.0,82566.7,82718.9,1431.547,118351520.929
2025-04-05 17:00:00,82718.9,82919.9,82645.0,82840.1,1552.634,128580307.1325
2025-04-05 18:00:00,82840.1,83084.0,82820.0,83010.0,2171.484,180194359.3594
2025-04-05 19:00:00,83010.0,83125.5,82748.4,82827.7,1390.656,115335214.8172
2025-04-05 20:00:00,82827.7,83071.8,82783.1,83052.2,1455.995,120769286.8936
2025-04-05 21:00:00,83052.2,83237.9,82872.5,82892.6,1586.986,131841178.476
2025-04-05 22:00:00,82892.6,83194.0,82892.5,83154.1,1025.26,85140970.6858
2025-04-05 23:00:00,83154.1,83659.9,83088.2,83496.7,2494.105,207879696.6382
2025-04-06 00:00:00,83496.7,83574.8,83380.3,83488.5,1498.874,125109491.2569
2025-04-06 01:00:00,83488.5,83774.3,83377.8,83390.0,2034.446,169969694.6813
2025-04-06 02:00:00,83390.0,83454.6,83249.2,83266.0,1087.869,90680301.8932
2025-04-06 03:00:00,83266.0,83382.6,83131.9,83313.8,1172.807,97645981.612
2025-04-06 04:00:00,83313.8,83471.0,83202.2,83471.0,881.829,73516950.0152
2025-04-06 05:00:00,83471.0,83500.0,83292.9,83413.9,1006.145,83933512.4923
2025-04-06 06:00:00,83413.9,83442.9,83075.9,83077.2,1620.673,134887449.3531
2025-04-06 07:00:00,83077.2,83181.3,82984.0,82988.9,2000.79,166185476.2169
2025-04-06 08:00:00,82988.9,83013.8,82683.2,82986.0,2919.491,241927872.6209
2025-04-06 09:00:00,82986.0,83139.3,82887.1,83039.0,1257.267,104376494.0822
2025-04-06 10:00:00,83039.0,83039.0,82658.5,82826.6,1807.439,149646202.3392
2025-04-06 11:00:00,82826.6,82893.7,82617.5,82812.5,1868.358,154576105.7262
2025-04-06 12:00:00,82812.5,82940.0,82585.3,82659.5,2609.408,215973813.2345
2025-04-06 13:00:00,82659.5,82806.7,82159.7,82264.1,4889.396,403063112.094
2025-04-06 14:00:00,82264.1,82765.6,82177.8,82624.9,4130.208,340642195.3522
2025-04-06 15:00:00,82624.9,82779.6,82347.0,82507.1,2380.024,196438472.4061
2025-04-06 16:00:00,82507.1,82529.0,81867.5,81930.0,4970.657,408338468.842
2025-04-06 17:00:00,81930.0,81952.7,80512.3,80775.8,14114.864,1147411551.926
2025-04-06 18:00:00,80775.8,80775.8,78643.0,79071.8,22586.334,1800531324.5147
2025-04-06 19:00:00,79071.8,79813.9,78781.5,79579.5,10995.795,872980195.4436
2025-04-06 20:00:00,79579.5,79844.0,78437.6,78830.5,9407.549,744210434.7455
2025-04-06 21:00:00,78830.5,79641.8,78669.1,78908.9,5969.594,472509769.7956
2025-04-06 22:00:00,78908.9,79103.8,77715.6,78032.9,19800.242,1554263363.6782
2025-04-06 23:00:00,78032.9,78687.6,77083.5,78376.1,15436.21,1200857434.1227
2025-04-07 00:00:00,78376.1,78474.9,77355.0,78273.5,10137.112,789897117.0708
2025-04-07 01:00:00,78273.5,79315.8,78263.4,79101.2,9081.587,716082281.9072
2025-04-07 02:00:00,79101.2,79198.6,78350.0,78395.9,4507.383,354938593.0305
2025-04-07 03:00:00,78395.9,78469.1,77303.9,77650.0,6710.063,522211367.4514
2025-04-07 04:00:00,77650.0,77947.3,76572.4,76946.0,11332.482,873938618.0553
2025-04-07 05:00:00,76946.0,77469.5,76611.9,76917.3,6542.782,504252532.7713
2025-04-07 06:00:00,76917.3,77270.9,74520.0,74780.0,23203.958,1753282681.241
2025-04-07 07:00:00,74780.0,75441.8,74456.2,75077.5,10632.629,797467472.4198
2025-04-07 08:00:00,75077.5,76800.0,75040.9,76220.1,12020.756,914434446.9481
2025-04-07 09:00:00,76220.1,76773.5,75706.8,76248.7,7289.375,555826228.682
2025-04-07 10:00:00,76248.7,77550.0,76110.0,76951.4,11166.522,860512860.7889
2025-04-07 11:00:00,76951.4,77363.4,76389.2,76650.0,5588.165,429376280.9274
2025-04-07 12:00:00,76650.0,77639.6,76376.0,77298.8,11389.053,877879472.0543
2025-04-07 13:00:00,77298.8,78464.5,75739.6,78329.9,21486.87,1654069751.0897
2025-04-07 14:00:00,78329.9,81216.8,77815.4,78994.6,65853.458,5213770204.321
2025-04-07 15:00:00,78994.6,79332.9,77467.0,78427.5,20115.416,1575975607.8823
2025-04-07 16:00:00,78427.5,78554.9,77250.0,77386.0,9715.595,757801954.6785
2025-04-07 17:00:00,77386.0,79174.0,77384.0,79033.0,13530.969,1060826583.9048
2025-04-07 18:00:00,79033.0,79342.0,78237.0,78436.4,7854.29,619113729.4365
2025-04-07 19:00:00,78436.4,78924.7,77976.0,78091.6,7286.719,571136689.5194
2025-04-07 20:00:00,78091.6,79115.8,78057.1,78915.9,5439.5,427763043.0275
2025-04-07 21:00:00,78915.9,79576.5,78643.4,79209.6,3513.635,277938514.4775
2025-04-07 22:00:00,79209.6,80189.3,79132.6,79920.3,4532.931,361620261.059
2025-04-07 23:00:00,79920.3,80054.3,79052.9,79144.1,3805.903,302691162.2565
2025-04-08 00:00:00,79144.1,79574.2,78960.0,78991.6,3568.241,282877106.115
2025-04-08 01:00:00,78991.6,80765.9,78738.9,80556.2,7654.222,611594786.8711
2025-04-08 02:00:00,80556.2,80833.6,79869.6,79918.1,4223.116,339474288.4378
2025-04-08 03:00:00,79918.1,80180.0,79716.0,79867.0,3006.677,240306239.4804
2025-04-08 04:00:00,79867.0,80368.5,79822.1,80249.9,2322.311,186051299.2481
2025-04-08 05:00:00,80249.9,80268.8,79501.0,79822.6,3343.819,266615323.3862
2025-04-08 06:00:00,79822.6,79822.7,79242.6,79421.1,3119.643,247855659.5166
2025-04-08 07:00:00,79421.1,79685.3,79188.9,79464.7,3311.373,263031473.9241
2025-04-08 08:00:00,79464.7,79500.0,78915.8,79129.2,4114.861,325564873.1129
2025-04-08 09:00:00,79129.2,79216.2,78829.5,78871.7,2707.022,213856895.5471
2025-04-08 10:00:00,78871.7,79155.4,78777.2,78989.0,2448.29,193334779.2523
2025-04-08 11:00:00,78989.0,80044.0,78934.9,79955.8,7119.68,565956892.1919
2025-04-08 12:00:00,79955.8,80109.8,79545.1,79802.9,5448.984,435007682.4581
2025-04-08 13:00:00,79802.9,80350.0,79318.6,79858.5,12518.117,999949738.8864
2025-04-08 14:00:00,79858.5,80227.1,78427.0,78432.6,10868.005,862370227.439
2025-04-08 15:00:00,78432.6,78812.7,78128.0,78456.0,8905.935,698414115.7448
2025-04-08 16:00:00,78456.0,78486.3,77312.7,77385.3,11621.834,904262787.0675
2025-04-08 17:00:00,77385.3,77534.2,76503.6,77308.0,15701.53,1209162721.1236
2025-04-08 18:00:00,77308.0,77961.7,77032.3,77206.4,7756.888,600729050.0622
2025-04-08 19:00:00,77206.4,77316.4,76316.1,76827.6,10878.991,834678447.8241
2025-04-08 20:00:00,76827.6,77163.4,76558.3,77105.3,3438.607,264322605.3266
2025-04-08 21:00:00,77105.3,77251.4,76689.1,77063.7,2613.997,201222464.8469
2025-04-08 22:00:00,77063.7,77106.9,76200.9,76687.6,5080.398,389017105.7066
2025-04-08 23:00:00,76687.6,76755.7,76252.4,76286.9,3229.361,246824016.4365
2025-04-09 00:00:00,76286.9,76823.1,75877.6,76478.2,7004.435,535065143.7058
2025-04-09 01:00:00,76478.2,76549.3,74565.9,76026.1,18113.763,1365344901.7125
2025-04-09 02:00:00,76026.1,76419.2,75517.5,75622.0,6103.834,463862947.5909
2025-04-09 03:00:00,75622.0,75825.9,74968.0,75012.1,5717.541,430976962.9676
2025-04-09 04:00:00,75012.1,76890.3,74936.6,76383.9,14031.959,1065110037.7641
2025-04-09 05:00:00,76383.9,76795.7,76185.9,76700.0,4065.014,310965211.4289
2025-04-09 06:00:00,76700.0,77316.1,76670.0,76799.0,6303.799,485246955.0284
2025-04-09 07:00:00,76799.0,77910.1,76783.5,77653.9,13041.18,1010741602.1401
2025-04-09 08:00:00,77653.9,77847.7,77039.2,77264.3,5575.68,431083105.7973
2025-04-09 09:00:00,77264.3,77522.9,77112.4,77432.0,2874.133,222208307.4816
2025-04-09 10:00:00,77432.0,77545.2,76907.8,77154.1,4162.693,321332525.8195
2025-04-09 11:00:00,77154.1,77166.3,75742.3,76200.1,22361.359,1706699219.9046
2025-04-09 12:00:00,76200.1,77056.4,75982.2,76734.4,8508.817,650879872.715
2025-04-09 13:00:00,76734.4,77827.0,76665.0,77681.5,15832.92,1223334472.3011
2025-04-09 14:00:00,77681.5,78300.0,76767.6,76850.0,13360.848,1036623538.8223
2025-04-09 15:00:00,76850.0,77639.5,76829.7,77234.7,6907.237,533784640.4201
2025-04-09 16:00:00,77234.7,78349.1,77110.0,78248.2,6983.54,543241201.5539
2025-04-09 17:00:00,78248.2,82283.1,77625.8,82160.8,53185.295,4274153474.6303
2025-04-09 18:00:00,82160.8,82975.2,81669.2,81750.0,23189.448,1908172934.0909
2025-04-09 19:00:00,81750.0,82545.6,81731.0,82294.6,8681.387,713576687.1672
2025-04-09 20:00:00,82294.6,83226.2,81972.1,83154.5,8401.009,693615426.2624
2025-04-09 21:00:00,83154.5,83560.0,82815.5,83247.4,8814.147,733643287.9575
2025-04-09 22:00:00,83247.4,83456.6,82907.9,83027.8,3776.188,314272821.5345
2025-04-09 23:00:00,83027.8,83138.2,82510.5,82593.9,3114.95,257968542.5796
2025-04-10 00:00:00,82593.9,82719.2,82036.9,82319.2,4000.428,329403189.602
2025-04-10 01:00:00,82319.2,82576.7,82190.0,82220.2,2119.526,174635053.6367
2025-04-10 02:00:00,82220.2,82530.8,82155.1,82165.9,2049.276,168750395.7508
2025-04-10 03:00:00,82165.9,82194.8,81440.8,81755.8,5099.011,416797487.152
2025-04-10 04:00:00,81755.8,82079.6,81621.4,81994.9,2783.211,227744928.0386
2025-04-10 05:00:00,81994.9,82218.4,81888.5,82131.1,2772.364,227528404.7783
2025-04-10 06:00:00,82131.1,82312.4,81803.9,82110.1,2762.295,226597526.0119
2025-04-10 07:00:00,82110.1,82211.1,81255.5,81557.4,5307.089,433095158.9492
2025-04-10 08:00:00,81557.4,81823.0,81387.8,81513.9,2407.039,196443923.741
2025-04-10 09:00:00,81513.9,82046.1,81301.0,82001.5,4332.372,354034582.6305
2025-04-10 10:00:00,82001.5,82086.9,81535.1,81720.5,3153.992,257929774.8024
2025-04-10 11:00:00,81720.5,81905.9,81457.4,81836.0,3319.233,271172354.4236
2025-04-10 12:00:00,81836.0,82491.1,81400.3,81670.0,10958.25,897781279.1817
2025-04-10 13:00:00,81670.0,81926.1,80750.0,80840.0,10623.749,863470185.8254
2025-04-10 14:00:00,80840.0,81800.0,80600.1,81234.1,10082.725,819162446.683
2025-04-10 15:00:00,81234.1,81314.2,78565.8,78734.1,21896.958,1746386532.4874
2025-04-10 16:00:00,78734.1,79654.0,78422.0,79412.9,15426.453,1218297808.635
2025-04-10 17:00:00,79412.9,79650.0,78575.9,79285.9,10036.925,794114881.2934
2025-04-10 18:00:00,79285.9,79828.2,79170.9,79447.8,6039.892,480244415.7819
2025-04-10 19:00:00,79447.8,80027.5,79252.8,79600.7,5358.244,426305251.5012
2025-04-10 20:00:00,79600.7,79917.1,79523.3,79899.8,2617.143,208713225.9945
2025-04-10 21:00:00,79899.8,80000.0,79634.5,79666.0,1793.614,143128351.2818
2025-04-10 22:00:00,79666.0,79876.6,79489.8,79652.9,2161.393,172264340.6857
2025-04-10 23:00:00,79652.9,79707.2,79339.2,79557.5,2222.904,176789970.7299
2025-04-11 00:00:00,79557.5,79708.9,78928.2,79001.0,3906.577,310004204.6389
2025-04-11 01:00:00,79001.0,80407.2,78972.1,80400.0,5788.509,461768704.1409
2025-04-11 02:00:00,80400.0,80804.3,80118.0,80253.4,4339.271,349048675.5927
2025-04-11 03:00:00,80253.4,80886.1,80253.3,80806.2,3222.423,259841608.8776
2025-04-11 04:00:00,80806.2,81085.3,80681.0,80851.4,3532.298,285654340.5638
2025-04-11 05:00:00,80851.4,80878.0,80481.6,80784.3,2238.17,180489656.5853
2025-04-11 06:00:00,80784.3,81300.0,80784.3,81065.5,4026.431,326431672.6999
2025-04-11 07:00:00,81065.5,81404.0,80807.9,81222.0,4003.424,324843468.1272
2025-04-11 08:00:00,81222.0,81936.9,80750.0,81595.9,11724.444,954348200.1321
2025-04-11 09:00:00,81595.9,82400.0,81412.5,82400.0,5373.785,440783554.7332
2025-04-11 10:00:00,82400.0,82950.0,82269.8,82686.8,7015.678,579631110.6347
2025-04-11 11:00:00,82686.8,82875.0,82010.0,82114.7,6210.246,511564034.7555
2025-04-11 12:00:00,82114.7,82579.2,81806.1,82093.8,6852.227,563040782.7776
2025-04-11 13:00:00,82093.8,83333.0,81784.5,82908.4,11136.682,920785264.2026
2025-04-11 14:00:00,82908.4,82908.5,81315.7,81867.1,13426.788,1101826516.1728
2025-04-11 15:00:00,81867.1,82684.8,81675.0,82494.8,6219.226,511184431.1762
2025-04-11 16:00:00,82494.8,82995.0,81970.0,82755.0,6289.69,518967883.1734
2025-04-11 17:00:00,82755.0,84035.1,82660.9,83906.0,9435.833,787880317.7328
2025-04-11 18:00:00,83906.0,84191.9,83488.8,83573.7,5968.076,500468673.6997
2025-04-11 19:00:00,83573.7,83959.1,83527.5,83826.1,2590.914,217049796.2856
2025-04-11 20:00:00,83826.1,83980.0,83642.5,83791.7,2828.653,236994918.5511
2025-04-11 21:00:00,83791.7,84288.0,83581.0,83630.0,3737.866,313529584.8905
2025-04-11 22:00:00,83630.0,83677.7,83293.7,83382.3,2473.132,206424441.2245
2025-04-11 23:00:00,83382.3,83526.0,83126.3,83382.8,1737.531,144765347.1914
2025-04-12 00:00:00,83382.8,83544.8,83200.1,83328.6,1632.649,136105528.7964
2025-04-12 01:00:00,83328.6,83420.0,83111.0,83179.3,1231.863,102511069.8906
2025-04-12 02:00:00,83179.3,83279.2,82764.0,82770.4,2420.529,200957207.9125
2025-04-12 03:00:00,82770.4,83094.9,82753.3,82933.0,1498.4,124279117.9341
2025-04-12 04:00:00,82933.0,83410.0,82803.6,83167.1,3095.411,257157174.5103
2025-04-12 05:00:00,83167.1,83463.6,83148.0,83292.4,1584.043,132009723.9039
2025-04-12 06:00:00,83292.4,83750.0,83292.4,83524.5,2645.802,221051944.8908
2025-04-12 07:00:00,83524.5,83784.4,83455.1,83684.8,1985.275,166043398.6293
2025-04-12 08:00:00,83684.8,83998.8,83426.5,83564.6,3327.352,278403415.6528
2025-04-12 09:00:00,83564.6,83731.7,83374.1,83505.7,1587.658,132582482.1335
2025-04-12 10:00:00,83505.7,83526.0,83260.1,83385.4,1479.964,123398117.9291
2025-04-12 11:00:00,83385.4,83608.8,83380.4,83481.1,1270.628,106084850.4311
2025-04-12 12:00:00,83481.1,83885.1,83433.5,83785.4,2282.962,191063153.3299
2025-04-12 13:00:00,83785.4,84650.0,83524.3,84410.0,7931.36,667315166.2711
2025-04-12 14:00:00,84410.0,85247.0,84256.8,84781.3,8898.793,754375610.9755
2025-04-12 15:00:00,84781.3,85386.4,84573.5,84977.5,5965.491,507198135.2216
2025-04-12 16:00:00,84977.5,85179.6,84553.7,84622.3,3689.962,313119133.5468
2025-04-12 17:00:00,84622.3,84820.0,84400.0,84731.3,2937.316,248538809.4384
2025-04-12 18:00:00,84731.3,85153.0,84712.0,85130.1,1826.884,155202149.0896
2025-04-12 19:00:00,85130.1,85221.0,84777.1,84882.2,2643.481,224593589.0119
2025-04-12 20:00:00,84882.2,85888.0,84815.6,85486.5,6391.555,546057405.4126
2025-04-12 21:00:00,85486.5,85550.6,85225.0,85327.0,2689.49,229600679.7874
2025-04-12 22:00:00,85327.0,85669.2,85289.9,85300.0,1487.861,127147243.3613
2025-04-12 23:00:00,85300.0,85393.8,85125.0,85238.4,1337.197,113994993.2146
2025-04-13 00:00:00,85238.4,85532.0,84967.1,85455.0,1925.629,164153332.2445
2025-04-13 01:00:00,85455.0,86099.0,85085.0,85202.0,5631.583,481884629.0081
2025-04-13 02:00:00,85202.0,85400.0,84666.8,85232.0,4501.33,382669936.4435
2025-04-13 03:00:00,85232.0,85677.2,85190.9,85389.3,2532.631,216248032.7876
2025-04-13 04:00:00,85389.3,85396.8,84441.0,84577.2,5382.04,456393347.6327
2025-04-13 05:00:00,84577.2,84765.6,84358.4,84485.9,3061.273,258847161.3802
2025-04-13 06:00:00,84485.9,84816.4,84402.7,84566.0,1620.868,137204628.0877
2025-04-13 07:00:00,84566.0,84730.8,84370.7,84372.0,1405.982,118875400.136
2025-04-13 08:00:00,84372.0,84650.0,84242.7,84631.9,2255.909,190439428.7154
2025-04-13 09:00:00,84631.9,84894.8,84453.3,84858.5,2293.597,194303909.2409
2025-04-13 10:00:00,84858.5,84908.4,84466.0,84649.6,1873.279,158568652.8115
2025-04-13 11:00:00,84649.6,84727.4,84147.0,84478.5,3001.033,253202630.3006
2025-04-13 12:00:00,84478.5,84644.4,84189.8,84410.9,2507.697,211622677.7455
2025-04-13 13:00:00,84410.9,84550.0,83413.0,83568.8,6259.939,525198672.7582
2025-04-13 14:00:00,83568.8,84111.9,83457.6,84048.2,4315.295,361764848.0209
2025-04-13 15:00:00,84048.2,84048.2,83619.8,83801.8,2270.304,190194317.7441
2025-04-13 16:00:00,83801.8,84391.0,83796.9,84176.3,4883.936,410922351.8087
2025-04-13 17:00:00,84176.3,84982.7,84136.5,84710.0,6036.136,511264207.1981
2025-04-13 18:00:00,84710.0,84913.5,84460.5,84694.7,2656.595,224993488.6475
2025-04-13 19:00:00,84694.7,84694.7,82953.1,83943.6,8381.961,702087702.9211
2025-04-13 20:00:00,83943.6,84393.4,83091.6,83449.9,5702.798,477672268.325
2025-04-13 21:00:00,83449.9,83783.6,82977.9,83559.5,5780.005,481920350.478
2025-04-13 22:00:00,83559.5,83832.6,83120.0,83288.7,3595.336,299902084.6541
2025-04-13 23:00:00,83288.7,83801.0,83117.4,83716.8,2024.212,168967882.7539
2025-04-14 00:00:00,83716.8,85164.8,83637.5,84293.0,7949.187,672326372.6702
2025-04-14 01:00:00,84293.0,84650.0,84039.6,84191.7,3006.753,253671822.9803
2025-04-14 02:00:00,84191.7,85535.8,84001.2,85085.5,8367.253,711721693.2984
2025-04-14 03:00:00,85085.5,85133.9,84412.1,84530.1,4681.977,396916018.8097
2025-04-14 04:00:00,84530.1,85073.2,84373.0,84844.8,2603.891,220642083.8066
2025-04-14 05:00:00,84844.8,84967.0,84303.6,84541.2,2881.107,243587014.6196
2025-04-14 06:00:00,84541.2,84611.2,84250.0,84585.1,1713.114,144661199.5775
2025-04-14 07:00:00,84585.1,84746.4,84169.7,84552.8,2201.626,185992786.948
2025-04-14 08:00:00,84552.8,84931.0,84400.0,84729.2,2285.15,193457963.138
2025-04-14 09:00:00,84729.2,84879.5,84210.4,84405.5,2119.07,179122373.6441
2025-04-14 10:00:00,84405.5,84784.3,84266.9,84618.2,2966.392,250877762.6839
2025-04-14 11:00:00,84618.2,84927.7,84466.1,84890.0,2364.017,200388456.58
2025-04-14 12:00:00,84890.0,85207.0,84708.6,85090.0,3755.884,319185926.5759
2025-04-14 13:00:00,85090.0,85246.0,84021.3,84338.0,7422.426,627836245.7047
2025-04-14 14:00:00,84338.0,85771.1,84230.0,85380.0,9087.764,774064369.6269
2025-04-14 15:00:00,85380.0,85429.1,83639.4,84064.9,13491.362,1138630784.7301
2025-04-14 16:00:00,84064.9,84650.8,83812.7,84307.2,6257.25,527283658.3329
2025-04-14 17:00:00,84307.2,84862.0,84180.9,84832.3,3305.861,279377828.3497
2025-04-14 18:00:00,84832.3,85030.4,84632.8,84951.3,3242.374,275208216.2938
2025-04-14 19:00:00,84951.3,85174.0,84718.7,84870.4,3357.837,285280816.1414
2025-04-14 20:00:00,84870.4,84925.3,84485.3,84805.9,2164.488,183365390.9421
2025-04-14 21:00:00,84805.9,84937.3,84409.6,84666.8,1769.753,149820784.2913
2025-04-14 22:00:00,84666.8,84692.4,84381.7,84458.5,1229.726,103960731.0224
2025-04-14 23:00:00,84458.5,84733.6,84376.7,84547.4,1152.415,97409116.1349
2025-04-15 00:00:00,84547.4,84921.7,84300.9,84877.6,2377.111,201198929.1861
2025-04-15 01:00:00,84877.6,85100.0,84484.0,84935.5,2421.197,205488749.5863
2025-04-15 02:00:00,84935.5,85268.0,84657.9,85189.4,3845.499,326705515.7591
2025-04-15 03:00:00,85189.4,85397.3,85040.0,85367.3,3505.286,298742297.1686
2025-04-15 04:00:00,85367.3,85507.8,85126.0,85461.6,3310.068,282404517.1992
2025-04-15 05:00:00,85461.6,85873.3,85451.2,85508.8,4314.991,369600617.2757
2025-04-15 06:00:00,85508.8,85664.0,85326.0,85365.0,2898.23,247730997.6292
2025-04-15 07:00:00,85365.0,85774.4,85365.0,85710.5,2595.263,222264114.3369
2025-04-15 08:00:00,85710.5,85978.5,85650.0,85817.4,3777.672,324261107.3516
2025-04-15 09:00:00,85817.4,85966.9,85577.3,85965.1,2899.516,248798074.8394
2025-04-15 10:00:00,85965.1,85998.9,85419.8,85606.4,3443.989,295093950.5154
2025-04-15 11:00:00,85606.4,85644.6,85327.3,85549.9,2307.985,197302831.0845
2025-04-15 12:00:00,85549.9,85795.0,85405.4,85791.1,2472.648,211652657.5355
2025-04-15 13:00:00,85791.1,86444.0,85459.0,85542.8,12006.983,1031871693.6956
2025-04-15 14:00:00,85542.8,85940.0,84764.5,85104.5,14411.493,1228109700.5298
2025-04-15 15:00:00,85104.5,85340.0,84560.7,84863.3,6407.191,544260655.8216
2025-04-15 16:00:00,84863.3,85104.4,84723.8,84806.2,3432.787,291510536.9097
2025-04-15 17:00:00,84806.2,84965.8,84360.0,84415.6,3405.916,288307428.6927
2025-04-15 18:00:00,84415.6,84557.9,84088.0,84140.0,4093.185,345039347.3528
2025-04-15 19:00:00,84140.0,84176.9,83865.0,83943.7,4128.429,346861271.3867
2025-04-15 20:00:00,83943.7,84149.6,83747.1,83964.2,2738.294,229871671.9193
2025-04-15 21:00:00,83964.2,84181.7,83812.6,84120.1,2316.251,194590904.6481
2025-04-15 22:00:00,84120.1,84120.1,83650.9,83787.5,3011.505,252534134.3877
2025-04-15 23:00:00,83787.5,83821.3,83518.5,83603.7,2455.283,205366348.6219
2025-04-16 00:00:00,83603.7,83654.1,83079.2,83096.1,3896.915,324775523.4292
2025-04-16 01:00:00,83096.1,83610.3,83055.0,83583.6,2712.996,226201184.8067
2025-04-16 02:00:00,83583.6,83878.0,83537.1,83844.5,2694.05,225589234.2404
2025-04-16 03:00:00,83844.5,83910.5,83608.3,83634.6,1527.159,127877088.4646
2025-04-16 04:00:00,83634.6,83752.8,83342.6,83530.4,2202.063,183924352.805
2025-04-16 05:00:00,83530.4,83760.0,83150.0,83310.8,3558.755,296809418.1161
2025-04-16 06:00:00,83310.8,83712.6,83220.0,83599.5,2089.15,174450955.7999
2025-04-16 07:00:00,83599.5,83708.7,83264.0,83312.8,2073.194,172918047.6443
2025-04-16 08:00:00,83312.8,84093.0,83075.3,83695.2,7058.517,590067318.8405
2025-04-16 09:00:00,83695.2,83892.6,83550.5,83550.6,1763.648,147637258.26
2025-04-16 10:00:00,83550.6,83943.7,83521.1,83895.7,1969.169,165002152.3138
2025-04-16 11:00:00,83895.7,84092.0,83722.0,84004.8,2444.829,205185492.1794
2025-04-16 12:00:00,84004.8,84223.0,83671.9,83704.2,3254.867,273198376.8101
2025-04-16 13:00:00,83704.2,84150.0,83456.7,83680.1,5616.182,470394180.257
2025-04-16 14:00:00,83680.1,84810.9,83655.3,84563.0,7645.237,645016849.409
2025-04-16 15:00:00,84563.0,85225.4,84460.0,84799.9,8592.397,729572907.2991
2025-04-16 16:00:00,84799.9,85195.3,84650.0,85005.3,4571.195,388102234.4195
2025-04-16 17:00:00,85005.3,85522.7,83242.7,83250.0,13963.059,1179085671.2551
2025-04-16 18:00:00,83250.0,84425.5,83224.4,83979.9,11265.71,945465533.667
2025-04-16 19:00:00,83979.9,84450.0,83750.0,84294.1,3680.108,309600963.4258
2025-04-16 20:00:00,84294.1,84617.0,84193.2,84259.6,2069.336,174662671.8332
2025-04-16 21:00:00,84259.6,84636.3,84220.0,84508.6,1600.595,135214373.164
2025-04-16 22:00:00,84508.6,84549.4,84253.8,84411.8,1180.571,99620420.7214
2025-04-16 23:00:00,84411.8,84450.0,83985.3,83986.0,1684.096,141707107.0355
2025-04-17 00:00:00,83986.0,84175.0,83889.8,84174.9,2026.746,170254483.7204
2025-04-17 01:00:00,84174.9,84450.9,84078.2,84299.2,1446.786,121917242.4205
2025-04-17 02:00:00,84299.2,84299.3,83962.3,84218.3,1612.043,135563344.7775
2025-04-17 03:00:00,84218.3,84250.3,83762.0,83949.2,2026.622,170096153.4746
2025-04-17 04:00:00,83949.2,84149.5,83849.4,84115.5,1159.197,97338326.1223
2025-04-17 05:00:00,84115.5,84457.7,84050.0,84350.4,1578.405,133059018.1734
2025-04-17 06:00:00,84350.4,84833.7,84285.6,84740.5,2754.812,233081331.9428
2025-04-17 07:00:00,84740.5,85018.5,84566.0,84638.3,2769.812,234742795.0574
2025-04-17 08:00:00,84638.3,84736.4,84352.8,84404.9,1762.897,149026873.1544
2025-04-17 09:00:00,84404.9,84491.0,84304.1,84436.9,1779.097,150148041.3873
2025-04-17 10:00:00,84436.9,84474.7,84134.1,84330.0,1824.157,153723383.4849
2025-04-17 11:00:00,84330.0,84726.6,84231.5,84527.3,2276.87,192373668.0939
2025-04-17 12:00:00,84527.3,84831.3,84527.2,84747.7,2813.249,238347826.3059
2025-04-17 13:00:00,84747.7,84748.5,84268.9,84430.9,4177.907,353079213.8927
2025-04-17 14:00:00,84430.9,84430.9,83677.4,84050.3,6596.436,554212120.0846
2025-04-17 15:00:00,84050.3,84662.7,84050.2,84499.4,4453.012,376012589.1534
2025-04-17 16:00:00,84499.4,85140.8,84339.5,84889.0,7463.184,632672907.361
2025-04-17 17:00:00,84889.0,85182.9,84748.3,85075.4,4642.172,394582343.8238
2025-04-17 18:00:00,85075.4,85455.8,84866.4,84866.5,5643.26,480999778.3226
2025-04-17 19:00:00,84866.5,85099.5,84452.8,84799.4,4220.8,357652183.4312
2025-04-17 20:00:00,84799.4,85112.3,84799.0,85106.0,2182.332,185449607.2792
2025-04-17 21:00:00,85106.0,85106.1,84854.4,85015.2,1119.559,95134619.2293
2025-04-17 22:00:00,85015.2,85067.0,84685.0,84688.6,1430.871,121452052.3515
2025-04-17 23:00:00,84688.6,84979.9,84688.6,84906.5,831.977,70601190.7335
2025-04-18 00:00:00,84906.5,84974.6,84675.2,84775.5,1017.757,86341859.7399
2025-04-18 01:00:00,84775.5,85104.7,84775.5,84888.9,1050.347,89221707.7312
2025-04-18 02:00:00,84888.9,84947.0,84778.3,84865.9,656.02,55679106.8802
2025-04-18 03:00:00,84865.9,84871.8,84704.5,84796.7,1059.96,89850276.0584
2025-04-18 04:00:00,84796.7,84810.1,84550.0,84621.2,1503.93,127274783.587
2025-04-18 05:00:00,84621.2,84698.0,84468.9,84692.7,1462.634,123690037.6559
2025-04-18 06:00:00,84692.7,84738.9,84550.0,84675.9,780.433,66058559.2264
2025-04-18 07:00:00,84675.9,84690.0,84375.0,84615.1,1941.314,164061453.0358
2025-04-18 08:00:00,84615.1,84738.9,84569.9,84611.2,1163.888,98552768.2749
2025-04-18 09:00:00,84611.2,84617.9,84480.2,84505.4,929.96,78625366.0861
2025-04-18 10:00:00,84505.4,84611.0,84450.0,84488.8,839.186,70936457.8624
2025-04-18 11:00:00,84488.8,84635.4,84420.1,84627.3,903.779,76397819.2281
2025-04-18 12:00:00,84627.3,84725.3,84522.0,84591.5,1248.786,105688683.9188
2025-04-18 13:00:00,84591.5,84591.5,84419.0,84511.9,2392.909,202201968.795
2025-04-18 14:00:00,84511.9,84570.0,84323.4,84531.9,1507.81,127331212.4993
2025-04-18 15:00:00,84531.9,84562.5,84276.1,84329.4,1284.167,108351398.7329
2025-04-18 16:00:00,84329.4,84510.8,84250.0,84431.3,1267.741,107009210.6736
2025-04-18 17:00:00,84431.3,84569.5,84340.6,84524.5,1070.758,90449208.0199
2025-04-18 18:00:00,84524.5,84618.0,84466.8,84582.3,615.954,52086835.7725
2025-04-18 19:00:00,84582.3,84605.9,84474.5,84533.9,608.054,51409620.4517
2025-04-18 20:00:00,84533.9,84594.7,84425.1,84474.1,421.451,35608133.4613
2025-04-18 21:00:00,84474.1,84647.0,84451.5,84581.2,881.959,74557052.0721
2025-04-18 22:00:00,84581.2,84600.8,84377.4,84478.0,723.053,61075712.6516
2025-04-18 23:00:00,84478.0,84478.0,84290.0,84419.6,725.263,61188607.2277
2025-04-19 00:00:00,84419.6,84440.9,84324.1,84392.8,420.172,35454961.0139
2025-04-19 01:00:00,84392.8,84552.0,84376.3,84500.0,521.267,44042144.193
2025-04-19 02:00:00,84500.0,84777.0,84450.4,84739.8,1481.51,125404442.1096
2025-04-19 03:00:00,84739.8,84944.7,84732.1,84838.4,1564.401,132716214.4369
2025-04-19 04:00:00,84838.4,85230.0,84833.9,84984.7,2438.137,207360824.1166
2025-04-19 05:00:00,84984.7,85142.4,84950.1,85047.0,1023.582,87074356.2412
2025-04-19 06:00:00,85047.0,85071.2,84865.3,84897.0,1345.005,114273438.5591
2025-04-19 07:00:00,84897.0,85235.1,84897.0,85186.9,1557.885,132603800.6386
2025-04-19 08:00:00,85186.9,85374.0,85085.1,85289.9,1725.495,147085378.6888
2025-04-19 09:00:00,85289.9,85426.1,85200.0,85315.4,2219.0,189419615.5889
2025-04-19 10:00:00,85315.4,85329.8,85135.4,85230.9,1189.686,101385843.071
2025-04-19 11:00:00,85230.9,85268.0,85100.0,85194.0,857.686,73057429.2483
2025-04-19 12:00:00,85194.0,85300.0,85168.0,85266.6,522.634,44555649.2674
2025-04-19 13:00:00,85266.6,85472.2,85172.9,85456.0,2040.989,174214246.0059
2025-04-19 14:00:00,85456.0,85487.0,85331.5,85380.8,1911.414,163270446.8054
2025-04-19 15:00:00,85380.8,85644.6,85041.6,85150.0,3705.366,316380292.6752
2025-04-19 16:00:00,85150.0,85290.9,84659.4,84813.8,3345.976,284285127.702
2025-04-19 17:00:00,84813.8,85225.4,84797.4,85214.0,2232.974,189925150.3735
2025-04-19 18:00:00,85214.0,85295.1,85100.0,85106.0,1768.749,150692137.0192
2025-04-19 19:00:00,85106.0,85175.3,84997.8,85054.7,1257.752,106992395.5044
2025-04-19 20:00:00,85054.7,85236.5,84973.7,85148.1,812.284,69152967.1279
2025-04-19 21:00:00,85148.1,85350.0,85137.5,85303.6,811.51,69200185.4492
2025-04-19 22:00:00,85303.6,85371.3,85177.8,85227.2,1089.828,92933279.4205
2025-04-19 23:00:00,85227.2,85227.3,85016.8,85048.5,434.829,37011164.3151
2025-04-20 00:00:00,85048.5,85200.0,85006.6,85129.9,646.402,55012647.5917
2025-04-20 01:00:00,85129.9,85286.4,85102.0,85273.9,732.9,62462243.0332
2025-04-20 02:00:00,85273.9,85290.0,85157.4,85190.3,556.044,47387713.9789
2025-04-20 03:00:00,85190.3,85219.0,85068.7,85119.1,481.944,41029018.3802
2025-04-20 04:00:00,85119.1,85212.0,85059.0,85143.2,505.232,43013345.2759
2025-04-20 05:00:00,85143.2,85155.9,85050.0,85050.0,664.406,56535023.3347
2025-04-20 06:00:00,85050.0,85121.0,84800.1,84906.7,1507.186,128046271.9813
2025-04-20 07:00:00,84906.7,84906.7,84608.2,84730.1,2605.702,220781689.2615
2025-04-20 08:00:00,84730.1,84757.4,84560.0,84584.1,1930.448,163390590.3694
2025-04-20 09:00:00,84584.1,84584.1,84395.0,84485.7,2142.692,181040187.9807
2025-04-20 10:00:00,84485.7,84485.7,83921.8,84130.1,3960.729,333441140.1131
2025-04-20 11:00:00,84130.1,84210.0,83882.7,84080.1,2996.594,251822256.8749
2025-04-20 12:00:00,84080.1,84430.0,84054.3,84313.4,2335.384,196785624.9772
2025-04-20 13:00:00,84313.4,84410.0,84100.0,84269.4,1695.746,142856755.6833
2025-04-20 14:00:00,84269.4,84627.6,84210.6,84580.5,2320.631,196096465.8493
2025-04-20 15:00:00,84580.5,84581.9,84246.6,84296.0,1383.549,116766000.8713
2025-04-20 16:00:00,84296.0,84580.6,84222.7,84559.9,1271.19,107370985.8353
2025-04-20 17:00:00,84559.9,84585.7,84400.0,84538.6,894.147,75571455.349
2025-04-20 18:00:00,84538.6,84599.7,84421.3,84533.5,904.374,76436993.7718
2025-04-20 19:00:00,84533.5,84623.6,84478.7,84600.6,634.616,53652711.2466
2025-04-20 20:00:00,84600.6,85220.0,84571.3,85086.4,4416.481,375317154.5749
2025-04-20 21:00:00,85086.4,85199.9,84870.4,84973.5,1351.492,114898362.6301
2025-04-20 22:00:00,84973.5,84996.0,84621.3,84791.2,1426.327,120901086.5192
2025-04-20 23:00:00,84791.2,85281.8,84791.1,85145.5,2921.818,248581360.7662
2025-04-21 00:00:00,85145.5,86999.9,85106.1,86584.9,15105.128,1302424901.9843
2025-04-21 01:00:00,86584.9,87407.1,86584.9,87241.1,7953.604,692550799.2135
2025-04-21 02:00:00,87241.1,87626.4,87090.3,87321.6,4952.984,432519880.0857
2025-04-21 03:00:00,87321.6,87605.0,87144.9,87174.8,3663.085,320004833.7565
2025-04-21 04:00:00,87174.8,87367.6,87033.0,87338.2,3630.197,316595905.5427
2025-04-21 05:00:00,87338.2,87737.7,87311.0,87513.0,4650.884,406892516.4934
2025-04-21 06:00:00,87513.0,87661.6,87329.8,87478.0,1970.052,172331681.9576
2025-04-21 07:00:00,87478.0,87573.4,87294.5,87418.7,2142.032,187347306.3634
2025-04-21 08:00:00,87418.7,87699.2,87400.0,87550.0,2923.995,256053199.8594
2025-04-21 09:00:00,87550.0,87771.9,87274.4,87483.2,3264.171,285543788.3512
2025-04-21 10:00:00,87483.2,87553.2,87211.9,87300.0,2057.313,179641709.9503
2025-04-21 11:00:00,87300.0,87313.3,86615.2,86940.4,5075.542,441088850.7591
2025-04-21 12:00:00,86940.4,87524.6,86935.4,87005.5,5649.754,492820985.5619
2025-04-21 13:00:00,87005.5,87570.0,86755.5,87000.0,8370.76,729728059.8589
2025-04-21 14:00:00,87000.0,88442.9,86900.0,88172.1,16422.192,1443833924.6363
2025-04-21 15:00:00,88172.1,88300.0,87810.0,87992.1,5013.251,441625978.4761
2025-04-21 16:00:00,87992.1,88219.9,87016.0,87147.1,7006.154,613749728.5471
2025-04-21 17:00:00,87147.1,87260.0,86350.0,86817.7,12214.23,1060383918.2577
2025-04-21 18:00:00,86817.7,87027.8,86606.0,86760.3,3868.912,335975205.2346
2025-04-21 19:00:00,86760.3,87440.0,86675.6,87359.9,5047.685,439962463.2188
2025-04-21 20:00:00,87359.9,87389.0,87102.0,87338.8,1719.964,149998127.8269
2025-04-21 21:00:00,87338.8,87350.0,86786.8,87231.0,2221.891,193525769.3466
2025-04-21 22:00:00,87231.0,87248.6,86880.2,87122.1,1795.941,156309037.2246
2025-04-21 23:00:00,87122.1,87592.6,86985.3,87471.1,2684.407,234333081.0481
2025-04-22 00:00:00,87471.1,87701.7,87013.6,87650.0,4814.727,420831477.2438
2025-04-22 01:00:00,87650.0,88842.1,87466.8,88351.3,11206.774,989691954.6121
2025-04-22 02:00:00,88351.3,88650.0,87869.9,88141.7,4430.282,390798626.2639
2025-04-22 03:00:00,88141.7,88257.3,87800.0,88117.4,3088.057,271949644.145
2025-04-22 04:00:00,88117.4,88337.7,87986.5,88016.7,2635.829,232385232.0263
2025-04-22 05:00:00,88016.7,88374.8,87920.0,88348.2,2113.641,186382701.6914
2025-04-22 06:00:00,88348.2,88421.4,87941.8,88197.1,2392.961,210910101.7911
2025-04-22 07:00:00,88197.1,88449.8,88115.7,88439.4,1823.827,161089646.0859
2025-04-22 08:00:00,88439.4,88649.2,88280.0,88360.7,3158.889,279434221.6173
2025-04-22 09:00:00,88360.7,88575.3,88280.0,88539.0,1692.958,149722342.2124
2025-04-22 10:00:00,88539.0,88560.0,88200.1,88476.3,1910.938,168940180.7403
2025-04-22 11:00:00,88476.3,88681.9,88435.6,88581.0,1798.32,159269137.7401
2025-04-22 12:00:00,88581.0,89193.0,88440.0,88947.6,7446.265,661353587.599
2025-04-22 13:00:00,88947.6,90476.4,88896.9,90191.3,21285.797,1910649175.8333
2025-04-22 14:00:00,90191.3,90914.4,89981.4,90730.8,11855.199,1072497500.0872
2025-04-22 15:00:00,90730.8,91366.9,90340.0,90876.0,14827.217,1348093462.7533
2025-04-22 16:00:00,90876.0,90994.1,90566.6,90628.7,3684.131,334266323.5096
2025-04-22 17:00:00,90628.7,91440.1,90601.8,91336.5,6798.768,618802836.7093
2025-04-22 18:00:00,91336.5,91643.4,91073.3,91437.6,5114.892,467168492.5688
2025-04-22 19:00:00,91437.6,91671.2,90865.5,91355.9,4717.988,430894675.0024
2025-04-22 20:00:00,91355.9,91440.0,90988.7,91038.1,1755.75,160139119.6718
2025-04-22 21:00:00,91038.1,94000.0,90984.1,92997.6,20675.954,1911760721.8569
2025-04-22 22:00:00,92997.6,93297.5,92502.9,92759.9,6549.722,608119001.4034
2025-04-22 23:00:00,92759.9,93840.8,92759.9,93400.0,7594.902,709045118.4503
2025-04-23 00:00:00,93400.0,93873.4,92754.3,92868.1,5959.531,556235959.9752
2025-04-23 01:00:00,92868.1,93489.3,92561.0,92612.0,3766.565,350431743.6087
2025-04-23 02:00:00,92612.0,93222.0,92578.6,92832.6,2843.963,264089223.3764
2025-04-23 03:00:00,92832.6,93184.7,92651.4,93128.3,1773.399,164759195.2713
2025-04-23 04:00:00,93128.3,93634.5,92969.0,93608.6,2815.906,262604235.3657
2025-04-23 05:00:00,93608.6,93608.6,93240.5,93443.0,2627.421,245411769.8949
2025-04-23 06:00:00,93443.0,93820.0,93378.1,93587.7,2502.492,234306449.9008
2025-04-23 07:00:00,93587.7,94242.6,93450.0,94100.4,4333.179,406685994.3213
2025-04-23 08:00:00,94100.4,94507.0,93875.1,94245.8,5542.46,522006585.2391
2025-04-23 09:00:00,94245.8,94364.8,93860.0,93860.0,2851.763,268306578.7603
2025-04-23 10:00:00,93860.0,93860.1,93299.2,93682.3,5120.339,479126847.8927
2025-04-23 11:00:00,93682.3,93740.0,93268.4,93426.3,2250.98,210466173.0963
2025-04-23 12:00:00,93426.3,93800.0,93379.6,93684.8,3555.74,333063993.4484
2025-04-23 13:00:00,93684.8,94722.9,92825.0,92975.5,20895.074,1959485831.4251
2025-04-23 14:00:00,92975.5,93600.0,92620.8,92900.1,9131.036,849624354.1091
2025-04-23 15:00:00,92900.1,93180.0,91911.8,93133.0,11263.613,1041411950.3023
2025-04-23 16:00:00,93133.0,93729.5,92862.8,93582.9,6387.681,596054290.1007
2025-04-23 17:00:00,93582.9,93929.7,93393.2,93857.2,3550.726,332777489.6868
2025-04-23 18:00:00,93857.2,94189.1,93558.0,93562.7,3425.941,321636311.1995
2025-04-23 19:00:00,93562.7,93570.9,92909.0,93427.9,5302.576,494705985.5148
2025-04-23 20:00:00,93427.9,93839.8,93405.2,93591.8,2985.953,279700204.6403
2025-04-23 21:00:00,93591.8,93876.8,93222.0,93431.9,1921.98,179856640.2493
2025-04-23 22:00:00,93431.9,93741.8,93178.3,93741.7,1885.052,176174927.8646
2025-04-23 23:00:00,93741.7,93793.3,93470.0,93635.2,1279.549,119820899.2247
2025-04-24 00:00:00,93635.2,93724.8,93200.0,93320.4,2187.608,204413102.6514
2025-04-24 01:00:00,93320.4,93576.5,93012.5,93441.0,2144.933,200052471.7377
2025-04-24 02:00:00,93441.0,93594.2,92947.6,93053.3,2395.525,223427616.7154
2025-04-24 03:00:00,93053.3,93288.7,92579.2,92621.7,3652.825,339480387.2236
2025-04-24 04:00:00,92621.7,92780.3,92321.7,92706.0,4343.401,402180846.2608
2025-04-24 05:00:00,92706.0,92862.0,92479.1,92540.5,1489.909,138086243.7085
2025-04-24 06:00:00,92540.5,92620.0,92207.3,92348.3,2591.043,239472968.4449
2025-04-24 07:00:00,92348.3,92599.0,92060.8,92156.4,2571.227,237268099.1883
2025-04-24 08:00:00,92156.4,92322.2,91631.5,91984.2,5747.686,528357815.1197
2025-04-24 09:00:00,91984.2,92543.0,91937.2,92437.1,4017.646,370758953.3429
2025-04-24 10:00:00,92437.1,92620.0,92326.0,92512.7,2418.782,223697065.6443
2025-04-24 11:00:00,92512.7,92595.6,92235.3,92577.5,2784.022,257238468.3848
2025-04-24 12:00:00,92577.5,92772.4,92388.4,92732.5,2483.08,229939939.591
2025-04-24 13:00:00,92732.5,92929.2,92500.2,92770.0,4490.924,416383594.5635
2025-04-24 14:00:00,92770.0,93360.6,92566.5,93048.0,8687.425,807743864.4071
2025-04-24 15:00:00,93048.0,93420.3,92960.0,93160.0,3118.439,290696403.979
2025-04-24 16:00:00,93160.0,93554.8,93160.0,93304.7,3756.422,350912061.7803
2025-04-24 17:00:00,93304.7,93387.8,92613.3,92965.9,4504.011,418504670.6687
2025-04-24 18:00:00,92965.9,93430.4,92952.6,93341.9,2250.813,209827716.655
2025-04-24 19:00:00,93341.9,93624.1,93158.0,93519.4,3065.426,286520226.9724
2025-04-24 20:00:00,93519.4,93620.0,93269.0,93353.9,2330.107,217736143.6731
2025-04-24 21:00:00,93353.9,93532.3,92999.0,93321.1,2077.875,193781325.7882
2025-04-24 22:00:00,93321.1,93550.0,93244.5,93398.7,1352.673,126365356.5782
2025-04-24 23:00:00,93398.7,93985.8,93338.0,93945.5,4129.47,387192936.5797
2025-04-25 00:00:00,93945.5,93998.0,93500.0,93866.9,2568.118,240712244.1777
2025-04-25 01:00:00,93866.9,94400.0,93560.4,93626.0,5105.618,480003978.1693
2025-04-25 02:00:00,93626.0,93845.5,92828.6,92942.2,4980.049,464349101.2686
2025-04-25 03:00:00,92942.2,93332.7,92775.6,93259.9,2676.685,249132202.265
2025-04-25 04:00:00,93259.9,93439.8,92982.6,93000.0,2357.053,219712274.6487
2025-04-25 05:00:00,93000.0,93370.8,92951.1,93161.8,1411.185,131528613.6904
2025-04-25 06:00:00,93161.8,93578.0,93153.8,93498.1,1473.397,137623697.8243
2025-04-25 07:00:00,93498.1,93835.0,93454.5,93747.9,3341.207,312862404.2724
2025-04-25 08:00:00,93747.9,93860.7,93590.7,93647.8,1163.307,108992745.6377
2025-04-25 09:00:00,93647.8,93839.1,93505.3,93785.0,1258.282,117866513.8322
2025-04-25 10:00:00,93785.0,93930.8,93537.0,93597.5,2223.838,208356013.8011
2025-04-25 11:00:00,93597.5,94619.6,93597.5,94593.2,5124.271,482510964.5664
2025-04-25 12:00:00,94593.2,94979.4,94220.3,94371.4,10796.921,1022009205.406
2025-04-25 13:00:00,94371.4,94647.5,93888.8,94350.0,5529.757,521672266.8326
2025-04-25 14:00:00,94350.0,95724.5,94331.7,95335.3,17643.988,1677292132.6342
2025-04-25 15:00:00,95335.3,95639.7,94760.1,95012.8,6765.378,644181078.6831
2025-04-25 16:00:00,95012.8,95325.0,94670.6,95162.5,3927.09,373308204.2195
2025-04-25 17:00:00,95162.5,95515.3,94329.6,94483.9,6129.043,582081507.5653
2025-04-25 18:00:00,94483.9,95179.9,94483.9,94919.2,3212.278,304644212.4896
2025-04-25 19:00:00,94919.2,95263.0,94800.2,95230.6,2735.836,260021612.0262
2025-04-25 20:00:00,95230.6,95286.5,94710.0,94809.8,2026.903,192369931.4677
2025-04-25 21:00:00,94809.8,94962.8,94406.0,94557.2,1544.875,146248816.5542
2025-04-25 22:00:00,94557.2,94913.6,94537.5,94794.4,1107.399,104949713.7598
2025-04-25 23:00:00,94794.4,94928.9,94554.6,94596.2,1354.68,128245391.7297
2025-04-26 00:00:00,94596.2,94898.9,94510.0,94852.2,1743.193,165098408.2421
2025-04-26 01:00:00,94852.2,95150.0,94709.9,94977.6,1473.865,139975267.9294
2025-04-26 02:00:00,94977.6,95110.0,94658.2,94939.2,1162.63,110291565.7358
2025-04-26 03:00:00,94939.2,95016.7,94662.1,94689.7,836.385,79255589.333
2025-04-26 04:00:00,94689.7,94776.5,94475.0,94488.3,1108.253,104838218.5383
2025-04-26 05:00:00,94488.3,94660.0,94264.1,94577.9,1625.888,153631379.991
2025-04-26 06:00:00,94577.9,94709.0,94540.0,94600.6,899.385,85092815.376
2025-04-26 07:00:00,94600.6,94746.9,94498.2,94507.6,1051.788,99541196.5938
2025-04-26 08:00:00,94507.6,94680.0,94206.2,94268.0,1902.936,179666159.2763
2025-04-26 09:00:00,94268.0,94380.3,94067.1,94227.3,2044.503,192606240.1488
2025-04-26 10:00:00,94227.3,94357.7,94100.6,94168.0,985.8,92904016.9863
2025-04-26 11:00:00,94168.0,94215.1,93950.0,94101.0,1975.472,185821104.1318
2025-04-26 12:00:00,94101.0,94286.0,94065.9,94198.9,1558.067,146757414.6307
2025-04-26 13:00:00,94198.9,94262.2,93839.8,94108.9,1713.307,161074721.9875
2025-04-26 14:00:00,94108.9,94231.3,93877.3,94200.0,1568.604,147570463.1834
2025-04-26 15:00:00,94200.0,94363.4,94145.0,94333.6,1299.598,122522340.8919
2025-04-26 16:00:00,94333.6,94333.6,94000.2,94241.4,1139.37,107312868.2884
2025-04-26 17:00:00,94241.4,94328.5,94168.0,94276.8,439.077,41385978.9719
2025-04-26 18:00:00,94276.8,94327.4,94071.1,94096.6,657.833,61975729.1179
2025-04-26 19:00:00,94096.6,94275.4,94045.0,94251.1,501.502,47218832.9855
2025-04-26 20:00:00,94251.1,94328.5,94035.0,94035.1,743.979,70064147.1704
2025-04-26 21:00:00,94035.1,94312.4,94035.0,94312.4,811.926,76488166.608
2025-04-26 22:00:00,94312.4,94753.4,94312.4,94734.2,2479.467,234471830.4172
2025-04-26 23:00:00,94734.2,94870.0,94510.1,94578.3,1340.002,126882053.2922
2025-04-27 00:00:00,94578.3,94976.3,94527.6,94830.2,1921.321,182191813.9723
2025-04-27 01:00:00,94830.2,95279.4,93959.1,94075.6,6254.717,591710619.3124
2025-04-27 02:00:00,94075.6,94414.3,94000.2,94301.8,1559.355,146957761.0985
2025-04-27 03:00:00,94301.8,94417.7,94090.0,94120.0,886.712,83559605.0564
2025-04-27 04:00:00,94120.0,94250.0,93960.0,93974.3,1078.768,101521943.3158
2025-04-27 05:00:00,93974.3,94128.9,93592.8,93870.3,3455.163,324174050.7875
2025-04-27 06:00:00,93870.3,94044.0,93815.8,93969.0,795.366,74718426.2321
2025-04-27 07:00:00,93969.0,94100.0,93881.2,94022.1,984.314,92551802.697
2025-04-27 08:00:00,94022.1,94279.1,93971.3,94162.4,1327.367,124966045.6532
2025-04-27 09:00:00,94162.4,94189.7,94058.0,94114.4,932.116,87726628.9053
2025-04-27 10:00:00,94114.4,94143.6,93899.0,94011.1,977.318,91887615.0449
2025-04-27 11:00:00,94011.1,94043.8,93835.5,93866.0,820.894,77100941.8698
2025-04-27 12:00:00,93866.0,93920.4,93624.0,93689.5,2268.714,212739788.5891
2025-04-27 13:00:00,93689.5,94027.1,93538.4,94006.3,2801.226,262786540.1369
2025-04-27 14:00:00,94006.3,94130.0,93873.7,93939.1,1561.56,146792366.6596
2025-04-27 15:00:00,93939.1,93964.6,93734.7,93851.6,1172.048,109978620.6629
2025-04-27 16:00:00,93851.6,93878.9,93673.5,93829.1,937.826,87951303.3811
2025-04-27 17:00:00,93829.1,94120.8,93739.6,94001.9,1311.994,123304679.1241
2025-04-27 18:00:00,94001.9,94386.2,93956.2,94253.6,1631.501,153734348.3868
2025-04-27 19:00:00,94253.6,94405.3,94160.5,94396.1,869.978,82042796.5698
2025-04-27 20:00:00,94396.1,94401.3,94220.0,94220.0,741.347,69907796.0849
2025-04-27 21:00:00,94220.0,94516.8,94116.1,94289.3,981.388,92569677.4039
2025-04-27 22:00:00,94289.3,94296.7,93576.9,93887.4,3467.089,325528362.3265
2025-04-27 23:00:00,93887.4,93887.4,93605.0,93700.0,1268.697,118913844.3025
2025-04-28 00:00:00,93700.0,93745.0,93224.6,93371.5,4633.159,433004446.9542
2025-04-28 01:00:00,93371.5,93547.6,92750.0,92902.2,5127.788,477054437.8359
2025-04-28 02:00:00,92902.2,93577.0,92838.9,93570.6,4001.533,373232243.9117
2025-04-28 03:00:00,93570.6,93943.5,93420.0,93812.3,2679.296,251103161.2378
2025-04-28 04:00:00,93812.3,94140.5,93812.2,93993.6,2142.485,201363895.8371
2025-04-28 05:00:00,93993.6,94320.6,93918.8,94185.4,2246.605,211453309.1491
2025-04-28 06:00:00,94185.4,94641.0,94185.4,94540.0,3041.531,287130749.5175
2025-04-28 07:00:00,94540.0,94762.7,94444.2,94650.0,2387.439,225871381.8162
2025-04-28 08:00:00,94650.0,94799.9,94545.0,94661.5,2636.019,249544526.8595
2025-04-28 09:00:00,94661.5,94842.8,94617.7,94685.2,2377.43,225211547.1813
2025-04-28 10:00:00,94685.2,95169.6,94280.5,95008.5,6764.943,641540163.1946
2025-04-28 11:00:00,95008.5,95480.2,94958.2,95274.2,5434.552,517810486.1409
2025-04-28 12:00:00,95274.2,95564.8,95017.1,95296.2,3938.066,375222043.2797
2025-04-28 13:00:00,95296.2,95500.0,93856.0,93919.5,12147.092,1149880039.7211
2025-04-28 14:00:00,93919.5,94850.0,93796.0,94378.1,8835.506,834038230.4189
2025-04-28 15:00:00,94378.1,94479.9,93524.0,93782.2,6864.064,644015585.6131
2025-04-28 16:00:00,93782.2,93970.0,93381.9,93677.4,5179.754,485239057.3269
2025-04-28 17:00:00,93677.4,94065.8,93421.4,94047.1,2709.705,254006931.1699
2025-04-28 18:00:00,94047.1,94173.9,93739.5,94140.0,1977.742,185830378.7839
2025-04-28 19:00:00,94140.0,94874.3,94098.7,94733.5,4741.357,448648954.1152
2025-04-28 20:00:00,94733.5,94759.6,94305.5,94412.0,2127.951,201179664.1229
2025-04-28 21:00:00,94412.0,94503.2,94250.8,94494.9,906.016,85506004.3834
2025-04-28 22:00:00,94494.9,94833.4,94425.3,94764.0,1606.683,152036317.2171
2025-04-28 23:00:00,94764.0,95126.8,94737.2,94969.7,3414.686,324271910.1747
2025-04-29 00:00:00,94969.7,95193.1,94785.0,95018.7,2192.357,208248305.6488
2025-04-29 01:00:00,95018.7,95440.0,94672.0,94815.2,5056.27,480841384.8686
2025-04-29 02:00:00,94815.2,94915.0,94450.0,94581.3,2859.232,270756705.7683
2025-04-29 03:00:00,94581.3,94769.0,94375.7,94612.8,1509.288,142753351.9847
2025-04-29 04:00:00,94612.8,94837.6,94267.4,94315.1,2402.912,227123234.917
2025-04-29 05:00:00,94315.1,94371.8,94146.8,94235.0,1652.206,155711883.5299
2025-04-29 06:00:00,94235.0,94766.5,94210.3,94729.6,1852.528,175189730.6485
2025-04-29 07:00:00,94729.6,94930.4,94666.0,94879.9,1491.017,141341254.7379
2025-04-29 08:00:00,94879.9,95044.4,94761.9,94986.4,2831.452,268694308.0496
2025-04-29 09:00:00,94986.4,95060.0,94742.2,94943.2,1842.925,174919345.9636
2025-04-29 10:00:00,94943.2,95032.9,94692.0,94759.2,2089.306,198227463.6586
2025-04-29 11:00:00,94759.2,95250.0,94758.4,95084.4,3043.62,289401130.5401
2025-04-29 12:00:00,95084.4,95121.0,94750.0,94770.0,2561.308,243142236.9716
2025-04-29 13:00:00,94770.0,94988.8,94531.4,94751.6,5101.406,483279921.4906
2025-04-29 14:00:00,94751.6,95266.0,94466.8,95000.0,6144.134,582981246.5914
2025-04-29 15:00:00,95000.0,95097.3,94670.6,94792.7,2622.328,248719628.3417
2025-04-29 16:00:00,94792.7,95444.3,94751.5,94902.3,5874.006,559119390.0499
2025-04-29 17:00:00,94902.3,95322.4,94601.4,95203.2,6756.639,641804807.9964
2025-04-29 18:00:00,95203.2,95400.0,95018.9,95340.2,3330.986,317397415.9545
2025-04-29 19:00:00,95340.2,95390.9,95178.4,95264.1,2085.834,198761150.5316
2025-04-29 20:00:00,95264.1,95362.7,94755.1,94780.8,3371.008,320119321.5655
2025-04-29 21:00:00,94780.8,94915.9,94280.7,94692.2,6665.862,630234988.3618
2025-04-29 22:00:00,94692.2,94692.3,93913.6,94102.2,4385.192,413091502.8057
2025-04-29 23:00:00,94102.2,94261.8,93682.0,94200.0,4460.31,418946603.5515
2025-04-30 00:00:00,94200.0,94583.0,94076.0,94486.0,2707.313,255479371.4139
2025-04-30 01:00:00,94486.0,94578.8,94225.2,94479.9,2381.2,224882686.3837
2025-04-30 02:00:00,94479.9,94771.0,94398.2,94604.8,2080.053,196800107.2046
2025-04-30 03:00:00,94604.8,95076.8,94450.2,95000.0,3488.267,330764878.8712
2025-04-30 04:00:00,95000.0,95146.5,94835.0,95039.8,2796.758,265570072.938
2025-04-30 05:00:00,95039.8,95082.5,94833.6,94863.1,1672.254,158789206.5212
2025-04-30 06:00:00,94863.1,94929.2,94716.9,94720.4,1343.031,127356813.1472
2025-04-30 07:00:00,94720.4,94847.0,94453.2,94584.3,1967.677,186204606.1465
2025-04-30 08:00:00,94584.3,94772.2,94481.3,94671.1,1418.541,134211268.6442
2025-04-30 09:00:00,94671.1,94993.7,94620.1,94930.8,1969.301,186715919.5939
2025-04-30 10:00:00,94930.8,94980.0,94804.5,94904.9,1021.463,96927136.1333
2025-04-30 11:00:00,94904.9,95187.5,94890.1,95131.3,2123.747,201894370.9772
2025-04-30 12:00:00,95131.3,95174.3,94279.1,94490.2,6748.9,638819627.4994
2025-04-30 13:00:00,94490.2,94650.8,92974.0,92994.1,13197.859,1238063273.4663
2025-04-30 14:00:00,92994.1,94320.0,92852.4,93669.0,12113.491,1133946460.2266
2025-04-30 15:00:00,93669.0,94073.2,93601.2,93951.1,3324.982,312222052.6109
2025-04-30 16:00:00,93951.1,94148.0,93465.7,93883.4,4225.441,396192490.7901
2025-04-30 17:00:00,93883.4,94228.2,93692.0,94055.9,1949.195,183214723.7396
2025-04-30 18:00:00,94055.9,94499.9,93940.0,94034.7,3177.972,299435217.6295
2025-04-30 19:00:00,94034.7,94229.3,93700.4,94100.0,2198.856,206592582.0027
2025-04-30 20:00:00,94100.0,94696.9,94059.1,94519.0,3967.528,374905100.4524
2025-04-30 21:00:00,94519.0,94750.0,94334.0,94387.3,1775.398,167849872.3723
2025-04-30 22:00:00,94387.3,94676.8,94013.6,94071.5,2286.258,215584388.3421
2025-04-30 23:00:00,94071.5,94284.5,93923.2,94118.0,1777.259,167314100.5548
2025-05-01 00:00:00,94118.0,94350.0,94070.7,94350.0,1196.795,112769599.7162
2025-05-01 01:00:00,94350.0,94662.7,94339.8,94597.3,2294.705,216963665.6246
2025-05-01 02:00:00,94597.3,94940.0,94565.3,94796.0,2773.498,262924015.3554
2025-05-01 03:00:00,94796.0,94964.5,94638.7,94738.5,2009.53,190446676.7343
2025-05-01 04:00:00,94738.5,94873.6,94672.1,94823.0,938.622,88952299.4216
2025-05-01 05:00:00,94823.0,95149.7,94786.8,95114.3,2657.105,252453821.3857
2025-05-01 06:00:00,95114.3,95150.0,94763.4,94845.1,2361.579,224242975.5562
2025-05-01 07:00:00,94845.1,95050.0,94750.0,94978.6,1246.619,118369433.6257
2025-05-01 08:00:00,94978.6,95173.6,94865.0,95164.4,1856.902,176509318.3313
2025-05-01 09:00:00,95164.4,95773.0,95104.1,95481.5,5809.232,554578025.4606
2025-05-01 10:00:00,95481.5,96366.0,95481.5,96125.6,9337.476,896822944.9523
2025-05-01 11:00:00,96125.6,96228.8,95789.0,96138.2,4018.555,386007664.6075
2025-05-01 12:00:00,96138.2,96430.0,96066.2,96330.2,4140.067,398501956.0675
2025-05-01 13:00:00,96330.2,96705.7,95772.0,95776.0,11439.165,1101065356.6859
2025-05-01 14:00:00,95776.0,96888.0,95776.0,96788.0,9132.241,879990896.7363
2025-05-01 15:00:00,96788.0,97383.1,96715.1,96804.4,11885.48,1153325127.4011
2025-05-01 16:00:00,96804.4,97300.0,96804.3,96951.3,4544.005,441168546.0036
2025-05-01 17:00:00,96951.3,97160.0,96461.2,96754.0,4145.704,401246242.4327
2025-05-01 18:00:00,96754.0,96907.9,96400.2,96818.2,2786.093,269318916.8863
2025-05-01 19:00:00,96818.2,96835.0,96361.0,96466.0,3543.293,342040084.7443
2025-05-01 20:00:00,96466.0,96852.6,96236.3,96350.1,4797.77,463059731.9045
2025-05-01 21:00:00,96350.1,96739.9,96333.0,96425.5,1224.34,118206679.5082
2025-05-01 22:00:00,96425.5,96600.0,96311.6,96331.9,1383.629,133439320.2555
2025-05-01 23:00:00,96331.9,96465.4,96132.9,96430.9,1900.085,182927945.8823
2025-05-02 00:00:00,96430.9,97030.0,96417.1,96987.2,3635.775,351816975.8703
2025-05-02 01:00:00,96987.2,97138.5,96716.5,96922.4,2628.112,254759907.4587
2025-05-02 02:00:00,96922.4,96996.9,96684.3,96902.0,1138.12,110217494.87
2025-05-02 03:00:00,96902.0,97199.9,96902.0,97062.0,2163.427,210039195.4435
2025-05-02 04:00:00,97062.0,97276.6,96833.8,96897.4,1955.935,189825704.7526
2025-05-02 05:00:00,96897.4,96967.9,96564.8,96651.3,2234.628,216173650.5582
2025-05-02 06:00:00,96651.3,96844.6,96511.5,96680.2,2573.019,248774539.8456
2025-05-02 07:00:00,96680.2,96698.1,96310.0,96310.0,3147.212,303570027.018
2025-05-02 08:00:00,96310.0,96736.1,96306.9,96589.0,2040.922,197061115.7728
2025-05-02 09:00:00,96589.0,96735.0,96396.5,96558.1,1446.797,139737498.8516
2025-05-02 10:00:00,96558.1,96882.0,96558.1,96848.3,1455.757,140869300.5402
2025-05-02 11:00:00,96848.3,97050.0,96821.9,96866.5,2248.893,217966143.8409
2025-05-02 12:00:00,96866.5,97141.3,96574.9,97141.3,5578.975,540465164.0178
2025-05-02 13:00:00,97141.3,97218.3,96624.0,96730.0,4080.144,395261216.7348
2025-05-02 14:00:00,96730.0,97868.0,96660.0,97703.8,10593.727,1031111801.5815
2025-05-02 15:00:00,97703.8,97848.5,97006.4,97263.1,6514.143,634463999.2388
2025-05-02 16:00:00,97263.1,97746.3,97263.0,97290.0,5537.947,540088827.9941
2025-05-02 17:00:00,97290.0,97377.7,96975.0,97343.1,2659.24,258450623.2142
2025-05-02 18:00:00,97343.1,97568.6,97079.1,97109.4,3006.282,292603115.636
2025-05-02 19:00:00,97109.4,97115.4,96692.8,96843.6,3765.544,364890141.6328
2025-05-02 20:00:00,96843.6,97070.0,96767.5,96953.2,1611.905,156257974.8779
2025-05-02 21:00:00,96953.2,96970.9,96505.0,96651.2,1679.724,162470183.5255
2025-05-02 22:00:00,96651.2,96735.3,96500.1,96598.0,1745.162,168594713.9876
2025-05-02 23:00:00,96598.0,96840.0,96540.1,96833.5,772.737,74731166.1461
2025-05-03 00:00:00,96833.5,96865.0,96569.7,96647.4,1153.785,111613456.0971
2025-05-03 01:00:00,96647.4,96665.8,96372.8,96446.3,1360.687,131259017.8857
2025-05-03 02:00:00,96446.3,96656.8,96433.3,96482.6,843.231,81413465.537
2025-05-03 03:00:00,96482.6,96500.0,96266.2,96292.9,1402.996,135179253.9784
2025-05-03 04:00:00,96292.9,96540.0,96254.4,96470.6,905.216,87276922.9368
2025-05-03 05:00:00,96470.6,96548.6,96360.6,96374.0,707.044,68201600.3686
2025-05-03 06:00:00,96374.0,96374.1,96056.8,96116.8,2188.516,210537666.8012
2025-05-03 07:00:00,96116.8,96341.6,96107.5,96283.7,1340.083,128948956.0276
2025-05-03 08:00:00,96283.7,96370.3,96088.7,96242.5,1418.637,136503960.0132
2025-05-03 09:00:00,96242.5,96359.8,96145.0,96216.1,914.398,88013685.6201
2025-05-03 10:00:00,96216.1,96216.1,95819.0,95867.0,3028.284,290649706.2676
2025-05-03 11:00:00,95867.0,96044.3,95825.1,95894.6,1875.685,179920093.4241
2025-05-03 12:00:00,95894.6,96096.9,95828.9,96059.1,1697.921,162962732.4751
2025-05-03 13:00:00,96059.1,96275.3,96043.1,96275.3,1581.753,152100355.2121
2025-05-03 14:00:00,96275.3,96379.3,96226.7,96315.3,1659.965,159867176.9422
2025-05-03 15:00:00,96315.3,96455.0,96273.7,96362.4,1423.912,137249252.1732
2025-05-03 16:00:00,96362.4,96369.5,96035.0,96153.9,1695.791,163122532.0998
2025-05-03 17:00:00,96153.9,96153.9,95783.8,96130.0,2258.947,216775472.0671
2025-05-03 18:00:00,96130.0,96219.0,96042.4,96091.5,799.903,76878962.6437
2025-05-03 19:00:00,96091.5,96315.1,96069.8,96307.6,795.846,76581869.7371
2025-05-03 20:00:00,96307.6,96351.5,96228.2,96300.5,807.802,77793363.4536
2025-05-03 21:00:00,96300.5,96408.7,96185.7,96228.9,963.206,92729807.8812
2025-05-03 22:00:00,96228.9,96306.9,96125.0,96136.9,810.903,78013902.5059
2025-05-03 23:00:00,96136.9,96146.6,95700.1,95815.5,2821.361,270513967.735
2025-05-04 00:00:00,95815.5,96017.0,95730.0,95826.4,1776.296,170246397.8415
2025-05-04 01:00:00,95826.4,96144.0,95535.4,96049.2,2649.574,253817058.1034
2025-05-04 02:00:00,96049.2,96257.0,95760.0,95834.1,1854.681,178099284.4564
2025-05-04 03:00:00,95834.1,95850.2,95611.5,95674.0,1744.474,166973142.7011
2025-05-04 04:00:00,95674.0,95899.8,95673.9,95689.1,966.166,92537216.8578
2025-05-04 05:00:00,95689.1,96090.0,95649.9,96000.7,1398.118,134099648.4277
2025-05-04 06:00:00,96000.7,96108.8,95833.5,95871.8,672.919,64571548.0666
2025-05-04 07:00:00,95871.8,96040.8,95764.5,95840.6,651.339,62436346.7342
2025-05-04 08:00:00,95840.6,95890.7,95357.1,95605.4,2440.107,233213410.5864
2025-05-04 09:00:00,95605.4,95641.2,95391.2,95441.5,1407.299,134391666.8034
2025-05-04 10:00:00,95441.5,95485.6,95233.0,95352.5,2172.0,207153180.596
2025-05-04 11:00:00,95352.5,95509.3,95316.1,95379.9,1034.066,98674445.9368
2025-05-04 12:00:00,95379.9,95561.9,95373.6,95431.3,1393.616,133060948.9161
2025-05-04 13:00:00,95431.3,95563.0,95187.5,95333.6,2070.513,197382524.306
2025-05-04 14:00:00,95333.6,95606.9,95285.0,95553.1,1666.13,159124137.1756
2025-05-04 15:00:00,95553.1,95644.2,95380.8,95424.0,1597.573,152643756.4106
2025-05-04 16:00:00,95424.0,95524.0,95235.0,95285.9,1843.373,175756547.9715
2025-05-04 17:00:00,95285.9,95426.2,95152.6,95356.2,1743.249,166137514.396
2025-05-04 18:00:00,95356.2,95437.9,95300.0,95323.8,625.806,59689272.0696
2025-05-04 19:00:00,95323.8,95583.0,95294.0,95525.2,1088.642,103929009.1792
2025-05-04 20:00:00,95525.2,95688.7,95516.3,95665.8,1185.426,113345868.7254
2025-05-04 21:00:00,95665.8,95706.0,95568.5,95619.6,678.7,64911492.5121
2025-05-04 22:00:00,95619.6,95633.1,94666.0,94953.3,6256.51,594410908.5642
2025-05-04 23:00:00,94953.3,94982.3,94100.0,94224.1,6572.286,620646286.7145
2025-05-05 00:00:00,94224.1,94745.0,94139.1,94660.6,3789.754,357999924.334
2025-05-05 01:00:00,94660.6,94694.6,93669.0,93866.6,6563.147,617256537.5705
2025-05-05 02:00:00,93866.6,94358.7,93460.2,94204.9,6123.036,575289404.2473
2025-05-05 03:00:00,94204.9,94262.1,93988.4,94012.4,2584.654,243238837.2131
2025-05-05 04:00:00,94012.4,94415.4,93980.1,94378.0,2017.716,190179913.6653
2025-05-05 05:00:00,94378.0,94740.1,94200.5,94692.7,1993.296,188308151.9383
2025-05-05 06:00:00,94692.7,94743.6,94521.2,94720.4,1611.425,152515804.3761
2025-05-05 07:00:00,94720.4,94792.6,94489.9,94719.1,1659.62,157025069.2424
2025-05-05 08:00:00,94719.1,94748.3,94438.2,94516.2,1537.115,145390049.4722
2025-05-05 09:00:00,94516.2,94611.2,94440.3,94526.0,892.841,84412333.123
2025-05-05 10:00:00,94526.0,94532.8,94013.9,94083.4,3204.418,302001319.6644
2025-05-05 11:00:00,94083.4,94245.1,93847.7,93997.9,4955.645,465832342.1397
2025-05-05 12:00:00,93997.9,94300.0,93860.1,94285.3,2951.966,277961415.6941
2025-05-05 13:00:00,94285.3,94350.0,93610.0,94211.2,7475.451,702450343.502
2025-05-05 14:00:00,94211.2,94510.0,93670.0,93824.6,7770.739,730944058.8815
2025-05-05 15:00:00,93824.6,93920.0,93543.9,93723.1,4514.524,422990652.9288
2025-05-05 16:00:00,93723.1,94240.7,93704.7,94160.4,2732.158,256901048.6982
2025-05-05 17:00:00,94160.4,94586.0,94010.6,94448.7,2739.085,258418011.1027
2025-05-05 18:00:00,94448.7,94880.8,94389.0,94693.2,3740.45,354252395.496
2025-05-05 19:00:00,94693.2,94855.0,94236.4,94306.2,2719.646,257027889.6441
2025-05-05 20:00:00,94306.2,94320.0,93801.0,94193.7,2887.14,271541970.6245
2025-05-05 21:00:00,94193.7,94786.2,94186.2,94662.4,2894.647,273527610.4624
2025-05-05 22:00:00,94662.4,95149.0,94662.3,94999.9,3744.34,355485028.1342
2025-05-05 23:00:00,94999.9,95091.9,94680.0,94698.7,1745.226,165621791.0614
2025-05-06 00:00:00,94698.7,94748.0,94371.7,94553.7,1810.369,171163328.8817
2025-05-06 01:00:00,94553.7,94876.6,94260.0,94260.0,2450.919,231715070.6643
2025-05-06 02:00:00,94260.0,94366.2,93970.0,94281.2,3213.25,302525568.5078
2025-05-06 03:00:00,94281.2,94464.0,94180.0,94417.0,1249.633,117885732.5271
2025-05-06 04:00:00,94417.0,94542.0,94300.5,94536.6,796.688,75251359.4049
2025-05-06 05:00:00,94536.6,94564.5,94253.3,94291.4,984.529,92904698.8613
2025-05-06 06:00:00,94291.4,94457.5,94282.2,94457.5,549.965,51911963.8147
2025-05-06 07:00:00,94457.5,94593.5,94302.8,94351.2,1269.941,119910424.1267
2025-05-06 08:00:00,94351.2,94352.7,93959.2,94339.9,2958.45,278536252.2584
2025-05-06 09:00:00,94339.9,94340.0,94075.9,94179.4,1036.069,97562127.9416
2025-05-06 10:00:00,94179.4,94288.0,93817.4,93905.0,2191.123,205974553.0468
2025-05-06 11:00:00,93905.0,94020.0,93680.0,93777.5,2340.484,219630317.2672
2025-05-06 12:00:00,93777.5,94002.4,93730.0,93900.0,1972.473,185132939.4345
2025-05-06 13:00:00,93900.0,93968.9,93333.5,93562.9,6275.876,587634510.7392
2025-05-06 14:00:00,93562.9,94650.4,93560.1,94104.3,10074.29,948764369.4579
2025-05-06 15:00:00,94104.3,94701.1,94030.2,94512.9,3937.103,371869101.4677
2025-05-06 16:00:00,94512.9,94777.0,94172.6,94204.8,3951.379,373374819.8492
2025-05-06 17:00:00,94204.8,94823.4,94191.3,94491.4,2982.091,282018783.0249
2025-05-06 18:00:00,94491.4,95049.0,94464.1,95030.0,2438.997,231290523.9562
2025-05-06 19:00:00,95030.0,95110.0,94856.1,94912.9,3304.949,313948340.0982
2025-05-06 20:00:00,94912.9,94980.0,94589.1,94640.0,1933.607,183209362.6486
2025-05-06 21:00:00,94640.0,94760.2,94401.9,94653.2,1380.069,130517043.3613
2025-05-06 22:00:00,94653.2,96245.2,94634.4,96200.0,14273.431,1364009045.8594
2025-05-06 23:00:00,96200.0,96880.6,96040.2,96799.0,9501.711,916973852.5029
2025-05-07 00:00:00,96799.0,97492.0,96711.0,97385.5,8493.394,824984515.4353
2025-05-07 01:00:00,97385.5,97700.0,97154.9,97215.7,5222.06,508712672.3712
2025-05-07 02:00:00,97215.7,97244.2,96450.0,96587.7,4723.767,457258334.3684
2025-05-07 03:00:00,96587.7,96630.0,96157.1,96471.1,4415.522,425674066.4188
2025-05-07 04:00:00,96471.1,96686.8,96376.9,96550.7,2102.532,202951891.5101
2025-05-07 05:00:00,96550.7,96550.7,96278.2,96344.6,1179.906,113723055.4877
2025-05-07 06:00:00,96344.6,96625.2,96320.0,96516.8,1690.074,163112192.7546
2025-05-07 07:00:00,96516.8,96964.9,96512.0,96942.3,2160.748,209079973.4036
2025-05-07 08:00:00,96942.3,97044.6,96813.9,96983.8,1978.424,191761528.9404
2025-05-07 09:00:00,96983.8,97023.5,96825.3,96943.9,1473.656,142831615.5651
2025-05-07 10:00:00,96943.9,97069.6,96780.2,96972.0,1826.571,177071404.5653
2025-05-07 11:00:00,96972.0,97013.0,96882.0,97000.0,1200.459,116389480.2047
2025-05-07 12:00:00,97000.0,97150.0,96824.0,96923.1,2613.324,253408968.6726
2025-05-07 13:00:00,96923.1,97276.2,96669.6,96961.5,4761.04,461557916.895
2025-05-07 14:00:00,96961.5,97444.2,96750.0,96883.1,4911.696,477004828.5165
2025-05-07 15:00:00,96883.1,97100.0,96713.8,96888.7,3535.781,342701681.4267
2025-05-07 16:00:00,96888.7,96932.1,96500.0,96815.5,4925.541,476138402.9646
2025-05-07 17:00:00,96815.5,96856.2,96134.7,96276.7,4065.128,392148215.0649
2025-05-07 18:00:00,96276.7,96855.1,95865.8,96550.0,13231.284,1274512151.7445
2025-05-07 19:00:00,96550.0,96584.4,95724.2,96122.1,6475.561,622813559.7028
2025-05-07 20:00:00,96122.1,96721.2,96012.2,96721.2,2784.658,268307971.8548
2025-05-07 21:00:00,96721.2,97288.0,96600.0,97084.8,4747.937,460509943.8704
2025-05-07 22:00:00,97084.8,97266.0,96976.7,97234.1,2032.687,197464774.0813
2025-05-07 23:00:00,97234.1,97369.6,96930.4,96988.1,2562.399,248953364.8522
2025-05-08 00:00:00,96988.1,97788.0,96832.1,97728.3,3461.038,336859216.2639
2025-05-08 01:00:00,97728.3,98333.0,97556.4,97767.2,10959.531,1073494186.635
2025-05-08 02:00:00,97767.2,98820.0,97767.1,98636.1,7619.289,750074256.2516
2025-05-08 03:00:00,98636.1,99187.9,98484.8,99105.8,5867.303,580095035.7323
2025-05-08 04:00:00,99105.8,99393.1,98903.1,98918.4,7212.032,715409334.5577
2025-05-08 05:00:00,98918.4,99098.4,98704.9,98719.1,2592.401,256323255.0202
2025-05-08 06:00:00,98719.1,99010.1,98698.0,99002.1,1813.462,179255931.084
2025-05-08 07:00:00,99002.1,99340.7,99002.0,99218.0,3394.349,336684493.9987
2025-05-08 08:00:00,99218.0,99811.1,99163.1,99635.0,5804.946,577855803.9817
2025-05-08 09:00:00,99635.0,99775.3,99492.9,99759.3,2479.101,246953256.2227
2025-05-08 10:00:00,99759.3,99876.2,99654.5,99753.6,2303.884,229847334.8846
2025-05-08 11:00:00,99753.6,99760.0,99376.0,99376.0,3302.55,328725138.4711
2025-05-08 12:00:00,99376.0,99521.0,99210.0,99257.4,4134.0,410777458.4709
2025-05-08 13:00:00,99257.4,99604.2,99055.0,99255.5,4509.175,447785780.8721
2025-05-08 14:00:00,99255.5,99778.9,99112.3,99323.5,5520.616,549231818.4973
2025-05-08 15:00:00,99323.5,101500.0,99276.0,100716.5,26471.019,2662740999.8251
2025-05-08 16:00:00,100716.5,101300.0,100543.5,101227.1,6980.705,704426245.4127
2025-05-08 17:00:00,101227.1,101687.9,100727.7,100964.0,6918.885,700459492.2186
2025-05-08 18:00:00,100964.0,101435.0,100916.9,101316.8,3020.254,305861459.8226
2025-05-08 19:00:00,101316.8,101316.8,100904.0,101244.1,3996.636,404138140.8685
2025-05-08 20:00:00,101244.1,102837.0,101203.6,102567.8,12565.533,1281364523.3095
2025-05-08 21:00:00,102567.8,104253.8,102065.0,102809.3,14532.872,1498969645.2952
2025-05-08 22:00:00,102809.3,103210.5,102365.9,102995.7,4341.531,446267620.259
2025-05-08 23:00:00,102995.7,103296.5,102766.8,103240.0,3058.04,315029680.8906
2025-05-09 00:00:00,103240.0,103241.3,102510.7,102778.4,4409.57,453539042.3743
2025-05-09 01:00:00,102778.4,103115.7,102531.8,103070.1,2048.422,210574407.8289
2025-05-09 02:00:00,103070.1,103070.1,102470.5,102570.2,1896.117,194824467.4408
2025-05-09 03:00:00,102570.2,102765.8,102314.2,102410.3,2031.353,208229966.8306
2025-05-09 04:00:00,102410.3,102827.9,102332.0,102789.7,1699.66,174361364.3376
2025-05-09 05:00:00,102789.7,102933.3,102550.0,102933.3,1619.396,166485786.0674
2025-05-09 06:00:00,102933.3,103215.0,102878.6,103180.0,2610.342,268969879.5852
2025-05-09 07:00:00,103180.0,104330.1,103067.9,103598.9,7799.81,808900549.8283
2025-05-09 08:00:00,103598.9,103911.0,102625.4,102929.2,8567.422,884702058.8961
2025-05-09 09:00:00,102929.2,103251.5,102378.3,102882.0,5603.801,575743251.3565
2025-05-09 10:00:00,102882.0,103440.8,102763.4,103329.7,3068.012,316338474.1157
2025-05-09 11:00:00,103329.7,103486.0,102623.3,102909.9,4772.359,491880504.342
2025-05-09 12:00:00,102909.9,103118.0,102764.0,102863.5,2381.486,245192076.5386
2025-05-09 13:00:00,102863.5,103735.1,102772.4,103574.5,4182.236,431996601.7999
2025-05-09 14:00:00,103574.5,103698.3,102354.0,103100.0,12419.925,1278740654.4438
2025-05-09 15:00:00,103100.0,103265.2,102650.0,102855.7,4492.6,462181651.2903
2025-05-09 16:00:00,102855.7,102919.1,102264.1,102450.1,3675.892,377323664.3205
2025-05-09 17:00:00,102450.1,103210.4,102316.6,103183.2,4138.957,425858655.4991
2025-05-09 18:00:00,103183.2,103338.3,102903.5,103146.9,1687.868,174107831.0999
2025-05-09 19:00:00,103146.9,103247.0,102851.6,103135.8,2741.974,282480163.8037
2025-05-09 20:00:00,103135.8,103364.0,103084.0,103153.7,1727.845,178358593.1925
2025-05-09 21:00:00,103153.7,103187.0,102728.9,102945.0,1950.332,200703330.8468
2025-05-09 22:00:00,102945.0,103031.3,102705.6,102736.7,1014.083,104352116.129
2025-05-09 23:00:00,102736.7,102944.0,102692.2,102931.2,615.262,63279941.5669
2025-05-10 00:00:00,102931.2,103084.0,102772.0,102816.4,1268.504,130572617.3738
2025-05-10 01:00:00,102816.4,103079.8,102815.5,102941.8,903.555,93033450.9648
2025-05-10 02:00:00,102941.8,103239.4,102908.7,103117.1,822.17,84755422.5958
2025-05-10 03:00:00,103117.1,103189.3,102950.0,103182.8,584.256,60225724.221
2025-05-10 04:00:00,103182.8,103182.9,103005.3,103122.9,885.055,91254876.9646
2025-05-10 05:00:00,103122.9,103327.0,103054.9,103323.1,1398.611,144310533.3783
2025-05-10 06:00:00,103323.1,103955.0,103323.0,103905.6,4225.159,437754417.4918
2025-05-10 07:00:00,103905.6,104079.9,103608.5,103727.5,2841.487,294954208.2076
2025-05-10 08:00:00,103727.5,104050.0,103425.6,103608.0,2929.549,303955278.1418
2025-05-10 09:00:00,103608.0,103900.0,103328.1,103747.1,2609.406,270220749.9839
2025-05-10 10:00:00,103747.1,103875.7,103555.7,103562.4,1316.28,136525632.362
2025-05-10 11:00:00,103562.4,103628.8,103353.1,103399.2,1406.052,145505715.644
2025-05-10 12:00:00,103399.2,103792.8,103388.8,103659.8,1553.567,160996054.9267
2025-05-10 13:00:00,103659.8,103761.7,103472.2,103584.3,1685.05,174520983.7434
2025-05-10 14:00:00,103584.3,103618.3,103380.0,103480.1,1106.224,114475260.0872
2025-05-10 15:00:00,103480.1,103491.4,103053.6,103100.6,2059.651,212698190.8139
2025-05-10 16:00:00,103100.6,103480.0,103100.0,103395.5,1864.286,192552831.958
2025-05-10 17:00:00,103395.5,103585.7,103122.0,103132.0,2193.934,226739223.2616
2025-05-10 18:00:00,103132.0,103272.8,102880.0,103198.8,1941.035,200118320.7383
2025-05-10 19:00:00,103198.8,103262.5,103038.5,103141.2,558.833,57646828.4121
2025-05-10 20:00:00,103141.2,103276.9,103017.7,103152.2,683.717,70544621.6152
2025-05-10 21:00:00,103152.2,103767.1,103115.5,103706.1,1729.48,178861806.9885
2025-05-10 22:00:00,103706.1,103800.0,103497.3,103539.0,1292.777,133971624.5662
2025-05-10 23:00:00,103539.0,104986.7,103521.0,104782.3,9767.83,1020759579.8726
2025-05-11 00:00:00,104782.3,104936.7,103877.3,104394.0,5014.992,523884942.4584
2025-05-11 01:00:00,104394.0,104515.1,103850.0,104107.7,2439.009,254185490.9974
2025-05-11 02:00:00,104107.7,104250.0,103342.3,103713.7,4868.195,504977179.916
2025-05-11 03:00:00,103713.7,104161.8,103593.8,103961.9,3300.921,342944921.1693
2025-05-11 04:00:00,103961.9,104368.0,103950.6,104129.9,2063.1,214957496.4857
2025-05-11 05:00:00,104129.9,104180.0,103767.1,103802.0,1707.625,177490901.3829
2025-05-11 06:00:00,103802.0,103947.3,103573.0,103813.1,1904.199,197603805.7628
2025-05-11 07:00:00,103813.1,103829.2,103250.0,103354.3,2652.552,274593695.1827
2025-05-11 08:00:00,103354.3,104001.7,103331.0,103787.7,2587.159,268515283.8573
2025-05-11 09:00:00,103787.7,104449.6,103783.2,104300.9,2155.427,224568693.8691
2025-05-11 10:00:00,104300.9,104620.4,104131.3,104595.2,1899.253,198211190.2815
2025-05-11 11:00:00,104595.2,104731.0,104333.7,104600.9,1859.899,194403138.2773
2025-05-11 12:00:00,104600.9,104855.0,104480.3,104560.1,2140.073,224022538.5412
2025-05-11 13:00:00,104560.1,104622.9,103900.0,103940.0,3477.675,362620531.896
2025-05-11 14:00:00,103940.0,104268.2,103750.0,104145.8,3855.986,401009746.5719
2025-05-11 15:00:00,104145.8,104646.0,103863.7,104097.0,3979.776,414975849.8427
2025-05-11 16:00:00,104097.0,104145.8,103713.3,103961.1,2677.46,278226683.4623
2025-05-11 17:00:00,103961.1,104134.9,103758.4,104006.3,1691.51,175812689.2093
2025-05-11 18:00:00,104006.3,104812.0,103821.2,104503.8,3373.044,352056061.4913
2025-05-11 19:00:00,104503.8,104639.2,104330.1,104402.0,1597.998,166988423.3677
2025-05-11 20:00:00,104402.0,104423.3,104121.0,104242.3,1072.393,111843260.6798
2025-05-11 21:00:00,104242.3,104370.4,103937.8,104343.3,1946.669,202744495.0223
2025-05-11 22:00:00,104343.3,104564.6,103540.0,103763.4,3938.425,409079653.7423
2025-05-11 23:00:00,103763.4,104099.8,103725.0,104080.0,1265.736,131506036.4821
2025-05-12 00:00:00,104080.0,104616.7,104027.2,104564.4,2930.651,306057627.0614
2025-05-12 01:00:00,104564.4,105133.7,103715.8,103954.1,6467.066,675841703.4105
2025-05-12 02:00:00,103954.1,104174.4,103666.0,103863.3,2361.409,245476425.9696
2025-05-12 03:00:00,103863.3,104076.4,103677.3,104072.7,1547.969,160809244.8039
2025-05-12 04:00:00,104072.7,104139.0,103800.0,104045.2,1659.346,172570618.3015
2025-05-12 05:00:00,104045.2,104057.9,103730.8,103934.0,1583.151,164435179.8668
2025-05-12 06:00:00,103934.0,104398.0,103777.0,104367.2,1995.379,207842186.922
2025-05-12 07:00:00,104367.2,105842.1,104115.7,104434.5,19856.48,2086969764.7316
2025-05-12 08:00:00,104434.5,104721.2,104036.7,104577.5,4101.451,428000025.1871
2025-05-12 09:00:00,104577.5,104648.7,104330.0,104410.4,1890.821,197461835.5693
2025-05-12 10:00:00,104410.4,104500.3,104107.8,104479.7,2488.663,259576091.8448
2025-05-12 11:00:00,104479.7,104585.1,103580.0,103712.3,5185.557,539398217.3562
2025-05-12 12:00:00,103712.3,104109.0,103662.2,103843.4,3607.684,374796997.5871
2025-05-12 13:00:00,103843.4,104614.0,103628.9,104286.3,6969.198,725835824.6735
2025-05-12 14:00:00,104286.3,104342.8,102506.1,102763.6,15450.038,1594516031.0783
2025-05-12 15:00:00,102763.6,103168.3,102303.5,102470.1,8318.151,854064547.1936
2025-05-12 16:00:00,102470.1,103039.2,102361.4,102804.1,3910.575,401861814.8914
2025-05-12 17:00:00,102804.1,103050.0,102475.3,102507.2,2469.322,253700553.9871
2025-05-12 18:00:00,102507.2,102611.8,100688.0,101578.0,17666.33,1794632734.6871
2025-05-12 19:00:00,101578.0,102056.6,101421.0,101803.0,4320.862,439763503.6734
2025-05-12 20:00:00,101803.0,102847.5,101723.7,102631.2,4090.026,418531936.3523
2025-05-12 21:00:00,102631.2,102700.0,102317.6,102456.9,1596.616,163621169.3637
2025-05-12 22:00:00,102456.9,102899.9,102303.5,102823.3,2080.358,213672145.3369
2025-05-12 23:00:00,102823.3,103098.2,102746.0,102746.0,2157.908,222047137.8034
2025-05-13 00:00:00,102746.0,102746.1,102111.2,102229.4,2570.865,263325672.963
2025-05-13 01:00:00,102229.4,102672.1,102024.4,102352.2,2285.89,233978195.0764
2025-05-13 02:00:00,102352.2,102660.0,101639.0,102020.1,4232.241,431759260.6341
2025-05-13 03:00:00,102020.1,102125.0,101380.0,101666.7,2942.194,299085324.6405
2025-05-13 04:00:00,101666.7,102716.9,101560.1,102688.6,3657.915,373809467.3277
2025-05-13 05:00:00,102688.6,102688.7,102228.0,102423.4,1921.947,196931789.3348
2025-05-13 06:00:00,102423.4,102641.8,102277.7,102499.9,1456.905,149294253.3524
2025-05-13 07:00:00,102499.9,102908.8,102499.7,102627.9,2137.234,219507732.7724
2025-05-13 08:00:00,102627.9,102917.8,102505.0,102668.6,1790.748,183920040.659
2025-05-13 09:00:00,102668.6,103466.9,102668.6,103405.3,3615.617,373177750.9776
2025-05-13 10:00:00,103405.3,103574.6,103223.1,103515.6,2471.905,255624389.0042
2025-05-13 11:00:00,103515.6,103788.0,103411.2,103683.5,2643.044,273889075.8627
2025-05-13 12:00:00,103683.5,103933.3,103271.7,103628.9,8522.972,883533898.6328
2025-05-13 13:00:00,103628.9,103886.4,103337.5,103657.1,4599.408,476513815.2429
2025-05-13 14:00:00,103657.1,103700.0,102745.0,103140.1,7238.166,746383989.3238
2025-05-13 15:00:00,103140.1,103844.1,103085.7,103628.2,4883.872,505643970.2831
2025-05-13 16:00:00,103628.2,104360.0,103485.3,103670.1,6277.614,652971440.807
2025-05-13 17:00:00,103670.1,104260.2,103650.0,104204.6,2724.511,283201656.9702
2025-05-13 18:00:00,104204.6,104375.1,104025.7,104306.7,2646.515,275889343.3269
2025-05-13 19:00:00,104306.7,104949.9,104100.0,104751.3,6828.472,714221497.0018
2025-05-13 20:00:00,104751.3,104907.2,104344.5,104509.9,2228.483,233010666.1979
2025-05-13 21:00:00,104509.9,104577.3,104121.4,104293.0,2464.591,257147403.7866
2025-05-13 22:00:00,104293.0,104398.8,104039.0,104077.5,1608.375,167553666.354
2025-05-13 23:00:00,104077.5,104252.8,103820.0,104070.6,1768.304,183964570.1509
2025-05-14 00:00:00,104070.6,104073.6,103713.6,103856.7,1581.448,164281570.117
2025-05-14 01:00:00,103856.7,104030.1,103624.5,103680.3,2416.642,250971846.5715
2025-05-14 02:00:00,103680.3,103738.7,103437.1,103670.0,2047.349,212106692.9338
2025-05-14 03:00:00,103670.0,103728.0,103400.0,103534.4,882.014,91308751.8499
2025-05-14 04:00:00,103534.4,103821.3,103420.0,103716.2,1696.646,175883320.4856
2025-05-14 05:00:00,103716.2,103953.0,103655.0,103860.2,1742.355,180863432.7705
2025-05-14 06:00:00,103860.2,103914.1,103607.3,103710.0,1082.179,112268444.5555
2025-05-14 07:00:00,103710.0,103752.9,103335.2,103664.3,1715.932,177641824.59
2025-05-14 08:00:00,103664.3,103835.0,103150.0,103157.6,3943.112,408046597.4238
2025-05-14 09:00:00,103157.6,103455.5,102803.4,103435.9,4698.792,484502101.204
2025-05-14 10:00:00,103435.9,103886.4,103400.8,103668.2,3101.592,321542625.6918
2025-05-14 11:00:00,103668.2,104138.6,103668.2,103908.2,2308.814,239968590.1489
2025-05-14 12:00:00,103908.2,104169.9,103861.2,103965.0,2298.677,239170422.3681
2025-05-14 13:00:00,103965.0,104325.6,103436.0,103895.5,7065.972,734018299.1026
2025-05-14 14:00:00,103895.5,103900.0,102821.4,103190.7,9617.018,993097702.5555
2025-05-14 15:00:00,103190.7,103484.0,102770.1,103455.9,4504.942,464568002.4216
2025-05-14 16:00:00,103455.9,103592.9,103103.5,103308.0,3230.514,334074740.3391
2025-05-14 17:00:00,103308.0,103365.9,102550.0,103209.7,5057.116,520270696.7281
2025-05-14 18:00:00,103209.7,103500.0,102976.0,103478.0,2614.182,269948578.5549
2025-05-14 19:00:00,103478.0,103668.8,103193.1,103279.4,1667.093,172495400.5005
2025-05-14 20:00:00,103279.4,103613.3,103238.6,103493.7,838.672,86731044.2408
2025-05-14 21:00:00,103493.7,103620.3,103367.6,103595.9,881.292,91202958.2004
2025-05-14 22:00:00,103595.9,103614.9,103381.2,103450.0,699.151,72331673.2715
2025-05-14 23:00:00,103450.0,103560.8,103300.0,103445.0,780.321,80727268.333
2025-05-15 00:00:00,103445.0,103824.0,103425.4,103752.4,1360.792,141076682.9967
2025-05-15 01:00:00,103752.4,103752.4,102900.0,102974.1,2609.188,269359603.5629
2025-05-15 02:00:00,102974.1,103155.8,102846.3,102982.5,1567.938,161493152.5074
2025-05-15 03:00:00,102982.5,103085.5,102650.1,102690.1,2313.774,237891762.7682
2025-05-15 04:00:00,102690.1,102915.7,102637.1,102848.2,1696.545,174382917.6781
2025-05-15 05:00:00,102848.2,102876.7,102276.0,102320.0,3402.651,348756986.5968
2025-05-15 06:00:00,102320.0,102638.6,102077.4,102209.1,3172.097,324571087.5401
2025-05-15 07:00:00,102209.1,102392.9,101666.7,101729.2,4859.652,495302455.9731
2025-05-15 08:00:00,101729.2,102275.0,101710.7,102216.9,3056.535,311956048.2482
2025-05-15 09:00:00,102216.9,102216.9,101450.0,101769.0,4228.097,430248433.2701
2025-05-15 10:00:00,101769.0,101882.4,101550.2,101754.0,1876.75,190887157.6315
2025-05-15 11:00:00,101754.0,102377.9,101734.7,102322.9,3148.028,321547408.4626
2025-05-15 12:00:00,102322.9,102800.0,102207.5,102519.9,5505.976,564605924.8818
2025-05-15 13:00:00,102519.9,102750.0,101500.0,102098.9,6558.582,669919790.7948
2025-05-15 14:00:00,102098.9,102360.9,101333.0,101960.0,7848.305,799378843.5435
2025-05-15 15:00:00,101960.0,103200.0,101888.1,103191.8,8704.532,893223551.0872
2025-05-15 16:00:00,103191.8,103775.0,102978.0,103775.0,7050.25,728357297.4577
2025-05-15 17:00:00,103775.0,104203.9,103599.4,103925.0,5405.922,561684061.6603
2025-05-15 18:00:00,103925.0,103979.9,102600.0,102646.2,6852.768,707469086.7605
2025-05-15 19:00:00,102646.2,103192.8,102500.0,103100.0,5168.29,531682369.6137
2025-05-15 20:00:00,103100.0,103451.3,102836.5,103392.0,3176.18,327767849.9399
2025-05-15 21:00:00,103392.0,103392.0,102653.3,103235.8,3083.608,317584038.2883
2025-05-15 22:00:00,103235.8,103920.3,103190.0,103444.0,4093.224,424275023.3881
2025-05-15 23:00:00,103444.0,103865.3,103173.2,103710.0,2778.027,287607102.6973
2025-05-16 00:00:00,103710.0,103990.9,103600.0,103707.0,1927.115,200020878.9057
2025-05-16 01:00:00,103707.0,104078.3,103405.9,104001.9,3960.936,410986995.0306
2025-05-16 02:00:00,104001.9,104433.3,103842.8,104150.5,4442.946,462742381.8373
2025-05-16 03:00:00,104150.5,104279.5,103942.9,103971.6,1741.569,181261640.6629
2025-05-16 04:00:00,103971.6,104138.1,103758.0,103864.7,1463.742,152088100.2459
2025-05-16 05:00:00,103864.7,104100.0,103770.6,103858.8,1683.171,174978222.8321
2025-05-16 06:00:00,103858.8,104057.0,103818.2,103947.0,1078.246,112076245.6668
2025-05-16 07:00:00,103947.0,104152.8,103653.1,103665.0,2014.783,209269957.1691
2025-05-16 08:00:00,103665.0,103728.0,103042.2,103342.2,4514.866,466522128.1711
2025-05-16 09:00:00,103342.2,103777.1,103342.2,103755.1,2372.654,245802696.0591
2025-05-16 10:00:00,103755.1,103842.8,103583.4,103750.1,1475.8,153084194.3384
2025-05-16 11:00:00,103750.1,103866.0,103511.8,103622.0,2060.992,213609711.1463
2025-05-16 12:00:00,103622.0,103736.8,103424.4,103448.8,1906.332,197417309.0243
2025-05-16 13:00:00,103448.8,104029.8,103365.1,103925.6,3878.487,402206419.8617
2025-05-16 14:00:00,103925.6,103925.6,103279.3,103529.9,4239.371,439207255.8956
2025-05-16 15:00:00,103529.9,104246.1,103529.9,104137.0,4497.006,467476597.0143
2025-05-16 16:00:00,104137.0,104555.0,103802.0,104103.9,5212.959,543044138.9323
2025-05-16 17:00:00,104103.9,104369.9,103714.0,103807.6,2878.266,299490290.4487
2025-05-16 18:00:00,103807.6,104046.4,103633.0,103637.9,1273.782,132262825.4745
2025-05-16 19:00:00,103637.9,103996.9,103534.1,103962.0,1926.289,199792968.7751
2025-05-16 20:00:00,103962.0,103972.6,103468.0,103642.6,1803.279,186982917.0946
2025-05-16 21:00:00,103642.6,103749.0,103441.2,103556.8,903.235,93581723.5139
2025-05-16 22:00:00,103556.8,103567.6,103356.4,103463.1,1222.089,126384593.9769
2025-05-16 23:00:00,103463.1,103635.2,103374.6,103410.2,905.494,93736813.4598
2025-05-17 00:00:00,103410.2,103496.1,103045.8,103302.2,2938.232,303370122.3641
2025-05-17 01:00:00,103302.2,103302.3,102539.7,102775.2,4340.612,446293639.7206
2025-05-17 02:00:00,102775.2,103308.1,102680.0,103222.4,2734.105,281665942.3603
2025-05-17 03:00:00,103222.4,103536.0,103109.5,103459.9,1757.023,181545107.5894
2025-05-17 04:00:00,103459.9,103622.8,103415.4,103602.3,1455.074,150644048.2278
2025-05-17 05:00:00,103602.3,103669.4,103285.1,103301.3,1260.927,130461578.5088
2025-05-17 06:00:00,103301.3,103458.3,103240.0,103433.8,946.312,97827024.2157
2025-05-17 07:00:00,103433.8,103593.8,103370.3,103388.4,676.843,70037934.8647
2025-05-17 08:00:00,103388.4,103526.1,103087.1,103367.9,1696.575,175271522.3956
2025-05-17 09:00:00,103367.9,103498.9,102774.2,102850.7,3018.596,310885188.5207
2025-05-17 10:00:00,102850.7,102993.1,102747.7,102818.5,1512.711,155596449.0408
2025-05-17 11:00:00,102818.5,103037.4,102700.1,102932.4,1367.651,140653811.1272
2025-05-17 12:00:00,102932.4,103017.1,102841.3,102886.9,744.288,76605792.5029
2025-05-17 13:00:00,102886.9,103054.1,102600.2,102668.0,1552.837,159618273.6918
2025-05-17 14:00:00,102668.0,103136.0,102667.9,103082.8,1678.74,172823362.2314
2025-05-17 15:00:00,103082.8,103141.1,102900.0,102900.0,945.358,97396958.2716
2025-05-17 16:00:00,102900.0,103068.7,102725.0,102905.8,1036.286,106577152.1664
2025-05-17 17:00:00,102905.8,103250.0,102888.0,103085.0,1191.306,122850988.4939
2025-05-17 18:00:00,103085.0,103325.0,102932.0,102951.0,1733.7,178798318.6859
2025-05-17 19:00:00,102951.0,103150.0,102875.0,103109.4,398.253,41033243.8941
2025-05-17 20:00:00,103109.4,103396.6,103030.2,103327.2,803.189,82929243.3817
2025-05-17 21:00:00,103327.2,103451.1,103078.7,103203.9,1173.706,121171121.5446
2025-05-17 22:00:00,103203.9,103207.8,102852.8,102996.0,1015.713,104610873.3104
2025-05-17 23:00:00,102996.0,103166.7,102900.4,103081.2,529.882,54620271.3185
2025-05-18 00:00:00,103081.2,103377.0,103050.0,103325.7,1178.737,121700217.0745
2025-05-18 01:00:00,103325.7,103355.8,103100.0,103211.4,645.889,66670415.8061
2025-05-18 02:00:00,103211.4,103309.1,103197.9,103287.9,337.143,34812797.8351
2025-05-18 03:00:00,103287.9,103336.8,103080.0,103233.7,882.052,91035327.0184
2025-05-18 04:00:00,103233.7,103402.9,103233.7,103319.2,494.641,51109727.3082
2025-05-18 05:00:00,103319.2,103640.0,103312.8,103606.3,1652.49,171009250.7992
2025-05-18 06:00:00,103606.3,103633.7,103317.2,103419.5,1055.113,109171714.6257
2025-05-18 07:00:00,103419.5,103956.4,103385.6,103883.4,2068.468,214510616.8933
2025-05-18 08:00:00,103883.4,104050.0,103778.8,103868.6,2567.042,266771943.7159
2025-05-18 09:00:00,103868.6,103980.0,103789.6,103824.9,1184.901,123094523.2065
2025-05-18 10:00:00,103824.9,103895.0,103747.4,103820.8,777.135,80668069.4099
2025-05-18 11:00:00,103820.8,103968.9,103751.2,103758.7,1157.818,120245226.2814
2025-05-18 12:00:00,103758.7,103924.5,103666.7,103922.8,1313.723,136380642.9125
2025-05-18 13:00:00,103922.8,104790.0,103882.3,104708.6,6442.355,672172446.7344
2025-05-18 14:00:00,104708.6,105540.0,104523.5,105247.6,9459.206,993364792.2722
2025-05-18 15:00:00,105247.6,105687.0,104944.0,105484.4,4788.904,504394662.9669
2025-05-18 16:00:00,105484.4,105950.0,105126.0,105782.2,6655.697,702392439.955
2025-05-18 17:00:00,105782.2,105879.8,104764.1,104784.4,8032.506,846620859.4787
2025-05-18 18:00:00,104784.4,104876.7,103900.1,104461.8,10251.927,1070376417.1201
2025-05-18 19:00:00,104461.8,104713.5,103817.4,103842.3,3815.891,397679766.4325
2025-05-18 20:00:00,103842.3,104201.6,103228.0,104021.1,6188.845,641664923.5697
2025-05-18 21:00:00,104021.1,104576.4,104021.0,104138.5,3046.84,317732258.5492
2025-05-18 22:00:00,104138.5,105994.0,103916.9,105936.9,12052.357,1266649802.9337
2025-05-18 23:00:00,105936.9,106650.0,105437.8,106428.1,9687.497,1026788389.8126
2025-05-19 00:00:00,106428.1,107134.3,105124.4,105230.4,11324.881,1203076838.3215
2025-05-19 01:00:00,105230.4,105385.4,104700.0,105018.3,4833.922,507584061.8404
2025-05-19 02:00:00,105018.3,105150.0,104527.1,104610.4,3363.85,352398153.577
2025-05-19 03:00:00,104610.4,104610.4,103510.6,103566.8,5365.103,557891394.1929
2025-05-19 04:00:00,103566.8,103737.0,102750.0,102964.0,10149.972,1047770615.8954
2025-05-19 05:00:00,102964.0,103063.3,102422.1,102983.9,6977.472,717365777.5904
2025-05-19 06:00:00,102983.9,103136.5,102000.0,102155.3,8920.563,913978394.4409
2025-05-19 07:00:00,102155.3,103299.9,102112.0,103169.4,4944.146,508525396.1201
2025-05-19 08:00:00,103169.4,103300.0,102866.4,103186.6,2556.57,263616301.8224
2025-05-19 09:00:00,103186.6,103392.0,102945.3,103020.3,2615.005,269745156.6168
2025-05-19 10:00:00,103020.3,103045.5,102799.9,102881.9,2391.802,246159898.579
2025-05-19 11:00:00,102881.9,103019.1,102733.1,102910.8,1238.634,127471149.8681
2025-05-19 12:00:00,102910.8,102910.9,102100.0,102432.0,4998.968,512124552.967
2025-05-19 13:00:00,102432.0,103495.8,102274.8,103239.7,6029.794,620422950.0866
2025-05-19 14:00:00,103239.7,104348.1,103131.7,104301.1,8869.063,920240137.161
2025-05-19 15:00:00,104301.1,104952.3,104239.0,104749.7,8275.654,865700174.1941
2025-05-19 16:00:00,104749.7,105400.0,104462.6,105309.1,7716.642,809485568.4128
2025-05-19 17:00:00,105309.1,105500.0,104900.0,105335.8,7425.416,781239889.067
2025-05-19 18:00:00,105335.8,105500.0,104663.9,104743.6,7254.269,761850240.4228
2025-05-19 19:00:00,104743.6,105500.0,104573.1,105461.7,5688.464,597711007.987
2025-05-19 20:00:00,105461.7,105736.6,105268.9,105429.7,4035.895,425810771.4358
2025-05-19 21:00:00,105429.7,105499.1,104947.2,105392.5,2170.219,228344094.688
2025-05-19 22:00:00,105392.5,105606.6,105130.3,105512.4,2449.925,258188898.2945
2025-05-19 23:00:00,105512.4,105798.4,105409.4,105538.0,1726.78,182388016.2746
2025-05-20 00:00:00,105538.0,106560.0,105531.0,105685.8,9577.812,1015032272.8016
2025-05-20 01:00:00,105685.8,106771.7,105661.7,106412.9,5317.314,565049747.1127
2025-05-20 02:00:00,106412.9,106844.4,105964.0,106079.1,7297.469,776490320.8849
2025-05-20 03:00:00,106079.1,106155.7,105471.6,105718.4,4386.475,464332362.8037
2025-05-20 04:00:00,105718.4,106215.9,105487.7,106179.9,3377.607,357374348.9645
2025-05-20 05:00:00,106179.9,106379.9,106027.8,106078.3,2974.322,315892180.5432
2025-05-20 06:00:00,106078.3,106186.4,105333.7,105409.4,3529.541,372715472.6721
2025-05-20 07:00:00,105409.4,105698.5,104842.4,104958.2,4593.292,483293364.9219
2025-05-20 08:00:00,104958.2,105187.0,104807.7,105163.3,2895.662,304092746.3588
2025-05-20 09:00:00,105163.3,105341.0,105118.7,105231.0,1654.454,174126342.7145
2025-05-20 10:00:00,105231.0,105375.0,104948.6,104969.4,2053.568,215828649.2167
2025-05-20 11:00:00,104969.4,105301.8,104865.8,105163.1,2189.639,230104789.9246
2025-05-20 12:00:00,105163.1,105169.7,104600.0,104717.9,3716.772,389582225.8561
2025-05-20 13:00:00,104717.9,104816.2,104125.4,104396.8,6731.429,702729854.4123
2025-05-20 14:00:00,104396.8,104935.8,104233.7,104480.4,6707.957,701916406.0441
2025-05-20 15:00:00,104480.4,105353.7,104434.9,105287.3,3610.227,379105770.1593
2025-05-20 16:00:00,105287.3,105481.0,105030.0,105162.1,2304.977,242652903.3855
2025-05-20 17:00:00,105162.1,106299.8,105161.8,106150.0,6955.443,737033199.9296
2025-05-20 18:00:00,106150.0,106368.3,105166.0,105230.7,7746.63,819501454.7133
2025-05-20 19:00:00,105230.7,107237.1,105157.1,106986.0,12974.996,1381738256.4848
2025-05-20 20:00:00,106986.0,107292.4,106340.5,106867.1,8487.192,906507776.1967
2025-05-20 21:00:00,106867.1,107194.2,106088.0,106570.5,4997.78,532615248.0334
2025-05-20 22:00:00,106570.5,106845.0,105888.0,106730.1,5017.616,533609448.9522
2025-05-20 23:00:00,106730.1,107159.3,106577.0,106808.2,4488.696,479661356.526
2025-05-21 00:00:00,106808.2,107225.3,106412.5,106697.9,5420.427,578731179.3492
2025-05-21 01:00:00,106697.9,107055.6,106365.8,106433.9,2370.446,253059783.6608
2025-05-21 02:00:00,106433.9,106876.9,106136.0,106801.0,3396.263,361611750.5093
2025-05-21 03:00:00,106801.0,107054.9,106680.6,106788.0,2648.519,283073630.0394
2025-05-21 04:00:00,106788.0,107774.2,106667.0,107251.0,7940.754,852452182.0454
2025-05-21 05:00:00,107251.0,107716.7,107249.1,107500.7,6205.715,667153534.6724
2025-05-21 06:00:00,107500.7,108033.3,107264.2,107718.4,6091.402,656511745.1848
2025-05-21 07:00:00,107718.4,107830.2,106369.6,106426.7,10500.045,1122032448.5417
2025-05-21 08:00:00,106426.7,106732.4,106269.7,106318.9,4443.194,472859668.8423
2025-05-21 09:00:00,106318.9,106469.1,106001.8,106137.5,3785.887,402044669.7208
2025-05-21 10:00:00,106137.5,106388.0,106068.8,106260.6,2940.849,312381108.8383
2025-05-21 11:00:00,106260.6,106639.5,106194.3,106490.0,3264.535,347530314.6627
2025-05-21 12:00:00,106490.0,106825.0,106350.0,106505.1,3277.131,349333686.6941
2025-05-21 13:00:00,106505.1,107621.4,106255.4,107199.6,9450.164,1011145226.6697
2025-05-21 14:00:00,107199.6,109087.7,106951.5,109033.7,18016.285,1946257622.2007
2025-05-21 15:00:00,109033.7,109472.8,108310.0,108941.9,22522.932,2453471022.147
2025-05-21 16:00:00,108941.9,109833.0,108658.2,109113.9,14129.559,1544604099.6743
2025-05-21 17:00:00,109113.9,109341.7,106078.5,106558.0,36422.951,3908573647.5067
2025-05-21 18:00:00,106558.0,107366.6,106254.4,106905.9,10637.341,1136482251.5723
2025-05-21 19:00:00,106905.9,108789.5,106560.9,108554.7,11751.117,1267601097.9295
2025-05-21 20:00:00,108554.7,108685.3,107657.9,108181.9,7393.782,799598176.8749
2025-05-21 21:00:00,108181.9,108513.0,107863.2,108360.7,3700.67,400607036.3429
2025-05-21 22:00:00,108360.7,108997.6,108228.1,108690.1,4833.984,525575041.9564
2025-05-21 23:00:00,108690.1,110800.0,108608.0,109608.7,20627.225,2264865164.4282
2025-05-22 00:00:00,109608.7,110149.3,109150.0,109924.6,10098.25,1107864222.186
2025-05-22 01:00:00,109924.6,110536.8,109631.1,109890.0,7866.028,866024835.9623
2025-05-22 02:00:00,109890.0,110969.5,109797.9,110438.6,6820.745,753318215.4632
2025-05-22 03:00:00,110438.6,111885.0,110300.1,111742.9,9915.588,1103634370.8424
2025-05-22 04:00:00,111742.9,111771.9,111193.6,111440.5,4953.597,552030357.7237
2025-05-22 05:00:00,111440.5,111628.2,110777.0,110841.1,4458.485,495813616.6853
2025-05-22 06:00:00,110841.1,111155.2,110406.5,110570.0,5547.553,614682790.332
2025-05-22 07:00:00,110570.0,111101.5,110425.4,110990.0,5071.623,562012699.4079
2025-05-22 08:00:00,110990.0,111129.8,110335.5,110368.8,5521.144,611137413.7947
2025-05-22 09:00:00,110368.8,110799.9,110218.4,110764.0,3828.397,422956262.861
2025-05-22 10:00:00,110764.0,110918.5,110553.6,110750.2,2174.982,240906517.8749
2025-05-22 11:00:00,110750.2,111285.0,110450.0,110923.1,5322.568,590058087.9672
2025-05-22 12:00:00,110923.1,111589.2,110741.3,111571.6,7303.666,812495455.8663
2025-05-22 13:00:00,111571.6,111590.0,110856.8,110880.0,8119.469,902880604.6446
2025-05-22 14:00:00,110880.0,111357.1,110495.3,110849.2,8004.522,887507917.9978
2025-05-22 15:00:00,110849.2,111500.0,110734.4,111256.6,4275.543,475289780.8883
2025-05-22 16:00:00,111256.6,111769.0,111044.3,111216.6,5334.664,594258145.1028
2025-05-22 17:00:00,111216.6,111968.0,111114.7,111473.6,5724.814,639315965.2988
2025-05-22 18:00:00,111473.6,111931.8,111333.0,111690.6,3322.736,371100128.8933
2025-05-22 19:00:00,111690.6,111880.0,110846.4,111148.7,5092.03,566940330.3313
2025-05-22 20:00:00,111148.7,111393.1,110745.6,111011.5,3300.779,366509386.9885
2025-05-22 21:00:00,111011.5,111045.3,110683.2,110779.8,2173.336,240904341.9958
2025-05-22 22:00:00,110779.8,111198.0,110779.7,110957.8,1705.677,189378892.5943
2025-05-22 23:00:00,110957.8,111670.0,110957.8,111646.5,2945.863,328207897.3857
2025-05-23 00:00:00,111646.5,111758.4,111336.3,111566.7,2634.985,293905872.733
2025-05-23 01:00:00,111566.7,111684.8,111159.2,111286.7,1750.009,194818051.8195
2025-05-23 02:00:00,111286.7,111575.7,111137.7,111223.8,2268.408,252582836.7877
2025-05-23 03:00:00,111223.8,111324.2,110950.0,111051.8,1797.707,199728768.9558
2025-05-23 04:00:00,111051.8,111137.1,110500.4,110790.8,3398.151,376353712.6852
2025-05-23 05:00:00,110790.8,110916.7,110600.0,110811.2,1431.352,158527111.0981
2025-05-23 06:00:00,110811.2,110811.2,110349.0,110480.0,2698.314,298188471.9745
2025-05-23 07:00:00,110480.0,110819.9,110468.0,110673.4,1872.029,207191195.2962
2025-05-23 08:00:00,110673.4,110978.9,110673.4,110880.1,1503.072,166608676.2674
2025-05-23 09:00:00,110880.1,111340.3,110850.4,111278.4,2640.958,293472900.0963
2025-05-23 10:00:00,111278.4,111289.9,110748.9,111023.2,2607.07,289328900.5203
2025-05-23 11:00:00,111023.2,111060.4,108825.9,109026.5,15175.842,1666334372.9466
2025-05-23 12:00:00,109026.5,109061.4,107263.6,108397.0,25315.947,2740943593.5304
2025-05-23 13:00:00,108397.0,109662.5,107916.4,109589.9,16859.936,1836909212.9518
2025-05-23 14:00:00,109589.9,109968.0,109450.9,109610.0,9351.685,1026156208.4633
2025-05-23 15:00:00,109610.0,109800.7,108853.1,108885.2,7871.126,859974656.9279
2025-05-23 16:00:00,108885.2,109175.0,107977.1,109030.4,13065.289,1418575975.2774
2025-05-23 17:00:00,109030.4,109790.2,108972.0,109350.8,6728.045,736366470.548
2025-05-23 18:00:00,109350.8,109451.9,108600.9,108751.5,6642.11,723627224.6589
2025-05-23 19:00:00,108751.5,109136.8,108526.5,108655.5,3743.542,407393864.8605
2025-05-23 20:00:00,108655.5,108671.9,108136.7,108186.9,2671.986,289720950.4232
2025-05-23 21:00:00,108186.9,108630.3,107981.5,108239.3,3362.049,364147780.6531
2025-05-23 22:00:00,108239.3,108549.7,107570.0,107739.6,4637.387,500826768.4308
2025-05-23 23:00:00,107739.6,107850.1,106755.0,107275.9,8162.686,875303779.6965
2025-05-24 00:00:00,107275.9,107639.8,106832.3,107322.1,5126.027,549948535.1086
2025-05-24 01:00:00,107322.1,107801.0,107303.3,107422.6,2319.698,249605576.6789
2025-05-24 02:00:00,107422.6,107836.4,107184.1,107746.0,1503.565,161724874.6299
2025-05-24 03:00:00,107746.0,108318.6,107690.7,108295.6,2452.076,264999361.0264
2025-05-24 04:00:00,108295.6,108531.6,108236.0,108438.8,1544.387,167423866.2992
2025-05-24 05:00:00,108438.8,108475.7,108087.3,108195.9,1877.968,203312757.6896
2025-05-24 06:00:00,108195.9,108298.0,107650.0,107920.1,2905.679,313508970.2159
2025-05-24 07:00:00,107920.1,108174.0,107506.1,107545.3,2261.923,243901780.1496
2025-05-24 08:00:00,107545.3,108248.1,107545.3,108205.4,2234.025,241035600.4124
2025-05-24 09:00:00,108205.4,108395.1,108119.0,108125.7,1487.242,160994585.0943
2025-05-24 10:00:00,108125.7,109194.0,108106.6,109025.7,5327.454,579511655.2033
2025-05-24 11:00:00,109025.7,109454.5,109025.7,109142.9,4427.898,483752499.6375
2025-05-24 12:00:00,109142.9,109222.0,108582.7,108735.3,4689.039,510314423.1672
2025-05-24 13:00:00,108735.3,108839.9,108469.5,108554.6,2190.272,238000936.4401
2025-05-24 14:00:00,108554.6,108981.8,108533.5,108900.8,1758.498,191304685.4774
2025-05-24 15:00:00,108900.8,109174.7,108785.6,108896.7,1888.585,205806532.5118
2025-05-24 16:00:00,108896.7,109059.4,108624.7,108949.9,2416.234,262887876.0176
2025-05-24 17:00:00,108949.9,109172.0,108818.9,108866.0,1499.044,163355013.9729
2025-05-24 18:00:00,108866.0,109032.0,108735.0,108783.3,894.466,97405467.2577
2025-05-24 19:00:00,108783.3,108978.0,108747.9,108904.9,657.139,71525048.409
2025-05-24 20:00:00,108904.9,109090.7,108822.9,108823.0,781.366,85122686.8204
2025-05-24 21:00:00,108823.0,108829.5,108533.3,108784.7,970.591,105497911.2241
2025-05-24 22:00:00,108784.7,108784.7,107894.8,108039.3,3671.073,397487937.8592
2025-05-24 23:00:00,108039.3,108329.8,107434.5,107716.0,8358.146,901350599.2449
2025-05-25 00:00:00,107716.0,108071.5,107194.3,107392.2,4627.969,498078027.1178
2025-05-25 01:00:00,107392.2,107978.2,107118.1,107604.5,3665.193,394139234.3842
2025-05-25 02:00:00,107604.5,107968.0,107405.6,107878.5,1859.758,200321558.7149
2025-05-25 03:00:00,107878.5,108222.0,107859.6,108059.5,2489.951,269139586.9244
2025-05-25 04:00:00,108059.5,108241.4,107910.5,108204.1,1642.177,177435547.5124
2025-05-25 05:00:00,108204.1,108249.7,107928.7,108069.9,1066.648,115282034.5164
2025-05-25 06:00:00,108069.9,108100.0,107630.0,107899.9,1411.598,152285288.9778
2025-05-25 07:00:00,107899.9,107899.9,107407.5,107631.0,1899.3,204403126.0824
2025-05-25 08:00:00,107631.0,107648.6,106888.0,107073.1,3402.375,364771713.8076
2025-05-25 09:00:00,107073.1,107216.8,106650.2,107101.6,4757.72,508824850.4083
2025-05-25 10:00:00,107101.6,107395.2,106780.6,106890.2,2704.031,289599684.5024
2025-05-25 11:00:00,106890.2,107225.0,106774.1,107200.0,2100.324,224753032.6812
2025-05-25 12:00:00,107200.0,107550.0,107117.6,107476.8,3447.204,370008899.5342
2025-05-25 13:00:00,107476.8,107708.9,107226.4,107470.7,2114.4,227285640.4524
2025-05-25 14:00:00,107470.7,107600.0,107095.9,107320.8,2211.26,237366853.7744
2025-05-25 15:00:00,107320.8,107383.6,106538.4,106931.9,6965.908,745245481.2626
2025-05-25 16:00:00,106931.9,107220.0,106606.6,107158.3,2866.394,306388036.6896
2025-05-25 17:00:00,107158.3,107340.0,107076.9,107330.0,1324.179,141981208.3442
2025-05-25 18:00:00,107330.0,107583.0,107225.1,107386.9,1501.808,161309701.1404
2025-05-25 19:00:00,107386.9,107919.8,107386.8,107679.0,1712.706,184428119.4315
2025-05-25 20:00:00,107679.0,107729.8,107411.7,107651.8,1307.978,140721561.421
2025-05-25 21:00:00,107651.8,107899.9,107106.5,107422.0,2035.258,218846048.2991
2025-05-25 22:00:00,107422.0,109189.7,107307.3,109143.8,10949.963,1187752530.3107
2025-05-25 23:00:00,109143.8,109300.0,108524.1,108976.2,5111.817,556539525.4407
2025-05-26 00:00:00,108976.2,109599.0,108640.7,109531.1,4798.81,523889086.5492
2025-05-26 01:00:00,109531.1,109838.0,109200.0,109507.3,5197.339,569335475.361
2025-05-26 02:00:00,109507.3,109763.2,109157.8,109361.9,3076.92,336712366.9358
2025-05-26 03:00:00,109361.9,109743.0,109240.6,109599.9,2580.444,282639651.8591
2025-05-26 04:00:00,109599.9,109714.2,109475.0,109506.9,1973.151,216241719.6411
2025-05-26 05:00:00,109506.9,109662.7,109331.5,109605.1,1509.174,165289539.5329
2025-05-26 06:00:00,109605.1,109935.4,109477.7,109920.0,2446.383,268393770.8976
2025-05-26 07:00:00,109920.0,110209.3,109693.4,110083.3,4709.607,517868731.9442
2025-05-26 08:00:00,110083.3,110171.8,109573.6,109642.5,2223.451,244200898.3689
2025-05-26 09:00:00,109642.5,109952.0,109551.9,109665.0,3291.135,361075254.0568
2025-05-26 10:00:00,109665.0,109823.1,109521.9,109599.7,1246.809,136742906.6039
2025-05-26 11:00:00,109599.7,109803.9,109505.7,109734.6,1442.993,158247358.5764
2025-05-26 12:00:00,109734.6,110029.1,109615.3,109781.5,2089.707,229438164.2261
2025-05-26 13:00:00,109781.5,109936.4,109423.3,109553.2,2937.291,322219854.1141
2025-05-26 14:00:00,109553.2,109691.8,109453.6,109614.7,1971.434,216021601.7018
2025-05-26 15:00:00,109614.7,110379.0,109490.0,109970.4,7662.301,843176565.5826
2025-05-26 16:00:00,109970.4,110452.2,109060.0,109346.4,9168.468,1005024419.0699
2025-05-26 17:00:00,109346.4,109656.9,108841.5,109133.6,4633.661,506058563.3839
2025-05-26 18:00:00,109133.6,109412.4,108944.4,109044.5,2049.519,223713914.5111
2025-05-26 19:00:00,109044.5,109150.0,108816.5,109077.8,2564.142,279399232.3706
2025-05-26 20:00:00,109077.8,109607.0,108900.0,109568.1,3867.726,423000675.719
2025-05-26 21:00:00,109568.1,109625.0,109092.7,109304.0,2130.057,232823330.5546
2025-05-26 22:00:00,109304.0,109887.8,109107.7,109143.3,3426.22,374964550.5372
2025-05-26 23:00:00,109143.3,109422.9,108990.8,109382.3,2440.89,266511149.7574
2025-05-27 00:00:00,109382.3,109656.9,109107.5,109120.0,2312.286,252980543.8574
2025-05-27 01:00:00,109120.0,109120.0,107421.7,108350.4,17274.805,1869932365.0155
2025-05-27 02:00:00,108350.4,108670.7,107820.1,108220.8,4264.032,461705589.8587
2025-05-27 03:00:00,108220.8,109293.8,108213.8,108820.1,5993.06,652209978.6717
2025-05-27 04:00:00,108820.1,109310.6,108794.6,108885.4,2871.981,313174191.1902
2025-05-27 05:00:00,108885.4,108930.0,108470.7,108866.1,3269.276,355381071.8595
2025-05-27 06:00:00,108866.1,109241.2,108774.8,108774.8,3763.296,410322480.9835
2025-05-27 07:00:00,108774.8,109594.8,108774.8,109494.0,3965.232,433463053.381
2025-05-27 08:00:00,109494.0,109748.3,109438.0,109655.6,3353.674,367613500.3415
2025-05-27 09:00:00,109655.6,109879.4,109351.5,109787.3,3262.661,357714680.6522
2025-05-27 10:00:00,109787.3,109811.8,109582.5,109644.2,1250.333,137166409.0155
2025-05-27 11:00:00,109644.2,109745.6,109366.9,109538.4,2073.212,227042918.3325
2025-05-27 12:00:00,109538.4,109786.7,109391.1,109551.9,2742.782,300600253.5646
2025-05-27 13:00:00,109551.9,110700.0,109518.2,109789.1,17590.656,1938554260.3755
2025-05-27 14:00:00,109789.1,110172.0,108606.6,109331.8,13611.957,1488875699.4481
2025-05-27 15:00:00,109331.8,110197.0,108974.5,110087.8,7944.214,871052780.8023
2025-05-27 16:00:00,110087.8,110459.6,109884.2,110162.5,4771.399,525785823.0151
2025-05-27 17:00:00,110162.5,110413.4,109915.1,110199.7,2485.066,273757069.1227
2025-05-27 18:00:00,110199.7,110378.7,109734.3,109846.8,3166.298,348284311.1309
2025-05-27 19:00:00,109846.8,110014.9,109500.0,109815.4,4004.294,439303461.7684
2025-05-27 20:00:00,109815.4,109844.7,109462.5,109481.6,2170.436,237992447.6493
2025-05-27 21:00:00,109481.6,109624.7,108708.0,108816.9,5647.258,615852347.004
2025-05-27 22:00:00,108816.9,109080.6,108458.6,108932.7,5282.786,574485133.5409
2025-05-27 23:00:00,108932.7,109076.5,108838.1,108864.0,1783.203,194343666.8557
2025-05-28 00:00:00,108864.0,109184.3,108606.2,109131.9,2823.668,307354213.2089
2025-05-28 01:00:00,109131.9,109217.8,108528.2,108581.2,2195.454,238879279.3081
2025-05-28 02:00:00,108581.2,108820.4,108304.1,108550.0,3613.769,392373284.5425
2025-05-28 03:00:00,108550.0,108888.0,108487.6,108793.8,1379.575,149986300.0164
2025-05-28 04:00:00,108793.8,109005.3,108550.0,108917.0,1428.43,155433318.7827
2025-05-28 05:00:00,108917.0,109032.1,108774.3,108922.4,951.28,103612999.9084
2025-05-28 06:00:00,108922.4,108922.5,108564.3,108663.6,1311.687,142589135.3927
2025-05-28 07:00:00,108663.6,109001.0,108655.2,108750.0,1597.284,173896731.3303
2025-05-28 08:00:00,108750.0,109070.8,108509.1,108976.7,2500.304,272023481.2019
2025-05-28 09:00:00,108976.7,109015.7,108438.0,108742.2,2591.793,281617202.0424
2025-05-28 10:00:00,108742.2,108888.0,108171.3,108770.3,3695.001,400949021.2809
2025-05-28 11:00:00,108770.3,108883.0,108642.2,108800.1,1186.346,129028960.3138
2025-05-28 12:00:00,108800.1,109000.0,108719.2,108828.2,1957.956,213202308.4004
2025-05-28 13:00:00,108828.2,108935.1,107939.5,108004.5,6884.963,746485516.4343
2025-05-28 14:00:00,108004.5,108195.0,107434.2,107484.3,9149.672,986105330.7675
2025-05-28 15:00:00,107484.3,107659.7,106973.9,107071.4,7198.312,772282318.2944
2025-05-28 16:00:00,107071.4,107421.0,107071.4,107388.3,3638.104,390189237.326
2025-05-28 17:00:00,107388.3,107800.0,107306.7,107640.9,4427.933,476385231.3609
2025-05-28 18:00:00,107640.9,107795.5,107333.0,107425.5,2039.026,219338349.3577
2025-05-28 19:00:00,107425.5,107757.2,106841.5,106883.4,3746.163,401705535.7681
2025-05-28 20:00:00,106883.4,107364.6,106718.0,107282.9,3441.297,368276719.4723
2025-05-28 21:00:00,107282.9,107548.0,107136.9,107455.1,1294.656,138966573.0737
2025-05-28 22:00:00,107455.1,107455.1,107102.6,107359.1,1129.04,121127849.5268
2025-05-28 23:00:00,107359.1,108017.2,107359.0,107738.9,4411.678,475617174.2561
2025-05-29 00:00:00,107738.9,108270.5,107395.0,108251.1,3473.701,374480486.3779
2025-05-29 01:00:00,108251.1,108299.9,107753.0,108114.2,3463.691,374121528.1847
2025-05-29 02:00:00,108114.2,108437.9,107890.9,108389.1,2515.678,272133255.7182
2025-05-29 03:00:00,108389.1,108390.7,107913.0,108002.4,1786.06,193124291.4181
2025-05-29 04:00:00,108002.4,108065.4,106880.0,107515.3,6375.631,684782243.3411
2025-05-29 05:00:00,107515.3,107731.8,107429.4,107644.1,1792.976,192912773.789
2025-05-29 06:00:00,107644.1,107904.5,107608.2,107871.5,1233.216,132914149.3648
2025-05-29 07:00:00,107871.5,107967.5,107708.0,107824.9,1200.702,129477791.4974
2025-05-29 08:00:00,107824.9,108540.9,107576.5,108439.1,4412.888,477238692.7569
2025-05-29 09:00:00,108439.1,108600.0,108264.6,108466.9,2532.444,274592018.1491
2025-05-29 10:00:00,108466.9,108820.0,108349.7,108702.1,3284.757,356747789.3892
2025-05-29 11:00:00,108702.1,108850.0,108620.9,108741.4,2941.739,319919553.5738
2025-05-29 12:00:00,108741.4,108773.3,108302.6,108379.8,4685.771,508530708.821
2025-05-29 13:00:00,108379.8,108537.5,107370.0,107550.0,11302.27,1218723652.5797
2025-05-29 14:00:00,107550.0,107775.0,106339.4,107550.5,15012.111,1607412997.9226
2025-05-29 15:00:00,107550.5,107679.9,106889.6,106965.1,4786.043,513478152.0292
2025-05-29 16:00:00,106965.1,107120.0,106500.9,106676.9,6483.355,692634607.6148
2025-05-29 17:00:00,106676.9,106839.9,106030.5,106252.0,7776.982,827675009.8809
2025-05-29 18:00:00,106252.0,106589.5,105766.2,105796.0,6400.313,679641861.4479
2025-05-29 19:00:00,105796.0,106052.3,105600.0,105692.9,6225.535,658729503.6718
2025-05-29 20:00:00,105692.9,106183.2,105682.8,106137.6,3918.011,415380045.6151
2025-05-29 21:00:00,106137.6,106434.5,106065.4,106424.4,1829.178,194387410.4638
2025-05-29 22:00:00,106424.4,106425.0,105873.0,105881.5,1828.156,194065955.4445
2025-05-29 23:00:00,105881.5,106051.2,105250.0,105550.0,4656.962,491712600.4806
2025-05-30 00:00:00,105550.0,106175.1,104520.1,104880.4,13109.863,1378872011.079
2025-05-30 01:00:00,104880.4,105890.8,104859.0,105634.0,7579.865,798764420.997
2025-05-30 02:00:00,105634.0,106133.4,105612.6,105965.3,3046.882,322770852.7033
2025-05-30 03:00:00,105965.3,106150.0,105885.0,105982.0,1559.112,165333413.0666
2025-05-30 04:00:00,105982.0,106106.6,105855.8,106067.3,1707.257,180897082.1877
2025-05-30 05:00:00,106067.3,106278.3,105974.7,106032.0,1427.106,151452552.2889
2025-05-30 06:00:00,106032.0,106085.0,105473.6,105681.4,2919.444,308779395.8105
2025-05-30 07:00:00,105681.4,105830.0,104680.2,104996.9,7950.694,835839678.622
2025-05-30 08:00:00,104996.9,105319.0,104790.3,105132.5,4584.09,481583015.1501
2025-05-30 09:00:00,105132.5,105670.0,104555.1,105640.5,7727.083,812893225.1015
2025-05-30 10:00:00,105640.5,105986.3,105255.9,105943.9,5622.195,594105832.8209
2025-05-30 11:00:00,105943.9,105980.4,105672.7,105860.0,2167.966,229438120.1814
2025-05-30 12:00:00,105860.0,105996.6,105118.6,105665.2,5721.513,604008306.661
2025-05-30 13:00:00,105665.2,105946.8,105319.9,105446.8,4808.313,507790378.1434
2025-05-30 14:00:00,105446.8,105790.8,104971.8,105314.8,6954.347,732697303.4436
2025-05-30 15:00:00,105314.8,105799.9,105253.7,105500.0,2418.99,255420082.9214
2025-05-30 16:00:00,105500.0,105525.0,103666.0,103875.4,16112.432,1681386996.6749
2025-05-30 17:00:00,103875.4,104270.0,103817.0,104161.9,3544.932,368932940.3931
2025-05-30 18:00:00,104161.9,104875.0,104050.0,104854.4,5229.329,546839218.7305
2025-05-30 19:00:00,104854.4,104950.0,104437.5,104609.3,2170.928,227341996.4072
2025-05-30 20:00:00,104609.3,104827.7,104350.5,104553.3,2272.539,237508493.9198
2025-05-30 21:00:00,104553.3,104870.0,104528.2,104600.0,1160.195,121455495.6192
2025-05-30 22:00:00,104600.0,104780.4,103940.0,103940.0,3287.941,343026245.5444
2025-05-30 23:00:00,103940.0,104240.0,103569.0,103976.6,5100.411,529963150.9156
2025-05-31 00:00:00,103976.6,104288.8,103518.3,103947.2,3853.582,400574847.4457
2025-05-31 01:00:00,103947.2,104188.0,103233.3,103434.8,5205.742,539408519.6675
2025-05-31 02:00:00,103434.8,103835.6,103055.0,103160.7,4338.978,448845193.264
2025-05-31 03:00:00,103160.7,103667.9,103036.8,103643.0,3573.303,369339845.0074
2025-05-31 04:00:00,103643.0,103788.0,103442.7,103770.3,1681.628,174285528.58
2025-05-31 05:00:00,103770.3,103882.5,103467.8,103494.3,1748.773,181276053.2298
2025-05-31 06:00:00,103494.3,103869.0,103482.5,103815.5,1108.621,114969766.1362
2025-05-31 07:00:00,103815.5,103815.6,103585.7,103713.4,1225.457,127051938.1107
2025-05-31 08:00:00,103713.4,103787.8,103481.0,103616.9,1266.506,131260343.3083
2025-05-31 09:00:00,103616.9,103714.9,103441.6,103514.4,826.648,85603937.136
2025-05-31 10:00:00,103514.4,103573.3,103246.0,103380.4,1673.23,173023927.9289
2025-05-31 11:00:00,103380.4,103491.2,103256.0,103459.4,702.499,72637584.8445
2025-05-31 12:00:00,103459.4,103998.9,103441.3,103998.8,2176.592,225890333.4646
2025-05-31 13:00:00,103998.8,104164.5,103931.0,104078.8,2440.106,253932732.9606
2025-05-31 14:00:00,104078.8,104549.8,104078.8,104523.3,3473.373,362408589.3777
2025-05-31 15:00:00,104523.3,104800.0,104400.0,104512.9,3545.826,370766865.2852
2025-05-31 16:00:00,104512.9,104769.9,104353.8,104464.7,1888.656,197475371.0111
2025-05-31 17:00:00,104464.7,104611.8,104238.1,104337.3,1751.526,182860285.2773
2025-05-31 18:00:00,104337.3,104612.3,104337.3,104469.9,974.547,101826879.4605
2025-05-31 19:00:00,104469.9,104735.5,104469.9,104686.0,1433.181,149998122.2138
2025-05-31 20:00:00,104686.0,104795.0,104503.6,104763.9,840.733,88015890.4136
2025-05-31 21:00:00,104763.9,104879.4,104620.0,104860.7,2403.496,251865717.8458
2025-05-31 22:00:00,104860.7,104898.5,104589.6,104600.3,1377.912,144292255.0898
2025-05-31 23:00:00,104600.3,104827.7,104456.8,104566.1,2161.97,226212201.246
2025-06-01 00:00:00,104566.1,104611.4,104283.2,104414.0,2532.969,264479272.526
2025-06-01 01:00:00,104414.0,104471.7,103910.8,104085.5,2131.133,222049694.4426
2025-06-01 02:00:00,104085.5,104293.1,103863.4,104142.4,1721.517,179172275.9265
2025-06-01 03:00:00,104142.4,104416.7,103914.3,104333.1,1656.586,172514176.9578
2025-06-01 04:00:00,104333.1,104699.0,104318.7,104598.9,1148.377,120030319.7116
2025-06-01 05:00:00,104598.9,104680.0,104400.0,104498.2,728.676,76179415.8572
2025-06-01 06:00:00,104498.2,104498.3,104150.1,104222.3,1200.463,125205918.3505
2025-06-01 07:00:00,104222.3,104337.0,104150.4,104230.0,848.777,88473571.9938
2025-06-01 08:00:00,104230.0,104356.5,104170.5,104346.0,657.966,68592866.9033
2025-06-01 09:00:00,104346.0,104410.0,103696.7,103886.4,3376.179,350885858.9619
2025-06-01 10:00:00,103886.4,103990.0,103720.0,103891.4,1214.518,126148366.8503
2025-06-01 11:00:00,103891.4,104102.0,103807.2,104040.0,1075.16,111793473.7684
2025-06-01 12:00:00,104040.0,104140.7,103719.7,103917.6,1239.254,128771608.689
2025-06-01 13:00:00,103917.6,104398.7,103900.0,104225.9,1485.479,154803680.7389
2025-06-01 14:00:00,104225.9,104749.0,104225.9,104562.9,2620.82,274078307.2812
2025-06-01 15:00:00,104562.9,104773.5,104466.8,104676.9,1493.184,156257865.8396
2025-06-01 16:00:00,104676.9,105266.0,104614.5,104997.9,4661.75,489726415.535
2025-06-01 17:00:00,104997.9,105167.4,104952.8,105038.1,961.098,100968136.8192
2025-06-01 18:00:00,105038.1,105038.1,104302.4,104869.8,3459.186,362159917.2177
2025-06-01 19:00:00,104869.8,105123.4,104778.7,105084.1,1643.701,172501913.8822
2025-06-01 20:00:00,105084.1,105279.9,104856.9,104911.8,1415.853,148754721.7474
2025-06-01 21:00:00,104911.8,105479.2,104877.7,105450.0,1456.063,153223886.4937
2025-06-01 22:00:00,105450.0,105730.9,105374.5,105469.9,2622.778,276840084.3306
2025-06-01 23:00:00,105469.9,105843.6,105415.0,105614.4,2718.798,287415309.4804
2025-06-02 00:00:00,105614.4,105719.0,105361.4,105391.4,2364.995,249536945.8149
2025-06-02 01:00:00,105391.4,105619.9,105318.7,105356.5,1309.525,138085214.9916
2025-06-02 02:00:00,105356.5,105392.7,104978.5,104999.9,1780.669,187293190.9164
2025-06-02 03:00:00,104999.9,105028.0,104502.2,104786.8,3421.665,358476248.1925
2025-06-02 04:00:00,104786.8,104955.0,104650.6,104726.8,993.524,104141293.04
2025-06-02 05:00:00,104726.8,104884.5,104568.3,104785.1,1298.61,136003336.095
2025-06-02 06:00:00,104785.1,105217.6,104682.1,105115.7,2208.532,231840831.1173
2025-06-02 07:00:00,105115.7,105394.7,105115.7,105333.8,2007.539,211325136.7616
2025-06-02 08:00:00,105333.8,105894.0,105200.0,105294.5,5662.947,597737084.8523
2025-06-02 09:00:00,105294.5,105295.1,104423.1,104535.3,5342.767,559637991.3036
2025-06-02 10:00:00,104535.3,104615.0,104200.0,104330.1,4117.646,429806959.5192
2025-06-02 11:00:00,104330.1,104449.0,103868.0,104004.4,3510.413,365567541.1334
2025-06-02 12:00:00,104004.4,104227.9,103801.0,104146.5,3411.332,354822112.9987
2025-06-02 13:00:00,104146.5,104500.0,103634.6,103772.6,7712.547,801882591.5072
2025-06-02 14:00:00,103772.6,104631.4,103606.4,104119.5,9278.808,966557508.9102
2025-06-02 15:00:00,104119.5,104512.2,103848.7,104382.0,4202.576,437937431.9603
2025-06-02 16:00:00,104382.0,104388.2,103962.5,104215.8,2692.784,280509408.7845
2025-06-02 17:00:00,104215.8,104441.2,104020.4,104337.3,1962.949,204589941.8659
2025-06-02 18:00:00,104337.3,104683.0,104138.3,104306.0,2121.832,221498549.9888
2025-06-02 19:00:00,104306.0,104462.5,103985.6,104376.4,1780.657,185614865.1629
2025-06-02 20:00:00,104376.4,104948.8,104376.4,104834.3,2748.168,287814640.0142
2025-06-02 21:00:00,104834.3,105061.0,104500.6,104873.5,2257.773,236611950.4488
2025-06-02 22:00:00,104873.5,105742.0,104873.5,105643.4,4241.701,447198385.2132
2025-06-02 23:00:00,105643.4,105919.7,105509.2,105827.2,3457.617,365693193.471
2025-06-03 00:00:00,105827.2,106360.0,105716.7,106231.7,4098.862,434852376.4982
2025-06-03 01:00:00,106231.7,106459.5,106078.7,106435.8,1962.352,208547703.1452
2025-06-03 02:00:00,106435.8,106478.8,105522.3,105570.1,4853.746,514144476.8841
2025-06-03 03:00:00,105570.1,105667.9,105281.8,105426.8,2940.881,310103916.6681
2025-06-03 04:00:00,105426.8,105462.3,105061.8,105117.3,1778.655,187156009.403
2025-06-03 05:00:00,105117.3,105400.4,105117.3,105386.1,1483.912,156229714.7045
2025-06-03 06:00:00,105386.1,105400.0,105146.2,105364.9,1140.929,120099337.227
2025-06-03 07:00:00,105364.9,105378.0,105100.0,105121.9,1181.55,124341887.9478
2025-06-03 08:00:00,105121.9,105183.4,104813.9,105032.0,2565.566,269305448.214
2025-06-03 09:00:00,105032.0,105226.3,105018.0,105143.8,2073.577,217979897.5442
2025-06-03 10:00:00,105143.8,105300.0,105104.3,105239.9,1716.172,180574125.1202
2025-06-03 11:00:00,105239.9,105324.8,105125.9,105255.7,1131.274,119041189.7788
2025-06-03 12:00:00,105255.7,105417.9,105202.1,105275.0,1197.966,126135855.3734
2025-06-03 13:00:00,105275.0,105619.4,104971.9,105360.6,6009.257,633025703.5957
2025-06-03 14:00:00,105360.6,106693.0,105090.8,106510.9,10840.498,1149002300.4516
2025-06-03 15:00:00,106510.9,106773.7,106287.4,106550.6,8109.268,863908817.3249
2025-06-03 16:00:00,106550.6,106626.0,105704.3,105774.1,5085.018,539725021.3364
2025-06-03 17:00:00,105774.1,106079.0,105704.1,105880.7,3237.416,342785676.546
2025-06-03 18:00:00,105880.7,106015.3,105546.1,105942.0,3663.106,387467702.8024
2025-06-03 19:00:00,105942.0,106368.7,105941.9,106168.3,4613.152,489730255.5862
2025-06-03 20:00:00,106168.3,106195.1,105303.0,105694.9,4019.998,424874703.5117
2025-06-03 21:00:00,105694.9,105800.9,105213.7,105304.7,2747.751,289777978.756
2025-06-03 22:00:00,105304.7,105858.9,105250.0,105694.2,2609.616,275689744.8385
2025-06-03 23:00:00,105694.2,105694.4,105204.5,105324.7,2451.166,258270731.4989
2025-06-04 00:00:00,105324.7,105477.9,105052.5,105420.9,3108.777,327277843.5728
2025-06-04 01:00:00,105420.9,105680.3,105337.6,105522.8,2248.304,237242094.2573
2025-06-04 02:00:00,105522.8,105777.4,105350.0,105411.1,2223.652,234684055.9399
2025-06-04 03:00:00,105411.1,105689.3,105375.6,105463.1,1558.91,164573485.1705
2025-06-04 04:00:00,105463.1,105551.7,105350.0,105359.5,1140.334,120239797.1622
2025-06-04 05:00:00,105359.5,105468.4,105283.0,105300.1,1246.474,131321871.7619
2025-06-04 06:00:00,105300.1,105393.0,105200.0,105236.8,1176.031,123803269.3716
2025-06-04 07:00:00,105236.8,105414.9,105206.5,105253.7,835.518,87970856.8374
2025-06-04 08:00:00,105253.7,105541.4,105253.7,105379.9,1248.488,131602521.1268
2025-06-04 09:00:00,105379.9,105856.9,105267.8,105768.3,1962.788,207219502.717
2025-06-04 10:00:00,105768.3,105952.9,105600.0,105649.1,1991.308,210591087.7956
2025-06-04 11:00:00,105649.1,105749.9,105050.0,105056.6,3987.753,419877215.7384
2025-06-04 12:00:00,105056.6,105130.8,104758.9,105000.1,6757.129,709249414.4305
2025-06-04 13:00:00,105000.1,105240.7,104671.0,104725.3,4603.695,483071213.0145
2025-06-04 14:00:00,104725.3,104999.9,104135.3,104982.6,10062.285,1051572519.5378
2025-06-04 15:00:00,104982.6,105492.5,104853.2,105238.2,8178.499,860902512.0524
2025-06-04 16:00:00,105238.2,105411.0,105035.0,105394.1,2283.662,240310108.516
2025-06-04 17:00:00,105394.1,105425.0,104892.2,104989.1,2856.087,300227204.1627
2025-06-04 18:00:00,104989.1,105243.7,104868.0,104899.9,2218.848,233156920.286
2025-06-04 19:00:00,104899.9,105054.6,104825.0,104863.1,2526.008,265062301.2564
2025-06-04 20:00:00,104863.1,104920.0,104355.1,104572.3,3211.868,335963677.7232
2025-06-04 21:00:00,104572.3,105013.3,104512.6,104880.1,1750.283,183354940.0244
2025-06-04 22:00:00,104880.1,104999.0,104671.3,104712.4,1045.051,109520928.3207
2025-06-04 23:00:00,104712.4,104813.6,104552.5,104630.0,896.526,93827477.9945
2025-06-05 00:00:00,104630.0,104914.7,104581.6,104914.6,1601.729,167841845.9381
2025-06-05 01:00:00,104914.6,105094.4,104623.9,104711.3,1540.561,161573991.2902
2025-06-05 02:00:00,104711.3,105213.5,104711.3,104940.9,2381.532,250145992.6784
2025-06-05 03:00:00,104940.9,105013.8,104820.1,104980.8,808.186,84789445.6413
2025-06-05 04:00:00,104980.8,105200.0,104980.8,105138.0,1063.713,111813140.7211
2025-06-05 05:00:00,105138.0,105153.7,104516.0,104602.3,2397.351,251256694.7593
2025-06-05 06:00:00,104602.3,104661.6,104307.6,104401.8,3070.734,320778353.4397
2025-06-05 07:00:00,104401.8,104580.2,104353.1,104461.2,1311.693,137053118.1634
2025-06-05 08:00:00,104461.2,104635.9,104366.7,104635.2,1127.085,117837912.9426
2025-06-05 09:00:00,104635.2,104876.4,104612.0,104848.8,1749.659,183303688.8934
2025-06-05 10:00:00,104848.8,104848.9,104456.6,104604.2,2033.704,212737276.0297
2025-06-05 11:00:00,104604.2,104800.5,104490.6,104771.7,1308.4,136974622.6589
2025-06-05 12:00:00,104771.7,105749.9,104730.5,105594.8,7308.384,770002349.5458
2025-06-05 13:00:00,105594.8,105866.7,104250.0,104468.9,11906.821,1251762233.1315
2025-06-05 14:00:00,104468.9,104927.4,103830.0,104590.1,14991.45,1563332396.2582
2025-06-05 15:00:00,104590.1,104820.0,104274.3,104483.0,5044.922,527497069.3319
2025-06-05 16:00:00,104483.0,104547.0,103233.0,103233.0,11921.104,1237760567.1194
2025-06-05 17:00:00,103233.0,103557.1,103100.0,103200.0,6752.663,697626005.1319
2025-06-05 18:00:00,103200.0,103323.9,102522.6,102964.7,9842.559,1013182995.8267
2025-06-05 19:00:00,102964.7,102998.1,101490.8,101870.0,17061.003,1741476040.4155
2025-06-05 20:00:00,101870.0,102139.1,100350.0,100447.7,21967.427,2220861683.6369
2025-06-05 21:00:00,100447.7,101639.2,100380.0,101505.4,12192.895,1232213861.0643
2025-06-05 22:00:00,101505.4,101676.4,100984.1,101453.9,3855.484,390640526.9044
2025-06-05 23:00:00,101453.9,101788.6,101420.8,101455.2,1818.834,184809065.9213
2025-06-06 00:00:00,101455.2,101866.7,101046.0,101856.0,4880.502,495070170.9395
2025-06-06 01:00:00,101856.0,101908.1,101627.2,101800.0,1508.549,153546088.5853
2025-06-06 02:00:00,101800.0,102168.6,101488.0,102154.2,2230.817,227079335.6857
2025-06-06 03:00:00,102154.2,102470.0,101993.9,102449.9,2413.82,246839216.2162
2025-06-06 04:00:00,102449.9,102750.0,102340.2,102730.0,2876.259,294928787.1041
2025-06-06 05:00:00,102730.0,102900.0,102629.0,102900.0,2351.148,241623612.4881
2025-06-06 06:00:00,102900.0,103163.7,102825.1,103120.4,3810.628,392523251.1087
2025-06-06 07:00:00,103120.4,103419.2,103001.0,103099.9,3031.521,312762328.4244
2025-06-06 08:00:00,103099.9,103545.7,103099.9,103460.2,2883.673,298161835.871
2025-06-06 09:00:00,103460.2,103700.0,103454.7,103593.4,3975.143,411790656.9502
2025-06-06 10:00:00,103593.4,103773.4,103503.5,103635.7,2048.203,212270034.7812
2025-06-06 11:00:00,103635.7,103949.6,103599.0,103873.4,3296.471,342149137.993
2025-06-06 12:00:00,103873.4,104271.4,103463.9,103704.8,10442.617,1084979011.0769
2025-06-06 13:00:00,103704.8,104481.3,103704.7,104045.2,7214.852,751408495.1956
2025-06-06 14:00:00,104045.2,104868.4,103942.4,104720.1,7799.643,815167300.4212
2025-06-06 15:00:00,104720.1,105320.4,104565.3,105035.2,10025.318,1051798504.293
2025-06-06 16:00:00,105035.2,105249.5,104639.8,104709.9,4359.669,457683869.869
2025-06-06 17:00:00,104709.9,104911.4,104374.3,104882.1,4847.755,507059148.2175
2025-06-06 18:00:00,104882.1,104931.5,104411.5,104448.3,2885.201,301839865.919
2025-06-06 19:00:00,104448.3,104562.9,104012.0,104167.4,2805.607,292547871.4508
2025-06-06 20:00:00,104167.4,104584.9,104111.0,104428.5,1438.711,150158741.9859
2025-06-06 21:00:00,104428.5,104437.4,104228.1,104326.3,1320.121,137709699.6491
2025-06-06 22:00:00,104326.3,104427.5,104176.6,104427.5,721.634,75251677.9368
2025-06-06 23:00:00,104427.5,104427.5,104147.0,104227.5,686.795,71589930.3239
2025-06-07 00:00:00,104227.5,104458.0,103811.0,104458.0,2818.181,293325654.9347
2025-06-07 01:00:00,104458.0,104514.0,104300.0,104391.0,1217.955,127156209.6117
2025-06-07 02:00:00,104391.0,104573.5,104275.8,104475.8,1567.597,163686229.3905
2025-06-07 03:00:00,104475.8,104900.4,104429.5,104842.7,4338.073,454209398.1828
2025-06-07 04:00:00,104842.7,104853.0,104626.0,104792.0,1594.205,166960066.4879
2025-06-07 05:00:00,104792.0,104977.7,104720.5,104838.7,1353.487,141896173.3023
2025-06-07 06:00:00,104838.7,105292.6,104759.0,105291.3,2186.19,229609835.7139
2025-06-07 07:00:00,105291.3,105292.6,104780.0,104817.0,2836.714,297753108.7195
2025-06-07 08:00:00,104817.0,104907.2,104645.4,104700.8,1293.294,135516651.9762
2025-06-07 09:00:00,104700.8,104898.0,104700.7,104786.5,1163.564,121957440.4574
2025-06-07 10:00:00,104786.5,105135.0,104774.1,105083.1,1945.295,204232580.7888
2025-06-07 11:00:00,105083.1,105215.2,105006.7,105093.7,1465.551,154067346.9
2025-06-07 12:00:00,105093.7,105666.0,105093.6,105413.7,4456.344,469777688.5045
2025-06-07 13:00:00,105413.7,105766.7,105250.5,105567.0,3128.684,330270356.1132
2025-06-07 14:00:00,105567.0,105666.7,105333.4,105368.9,2710.697,285958129.6394
2025-06-07 15:00:00,105368.9,105537.5,105267.3,105505.1,1378.588,145311307.1423
2025-06-07 16:00:00,105505.1,105625.7,105220.7,105297.0,1380.819,145558686.9073
2025-06-07 17:00:00,105297.0,105516.0,105285.5,105343.2,935.497,98608051.3074
2025-06-07 18:00:00,105343.2,105848.0,105343.2,105568.0,2535.271,267864764.0285
2025-06-07 19:00:00,105568.0,105842.8,105558.9,105678.1,2384.922,252153540.2594
2025-06-07 20:00:00,105678.1,105865.9,105674.3,105799.9,1027.056,108658388.5594
2025-06-07 21:00:00,105799.9,105821.5,105650.2,105715.0,629.568,66580959.1655
2025-06-07 22:00:00,105715.0,105862.4,105610.1,105771.6,809.359,85600689.399
2025-06-07 23:00:00,105771.6,105771.6,105472.3,105499.9,1467.873,154997571.4447
2025-06-08 00:00:00,105499.9,105611.9,105386.2,105419.9,866.891,91417545.9177
2025-06-08 01:00:00,105419.9,105732.0,105340.0,105635.9,724.024,76410856.0408
2025-06-08 02:00:00,105635.9,105636.0,105385.7,105389.9,554.115,58443269.6275
2025-06-08 03:00:00,105389.9,105444.0,105347.6,105415.8,418.946,44151019.523
2025-06-08 04:00:00,105415.8,105587.2,105352.3,105556.0,524.982,55385528.5339
2025-06-08 05:00:00,105556.0,105586.7,105352.6,105377.8,531.462,56054639.9726
2025-06-08 06:00:00,105377.8,105542.0,105375.0,105388.4,486.288,51280154.3956
2025-06-08 07:00:00,105388.4,105510.3,105355.0,105370.4,458.242,48301885.1007
2025-06-08 08:00:00,105370.4,105454.5,105311.2,105323.5,471.016,49639585.9793
2025-06-08 09:00:00,105323.5,105358.9,105020.9,105077.6,2263.845,238128528.5215
2025-06-08 10:00:00,105077.6,105418.5,104924.7,105293.8,2393.558,251653266.2209
2025-06-08 11:00:00,105293.8,105664.4,105293.7,105634.2,2523.234,266253616.7713
2025-06-08 12:00:00,105634.2,105725.0,105452.4,105660.0,1564.965,165250334.8132
2025-06-08 13:00:00,105660.0,106097.0,105485.7,105560.2,3707.63,392243574.0321
2025-06-08 14:00:00,105560.2,105849.7,105497.2,105771.0,1300.352,137405232.8387
2025-06-08 15:00:00,105771.0,106049.3,105757.2,105921.5,2188.346,231802097.9635
2025-06-08 16:00:00,105921.5,106312.2,105879.4,106135.3,3812.432,404514417.8199
2025-06-08 17:00:00,106135.3,106300.0,106016.6,106028.9,1831.148,194424175.1781
2025-06-08 18:00:00,106028.9,106261.0,105960.8,106241.3,842.04,89378519.6429
2025-06-08 19:00:00,106241.3,106268.5,106105.9,106239.8,716.42,76092173.7071
2025-06-08 20:00:00,106239.8,106267.1,106060.0,106092.3,521.256,55351532.7144
2025-06-08 21:00:00,106092.3,106441.8,106092.2,106273.4,1332.678,141646486.7131
2025-06-08 22:00:00,106273.4,106313.0,105625.5,105717.0,3324.097,351919586.0868
2025-06-08 23:00:00,105717.0,105734.1,105500.0,105670.8,2034.656,214884463.8548
2025-06-09 00:00:00,105670.8,105932.1,105532.3,105650.0,2252.35,238061529.059
2025-06-09 01:00:00,105650.0,105697.0,105381.0,105473.8,1868.293,197142981.8591
2025-06-09 02:00:00,105473.8,105675.0,105412.0,105507.5,1056.897,111557413.6465
2025-06-09 03:00:00,105507.5,105657.6,105252.6,105610.7,1538.558,162219389.5838
2025-06-09 04:00:00,105610.7,105672.9,105362.7,105388.1,746.421,78777555.7813
2025-06-09 05:00:00,105388.1,105473.8,105286.0,105330.0,1051.282,110763752.9498
2025-06-09 06:00:00,105330.0,105660.0,105264.1,105651.9,1076.916,113596758.3061
2025-06-09 07:00:00,105651.9,105651.9,105446.7,105511.4,641.451,67685954.9322
2025-06-09 08:00:00,105511.4,105906.2,105433.2,105878.8,1767.579,186809996.7759
2025-06-09 09:00:00,105878.8,106880.1,105782.7,106584.9,9166.688,976201894.6898
2025-06-09 10:00:00,106584.9,107446.4,106534.7,107163.0,9690.931,1038002515.4798
2025-06-09 11:00:00,107163.0,107775.9,107104.8,107723.1,7431.934,798946901.9565
2025-06-09 12:00:00,107723.1,107950.0,107519.7,107704.1,4362.249,469904495.2407
2025-06-09 13:00:00,107704.1,107859.8,106835.4,106973.2,7163.736,768942678.4902
2025-06-09 14:00:00,106973.2,108033.4,106973.2,107581.9,7706.039,828896711.5475
2025-06-09 15:00:00,107581.9,108012.9,107486.0,107592.8,4791.693,516501912.7956
2025-06-09 16:00:00,107592.8,108180.0,107592.7,107657.6,4314.822,465473156.3761
2025-06-09 17:00:00,107657.6,108401.6,107604.6,108297.0,4903.737,530362216.6613
2025-06-09 18:00:00,108297.0,108536.4,108239.1,108415.3,3420.244,370750080.8398
2025-06-09 19:00:00,108415.3,108733.4,108280.2,108512.9,3649.443,396064177.8087
2025-06-09 20:00:00,108512.9,108685.2,108372.2,108641.8,1536.155,166783341.7579
2025-06-09 21:00:00,108641.8,110660.8,108641.7,109923.7,16501.215,1810202392.903
2025-06-09 22:00:00,109923.7,110392.6,109661.7,110132.6,5140.244,565685181.958
2025-06-09 23:00:00,110132.6,110263.6,109843.7,110219.9,2624.54,288836076.9372
2025-06-10 00:00:00,110219.9,110273.5,109875.0,109875.1,2085.646,229565369.7858
2025-06-10 01:00:00,109875.1,109926.6,109592.7,109750.0,1879.946,206345288.1298
2025-06-10 02:00:00,109750.0,109750.1,109342.2,109602.7,2290.655,250926299.3325
2025-06-10 03:00:00,109602.7,109646.9,109342.4,109517.7,1476.684,161613379.5129
2025-06-10 04:00:00,109517.7,109594.5,109317.8,109482.3,1086.912,118941488.4708
2025-06-10 05:00:00,109482.3,109683.0,109156.2,109263.9,2348.558,256816145.3307
2025-06-10 06:00:00,109263.9,109596.6,109084.5,109450.1,1643.12,179642516.2865
2025-06-10 07:00:00,109450.1,109464.8,109050.0,109170.9,1643.858,179579197.151
2025-06-10 08:00:00,109170.9,109367.0,109016.0,109044.9,1541.215,168272642.8013
2025-06-10 09:00:00,109044.9,109487.9,109035.0,109473.6,1751.153,191375982.1274
2025-06-10 10:00:00,109473.6,109549.4,109225.7,109263.5,1599.81,175007216.9453
2025-06-10 11:00:00,109263.5,109812.0,109156.8,109507.1,5049.242,553545308.4701
2025-06-10 12:00:00,109507.1,109671.9,109376.9,109654.9,2177.32,238441002.3182
2025-06-10 13:00:00,109654.9,109863.0,108799.0,109274.4,7596.922,829876856.2796
2025-06-10 14:00:00,109274.4,109299.9,108425.2,108578.0,6605.947,718450325.7455
2025-06-10 15:00:00,108578.0,109165.7,108279.2,108972.4,7226.298,785793166.6418
2025-06-10 16:00:00,108972.4,109229.8,108650.0,108693.4,2709.465,295274812.6894
2025-06-10 17:00:00,108693.4,109040.9,108562.7,108662.2,1799.587,195770128.7069
2025-06-10 18:00:00,108662.2,109449.7,108464.3,109239.2,2564.225,279510149.1809
2025-06-10 19:00:00,109239.2,110351.0,109239.1,109476.1,8234.747,904490439.7148
2025-06-10 20:00:00,109476.1,109960.0,109206.1,109912.0,2707.677,296584236.4151
2025-06-10 21:00:00,109912.0,109950.4,109346.0,109817.5,2460.17,269846951.7138
2025-06-10 22:00:00,109817.5,110122.0,109558.8,109676.4,2572.586,282701845.8792
2025-06-10 23:00:00,109676.4,110251.4,109515.2,110227.5,2201.285,241994585.3841
2025-06-11 00:00:00,110227.5,110234.0,109727.3,109774.7,2065.069,227047200.3534
2025-06-11 01:00:00,109774.7,109796.8,109519.7,109552.1,1379.609,151242407.6719
2025-06-11 02:00:00,109552.1,109800.0,109487.9,109636.0,915.546,100343931.1268
2025-06-11 03:00:00,109636.0,109812.4,109568.4,109670.6,859.364,94265075.4772
2025-06-11 04:00:00,109670.6,109686.7,109504.7,109519.9,486.324,53290719.4769
2025-06-11 05:00:00,109519.9,109623.2,109375.0,109422.7,1162.918,127304508.5001
2025-06-11 06:00:00,109422.7,109632.5,109311.0,109537.8,1073.286,117455662.181
2025-06-11 07:00:00,109537.8,109684.7,109381.5,109381.5,1151.349,126120706.0603
2025-06-11 08:00:00,109381.5,109625.3,109381.5,109509.5,1045.425,114466253.6835
2025-06-11 09:00:00,109509.5,109550.0,109157.9,109211.7,1679.568,183586741.6217
2025-06-11 10:00:00,109211.7,109434.6,109113.8,109324.9,1261.375,137825534.7937
2025-06-11 11:00:00,109324.9,109338.6,109155.7,109200.9,863.653,94332332.9114
2025-06-11 12:00:00,109200.9,109942.3,108967.0,109667.8,11164.719,1223016406.177
2025-06-11 13:00:00,109667.8,109844.0,109217.3,109637.3,5849.224,640717251.9494
2025-06-11 14:00:00,109637.3,110375.5,109589.0,109829.4,9297.585,1023102664.8443
2025-06-11 15:00:00,109829.4,109999.9,109594.2,109697.6,3666.494,402533636.3304
2025-06-11 16:00:00,109697.6,109770.5,109303.0,109406.6,3536.949,387174364.0185
2025-06-11 17:00:00,109406.6,109718.1,108905.3,108932.0,4514.16,493275394.3089
2025-06-11 18:00:00,108932.0,109025.4,108355.5,108754.1,6855.659,745150681.6892
2025-06-11 19:00:00,108754.1,108919.6,108501.2,108697.7,2962.977,322045352.2196
2025-06-11 20:00:00,108697.7,108965.8,108420.0,108861.5,2316.893,251905279.4891
2025-06-11 21:00:00,108861.5,109180.1,108280.0,108450.8,2719.086,295501414.6654
2025-06-11 22:00:00,108450.8,108579.5,108006.6,108399.9,6160.271,667116917.4437
2025-06-11 23:00:00,108399.9,108649.0,108263.6,108611.1,1653.752,179416086.8422
2025-06-12 00:00:00,108611.1,108782.5,108254.8,108665.0,2109.945,229021198.1246
2025-06-12 01:00:00,108665.0,108665.0,108206.7,108487.2,1686.856,182868300.3875
2025-06-12 02:00:00,108487.2,108740.8,108320.0,108334.5,1764.692,191537628.1134
2025-06-12 03:00:00,108334.5,108400.0,107673.4,107831.1,4714.335,508744688.2592
2025-06-12 04:00:00,107831.1,107894.4,107305.1,107723.2,3355.39,360992885.5656
2025-06-12 05:00:00,107723.2,107882.0,107553.0,107697.1,1514.106,163104143.3191
2025-06-12 06:00:00,107697.1,107950.0,107578.7,107858.7,1281.495,138116854.8834
2025-06-12 07:00:00,107858.7,107920.0,107358.2,107567.2,1683.008,181116260.3295
2025-06-12 08:00:00,107567.2,107805.0,107379.2,107686.2,2260.533,243320699.5818
2025-06-12 09:00:00,107686.2,107739.6,107434.5,107450.3,1355.811,145830711.2266
2025-06-12 10:00:00,107450.3,107476.6,107139.9,107270.9,3655.045,392080232.6604
2025-06-12 11:00:00,107270.9,107298.2,106830.0,106856.0,3677.277,393579658.3776
2025-06-12 12:00:00,106856.0,107374.8,106820.9,106940.0,4664.295,499339583.9583
2025-06-12 13:00:00,106940.0,107152.8,106554.3,107027.5,6602.132,705595156.2693
2025-06-12 14:00:00,107027.5,107689.8,107027.4,107577.6,6039.221,648824547.2258
2025-06-12 15:00:00,107577.6,107775.1,106837.6,106967.4,6165.714,661568312.8611
2025-06-12 16:00:00,106967.4,107837.8,106930.0,107702.5,4830.15,519277776.2221
2025-06-12 17:00:00,107702.5,108400.0,107678.7,108249.9,4745.229,512833987.241
2025-06-12 18:00:00,108249.9,108383.6,107145.5,107529.1,4691.678,505356092.851
2025-06-12 19:00:00,107529.1,107841.2,106600.0,106735.2,6439.703,689887486.5452
2025-06-12 20:00:00,106735.2,106911.7,105699.0,105902.0,11530.866,1225176785.1212
2025-06-12 21:00:00,105902.0,106374.0,105781.6,105826.1,4050.474,429599923.3494
2025-06-12 22:00:00,105826.1,106171.5,105644.3,105830.1,4516.022,478046083.9226
2025-06-12 23:00:00,105830.1,106085.6,105579.8,105600.9,2549.587,269902446.5496
2025-06-13 00:00:00,105600.9,105640.0,103130.8,103737.1,30550.009,3187058569.4655
2025-06-13 01:00:00,103737.1,103837.3,102626.9,103720.0,13555.398,1399061176.5294
2025-06-13 02:00:00,103720.0,103932.9,103020.2,103609.8,6586.197,682024797.2635
2025-06-13 03:00:00,103609.8,104600.0,103583.7,104251.0,6704.978,698559237.5452
2025-06-13 04:00:00,104251.0,104469.0,103734.2,104363.8,3623.635,377227943.4912
2025-06-13 05:00:00,104363.8,104419.6,103944.9,103968.4,2500.793,260574925.0604
2025-06-13 06:00:00,103968.4,104687.9,103775.0,104682.3,4293.313,447163143.1769
2025-06-13 07:00:00,104682.3,104923.5,104328.6,104839.7,3827.932,400569274.1103
2025-06-13 08:00:00,104839.7,105425.5,104643.2,104691.0,5763.93,605526028.6186
2025-06-13 09:00:00,104691.0,104874.7,104441.9,104772.3,2994.354,313309867.0695
2025-06-13 10:00:00,104772.3,104878.5,104359.4,104816.0,2609.202,273020815.2609
2025-06-13 11:00:00,104816.0,105008.1,104600.0,104996.4,2663.316,279205225.7572
2025-06-13 12:00:00,104996.4,105252.6,104769.5,104806.0,3065.41,321880021.5184
2025-06-13 13:00:00,104806.0,105279.8,104619.7,104678.5,4385.512,460034964.0282
2025-06-13 14:00:00,104678.5,104968.0,104057.2,104912.6,8096.733,846118365.1837
2025-06-13 15:00:00,104912.6,105729.8,104814.0,105387.9,8197.23,863817064.344
2025-06-13 16:00:00,105387.9,105921.8,105260.5,105729.9,5328.792,562937088.4668
2025-06-13 17:00:00,105729.9,105729.9,104804.6,105315.3,4956.464,521318205.5137
2025-06-13 18:00:00,105315.3,105425.0,104590.9,105130.0,4684.462,491642074.7042
2025-06-13 19:00:00,105130.0,105391.9,104831.6,105047.6,2423.113,254667350.9003
2025-06-13 20:00:00,105047.6,105483.9,104958.0,105386.0,1535.017,161579396.5652
2025-06-13 21:00:00,105386.0,105742.3,105266.8,105562.3,1302.549,137420902.5373
2025-06-13 22:00:00,105562.3,105819.7,105493.6,105696.3,1403.893,148357088.9594
2025-06-13 23:00:00,105696.3,106140.0,105696.2,106023.1,1597.522,169214766.7259
2025-06-14 00:00:00,106023.1,106168.8,105642.8,105758.8,2845.516,301295220.1336
2025-06-14 01:00:00,105758.8,105758.8,105381.5,105420.0,1582.308,166926326.8859
2025-06-14 02:00:00,105420.0,105564.9,105253.1,105337.8,818.716,86258406.0128
2025-06-14 03:00:00,105337.8,105400.0,105140.5,105185.3,963.811,101437487.1615
2025-06-14 04:00:00,105185.3,105357.5,105163.1,105318.0,716.061,75377557.8362
2025-06-14 05:00:00,105318.0,105361.4,105193.0,105238.0,1006.523,105956513.3674
2025-06-14 06:00:00,105238.0,105274.0,105044.1,105044.1,1631.877,171544485.3514
2025-06-14 07:00:00,105044.1,105080.0,104723.5,105016.0,2449.063,257004515.4726
2025-06-14 08:00:00,105016.0,105072.8,104800.0,105042.6,1029.375,108015827.8488
2025-06-14 09:00:00,105042.6,105058.1,104800.0,104820.9,848.598,89035578.1033
2025-06-14 10:00:00,104820.9,105065.8,104788.4,104951.0,567.729,59573478.7908
2025-06-14 11:00:00,104951.0,105047.0,104885.8,105034.0,971.054,101940825.8115
2025-06-14 12:00:00,105034.0,105046.9,104672.0,104987.7,1621.614,170046740.4326
2025-06-14 13:00:00,104987.7,105070.8,104842.8,104964.9,1112.648,116765176.4301
2025-06-14 14:00:00,104964.9,105015.0,104775.5,104858.5,875.305,91802591.5419
2025-06-14 15:00:00,104858.5,104930.8,104556.2,104780.6,1689.634,176935531.1284
2025-06-14 16:00:00,104780.6,104852.2,104316.0,104398.1,2665.04,278570982.0692
2025-06-14 17:00:00,104398.1,104672.3,104341.3,104558.3,1146.231,119815757.6065
2025-06-14 18:00:00,104558.3,104940.0,104285.0,104847.7,3713.389,388573573.6271
2025-06-14 19:00:00,104847.7,105015.6,104602.1,104610.5,3164.375,331825009.5733
2025-06-14 20:00:00,104610.5,104973.0,104250.0,104858.8,4219.795,441462459.4178
2025-06-14 21:00:00,104858.8,105425.7,104818.4,105277.3,3443.839,361962410.2403
2025-06-14 22:00:00,105277.3,105454.3,105251.5,105387.3,1479.32,155884468.7959
2025-06-14 23:00:00,105387.3,105447.7,105300.0,105356.7,831.739,87646339.739
2025-06-15 00:00:00,105356.7,105619.2,105215.1,105593.4,1627.071,171527235.2425
2025-06-15 01:00:00,105593.4,105630.9,105354.7,105367.6,931.836,98269455.6574
2025-06-15 02:00:00,105367.6,105576.0,105367.5,105426.2,687.706,72552910.6745
2025-06-15 03:00:00,105426.2,105529.9,105420.0,105430.5,387.054,40818330.5477
2025-06-15 04:00:00,105430.5,105522.4,105430.4,105511.0,444.729,46903600.5389
2025-06-15 05:00:00,105511.0,106056.9,105452.2,106027.7,2823.16,298818227.103
2025-06-15 06:00:00,106027.7,106080.0,105369.1,105408.6,2617.18,276569412.3598
2025-06-15 07:00:00,105408.6,105415.4,105145.1,105391.8,1789.649,188458920.6572
2025-06-15 08:00:00,105391.8,105440.0,105101.3,105164.7,1511.617,159064953.1028
2025-06-15 09:00:00,105164.7,105164.7,104820.0,104884.6,2281.964,239513558.3022
2025-06-15 10:00:00,104884.6,105146.9,104884.6,105075.5,1277.443,134163871.8142
2025-06-15 11:00:00,105075.5,105117.0,104870.9,104933.2,980.45,102918758.475
2025-06-15 12:00:00,104933.2,105258.0,104906.6,105240.0,1289.772,135567780.1919
2025-06-15 13:00:00,105240.0,105617.5,105173.7,105489.1,3280.487,345851862.7247
2025-06-15 14:00:00,105489.1,105798.1,105268.9,105630.3,2104.634,222172253.4314
2025-06-15 15:00:00,105630.3,105765.0,105491.3,105533.2,1412.729,149217391.3038
2025-06-15 16:00:00,105533.2,105652.6,105294.8,105533.6,1909.505,201343644.4243
2025-06-15 17:00:00,105533.6,105746.1,105436.2,105639.6,689.015,72764153.2421
2025-06-15 18:00:00,105639.6,105639.7,105426.8,105441.1,550.366,58063672.0362
2025-06-15 19:00:00,105441.1,105545.5,105024.1,105246.3,1669.988,175719169.5664
2025-06-15 20:00:00,105246.3,105255.0,104550.0,104687.5,3066.542,321433766.7285
2025-06-15 21:00:00,104687.5,104789.6,104433.0,104752.1,2142.779,224136504.8039
2025-06-15 22:00:00,104752.1,105330.5,104682.0,105217.8,2629.359,276289026.6191
2025-06-15 23:00:00,105217.8,105576.0,105167.1,105547.8,1320.333,139179942.4921
2025-06-16 00:00:00,105547.8,105742.0,105307.9,105396.0,2352.661,248158770.4299
2025-06-16 01:00:00,105396.0,105866.9,104921.2,105765.9,3796.139,400007735.6659
2025-06-16 02:00:00,105765.9,105946.2,105633.0,105737.0,2400.039,253950988.7022
2025-06-16 03:00:00,105737.0,105931.3,105666.8,105875.4,974.671,103155977.4152
2025-06-16 04:00:00,105875.4,106370.0,105830.0,106350.0,3590.408,381070914.4212
2025-06-16 05:00:00,106350.0,106754.6,106268.2,106535.8,4071.805,433662307.7245
2025-06-16 06:00:00,106535.8,106728.0,106462.0,106541.3,1784.601,190255061.2959
2025-06-16 07:00:00,106541.3,107237.5,106541.3,107014.0,4449.461,475977490.2869
2025-06-16 08:00:00,107014.0,107206.7,106903.0,107135.9,1889.503,202252170.0486
2025-06-16 09:00:00,107135.9,107195.8,106843.5,106919.9,1907.984,204106271.5749
2025-06-16 10:00:00,106919.9,107193.0,106686.4,106805.7,2213.494,236668744.7925
2025-06-16 11:00:00,106805.7,106941.2,106534.3,106866.2,2469.806,263650901.0447
2025-06-16 12:00:00,106866.2,106875.5,106554.0,106630.7,2331.17,248774862.0385
2025-06-16 13:00:00,106630.7,107125.7,106440.0,107095.2,4660.852,497348711.2426
2025-06-16 14:00:00,107095.2,107739.5,106712.3,107479.6,11180.629,1200122519.6615
2025-06-16 15:00:00,107479.6,107672.7,107235.1,107378.2,3829.269,411591058.2224
2025-06-16 16:00:00,107378.2,107876.0,107253.9,107716.0,3236.784,348368756.1068
2025-06-16 17:00:00,107716.0,107990.0,107564.8,107705.6,3354.456,361556383.7432
2025-06-16 18:00:00,107705.6,108244.4,107627.5,108220.1,3204.51,346113697.3508
2025-06-16 19:00:00,108220.1,108873.8,108220.0,108585.7,7755.72,841976645.8294
2025-06-16 20:00:00,108585.7,108843.3,108350.0,108749.9,3587.142,389427070.9919
2025-06-16 21:00:00,108749.9,108771.8,108248.8,108489.8,2306.595,250291724.3614
2025-06-16 22:00:00,108489.8,108955.5,107340.7,107647.1,8240.27,889587779.7753
2025-06-16 23:00:00,107647.1,107932.9,106630.0,106749.3,7523.682,806713380.2236
2025-06-17 00:00:00,106749.3,107217.0,106072.3,107194.3,10263.805,1094035230.4925
2025-06-17 01:00:00,107194.3,107369.0,106875.0,107134.8,3068.911,328701952.6066
2025-06-17 02:00:00,107134.8,107600.0,106520.7,107444.0,5133.099,549325657.6344
2025-06-17 03:00:00,107444.0,107724.9,107320.8,107558.8,2852.785,306694917.8801
2025-06-17 04:00:00,107558.8,107671.9,107268.4,107299.9,1599.6,171836476.3182
2025-06-17 05:00:00,107299.9,107365.0,106974.3,107063.6,2828.852,303070963.1029
2025-06-17 06:00:00,107063.6,107179.2,106658.8,106787.3,2479.364,265005081.9168
2025-06-17 07:00:00,106787.3,106820.0,106434.8,106732.0,3206.832,342001424.2287
2025-06-17 08:00:00,106732.0,106783.0,106441.1,106520.1,1733.842,184856958.5757
2025-06-17 09:00:00,106520.1,106612.6,106039.8,106128.4,3444.863,366074596.4304
2025-06-17 10:00:00,106128.4,106206.3,105674.1,105902.1,4569.226,483938273.3214
2025-06-17 11:00:00,105902.1,105902.1,105436.1,105590.1,4848.899,512010892.6553
2025-06-17 12:00:00,105590.1,105809.2,105348.6,105459.7,3564.518,376462964.6528
2025-06-17 13:00:00,105459.7,105700.0,105128.2,105309.3,6254.935,659235606.2961
2025-06-17 14:00:00,105309.3,105648.0,104732.0,104797.5,8345.252,877601847.9026
2025-06-17 15:00:00,104797.5,104927.6,104065.1,104192.3,11864.952,1239059122.4045
2025-06-17 16:00:00,104192.3,104434.9,103409.5,103579.9,11319.283,1176468011.269
2025-06-17 17:00:00,103579.9,104199.9,103303.4,103750.1,8071.648,837283331.9887
2025-06-17 18:00:00,103750.1,104388.1,103558.3,104368.6,4407.98,458216450.3039
2025-06-17 19:00:00,104368.6,105286.7,104368.5,104625.9,9580.375,1004962502.4632
2025-06-17 20:00:00,104625.9,104834.9,104207.2,104304.6,3971.128,414911725.6931
2025-06-17 21:00:00,104304.6,104765.7,104174.2,104500.1,2786.612,291087138.0962
2025-06-17 22:00:00,104500.1,104690.6,104142.8,104182.1,1926.545,201263039.9919
2025-06-17 23:00:00,104182.1,104683.5,104171.6,104512.7,1254.716,131068546.8233
2025-06-18 00:00:00,104512.7,104812.8,104320.0,104790.0,1688.558,176621717.7407
2025-06-18 01:00:00,104790.0,105143.5,104618.0,104726.6,2126.059,222975612.1576
2025-06-18 02:00:00,104726.6,105031.3,104632.6,104800.0,1054.661,110587300.4444
2025-06-18 03:00:00,104800.0,105186.2,104789.1,105124.6,1159.558,121799703.4229
2025-06-18 04:00:00,105124.6,105450.0,105014.4,105396.0,1841.789,193919533.8085
2025-06-18 05:00:00,105396.0,105500.0,105328.5,105362.0,1672.652,176349311.6822
2025-06-18 06:00:00,105362.0,105480.0,104835.1,104918.3,2961.239,311318420.7631
2025-06-18 07:00:00,104918.3,104961.0,104654.3,104921.2,2082.851,218367780.3956
2025-06-18 08:00:00,104921.2,105260.2,104690.6,104899.3,2204.159,231422146.0131
2025-06-18 09:00:00,104899.3,105079.7,104512.9,104651.8,1920.745,201176225.1255
2025-06-18 10:00:00,104651.8,104760.0,104132.1,104227.3,3969.714,414534433.3714
2025-06-18 11:00:00,104227.3,104810.4,104162.0,104788.9,2975.52,310938535.6358
2025-06-18 12:00:00,104788.9,104865.4,104438.5,104476.1,2238.941,234236037.3603
2025-06-18 13:00:00,104476.1,104511.6,103767.1,104394.2,7212.406,750702961.2494
2025-06-18 14:00:00,104394.2,105290.9,104172.2,104569.5,10407.319,1091346887.4874
2025-06-18 15:00:00,104569.5,104920.0,104076.7,104743.6,5051.614,528240401.9549
2025-06-18 16:00:00,104743.6,104786.7,104286.2,104366.9,3094.336,323313009.6994
2025-06-18 17:00:00,104366.9,104452.0,103554.8,104291.6,6403.603,665998691.6286
2025-06-18 18:00:00,104291.6,104666.7,103504.1,103560.0,8507.245,886203464.9468
2025-06-18 19:00:00,103560.0,104382.2,103422.3,103761.2,6152.983,639544574.5491
2025-06-18 20:00:00,103761.2,104944.0,103586.6,104770.2,4314.429,450337062.969
2025-06-18 21:00:00,104770.2,105100.7,104312.6,105030.7,3499.56,366358241.587
2025-06-18 22:00:00,105030.7,105089.9,104746.2,104770.2,1100.739,115483136.3907
2025-06-18 23:00:00,104770.2,104919.6,104580.4,104847.3,1341.226,140494703.904
2025-06-19 00:00:00,104847.3,105191.9,104637.6,104901.3,2118.698,222356923.5262
2025-06-19 01:00:00,104901.3,104927.5,104418.0,104548.8,2129.666,222733484.8465
2025-06-19 02:00:00,104548.8,104955.0,104394.9,104671.0,1369.537,143391118.8351
2025-06-19 03:00:00,104671.0,105063.4,104671.0,105041.2,1159.754,121667152.0866
2025-06-19 04:00:00,105041.2,105059.6,104750.0,105027.9,1491.219,156431241.9916
2025-06-19 05:00:00,105027.9,105189.5,104786.9,104841.1,1348.185,141559676.4077
2025-06-19 06:00:00,104841.1,104940.4,104577.0,104647.7,999.741,104661418.122
2025-06-19 07:00:00,104647.7,104807.5,104558.0,104582.4,730.61,76484791.7961
2025-06-19 08:00:00,104582.4,104948.6,104564.2,104686.2,1102.924,115581764.1431
2025-06-19 09:00:00,104686.2,104986.9,104667.0,104951.1,1000.308,104903708.7646
2025-06-19 10:00:00,104951.1,105027.3,104792.6,104857.3,1141.597,119789487.676
2025-06-19 11:00:00,104857.3,104874.5,104661.2,104712.9,1099.363,115172405.3726
2025-06-19 12:00:00,104712.9,104854.6,104609.6,104705.4,1171.576,122686499.9447
2025-06-19 13:00:00,104705.4,104748.1,104188.0,104234.9,3886.536,405923289.2941
2025-06-19 14:00:00,104234.9,104643.1,104050.1,104094.6,3749.874,391203078.5757
2025-06-19 15:00:00,104094.6,104387.0,104025.1,104045.8,2845.614,296510898.4475
2025-06-19 16:00:00,104045.8,104372.8,103865.6,103950.9,3078.007,320523389.6949
2025-06-19 17:00:00,103950.9,104798.3,103864.0,104484.0,5779.786,603887262.2619
2025-06-19 18:00:00,104484.0,104670.0,104250.1,104358.5,2273.955,237603430.6364
2025-06-19 19:00:00,104358.5,104433.6,104088.8,104210.1,1177.73,122771751.1241
2025-06-19 20:00:00,104210.1,104461.8,104100.0,104225.7,807.967,84250944.8087
2025-06-19 21:00:00,104225.7,104384.9,104173.1,104288.8,991.833,103419786.5834
2025-06-19 22:00:00,104288.8,104749.9,104288.8,104549.9,1765.594,184654317.3917
2025-06-19 23:00:00,104549.9,104870.0,104414.7,104604.2,1449.166,151691385.5517
2025-06-20 00:00:00,104604.2,104782.9,104519.3,104649.9,860.147,90008991.4845
2025-06-20 01:00:00,104649.9,104750.0,104341.3,104729.9,1624.12,169757863.476
2025-06-20 02:00:00,104729.9,104770.4,104461.7,104583.5,877.013,91744441.9042
2025-06-20 03:00:00,104583.5,104663.2,104447.1,104555.1,863.24,90276579.6367
2025-06-20 04:00:00,104555.1,104555.9,104191.9,104208.5,1911.157,199379369.1374
2025-06-20 05:00:00,104208.5,104549.8,104208.4,104549.8,857.981,89533511.3625
2025-06-20 06:00:00,104549.8,104720.4,104549.8,104683.0,2058.603,215462034.6667
2025-06-20 07:00:00,104683.0,105780.9,104597.7,105769.9,7372.168,776173051.473
2025-06-20 08:00:00,105769.9,106499.9,105743.1,105913.3,11166.224,1185404577.3527
2025-06-20 09:00:00,105913.3,106041.7,105689.9,105900.1,2851.541,301863127.6554
2025-06-20 10:00:00,105900.1,106117.4,105770.2,105904.9,2062.792,218575498.5127
2025-06-20 11:00:00,105904.9,106027.6,105745.5,105923.7,1726.673,182846196.5139
2025-06-20 12:00:00,105923.7,106057.0,105810.7,105934.0,1664.236,176318137.8473
2025-06-20 13:00:00,105934.0,106103.4,105320.0,105620.0,5037.264,532603474.8546
2025-06-20 14:00:00,105620.0,105749.9,103811.0,103860.4,13379.503,1401333309.8612
2025-06-20 15:00:00,103860.4,104573.7,103828.7,104166.3,6682.933,696327439.42
2025-06-20 16:00:00,104166.3,104220.8,103551.0,103630.0,6113.325,634835786.2994
2025-06-20 17:00:00,103630.0,103720.0,102260.0,103221.7,17582.002,1808904708.4454
2025-06-20 18:00:00,103221.7,103394.0,102975.6,103131.2,4647.381,479534990.5622
2025-06-20 19:00:00,103131.2,103450.0,102937.3,103264.6,2213.212,228401155.7669
2025-06-20 20:00:00,103264.6,103797.0,103247.1,103666.6,3109.598,322074666.2003
2025-06-20 21:00:00,103666.6,103685.5,103300.8,103499.9,1181.97,122315428.7471
2025-06-20 22:00:00,103499.9,103500.0,102913.2,103054.2,2822.754,291129081.9281
2025-06-20 23:00:00,103054.2,103288.2,102923.2,103243.9,1042.421,107502850.8023
2025-06-21 00:00:00,103243.9,103281.3,103066.0,103200.0,729.283,75248625.2715
2025-06-21 01:00:00,103200.0,103475.8,103091.3,103467.9,873.136,90204086.657
2025-06-21 02:00:00,103467.9,103490.0,103330.0,103449.2,494.088,51090278.5343
2025-06-21 03:00:00,103449.2,103644.1,103431.1,103436.0,689.649,71411460.4405
2025-06-21 04:00:00,103436.0,103476.5,103266.3,103333.5,616.983,63769716.2837
2025-06-21 05:00:00,103333.5,103428.7,103290.2,103356.5,496.919,51358560.4243
2025-06-21 06:00:00,103356.5,103545.5,103262.0,103516.9,820.084,84812349.8094
2025-06-21 07:00:00,103516.9,103517.0,103310.8,103414.1,636.934,65864913.311
2025-06-21 08:00:00,103414.1,103773.9,103406.6,103756.2,851.692,88218323.5271
2025-06-21 09:00:00,103756.2,103886.0,103608.4,103786.4,2167.936,224928210.7913
2025-06-21 10:00:00,103786.4,103949.9,103719.1,103781.6,1765.809,183399361.7402
2025-06-21 11:00:00,103781.6,103885.6,103673.1,103819.8,774.638,80396612.9609
2025-06-21 12:00:00,103819.8,103893.3,103740.6,103755.1,821.815,85319160.9742
2025-06-21 13:00:00,103755.1,103829.9,103490.7,103528.0,2522.977,261423575.4317
2025-06-21 14:00:00,103528.0,103731.3,103311.2,103500.0,2867.863,296837600.0996
2025-06-21 15:00:00,103500.0,103643.9,103235.0,103517.2,1850.24,191385980.1945
2025-06-21 16:00:00,103517.2,103610.9,103398.0,103429.7,1096.604,113504736.426
2025-06-21 17:00:00,103429.7,103542.0,103125.0,103136.1,1836.404,189598497.4225
2025-06-21 18:00:00,103136.1,103379.8,102603.7,102613.0,3592.952,370098348.5384
2025-06-21 19:00:00,102613.0,102719.6,102150.0,102200.8,5321.694,545007964.2999
2025-06-21 20:00:00,102200.8,102848.4,102121.6,102720.0,4294.022,440122955.0947
2025-06-21 21:00:00,102720.0,102775.0,101009.0,101400.5,13869.965,1409750950.324
2025-06-21 22:00:00,101400.5,101940.0,101385.0,101727.2,3873.66,394124179.099
2025-06-21 23:00:00,101727.2,102265.3,100800.0,102083.9,11076.236,1123175691.018
2025-06-22 00:00:00,102083.9,103347.0,101780.6,102815.8,11702.236,1199737267.1953
2025-06-22 01:00:00,102815.8,102961.0,102187.5,102355.9,4645.608,476412015.9327
2025-06-22 02:00:00,102355.9,102847.0,101827.0,102310.0,6343.375,648354728.1061
2025-06-22 03:00:00,102310.0,102567.0,102081.0,102340.3,1630.727,166802227.1634
2025-06-22 04:00:00,102340.3,102756.5,102214.2,102515.0,1974.668,202429205.9024
2025-06-22 05:00:00,102515.0,102895.8,102502.5,102812.2,1958.667,201204790.0893
2025-06-22 06:00:00,102812.2,102913.6,102650.3,102699.9,1927.468,198123285.0992
2025-06-22 07:00:00,102699.9,102710.0,102214.0,102381.8,2880.138,295120799.587
2025-06-22 08:00:00,102381.8,102663.2,102259.5,102663.2,1648.677,168929396.2915
2025-06-22 09:00:00,102663.2,102769.4,102034.0,102154.4,2504.575,256354165.9854
2025-06-22 10:00:00,102154.4,102499.0,102100.7,102459.5,1550.251,158620269.9335
2025-06-22 11:00:00,102459.5,102725.3,102376.9,102687.9,1718.77,176320175.5075
2025-06-22 12:00:00,102687.9,102789.0,102518.6,102705.3,1716.477,176176869.4742
2025-06-22 13:00:00,102705.3,102765.1,100213.6,100804.6,23654.657,2390914053.2577
2025-06-22 14:00:00,100804.6,101189.8,99020.2,99580.3,29753.863,2969062443.4561
2025-06-22 15:00:00,99580.3,99797.6,98856.7,98871.2,9563.017,950256395.2659
2025-06-22 16:00:00,98871.2,99633.9,98596.0,99606.9,10429.165,1032652772.7695
2025-06-22 17:00:00,99606.9,100348.2,99349.1,99432.8,7908.781,789103192.5856
2025-06-22 18:00:00,99432.8,99743.0,99289.6,99380.0,2529.504,251638051.5497
2025-06-22 19:00:00,99380.0,99407.5,98739.7,98821.1,4099.597,406076765.4826
2025-06-22 20:00:00,98821.1,99738.9,98125.0,99500.0,13694.72,1351724051.967
2025-06-22 21:00:00,99500.0,99626.4,98963.2,99135.7,3931.189,390259316.4387
2025-06-22 22:00:00,99135.7,100923.0,99082.4,100922.9,11551.025,1157890167.2101
2025-06-22 23:00:00,100922.9,100996.9,100589.4,100904.3,3747.799,377782896.0102
2025-06-23 00:00:00,100904.3,101553.7,100433.4,100855.4,6138.599,619913354.3379
2025-06-23 01:00:00,100855.4,101062.6,100509.7,101044.9,2764.198,278531140.1859
2025-06-23 02:00:00,101044.9,101327.3,100870.0,101241.1,2345.395,237216719.1356
2025-06-23 03:00:00,101241.1,101323.0,101014.9,101115.4,1273.604,128807851.8962
2025-06-23 04:00:00,101115.4,101279.7,100923.2,101129.2,1915.658,193667992.6551
2025-06-23 05:00:00,101129.2,101800.0,101129.2,101710.8,3884.183,394332950.8801
2025-06-23 06:00:00,101710.8,102037.1,101604.0,101891.9,4256.806,433460255.479
2025-06-23 07:00:00,101891.9,102151.4,101722.0,101891.6,2781.674,283430515.9494
2025-06-23 08:00:00,101891.6,102044.6,101703.7,101826.8,1715.392,174694279.1119
2025-06-23 09:00:00,101826.8,101836.0,101331.6,101524.9,3350.54,340152450.6953
2025-06-23 10:00:00,101524.9,101536.0,101149.7,101400.0,3226.038,326911019.2611
2025-06-23 11:00:00,101400.0,101516.4,101055.4,101239.9,3003.492,304150967.7635
2025-06-23 12:00:00,101239.9,101629.0,101055.4,101629.0,2995.598,303543699.8321
2025-06-23 13:00:00,101629.0,102431.9,100738.1,102288.0,13806.853,1404203892.2836
2025-06-23 14:00:00,102288.0,102590.0,101440.0,101580.0,9473.39,965898909.4103
2025-06-23 15:00:00,101580.0,102000.0,101241.3,101382.3,4669.01,474515086.8927
2025-06-23 16:00:00,101382.3,101409.3,99581.0,100644.9,19915.358,1999895926.6769
2025-06-23 17:00:00,100644.9,102685.0,100434.5,102436.0,16784.105,1708147899.2586
2025-06-23 18:00:00,102436.0,103283.7,102343.9,102877.1,10527.239,1083138698.4388
2025-06-23 19:00:00,102877.1,103198.9,102623.8,103109.2,3791.607,390238397.878
2025-06-23 20:00:00,103109.2,103887.9,102836.3,103694.2,8983.029,929708733.2223
2025-06-23 21:00:00,103694.2,104170.2,103580.0,103645.0,4755.011,493848237.4188
2025-06-23 22:00:00,103645.0,106024.8,103645.0,105498.0,22868.029,2405507482.5125
2025-06-23 23:00:00,105498.0,105632.0,105053.7,105283.5,4673.504,492406212.1045
2025-06-24 00:00:00,105283.5,105469.0,104871.2,105089.8,2396.156,251886371.609
2025-06-24 01:00:00,105089.8,105440.9,104907.3,105400.5,1698.138,178521685.7574
2025-06-24 02:00:00,105400.5,105406.9,104657.9,104730.0,3545.712,371979205.3121
2025-06-24 03:00:00,104730.0,105088.5,104677.1,104875.7,1615.854,169501094.0867
2025-06-24 04:00:00,104875.7,104922.3,104650.0,104775.6,1473.153,154363731.4217
2025-06-24 05:00:00,104775.6,105383.0,104775.5,105348.2,3634.011,382094051.0327
2025-06-24 06:00:00,105348.2,105784.7,105179.0,105602.8,3842.832,405569443.4235
2025-06-24 07:00:00,105602.8,105746.7,104858.0,104907.9,5213.276,548838796.3743
2025-06-24 08:00:00,104907.9,105128.7,104567.0,104955.0,5408.135,567147117.2827
2025-06-24 09:00:00,104955.0,105542.0,104908.4,105150.0,3944.058,415065041.4735
2025-06-24 10:00:00,105150.0,105311.4,105022.3,105227.2,1643.245,172797281.2007
2025-06-24 11:00:00,105227.2,105394.0,104947.3,105129.9,2180.203,229287700.8496
2025-06-24 12:00:00,105129.9,105269.4,104921.3,105147.1,2290.603,240669064.0467
2025-06-24 13:00:00,105147.1,105339.7,104755.0,105033.4,4137.48,434624317.7753
2025-06-24 14:00:00,105033.4,105616.1,104900.0,105468.8,4430.917,466664587.8364
2025-06-24 15:00:00,105468.8,105709.9,105086.9,105180.3,3969.208,418490097.8314
2025-06-24 16:00:00,105180.3,106233.0,105116.2,106175.6,5356.589,566166310.8999
2025-06-24 17:00:00,106175.6,106269.9,105534.4,105996.3,4956.311,525000827.5165
2025-06-24 18:00:00,105996.3,106038.8,105459.4,105470.0,2313.869,244613455.6017
2025-06-24 19:00:00,105470.0,105638.7,105182.1,105580.0,2226.643,234669437.7616
2025-06-24 20:00:00,105580.0,106054.6,105379.0,106020.1,1977.753,209172752.9169
2025-06-24 21:00:00,106020.1,106089.3,105666.6,105932.9,1854.801,196436907.3799
2025-06-24 22:00:00,105932.9,105987.9,105684.9,105961.9,1486.469,157340521.3522
2025-06-24 23:00:00,105961.9,106048.5,105709.6,106048.5,1433.008,151697400.6451
2025-06-25 00:00:00,106048.5,106464.0,105750.0,106350.0,5298.81,562572769.7532
2025-06-25 01:00:00,106350.0,106655.4,105950.8,106343.5,3963.356,421240004.1186
2025-06-25 02:00:00,106343.5,106782.3,106248.8,106425.9,3632.226,387079708.0321
2025-06-25 03:00:00,106425.9,106560.6,106162.9,106177.1,1285.449,136720007.4762
2025-06-25 04:00:00,106177.1,106262.0,105931.3,106148.8,1405.683,149147324.9083
2025-06-25 05:00:00,106148.8,106350.0,105992.2,106157.8,1184.713,125800409.1923
2025-06-25 06:00:00,106157.8,106417.6,106077.3,106360.7,1134.736,120614364.6091
2025-06-25 07:00:00,106360.7,106666.0,106261.9,106560.1,1967.823,209615765.1274
2025-06-25 08:00:00,106560.1,106631.5,106285.8,106599.9,1948.335,207387891.7678
2025-06-25 09:00:00,106599.9,106940.0,106406.0,106599.7,5053.472,539230805.5176
2025-06-25 10:00:00,106599.7,107150.0,106512.3,107079.9,4895.163,523472566.4049
2025-06-25 11:00:00,107079.9,107169.4,106813.5,107126.1,2266.292,242563765.2658
2025-06-25 12:00:00,107126.1,107233.0,106877.0,107165.3,2168.752,232139350.8749
2025-06-25 13:00:00,107165.3,108061.0,107090.5,107855.9,11353.047,1222565779.8726
2025-06-25 14:00:00,107855.9,108090.0,107139.0,107561.9,9087.342,978011136.5615
2025-06-25 15:00:00,107561.9,107578.1,106672.8,106980.3,7252.931,776403994.1301
2025-06-25 16:00:00,106980.3,107449.3,106917.7,107082.2,3228.635,346086556.7415
2025-06-25 17:00:00,107082.2,107473.4,106853.0,107324.1,2448.154,262377945.3735
2025-06-25 18:00:00,107324.1,107478.9,107103.1,107342.9,1460.636,156773775.5329
2025-06-25 19:00:00,107342.9,107849.9,107324.2,107700.2,3611.03,388705358.8055
2025-06-25 20:00:00,107700.2,107801.0,107432.5,107709.4,1182.201,127245387.5231
2025-06-25 21:00:00,107709.4,107942.0,107376.5,107495.7,1959.554,211008494.4873
2025-06-25 22:00:00,107495.7,107505.7,107154.0,107215.3,1378.408,147873764.5731
2025-06-25 23:00:00,107215.3,107310.3,107005.4,107264.0,1608.324,172366972.7033
2025-06-26 00:00:00,107264.0,107558.2,107179.5,107262.2,1596.094,171357626.6364
2025-06-26 01:00:00,107262.2,107852.8,107028.0,107558.1,2985.641,320757738.4283
2025-06-26 02:00:00,107558.1,108022.0,107511.8,107875.6,3611.646,389248439.8772
2025-06-26 03:00:00,107875.6,108239.6,107725.9,107806.7,4080.867,440760052.4269
2025-06-26 04:00:00,107806.7,107908.6,107635.5,107779.9,1492.147,160775524.983
2025-06-26 05:00:00,107779.9,107780.0,107447.1,107573.7,1256.635,135191440.3874
2025-06-26 06:00:00,107573.7,107750.0,107500.0,107700.8,1123.247,120921742.6619
2025-06-26 07:00:00,107700.8,108050.1,107695.7,107771.7,3223.395,347774882.0311
2025-06-26 08:00:00,107771.7,108132.4,107657.7,107696.3,1849.319,199484786.457
2025-06-26 09:00:00,107696.3,107732.0,107216.0,107263.5,3008.224,323130217.9329
2025-06-26 10:00:00,107263.5,107409.3,107175.0,107329.1,1648.633,176881848.22
2025-06-26 11:00:00,107329.1,107356.4,107051.3,107266.8,1365.779,146418747.6869
2025-06-26 12:00:00,107266.8,107379.7,106954.0,107064.1,2304.644,246920594.5717
2025-06-26 13:00:00,107064.1,107326.6,106777.0,106906.1,4034.226,431658917.2618
2025-06-26 14:00:00,106906.1,107721.1,106831.5,107396.7,5613.346,602815992.694
2025-06-26 15:00:00,107396.7,107484.3,106457.7,107251.2,5531.534,591603036.0192
2025-06-26 16:00:00,107251.2,107350.0,106950.1,107149.5,2470.449,264665670.1157
2025-06-26 17:00:00,107149.5,107403.6,107081.1,107141.6,1665.807,178682151.1598
2025-06-26 18:00:00,107141.6,107536.6,107080.0,107327.0,2101.086,225541712.5204
2025-06-26 19:00:00,107327.0,107623.1,107272.7,107477.4,1266.854,136161090.4568
2025-06-26 20:00:00,107477.4,108000.0,107383.3,107724.5,2772.317,298624170.5994
2025-06-26 21:00:00,107724.5,107750.0,106773.4,106966.8,3003.617,321815854.8933
2025-06-26 22:00:00,106966.8,107178.1,106877.8,106926.9,1893.883,202668114.876
2025-06-26 23:00:00,106926.9,107015.4,106798.0,106905.3,940.252,100507029.7386
2025-06-27 00:00:00,106905.3,107119.9,106602.0,106622.9,1722.098,184031064.0546
2025-06-27 01:00:00,106622.9,107185.3,106351.6,107070.9,3700.427,395275613.0171
2025-06-27 02:00:00,107070.9,107243.1,107011.0,107197.7,1946.27,208578407.6191
2025-06-27 03:00:00,107197.7,107472.1,107118.0,107419.9,1827.529,196133780.2188
2025-06-27 04:00:00,107419.9,107528.4,107303.0,107448.9,1230.199,132138370.1351
2025-06-27 05:00:00,107448.9,107493.2,107200.5,107200.5,1066.373,114449732.6044
2025-06-27 06:00:00,107200.5,107339.7,107130.0,107220.2,778.766,83517187.1313
2025-06-27 07:00:00,107220.2,107688.9,106810.0,106820.7,3536.762,379112984.4233
2025-06-27 08:00:00,106820.7,107049.7,106633.2,106953.3,4068.893,434724798.333
2025-06-27 09:00:00,106953.3,107088.0,106750.5,107034.1,1859.424,198837152.1399
2025-06-27 10:00:00,107034.1,107108.0,106908.4,106949.1,1576.299,168658114.3728
2025-06-27 11:00:00,106949.1,107100.0,106867.2,106933.0,917.996,98188057.2508
2025-06-27 12:00:00,106933.0,107150.0,106550.0,106632.4,4257.264,454762563.0537
2025-06-27 13:00:00,106632.4,106947.0,106280.0,106780.0,4169.965,444662825.3142
2025-06-27 14:00:00,106780.0,107047.5,106310.2,106503.2,6022.011,642032694.6888
2025-06-27 15:00:00,106503.2,107374.8,106432.8,107268.3,4577.405,489655627.4108
2025-06-27 16:00:00,107268.3,107738.1,107050.0,107428.1,4425.844,475171192.1125
2025-06-27 17:00:00,107428.1,107449.0,106402.1,106810.3,4587.834,489957954.3852
2025-06-27 18:00:00,106810.3,106942.2,106388.0,106649.6,3901.578,415951989.1539
2025-06-27 19:00:00,106649.6,106961.4,106518.0,106741.4,2067.934,220716712.5442
2025-06-27 20:00:00,106741.4,107073.5,106735.0,107065.7,1165.379,124668258.943
2025-06-27 21:00:00,107065.7,107218.0,106972.5,106997.5,1326.531,142069355.4145
2025-06-27 22:00:00,106997.5,107140.4,106997.5,107050.9,383.372,41052013.8357
2025-06-27 23:00:00,107050.9,107118.2,106906.0,106999.6,637.966,68256117.3869
2025-06-28 00:00:00,106999.6,107120.8,106811.0,107005.6,879.162,94038495.2928
2025-06-28 01:00:00,107005.6,107066.7,106761.0,107013.6,815.01,87129521.1953
2025-06-28 02:00:00,107013.6,107148.6,106958.3,107042.2,638.092,68314569.9203
2025-06-28 03:00:00,107042.2,107296.5,107022.1,107241.2,608.245,65180729.2759
2025-06-28 04:00:00,107241.2,107260.0,107112.6,107129.0,638.636,68443546.341
2025-06-28 05:00:00,107129.0,107273.8,107109.5,107246.2,1158.029,124172656.1123
2025-06-28 06:00:00,107246.2,107394.4,107246.1,107364.5,1067.821,114614709.1556
2025-06-28 07:00:00,107364.5,107444.3,107345.0,107420.9,810.637,87058429.3056
2025-06-28 08:00:00,107420.9,107443.0,107300.0,107329.4,1117.198,119930526.0969
2025-06-28 09:00:00,107329.4,107329.4,107217.6,107253.5,768.478,82429885.4453
2025-06-28 10:00:00,107253.5,107332.3,107202.1,107223.9,536.541,57551071.9537
2025-06-28 11:00:00,107223.9,107327.1,107223.8,107320.0,334.796,35911679.5973
2025-06-28 12:00:00,107320.0,107327.1,107239.0,107290.1,267.064,28649194.4765
2025-06-28 13:00:00,107290.1,107311.9,107037.1,107055.1,957.88,102634190.9319
2025-06-28 14:00:00,107055.1,107207.0,107055.0,107157.9,489.88,52481093.5055
2025-06-28 15:00:00,107157.9,107499.9,107149.5,107401.4,833.98,89522719.112
2025-06-28 16:00:00,107401.4,107470.0,107207.8,107250.0,997.307,107057398.232
2025-06-28 17:00:00,107250.0,107495.3,107241.0,107420.5,615.795,66118845.2506
2025-06-28 18:00:00,107420.5,107421.2,107210.0,107280.1,576.118,61824124.358
2025-06-28 19:00:00,107280.1,107283.3,107161.5,107161.6,485.401,52048645.5355
2025-06-28 20:00:00,107161.6,107178.4,107100.0,107110.3,370.232,39668881.4751
2025-06-28 21:00:00,107110.3,107297.9,107110.3,107264.8,499.998,53598461.0368
2025-06-28 22:00:00,107264.8,107335.8,107207.5,107312.0,622.283,66764950.871
2025-06-28 23:00:00,107312.0,107313.0,107240.9,107241.0,309.551,33206424.0873
2025-06-29 00:00:00,107241.0,107444.9,107202.5,107414.5,1477.199,158625529.4078
2025-06-29 01:00:00,107414.5,107414.6,107263.8,107267.6,499.61,53630757.1572
2025-06-29 02:00:00,107267.6,107301.6,107113.8,107250.2,718.256,76990724.849
2025-06-29 03:00:00,107250.2,107250.2,107136.6,107157.1,212.859,22815722.1143
2025-06-29 04:00:00,107157.1,107216.1,107157.0,107213.8,257.602,27610521.2416
2025-06-29 05:00:00,107213.8,107269.2,107160.1,107256.0,309.954,33228399.0355
2025-06-29 06:00:00,107256.0,107338.9,107255.9,107320.2,316.436,33949385.2201
2025-06-29 07:00:00,107320.2,107350.0,107267.1,107350.0,454.784,48797087.3583
2025-06-29 08:00:00,107350.0,107675.1,107335.4,107645.3,1904.476,204780699.7023
2025-06-29 09:00:00,107645.3,107926.8,107568.7,107838.1,2773.111,298919967.6315
2025-06-29 10:00:00,107838.1,108239.5,107797.5,108093.0,4291.805,463734099.1722
2025-06-29 11:00:00,108093.0,108507.0,108026.1,108420.1,2923.106,316523037.8568
2025-06-29 12:00:00,108420.1,108484.2,107950.6,108135.1,2674.073,289289699.8407
2025-06-29 13:00:00,108135.1,108167.8,107955.1,108000.3,1349.125,145763759.3445
2025-06-29 14:00:00,108000.3,108166.7,107719.4,107884.1,2131.53,229966441.6305
2025-06-29 15:00:00,107884.1,107976.3,107602.0,107693.5,1903.465,205163849.676
2025-06-29 16:00:00,107693.5,107738.7,107222.0,107498.8,3275.688,352047250.0747
2025-06-29 17:00:00,107498.8,107550.3,107253.6,107484.0,2195.077,235757782.7338
2025-06-29 18:00:00,107484.0,107649.4,107380.5,107570.0,1183.188,127216155.9004
2025-06-29 19:00:00,107570.0,107570.1,107300.0,107337.0,783.816,84201428.8673
2025-06-29 20:00:00,107337.0,107427.8,107292.8,107292.8,519.905,55821114.2815
2025-06-29 21:00:00,107292.8,107679.5,107171.2,107487.9,2715.378,291613059.1261
2025-06-29 22:00:00,107487.9,108235.1,107487.9,108046.2,5325.164,574651626.3515
2025-06-29 23:00:00,108046.2,108396.7,107940.4,108314.8,2677.18,289749333.9783
2025-06-30 00:00:00,108314.8,108766.4,108203.2,108661.3,5116.311,555333636.4233
2025-06-30 01:00:00,108661.3,108738.6,108350.0,108458.0,2721.616,295397341.6891
2025-06-30 02:00:00,108458.0,108617.1,108401.4,108449.9,1260.813,136816111.7976
2025-06-30 03:00:00,108449.9,108550.1,108383.3,108466.6,701.526,76086394.344
2025-06-30 04:00:00,108466.6,108500.0,108263.2,108289.7,1155.683,125250614.9179
2025-06-30 05:00:00,108289.7,108350.0,108121.5,108236.5,1753.446,189765593.9985
2025-06-30 06:00:00,108236.5,108260.1,107448.3,107503.2,4642.867,500420115.9268
2025-06-30 07:00:00,107503.2,107692.3,107410.0,107552.3,2735.571,294229305.5648
2025-06-30 08:00:00,107552.3,107689.9,107382.5,107449.0,1492.481,160483680.6563
2025-06-30 09:00:00,107449.0,107655.2,107400.9,107416.4,1411.5,151769103.0849
2025-06-30 10:00:00,107416.4,107587.4,107300.0,107581.5,2023.341,217394598.6832
2025-06-30 11:00:00,107581.5,107904.7,107560.5,107590.9,3269.131,352239982.7435
2025-06-30 12:00:00,107590.9,107766.5,107496.0,107528.8,1615.521,173845074.9485
2025-06-30 13:00:00,107528.8,107821.6,107405.7,107475.7,2734.666,294254028.2316
2025-06-30 14:00:00,107475.7,107605.9,106730.0,106772.3,8078.982,865763026.8475
2025-06-30 15:00:00,106772.3,107749.4,106677.0,107517.2,7957.953,853015075.2788
2025-06-30 16:00:00,107517.2,107769.3,107216.0,107549.9,4518.149,485484820.5555
2025-06-30 17:00:00,107549.9,107750.0,107363.8,107415.9,1361.207,146452546.9494
2025-06-30 18:00:00,107415.9,107573.0,107057.9,107186.2,1512.52,162259407.1355
2025-06-30 19:00:00,107186.2,107744.9,107155.1,107686.3,1748.05,187880150.5211
2025-06-30 20:00:00,107686.3,107724.5,107411.0,107538.2,923.739,99347056.4991
2025-06-30 21:00:00,107538.2,107553.3,106858.8,107061.4,1508.537,161678706.1257
2025-06-30 22:00:00,107061.4,107257.5,106953.3,107046.1,1128.909,120942626.1921
2025-06-30 23:00:00,107046.1,107170.0,107000.1,107081.2,957.654,102525083.7179
2025-07-01 00:00:00,107081.2,107394.9,106957.7,107319.3,1679.596,180033995.5785
2025-07-01 01:00:00,107319.3,107484.8,107110.4,107166.2,1203.538,129165496.5695
2025-07-01 02:00:00,107166.2,107365.0,107038.0,107046.2,987.698,105874092.3852
2025-07-01 03:00:00,107046.2,107171.6,107016.6,107150.5,723.797,77513439.6294
2025-07-01 04:00:00,107150.5,107158.3,106802.0,106826.2,1924.271,205813566.1725
2025-07-01 05:00:00,106826.2,106908.2,106669.5,106883.0,3085.28,329415262.2506
2025-07-01 06:00:00,106883.0,106883.1,106690.7,106835.7,1376.343,146963324.301
2025-07-01 07:00:00,106835.7,107126.0,106546.0,107119.9,3472.461,371021093.9183
2025-07-01 08:00:00,107119.9,107119.9,106613.7,106656.9,2091.939,223405391.0567
2025-07-01 09:00:00,106656.9,106730.8,106436.7,106491.1,2086.795,222368994.4849
2025-07-01 10:00:00,106491.1,106577.8,106244.0,106434.9,3341.894,355510443.6388
2025-07-01 11:00:00,106434.9,106574.8,106233.7,106553.8,2024.449,215483964.212
2025-07-01 12:00:00,106553.8,106662.2,106299.4,106363.0,1813.605,193068566.7531
2025-07-01 13:00:00,106363.0,106846.4,106245.0,106766.9,5006.622,533623466.9648
2025-07-01 14:00:00,106766.9,107139.9,105666.7,105872.2,12476.734,1326016140.9111
2025-07-01 15:00:00,105872.2,106150.0,105550.0,105909.6,5416.753,573301923.3432
2025-07-01 16:00:00,105909.6,106239.1,105779.2,106033.4,2942.189,312057864.1012
2025-07-01 17:00:00,106033.4,106250.0,105840.4,106200.0,2195.721,232918263.5437
2025-07-01 18:00:00,106200.0,106221.2,105620.0,105688.8,2710.483,287021162.187
2025-07-01 19:00:00,105688.8,105750.0,105335.0,105342.3,5307.832,560151596.6954
2025-07-01 20:00:00,105342.3,105960.0,105180.3,105865.7,3359.463,354458955.7297
2025-07-01 21:00:00,105865.7,106065.0,105690.3,105749.9,1485.749,157297422.9579
2025-07-01 22:00:00,105749.9,105863.3,105559.6,105584.6,1458.508,154179146.1491
2025-07-01 23:00:00,105584.6,105656.0,105310.4,105634.8,1562.476,164738328.2018
2025-07-02 00:00:00,105634.8,105737.3,105319.0,105340.0,1052.98,111151548.9903
2025-07-02 01:00:00,105340.0,105750.0,105058.6,105668.5,3778.983,398534940.6597
2025-07-02 02:00:00,105668.5,105880.0,105483.4,105857.4,1323.313,139860008.8678
2025-07-02 03:00:00,105857.4,106178.6,105822.3,106148.6,2063.764,218844068.2569
2025-07-02 04:00:00,106148.6,106338.1,106082.2,106338.0,1924.194,204346082.3791
2025-07-02 05:00:00,106338.0,106625.0,106249.8,106590.8,2774.054,295339701.3774
2025-07-02 06:00:00,106590.8,106966.0,106583.2,106965.9,3516.549,375550920.4448
2025-07-02 07:00:00,106965.9,107145.0,106791.3,107040.9,3905.08,417689175.0977
2025-07-02 08:00:00,107040.9,107720.6,107040.9,107688.1,6236.186,670190784.6676
2025-07-02 09:00:00,107688.1,107756.7,107471.4,107594.0,2473.467,266169664.4009
2025-07-02 10:00:00,107594.0,107795.0,107556.6,107786.1,1658.728,178633926.0964
2025-07-02 11:00:00,107786.1,107786.1,107273.4,107436.2,2910.75,312974245.9853
2025-07-02 12:00:00,107436.2,107444.7,107134.7,107336.3,2538.182,272273826.754
2025-07-02 13:00:00,107336.3,107998.0,107226.5,107718.0,7231.79,778295011.2226
2025-07-02 14:00:00,107718.0,108163.6,107598.1,108100.0,6587.351,710701085.9466
2025-07-02 15:00:00,108100.0,108740.0,108077.6,108712.4,8640.278,936565565.5845
2025-07-02 16:00:00,108712.4,109640.8,108620.8,109385.4,15478.424,1690200494.8683
2025-07-02 17:00:00,109385.4,109740.9,108809.1,109104.5,6103.681,666829436.2386
2025-07-02 18:00:00,109104.5,109493.1,108959.9,109493.0,2156.028,235509572.9861
2025-07-02 19:00:00,109493.0,109646.3,109207.0,109631.3,2682.405,293548586.5604
2025-07-02 20:00:00,109631.3,109631.3,109069.5,109089.9,2597.298,283882191.4076
2025-07-02 21:00:00,109089.9,109498.6,109083.8,109395.0,1415.97,154702289.0552
2025-07-02 22:00:00,109395.0,109466.3,109058.2,109099.9,1432.482,156442740.4504
2025-07-02 23:00:00,109099.9,109136.8,108669.0,108803.0,2625.806,285899898.8713
2025-07-03 00:00:00,108803.0,109081.5,108658.6,108891.0,1909.292,207852275.7512
2025-07-03 01:00:00,108891.0,109073.0,108760.4,108940.2,1289.11,140449483.562
2025-07-03 02:00:00,108940.2,108940.3,108455.1,108671.5,2191.016,237985647.3614
2025-07-03 03:00:00,108671.5,108772.7,108577.0,108592.6,1097.389,119250155.8732
2025-07-03 04:00:00,108592.6,108950.2,108510.0,108739.9,1599.677,174029061.2982
2025-07-03 05:00:00,108739.9,109317.9,108739.9,109294.2,3080.511,336168193.0636
2025-07-03 06:00:00,109294.2,109512.0,109201.8,109426.2,2125.015,232389321.4353
2025-07-03 07:00:00,109426.2,109426.2,109088.0,109242.1,1604.232,175250385.1409
2025-07-03 08:00:00,109242.1,109550.0,109242.1,109332.2,1395.023,152641009.7979
2025-07-03 09:00:00,109332.2,110256.4,109332.2,109895.6,7541.946,829030810.258
2025-07-03 10:00:00,109895.6,109967.0,109600.0,109792.6,2743.603,301121136.6638
2025-07-03 11:00:00,109792.6,109796.6,109540.1,109551.1,1574.589,172602557.1729
2025-07-03 12:00:00,109551.1,109902.8,108704.4,109112.6,9525.743,1040022905.243
2025-07-03 13:00:00,109112.6,110485.7,109075.7,110223.2,10143.704,1113830020.7247
2025-07-03 14:00:00,110223.2,110459.7,109504.7,109674.9,8479.63,932567717.8615
2025-07-03 15:00:00,109674.9,109791.3,109007.1,109063.1,5832.362,637465402.2547
2025-07-03 16:00:00,109063.1,109622.0,108955.0,109233.6,4475.034,488972422.6252
2025-07-03 17:00:00,109233.6,109618.0,109211.8,109500.1,1292.392,141447137.8442
2025-07-03 18:00:00,109500.1,109672.8,109275.0,109637.7,1593.991,174519553.3125
2025-07-03 19:00:00,109637.7,109868.5,109582.2,109744.1,1698.453,186390251.9733
2025-07-03 20:00:00,109744.1,109917.4,109711.4,109916.2,1320.336,145013547.6328
2025-07-03 21:00:00,109916.2,109978.3,109633.8,109740.6,1944.546,213477443.5344
2025-07-03 22:00:00,109740.6,109830.0,109588.7,109657.9,890.596,97675652.2226
2025-07-03 23:00:00,109657.9,109775.2,109483.4,109540.0,946.062,103697788.8454
2025-07-04 00:00:00,109540.0,109656.2,109312.8,109415.6,1241.795,135966813.7209
2025-07-04 01:00:00,109415.6,109725.3,109394.7,109450.7,904.965,99127300.9816
2025-07-04 02:00:00,109450.7,109450.7,109058.1,109134.7,1980.542,216289985.7484
2025-07-04 03:00:00,109134.7,109328.2,109058.0,109186.9,1233.202,134660452.9403
2025-07-04 04:00:00,109186.9,109285.6,108910.0,108941.4,1800.193,196283553.8487
2025-07-04 05:00:00,108941.4,109169.2,108884.0,108962.0,1573.22,171521645.0879
2025-07-04 06:00:00,108962.0,108977.8,108732.9,108963.9,2004.277,218165239.6445
2025-07-04 07:00:00,108963.9,109089.0,108650.0,108650.0,2348.985,255579840.0342
2025-07-04 08:00:00,108650.0,108834.2,108456.0,108701.4,3172.417,344693498.2489
2025-07-04 09:00:00,108701.4,109011.5,108701.4,108932.6,2054.122,223659313.5978
2025-07-04 10:00:00,108932.6,109008.6,108788.7,108839.3,918.715,100047469.6272
2025-07-04 11:00:00,108839.3,109042.0,108780.8,108826.0,1329.2,144803146.2329
2025-07-04 12:00:00,108826.0,108914.5,108550.0,108674.2,1485.613,161544902.7279
2025-07-04 13:00:00,108674.2,108790.0,107892.0,107916.4,7875.937,852717335.9108
2025-07-04 14:00:00,107916.4,108069.9,107452.3,107779.1,11239.371,1211395846.5077
2025-07-04 15:00:00,107779.1,107933.4,107550.0,107552.9,4205.922,453095217.019
2025-07-04 16:00:00,107552.9,107720.4,107300.0,107592.7,5057.696,543678671.6687
2025-07-04 17:00:00,107592.7,107898.5,107587.0,107844.7,2147.649,231481910.5322
2025-07-04 18:00:00,107844.7,107849.3,107458.6,107460.6,1587.048,170890129.7024
2025-07-04 19:00:00,107460.6,107620.6,107220.3,107453.9,2817.831,302620878.0085
2025-07-04 20:00:00,107453.9,107788.5,107408.8,107656.3,2038.791,219457806.8637
2025-07-04 21:00:00,107656.3,107919.5,107655.3,107880.0,1102.285,118819233.3698
2025-07-04 22:00:00,107880.0,108223.9,107845.1,108192.3,2680.757,289703663.6168
2025-07-04 23:00:00,108192.3,108192.3,107904.1,107947.4,835.439,90243134.352
2025-07-05 00:00:00,107947.4,108178.2,107908.3,108141.6,859.973,92926663.0253
2025-07-05 01:00:00,108141.6,108141.7,107839.2,107946.7,858.291,92630986.2725
2025-07-05 02:00:00,107946.7,108050.0,107685.9,108018.0,1102.342,118914909.8055
2025-07-05 03:00:00,108018.0,108229.9,108018.0,108107.1,1325.034,143279819.0197
2025-07-05 04:00:00,108107.1,108429.2,107989.9,108080.0,1689.143,182787337.7174
2025-07-05 05:00:00,108080.0,108148.0,107944.9,108094.4,1020.947,110305966.4272
2025-07-05 06:00:00,108094.4,108252.1,108030.0,108226.0,777.057,84059869.5314
2025-07-05 07:00:00,108226.0,108226.1,107934.8,108008.7,862.462,93188643.9539
2025-07-05 08:00:00,108008.7,108083.5,107872.5,107970.0,789.939,85277772.8295
2025-07-05 09:00:00,107970.0,108084.5,107809.9,108033.3,1139.332,122946117.6561
2025-07-05 10:00:00,108033.3,108161.2,108006.1,108022.0,594.193,64218678.4698
2025-07-05 11:00:00,108022.0,108172.9,108021.9,108055.9,335.576,36281108.7114
2025-07-05 12:00:00,108055.9,108099.9,107911.0,108099.9,607.662,65624885.0323
2025-07-05 13:00:00,108099.9,108191.6,108062.1,108080.2,520.877,56312408.3696
2025-07-05 14:00:00,108080.2,108182.6,108050.8,108160.1,386.746,41818780.6784
2025-07-05 15:00:00,108160.1,108160.2,108000.0,108017.2,479.036,51769513.2842
2025-07-05 16:00:00,108017.2,108063.9,107820.8,108050.0,1060.913,114500296.1672
2025-07-05 17:00:00,108050.0,108112.4,107883.2,108035.3,619.964,66943864.9279
2025-07-05 18:00:00,108035.3,108044.2,107909.0,107935.8,481.772,52012786.4972
2025-07-05 19:00:00,107935.8,108120.0,107897.9,108096.4,699.328,75533464.222
2025-07-05 20:00:00,108096.4,108118.7,107939.7,108040.8,327.126,35339819.2522
2025-07-05 21:00:00,108040.8,108093.1,107997.0,108033.4,502.354,54277918.579
2025-07-05 22:00:00,108033.4,108173.6,108003.0,108138.4,408.312,44139814.4939
2025-07-05 23:00:00,108138.4,108179.0,108111.9,108144.4,337.837,36538374.308
2025-07-06 00:00:00,108144.4,108199.9,108067.0,108167.9,664.639,71869556.8015
2025-07-06 01:00:00,108167.9,108167.9,108016.1,108151.3,331.667,35847879.1773
2025-07-06 02:00:00,108151.3,108200.0,107982.9,107989.9,593.716,64186433.2158
2025-07-06 03:00:00,107989.9,108051.9,107961.7,107999.7,397.261,42902898.3808
2025-07-06 04:00:00,107999.7,108054.8,107888.0,107932.0,750.35,81001625.1122
2025-07-06 05:00:00,107932.0,107967.5,107908.4,107943.2,220.508,23801714.4086
2025-07-06 06:00:00,107943.2,108168.0,107912.8,108060.8,791.05,85474623.8985
2025-07-06 07:00:00,108060.8,108131.0,107988.8,107988.8,525.136,56739321.2535
2025-07-06 08:00:00,107988.8,108018.0,107903.7,107952.0,615.845,66481662.3993
2025-07-06 09:00:00,107952.0,108017.4,107762.6,107810.3,1021.836,110226013.0779
2025-07-06 10:00:00,107810.3,108080.0,107767.1,107935.2,991.806,107021785.3723
2025-07-06 11:00:00,107935.2,108062.0,107902.0,108028.8,575.983,62192489.4193
2025-07-06 12:00:00,108028.8,108197.2,108000.0,108197.2,985.178,106514890.7715
2025-07-06 13:00:00,108197.2,109088.6,108148.6,108731.5,7336.893,797061512.5629
2025-07-06 14:00:00,108731.5,109000.0,108560.1,108879.5,3323.043,361496420.4111
2025-07-06 15:00:00,108879.5,108931.4,108621.1,108860.0,1401.76,152502033.7782
2025-07-06 16:00:00,108860.0,108907.9,108654.9,108810.1,861.371,93697962.5426
2025-07-06 17:00:00,108810.1,108920.0,108682.0,108875.9,765.215,83263814.9662
2025-07-06 18:00:00,108875.9,108891.8,108225.7,108432.8,3150.327,341717056.0645
2025-07-06 19:00:00,108432.8,108605.8,108248.9,108498.1,1754.873,190293340.1015
2025-07-06 20:00:00,108498.1,108820.7,108484.7,108617.8,1914.732,208146009.9383
2025-07-06 21:00:00,108617.8,109685.0,108617.7,109165.9,6224.043,680061619.8088
2025-07-06 22:00:00,109165.9,109491.3,109158.6,109189.7,2178.187,238117201.2027
2025-07-06 23:00:00,109189.7,109246.0,108902.9,109160.5,2096.872,228723075.5928
2025-07-07 00:00:00,109160.5,109250.0,108750.0,108784.9,2202.517,240002686.6289
2025-07-07 01:00:00,108784.9,109056.2,108612.0,108977.0,2146.05,233593437.5472
2025-07-07 02:00:00,108977.0,109478.3,108977.0,109322.8,2513.124,274809235.102
2025-07-07 03:00:00,109322.8,109681.4,109322.1,109355.1,1968.752,215545622.9192
2025-07-07 04:00:00,109355.1,109423.6,109080.6,109080.7,1216.533,132854062.4777
2025-07-07 05:00:00,109080.7,109162.4,108970.7,109029.7,934.153,101886283.4149
2025-07-07 06:00:00,109029.7,109122.0,108719.5,108730.1,1537.155,167380557.4954
2025-07-07 07:00:00,108730.1,109020.3,108573.5,109015.1,2280.422,248117828.654
2025-07-07 08:00:00,109015.1,109048.4,108798.1,108971.4,1492.558,162583692.1891
2025-07-07 09:00:00,108971.4,108971.4,108704.4,108807.7,1243.74,135335379.9106
2025-07-07 10:00:00,108807.7,108862.2,108629.0,108637.4,1196.12,130066184.7984
2025-07-07 11:00:00,108637.4,108781.0,108525.0,108593.9,1415.527,153788507.222
2025-07-07 12:00:00,108593.9,108594.0,108255.2,108302.0,2677.271,290285547.8527
2025-07-07 13:00:00,108302.0,108534.9,107896.8,108474.9,6602.424,714384256.6663
2025-07-07 14:00:00,108474.9,108625.5,107908.0,108162.5,4719.457,510703500.6015
2025-07-07 15:00:00,108162.5,108578.1,108155.7,108244.4,3075.606,333288735.4439
2025-07-07 16:00:00,108244.4,108455.9,107824.5,107920.9,3994.213,431704283.0692
2025-07-07 17:00:00,107920.9,108316.7,107730.6,107892.0,3037.541,327954853.1265
2025-07-07 18:00:00,107892.0,108053.7,107449.6,107974.2,3815.089,410790303.4338
2025-07-07 19:00:00,107974.2,108271.3,107946.9,107990.0,1901.403,205547396.3965
2025-07-07 20:00:00,107990.0,108097.4,107784.8,107800.1,1460.214,157558638.6933
2025-07-07 21:00:00,107800.1,108150.0,107714.2,108104.9,1675.746,180829463.0519
2025-07-07 22:00:00,108104.9,108123.6,107902.8,107950.0,831.905,89823990.6719
2025-07-07 23:00:00,107950.0,108249.4,107950.0,108200.0,1047.957,113334657.9032
2025-07-08 00:00:00,108200.0,108482.3,108106.5,108237.7,3593.442,389159551.249
2025-07-08 01:00:00,108237.7,108237.7,107616.6,107630.9,2230.508,240670536.5807
2025-07-08 02:00:00,107630.9,107898.6,107369.7,107722.4,3767.277,405496856.1968
2025-07-08 03:00:00,107722.4,107960.0,107629.6,107850.1,1372.093,147917952.0151
2025-07-08 04:00:00,107850.1,107988.0,107691.5,107988.0,1203.277,129785616.4252
2025-07-08 05:00:00,107988.0,108184.3,107925.4,108160.0,1279.986,138311773.7217
2025-07-08 06:00:00,108160.0,108333.4,108078.7,108240.1,1219.298,131928398.2984
2025-07-08 07:00:00,108240.1,108443.8,108167.0,108427.9,1538.52,166669316.5715
2025-07-08 08:00:00,108427.9,108477.4,108220.0,108220.0,1771.617,191954252.9191
2025-07-08 09:00:00,108220.0,108453.0,108181.0,108411.1,1000.29,108358020.7407
2025-07-08 10:00:00,108411.1,108887.2,108357.2,108790.0,3777.338,410424124.9172
2025-07-08 11:00:00,108790.0,108977.6,108708.9,108718.1,2219.602,241608461.8349
2025-07-08 12:00:00,108718.1,108913.3,108636.0,108913.2,1412.801,153642682.499
2025-07-08 13:00:00,108913.2,109188.0,108566.8,108972.6,5287.931,575983621.1041
2025-07-08 14:00:00,108972.6,109023.8,108183.1,108333.6,8379.68,909508700.0761
2025-07-08 15:00:00,108333.6,108488.8,108140.2,108202.7,3139.607,339971064.0261
2025-07-08 16:00:00,108202.7,108491.6,108029.9,108383.5,2673.363,289439195.9289
2025-07-08 17:00:00,108383.5,109056.1,108383.4,108949.2,5081.746,552948715.446
2025-07-08 18:00:00,108949.2,109126.2,108846.5,109116.6,2473.526,269617915.8075
2025-07-08 19:00:00,109116.6,109116.7,108677.7,108728.6,1717.649,187023500.1462
2025-07-08 20:00:00,108728.6,108904.2,108582.1,108583.2,860.715,93576777.1793
2025-07-08 21:00:00,108583.2,108931.4,108567.0,108848.0,1143.557,124402784.5543
2025-07-08 22:00:00,108848.0,108931.5,108760.0,108853.1,619.277,67395735.572
2025-07-08 23:00:00,108853.1,108929.9,108762.5,108881.9,779.706,84887372.0094
2025-07-09 00:00:00,108881.9,108906.3,108737.0,108896.7,750.866,81710245.6055
2025-07-09 01:00:00,108896.7,109093.0,108666.0,108732.3,1717.139,186959735.5748
2025-07-09 02:00:00,108732.3,108805.5,108540.5,108573.6,796.487,86571759.6964
2025-07-09 03:00:00,108573.6,108624.0,108284.8,108312.6,1457.151,157956779.2571
2025-07-09 04:00:00,108312.6,108524.0,108263.4,108503.5,1123.524,121783039.4787
2025-07-09 05:00:00,108503.5,108900.0,108434.1,108729.4,2629.222,285814177.8643
2025-07-09 06:00:00,108729.4,108819.4,108621.3,108793.0,842.546,91593565.9794
2025-07-09 07:00:00,108793.0,108842.6,108625.1,108671.7,666.765,72497031.3515
2025-07-09 08:00:00,108671.7,108812.3,108598.7,108624.2,961.976,104586510.8801
2025-07-09 09:00:00,108624.2,108749.9,108527.3,108707.3,838.649,91103370.0041
2025-07-09 10:00:00,108707.3,108869.3,108657.0,108869.3,762.732,82976662.9194
2025-07-09 11:00:00,108869.3,109090.0,108869.2,109018.9,2008.288,218877508.629
2025-07-09 12:00:00,109018.9,109496.6,108935.3,109298.6,5061.503,553502472.7515
2025-07-09 13:00:00,109298.6,109746.0,109080.1,109144.4,5999.292,656709925.3029
2025-07-09 14:00:00,109144.4,109437.0,108447.8,108838.1,7547.564,821464310.3433
2025-07-09 15:00:00,108838.1,109175.0,108731.4,109009.9,3195.328,348122493.3301
2025-07-09 16:00:00,109009.9,109437.6,108970.8,109350.0,2777.874,303449608.4269
2025-07-09 17:00:00,109350.0,109400.0,108968.8,109106.1,1914.583,208964983.3758
2025-07-09 18:00:00,109106.1,109539.9,109073.1,109490.8,3014.137,329743168.887
2025-07-09 19:00:00,109490.8,111999.0,109442.0,111702.6,20489.729,2271799227.2853
2025-07-09 20:00:00,111702.6,111914.2,110530.0,110671.9,9481.88,1054522830.558
2025-07-09 21:00:00,110671.9,111248.1,110630.0,110788.1,3651.74,405347473.826
2025-07-09 22:00:00,110788.1,111384.0,110785.0,111332.1,3127.917,347822326.4266
2025-07-09 23:00:00,111332.1,111485.0,111181.4,111209.7,1883.841,209767147.4054
2025-07-10 00:00:00,111209.7,111300.0,110865.0,110865.0,1884.541,209356774.4351
2025-07-10 01:00:00,110865.0,111322.1,110832.8,111155.8,1374.795,152715373.773
2025-07-10 02:00:00,111155.8,111524.7,111088.6,111172.1,1536.296,171003675.4926
2025-07-10 03:00:00,111172.1,111172.2,110931.7,111025.8,1238.344,137499439.1163
2025-07-10 04:00:00,111025.8,111146.3,110909.8,111108.0,1370.832,152202250.5145
2025-07-10 05:00:00,111108.0,111134.4,110863.1,111043.6,1353.769,150234148.6699
2025-07-10 06:00:00,111043.6,111274.2,111041.0,111177.2,2347.053,260849609.7828
2025-07-10 07:00:00,111177.2,111421.2,111092.0,111190.8,1707.438,189997074.0128
2025-07-10 08:00:00,111190.8,111366.0,111077.9,111195.3,1120.739,124641134.2102
2025-07-10 09:00:00,111195.3,111222.0,110956.0,110993.7,986.197,109543753.8233
2025-07-10 10:00:00,110993.7,111082.3,110825.0,111033.8,1426.527,158274133.5707
2025-07-10 11:00:00,111033.8,111136.1,110922.5,110979.5,927.275,102946176.465
2025-07-10 12:00:00,110979.5,110979.5,110710.8,110827.0,2015.227,223309154.1347
2025-07-10 13:00:00,110827.0,110996.6,110450.9,110761.9,3913.12,433322524.346
2025-07-10 14:00:00,110761.9,111282.2,110592.3,111193.3,4080.936,452876258.2531
2025-07-10 15:00:00,111193.3,111379.2,110923.1,111359.2,2707.216,301032680.1836
2025-07-10 16:00:00,111359.2,112696.4,111293.8,112605.0,12712.305,1426749392.7409
2025-07-10 17:00:00,112605.0,113789.3,112449.3,113692.8,14385.299,1628160332.9202
2025-07-10 18:00:00,113692.8,113715.8,112960.0,113380.8,5291.585,599436790.2345
2025-07-10 19:00:00,113380.8,113642.9,113058.6,113247.4,4086.029,463234362.4873
2025-07-10 20:00:00,113247.4,113557.3,113220.0,113435.8,2628.721,298150630.9544
2025-07-10 21:00:00,113435.8,117896.7,113340.0,116458.2,32285.786,3739447189.5376
2025-07-10 22:00:00,116458.2,116485.5,115747.3,115991.5,6322.355,733770238.7237
2025-07-10 23:00:00,115991.5,116091.5,115617.4,115990.1,2464.674,285499147.0336
2025-07-11 00:00:00,115990.1,116065.7,115200.0,115555.4,3681.282,425370562.3106
2025-07-11 01:00:00,115555.4,116071.6,115474.2,115952.7,1732.623,200640188.2017
2025-07-11 02:00:00,115952.7,116772.6,115685.3,116634.9,3916.557,455697922.5076
2025-07-11 03:00:00,116634.9,116941.4,116353.0,116853.2,2636.07,307398556.3589
2025-07-11 04:00:00,116853.2,116917.3,116461.1,116883.2,3010.461,351305395.66
2025-07-11 05:00:00,116883.2,118387.0,116882.4,117832.0,12906.849,1518931114.8319
2025-07-11 06:00:00,117832.0,118386.4,117587.9,117639.2,5675.028,669610028.8551
2025-07-11 07:00:00,117639.2,118091.4,117436.6,117554.6,4251.883,500501958.8872
2025-07-11 08:00:00,117554.6,118144.6,117554.5,117964.0,2545.919,300076397.3685
2025-07-11 09:00:00,117964.0,118849.9,117864.9,118448.7,5800.833,687281127.8901
2025-07-11 10:00:00,118448.7,118448.7,117929.6,117970.6,3855.11,455540806.2847
2025-07-11 11:00:00,117970.6,118100.9,117594.8,117801.6,2904.258,342095443.68
2025-07-11 12:00:00,117801.6,118224.9,117702.0,117856.2,2443.502,288146180.7161
2025-07-11 13:00:00,117856.2,118176.7,117253.8,117977.9,6275.123,738236988.0527
2025-07-11 14:00:00,117977.9,118166.7,117362.3,117849.9,3818.393,449856795.1062
2025-07-11 15:00:00,117849.9,117969.9,116727.4,116908.7,6647.736,779730140.7464
2025-07-11 16:00:00,116908.7,117464.4,116600.8,117402.7,5132.093,600581998.2678
2025-07-11 17:00:00,117402.7,117758.9,117240.9,117623.6,2811.235,330397697.977
2025-07-11 18:00:00,117623.6,117733.6,117290.0,117691.0,1576.881,185366670.4034
2025-07-11 19:00:00,117691.0,118117.7,117411.7,118079.2,3936.563,463982918.3855
2025-07-11 20:00:00,118079.2,118079.3,117608.5,117624.5,2029.445,239155209.1808
2025-07-11 21:00:00,117624.5,117864.6,117415.8,117590.0,1933.889,227438713.2334
2025-07-11 22:00:00,117590.0,117643.6,117114.1,117590.5,2539.295,298139874.0973
2025-07-11 23:00:00,117590.5,117643.8,117410.7,117508.8,827.841,97337519.9035
2025-07-12 00:00:00,117508.8,117633.0,117101.9,117379.3,1665.771,195415867.2071
2025-07-12 01:00:00,117379.3,117669.6,117379.3,117618.0,1086.569,127757427.7368
2025-07-12 02:00:00,117618.0,117779.7,117531.4,117572.9,742.01,87307247.3646
2025-07-12 03:00:00,117572.9,117820.0,117572.8,117752.5,777.313,91513307.31
2025-07-12 04:00:00,117752.5,117843.8,117547.0,117619.2,719.601,84700565.6463
2025-07-12 05:00:00,117619.2,117674.5,117456.2,117641.0,633.697,74495923.1719
2025-07-12 06:00:00,117641.0,117954.2,117613.0,117800.1,973.485,114700168.5113
2025-07-12 07:00:00,117800.1,118035.2,117562.0,117683.9,1415.1,166689665.5666
2025-07-12 08:00:00,117683.9,117902.9,117663.0,117864.6,1022.915,120482083.05
2025-07-12 09:00:00,117864.6,118195.1,117818.0,118123.9,2422.412,285875854.7255
2025-07-12 10:00:00,118123.9,118123.9,117837.4,118034.3,1492.912,176158046.4603
2025-07-12 11:00:00,118034.3,118075.0,117580.0,117772.2,2838.44,334413069.4788
2025-07-12 12:00:00,117772.2,117825.8,117250.1,117493.9,3270.29,384289629.289
2025-07-12 13:00:00,117493.9,117523.5,117190.0,117472.1,2600.274,305164265.9664
2025-07-12 14:00:00,117472.1,117701.7,117263.1,117341.9,2013.296,236585578.8395
2025-07-12 15:00:00,117341.9,117420.0,116868.1,117066.3,4189.523,490741353.9915
2025-07-12 16:00:00,117066.3,117350.0,117007.3,117152.6,1586.371,185946058.2512
2025-07-12 17:00:00,117152.6,117520.7,117130.4,117436.8,971.702,114057448.7845
2025-07-12 18:00:00,117436.8,117482.2,117327.9,117464.9,672.767,78977005.7306
2025-07-12 19:00:00,117464.9,117601.4,117395.3,117511.2,849.549,99836828.7069
2025-07-12 20:00:00,117511.2,117511.2,116963.3,116963.3,952.439,111640469.8933
2025-07-12 21:00:00,116963.3,117515.0,116940.0,117445.1,1270.86,149000702.8272
2025-07-12 22:00:00,117445.1,117518.9,117254.0,117338.0,434.845,51045359.0544
2025-07-12 23:00:00,117338.0,117427.7,117154.3,117369.9,653.888,76692198.2116
2025-07-13 00:00:00,117369.9,117412.5,117192.0,117258.7,716.265,84029268.3199
2025-07-13 01:00:00,117258.7,117623.6,117173.3,117510.4,1466.796,172273724.8516
2025-07-13 02:00:00,117510.4,117787.9,117352.3,117556.9,974.163,114518183.4488
2025-07-13 03:00:00,117556.9,117769.6,117527.8,117706.6,752.814,88580380.7044
2025-07-13 04:00:00,117706.6,117852.0,117627.1,117834.9,617.191,72685319.0518
2025-07-13 05:00:00,117834.9,117861.4,117638.7,117717.0,634.134,74685995.3007
2025-07-13 06:00:00,117717.0,117950.0,117689.8,117836.5,722.116,85101176.0288
2025-07-13 07:00:00,117836.5,118023.0,117800.0,117950.8,1168.016,137744790.7535
2025-07-13 08:00:00,117950.8,117963.2,117703.9,117857.8,975.38,114918291.8127
2025-07-13 09:00:00,117857.8,117863.3,117653.1,117695.5,666.153,78444993.9799
2025-07-13 10:00:00,117695.5,117810.0,117687.0,117715.3,379.671,44704853.8366
2025-07-13 11:00:00,117715.3,118054.5,117715.2,118029.9,1198.27,141317047.1217
2025-07-13 12:00:00,118029.9,118602.8,117929.6,118365.9,4749.209,561696576.5427
2025-07-13 13:00:00,118365.9,118749.7,118073.3,118556.2,4287.368,507815826.055
2025-07-13 14:00:00,118556.2,119390.4,118293.3,118700.0,9810.433,1166642422.401
2025-07-13 15:00:00,118700.0,119099.6,118475.0,118623.0,2873.454,341267021.7735
2025-07-13 16:00:00,118623.0,118941.6,118441.2,118461.6,2186.713,259613073.9438
2025-07-13 17:00:00,118461.6,118790.1,118320.0,118631.9,1434.469,170099585.357
2025-07-13 18:00:00,118631.9,119015.0,118520.0,118939.4,1363.202,161999509.3698
2025-07-13 19:00:00,118939.4,119474.9,118857.2,118918.6,3198.313,381140507.2951
2025-07-13 20:00:00,118918.6,119347.8,118778.9,119018.3,1460.002,173835777.7852
2025-07-13 21:00:00,119018.3,119018.3,118430.0,118599.0,2015.828,239326121.4733
2025-07-13 22:00:00,118599.0,118734.7,118168.2,118464.7,1933.235,228987153.0335
2025-07-13 23:00:00,118464.7,119175.6,118335.1,119050.2,1988.872,236285491.0704
2025-07-14 00:00:00,119050.2,119442.3,118877.8,119033.9,2537.379,302397268.4933
2025-07-14 01:00:00,119033.9,119206.5,118859.2,119054.9,1662.04,197793057.1672
2025-07-14 02:00:00,119054.9,120000.0,118926.1,119615.0,6081.689,727686991.8947
2025-07-14 03:00:00,119615.0,121600.0,119553.9,120725.0,14624.86,1765254011.2108
2025-07-14 04:00:00,120725.0,121439.9,120509.2,121385.5,6491.662,785547022.3875
2025-07-14 05:00:00,121385.5,122685.1,121112.7,122446.2,13094.534,1598038004.3607
2025-07-14 06:00:00,122446.2,122458.4,122018.1,122120.0,3591.347,438861095.6756
2025-07-14 07:00:00,122120.0,123250.0,122074.2,122741.2,7132.437,875382791.4672
2025-07-14 08:00:00,122741.2,122758.0,122275.0,122556.8,3448.561,422412415.8437
2025-07-14 09:00:00,122556.8,122573.6,121850.0,121990.2,4078.62,498077704.758
2025-07-14 10:00:00,121990.2,122169.3,121659.2,121911.6,3425.034,417589508.2861
2025-07-14 11:00:00,121911.6,121911.6,121350.0,121480.1,3273.717,397967726.4601
2025-07-14 12:00:00,121480.1,121922.9,121401.3,121895.3,2379.837,289786161.4547
2025-07-14 13:00:00,121895.3,122100.0,121160.0,121680.1,5445.915,662533748.1473
2025-07-14 14:00:00,121680.1,121958.6,120636.3,121174.4,8588.953,1040904819.3482
2025-07-14 15:00:00,121174.4,121182.0,119609.8,119889.3,9864.246,1185551192.6747
2025-07-14 16:00:00,119889.3,120318.0,119232.4,120287.7,8183.447,979998650.2073
2025-07-14 17:00:00,120287.7,120535.9,119791.0,119921.8,4206.678,505677904.8147
2025-07-14 18:00:00,119921.8,120200.5,119620.0,119639.9,1904.96,228382975.7175
2025-07-14 19:00:00,119639.9,120113.7,119601.0,119950.0,2234.88,267832196.788
2025-07-14 20:00:00,119950.0,120458.8,119501.6,120136.3,2942.103,353373485.741
2025-07-14 21:00:00,120136.3,120246.0,119811.0,120018.1,1667.884,200194217.9762
2025-07-14 22:00:00,120018.1,120312.1,119916.7,120041.2,993.622,119368215.7768
2025-07-14 23:00:00,120041.2,120053.1,119765.3,119841.6,1111.382,133237897.3146
2025-07-15 00:00:00,119841.6,119946.6,119050.7,119479.9,3299.217,394318969.6107
2025-07-15 01:00:00,119479.9,119519.0,118329.9,118477.4,7281.795,866524511.0311
2025-07-15 02:00:00,118477.4,118870.0,117816.6,118270.3,9644.802,1139851104.3874
2025-07-15 03:00:00,118270.3,118270.3,116880.0,117210.2,10916.453,1282274942.9229
2025-07-15 04:00:00,117210.2,117568.5,116302.4,117534.3,9477.317,1108966230.4845
2025-07-15 05:00:00,117534.3,117800.0,117010.1,117351.9,3666.733,430639096.5254
2025-07-15 06:00:00,117351.9,117351.9,116768.8,117100.0,4692.21,549168428.6117
2025-07-15 07:00:00,117100.0,117348.9,116404.1,116822.5,4513.398,527333584.1817
2025-07-15 08:00:00,116822.5,116901.4,116114.6,116805.4,4407.103,514183134.9342
2025-07-15 09:00:00,116805.4,117246.2,116713.5,116799.9,2969.995,347462213.92
2025-07-15 10:00:00,116799.9,117242.5,116760.0,117076.5,2721.765,318447040.6923
2025-07-15 11:00:00,117076.5,117200.0,116340.4,117150.4,4254.294,496712468.4003
2025-07-15 12:00:00,117150.4,117495.4,116395.0,117209.8,9852.097,1153308615.6419
2025-07-15 13:00:00,117209.8,118510.5,117153.2,118108.4,11163.199,1316298158.4764
2025-07-15 14:00:00,118108.4,118484.0,115750.0,116021.8,15101.495,1765060793.4455
2025-07-15 15:00:00,116021.8,116788.0,115800.0,116430.6,7876.161,915826972.8274
2025-07-15 16:00:00,116430.6,117758.1,116395.2,117221.9,8476.017,993178916.7856
2025-07-15 17:00:00,117221.9,117599.9,117150.0,117420.7,2962.254,347739356.7208
2025-07-15 18:00:00,117420.7,117444.0,116047.2,116738.6,6353.316,741150032.9211
2025-07-15 19:00:00,116738.6,117236.2,116289.9,116430.2,3163.817,369320217.2147
2025-07-15 20:00:00,116430.2,116721.4,116161.3,116400.0,2606.286,303642640.6641
2025-07-15 21:00:00,116400.0,117600.0,116350.0,117573.8,3362.037,393927577.4616
2025-07-15 22:00:00,117573.8,117865.6,117244.7,117827.0,2971.767,349381251.216
2025-07-15 23:00:00,117827.0,117999.8,117500.0,117745.7,2582.533,304119708.5114
2025-07-16 00:00:00,117745.7,118196.2,117412.0,118126.5,2476.163,291807404.6925
2025-07-16 01:00:00,118126.5,118250.0,117599.3,117746.2,1586.306,186986038.9802
2025-07-16 02:00:00,117746.2,117785.9,117031.0,117345.1,2381.418,279413673.4311
2025-07-16 03:00:00,117345.1,117548.7,117233.1,117500.0,1017.636,119510626.4603
2025-07-16 04:00:00,117500.0,117733.5,117264.3,117614.8,1353.168,159010449.386
2025-07-16 05:00:00,117614.8,118053.9,117614.8,117871.6,2735.482,322458877.9733
2025-07-16 06:00:00,117871.6,118307.7,117750.0,118271.5,1480.617,174885510.8996
2025-07-16 07:00:00,118271.5,118299.1,118046.9,118200.0,1343.621,158815069.1564
2025-07-16 08:00:00,118200.0,118809.0,118130.0,118709.8,3034.019,359598836.6165
2025-07-16 09:00:00,118709.8,119231.7,118709.7,119207.2,4453.163,529927187.9297
2025-07-16 10:00:00,119207.2,119327.4,118739.3,118750.0,2506.859,298430023.2915
2025-07-16 11:00:00,118750.0,118925.7,118641.5,118776.1,1644.555,195377731.9467
2025-07-16 12:00:00,118776.1,119121.3,118544.2,118608.1,3885.61,461800019.2008
2025-07-16 13:00:00,118608.1,118918.5,118127.9,118672.9,7622.127,903503113.0836
2025-07-16 14:00:00,118672.9,119267.3,118200.6,119037.6,6777.125,804110846.2494
2025-07-16 15:00:00,119037.6,119778.5,118298.8,119067.4,12623.567,1503706607.4461
2025-07-16 16:00:00,119067.4,119316.7,118432.2,119259.9,4529.249,538715815.6057
2025-07-16 17:00:00,119259.9,119683.8,118950.0,119064.1,4456.288,531874471.953
2025-07-16 18:00:00,119064.1,119928.6,118860.6,119504.4,4879.174,583129244.1006
2025-07-16 19:00:00,119504.4,119635.0,118816.3,119230.0,3809.164,453813009.8692
2025-07-16 20:00:00,119230.0,119968.0,118934.0,119920.9,3533.472,422461315.7673
2025-07-16 21:00:00,119920.9,120114.6,119205.6,119292.0,3276.126,392478112.2915
2025-07-16 22:00:00,119292.0,119492.8,118571.0,118653.8,3088.355,367553551.7005
2025-07-16 23:00:00,118653.8,118833.6,118409.1,118626.3,1785.675,211823948.655
2025-07-17 00:00:00,118626.3,119173.2,118612.0,118884.1,1459.673,173574939.6914
2025-07-17 01:00:00,118884.1,119074.5,117662.2,118130.1,5503.716,650490696.5336
2025-07-17 02:00:00,118130.1,118510.0,117970.4,118308.4,2431.786,287623263.2472
2025-07-17 03:00:00,118308.4,118332.0,117716.1,118089.6,2461.794,290365227.846
2025-07-17 04:00:00,118089.6,118479.2,117931.6,118479.1,2206.711,261044404.5607
2025-07-17 05:00:00,118479.1,118637.4,118207.8,118576.3,1610.764,190767069.9664
2025-07-17 06:00:00,118576.3,118781.7,118335.6,118434.6,2515.476,298126970.615
2025-07-17 07:00:00,118434.6,118548.7,117809.9,118319.9,3298.133,389641987.5763
2025-07-17 08:00:00,118319.9,118432.0,118086.6,118338.3,2095.68,247857001.8071
2025-07-17 09:00:00,118338.3,119246.4,118254.3,118802.2,4943.89,587762717.6591
2025-07-17 10:00:00,118802.2,118916.0,118238.0,118369.2,2778.105,329243044.9596
2025-07-17 11:00:00,118369.2,118424.6,117982.1,118001.0,2512.396,296946790.9217
2025-07-17 12:00:00,118001.0,118213.2,117449.9,117881.2,6069.325,715046382.0346
2025-07-17 13:00:00,117881.2,118475.0,117514.2,118299.8,5047.906,595474175.2841
2025-07-17 14:00:00,118299.8,118863.6,118167.5,118796.3,4958.408,587855761.0803
2025-07-17 15:00:00,118796.3,119145.3,118364.3,118911.2,3859.481,458423043.6028
2025-07-17 16:00:00,118911.2,118999.2,118364.0,118595.5,2486.825,294891193.2089
2025-07-17 17:00:00,118595.5,119424.6,118524.5,119313.0,3214.921,382403413.7252
2025-07-17 18:00:00,119313.0,119850.0,119260.2,119639.2,3263.899,390403608.7684
2025-07-17 19:00:00,119639.2,119944.5,118854.8,119000.0,3230.819,385967447.8268
2025-07-17 20:00:00,119000.0,119480.9,118423.5,119480.9,4842.178,575890871.7731
2025-07-17 21:00:00,119480.9,121044.0,119472.0,120318.0,14413.955,1735299594.5992
2025-07-17 22:00:00,120318.0,120764.0,119520.8,119804.9,5767.508,693302788.954
2025-07-17 23:00:00,119804.9,119922.2,119180.0,119218.7,3498.311,418293155.6571
2025-07-18 00:00:00,119218.7,119856.5,119028.2,119782.9,3795.897,453700735.8909
2025-07-18 01:00:00,119782.9,120844.7,119676.7,120400.6,4984.104,599635962.0689
2025-07-18 02:00:00,120400.6,120457.4,119913.2,120140.7,3050.426,366591930.3688
2025-07-18 03:00:00,120140.7,120537.6,120000.0,120257.9,1528.284,183698974.2632
2025-07-18 04:00:00,120257.9,120545.8,119782.5,120460.5,2722.616,327287139.3049
2025-07-18 05:00:00,120460.5,120694.0,120252.0,120640.6,2630.611,316975086.9595
2025-07-18 06:00:00,120640.6,120896.9,120119.1,120293.9,2162.843,260502536.8271
2025-07-18 07:00:00,120293.9,120436.4,119355.0,119420.0,4343.468,520233765.3052
2025-07-18 08:00:00,119420.0,119534.5,118444.0,118686.0,6324.376,752156580.3705
2025-07-18 09:00:00,118686.0,119040.0,118500.1,118935.7,2994.693,355861934.0929
2025-07-18 10:00:00,118935.7,119310.0,118560.9,119286.7,2311.254,274778897.8615
2025-07-18 11:00:00,119286.7,119336.4,118822.9,119222.7,2223.074,264697378.7872
2025-07-18 12:00:00,119222.7,119574.4,119181.6,119485.8,1927.678,230206323.7631
2025-07-18 13:00:00,119485.8,119494.0,118526.6,118828.2,7099.872,844012349.6061
2025-07-18 14:00:00,118828.2,119322.9,117311.7,118148.8,14910.896,1761123109.9165
2025-07-18 15:00:00,118148.8,118294.5,117442.4,117866.2,5690.995,670528238.1482
2025-07-18 16:00:00,117866.2,118078.0,117480.9,117575.2,2872.798,338231502.2422
2025-07-18 17:00:00,117575.2,118019.9,117351.8,117612.1,2476.208,291348536.4915
2025-07-18 18:00:00,117612.1,117744.0,117213.5,117323.6,2089.62,245468062.0957
2025-07-18 19:00:00,117323.6,117899.0,117133.0,117380.8,3997.436,469705825.718
2025-07-18 20:00:00,117380.8,117557.0,116822.1,117400.1,5972.03,699572255.4217
2025-07-18 21:00:00,117400.1,117891.3,117356.1,117691.3,1558.29,183445376.7623
2025-07-18 22:00:00,117691.3,118000.0,117410.6,117695.9,1790.901,210883909.4123
2025-07-18 23:00:00,117695.9,118017.3,117471.2,117930.1,1344.806,158403723.8547
2025-07-19 00:00:00,117930.1,118033.4,117724.2,117753.5,1313.366,154861967.6827
2025-07-19 01:00:00,117753.5,118133.1,117630.8,118056.2,1419.113,167354648.8234
2025-07-19 02:00:00,118056.2,118323.4,117952.0,118224.0,1218.258,143924689.858
2025-07-19 03:00:00,118224.0,118398.5,118146.9,118349.6,945.219,111796163.047
2025-07-19 04:00:00,118349.6,118379.0,118107.3,118159.8,748.461,88505075.6575
2025-07-19 05:00:00,118159.8,118299.5,118030.8,118220.5,917.628,108433060.0718
2025-07-19 06:00:00,118220.5,118299.0,118076.6,118189.7,496.138,58625529.3411
2025-07-19 07:00:00,118189.7,118339.3,118160.0,118175.8,881.852,104266285.7812
2025-07-19 08:00:00,118175.8,118289.6,117935.6,118100.1,1291.864,152567307.6479
2025-07-19 09:00:00,118100.1,118338.9,118073.2,118241.0,899.261,106320125.8512
2025-07-19 10:00:00,118241.0,118523.7,118176.1,118448.5,1036.391,122693476.7515
2025-07-19 11:00:00,118448.5,118494.9,118180.0,118330.4,1391.801,164766627.7161
2025-07-19 12:00:00,118330.4,118345.7,118100.1,118244.1,1371.839,162194352.6855
2025-07-19 13:00:00,118244.1,118329.9,118071.3,118200.0,896.917,106026679.1144
2025-07-19 14:00:00,118200.0,118230.8,117612.0,117683.9,3281.267,386975658.1562
2025-07-19 15:00:00,117683.9,118256.1,117664.0,118058.2,1727.888,204000214.0996
2025-07-19 16:00:00,118058.2,118186.3,117850.0,117985.6,1748.092,206289945.782
2025-07-19 17:00:00,117985.6,117994.0,117737.7,117807.5,648.108,76387970.0807
2025-07-19 18:00:00,117807.5,118026.8,117754.0,117857.6,367.215,43302622.7624
2025-07-19 19:00:00,117857.6,118164.8,117580.8,118005.8,1537.586,181294136.8715
2025-07-19 20:00:00,118005.8,118176.4,117700.1,117722.0,1186.591,139991986.0007
2025-07-19 21:00:00,117722.0,117848.4,117237.7,117699.0,2950.66,346785764.7266
2025-07-19 22:00:00,117699.0,117854.3,117519.6,117788.0,1211.729,142672983.9327
2025-07-19 23:00:00,117788.0,118022.6,117739.2,117842.1,891.824,105116509.1239
2025-07-20 00:00:00,117842.1,118016.6,117659.3,117953.4,766.2,90275708.3768
2025-07-20 01:00:00,117953.4,118142.9,117897.1,117941.0,1053.272,124304650.2037
2025-07-20 02:00:00,117941.0,118036.1,117781.1,118000.0,894.739,105480295.084
2025-07-20 03:00:00,118000.0,118186.8,117751.6,117975.4,1374.317,162208944.1046
2025-07-20 04:00:00,117975.4,118149.8,117906.5,117967.6,638.331,75340331.3675
2025-07-20 05:00:00,117967.6,117996.9,117814.6,117866.5,464.681,54777656.0831
2025-07-20 06:00:00,117866.5,117911.9,117772.4,117840.3,347.418,40941030.0422
2025-07-20 07:00:00,117840.3,118254.4,117840.2,118052.4,1229.264,145163917.1813
2025-07-20 08:00:00,118052.4,118312.1,118052.4,118198.0,1698.162,200763795.4688
2025-07-20 09:00:00,118198.0,118328.1,117938.4,117953.4,909.194,107401156.7178
2025-07-20 10:00:00,117953.4,118043.2,117903.6,117926.0,783.028,92384454.7496
2025-07-20 11:00:00,117926.0,118137.6,117860.2,117925.4,1297.957,153102485.9514
2025-07-20 12:00:00,117925.4,118254.2,117745.4,118118.2,1698.012,200314407.9506
2025-07-20 13:00:00,118118.2,118440.0,118099.5,118423.3,2070.188,244739373.6815
2025-07-20 14:00:00,118423.3,118916.0,118303.1,118482.7,4753.875,563829163.887
2025-07-20 15:00:00,118482.7,118800.0,118348.7,118722.6,2281.849,270684016.0669
2025-07-20 16:00:00,118722.6,118931.0,118500.0,118599.3,2288.96,271759469.5368
2025-07-20 17:00:00,118599.3,118599.3,118000.0,118058.1,3518.829,416102694.663
2025-07-20 18:00:00,118058.1,118487.5,118058.1,118405.5,1143.786,135274973.683
2025-07-20 19:00:00,118405.5,118632.5,118196.9,118197.0,804.775,95349980.2656
2025-07-20 20:00:00,118197.0,118301.9,117890.1,118118.0,2043.755,241374025.9922
2025-07-20 21:00:00,118118.0,118189.5,117868.1,118036.7,1225.137,144595109.5299
2025-07-20 22:00:00,118036.7,118077.8,116455.6,117514.7,10704.764,1254220935.9912
2025-07-20 23:00:00,117514.7,117592.2,116978.3,117290.4,2155.782,252874213.6363
2025-07-21 00:00:00,117290.4,117396.0,116550.0,117387.0,3524.502,412312713.8734
2025-07-21 01:00:00,117387.0,117483.3,116801.3,117329.6,2630.49,308017309.406
2025-07-21 02:00:00,117329.6,118202.1,117329.5,118202.1,2854.951,336522527.828
2025-07-21 03:00:00,118202.1,118649.8,118151.1,118429.2,3926.633,465069230.1774
2025-07-21 04:00:00,118429.2,118704.5,118311.0,118367.4,1394.986,165315078.4676
2025-07-21 05:00:00,118367.4,118460.7,118200.0,118451.5,856.128,101306819.1393
2025-07-21 06:00:00,118451.5,119295.0,118300.1,119213.0,4740.208,563678743.3774
2025-07-21 07:00:00,119213.0,119750.0,119200.0,119420.0,3878.977,463389725.0325
2025-07-21 08:00:00,119420.0,119548.0,118910.8,119059.6,2916.099,347558471.7325
2025-07-21 09:00:00,119059.6,119142.7,118593.1,118742.4,2232.393,265253266.7806
2025-07-21 10:00:00,118742.4,118862.8,118384.0,118616.1,1588.868,188469659.6193
2025-07-21 11:00:00,118616.1,118860.1,118108.9,118118.7,2813.518,333359166.6829
2025-07-21 12:00:00,118118.7,118646.2,117809.4,118225.7,4093.123,483956515.6313
2025-07-21 13:00:00,118225.7,119176.9,117926.0,118894.2,4910.562,582561361.334
2025-07-21 14:00:00,118894.2,119300.0,118478.0,118875.8,4325.687,514455224.6749
2025-07-21 15:00:00,118875.8,119180.0,118250.0,118377.8,3790.838,449976112.0956
2025-07-21 16:00:00,118377.8,118459.4,117543.2,117800.0,7390.435,871461687.5244
2025-07-21 17:00:00,117800.0,118150.0,117380.0,117899.6,4316.315,508074889.5081
2025-07-21 18:00:00,117899.6,118239.3,117121.0,117189.1,5660.195,666543043.8575
2025-07-21 19:00:00,117189.1,117561.9,116677.4,116796.9,5318.148,622428490.2458
2025-07-21 20:00:00,116796.9,117280.0,116652.0,116949.7,3098.32,362599544.5409
2025-07-21 21:00:00,116949.7,117393.6,116876.7,117232.3,1435.776,168243270.214
2025-07-21 22:00:00,117232.3,117669.6,117134.4,117373.9,1294.51,152040972.4733
2025-07-21 23:00:00,117373.9,117537.2,117135.5,117393.0,1490.967,174941639.9443
2025-07-22 00:00:00,117393.0,117571.7,117055.0,117138.4,1596.25,187239136.298
2025-07-22 01:00:00,117138.4,117988.0,116123.0,117777.0,9309.183,1089503218.3748
2025-07-22 02:00:00,117777.0,117849.4,116978.5,117055.9,3338.915,391968667.212
2025-07-22 03:00:00,117055.9,117285.8,116714.3,117235.1,2521.221,295069988.4336
2025-07-22 04:00:00,117235.1,117384.7,116562.6,116564.4,2532.406,296218734.1381
2025-07-22 05:00:00,116564.4,117383.8,116563.5,117370.1,3561.93,417155576.6483
2025-07-22 06:00:00,117370.1,117858.0,117291.8,117857.9,2874.675,338126628.5207
2025-07-22 07:00:00,117857.9,118620.1,117791.4,118027.4,5572.034,658677179.6526
2025-07-22 08:00:00,118027.4,118383.1,117517.7,118330.0,3836.748,452347700.287
2025-07-22 09:00:00,118330.0,118703.0,117892.6,118408.6,2572.684,304456014.2303
2025-07-22 10:00:00,118408.6,119019.0,118323.2,119004.0,3127.82,371246794.1366
2025-07-22 11:00:00,119004.0,119250.0,118821.6,119199.1,2860.784,340591826.0379
2025-07-22 12:00:00,119199.1,119479.4,119090.0,119344.9,3605.194,430109411.8635
2025-07-22 13:00:00,119344.9,119649.9,118093.0,118200.1,7788.156,926356902.2387
2025-07-22 14:00:00,118200.1,119186.8,117601.2,119111.9,7582.936,897415616.3066
2025-07-22 15:00:00,119111.9,119237.5,118755.2,118962.1,3479.85,414250998.4136
2025-07-22 16:00:00,118962.1,119439.7,118674.9,118746.1,3475.245,413909788.0001
2025-07-22 17:00:00,118746.1,119288.0,118451.8,119260.1,3067.532,364798930.3108
2025-07-22 18:00:00,119260.1,120297.1,119115.4,119816.5,6438.358,770640295.3829
2025-07-22 19:00:00,119816.5,119991.0,119150.0,119333.3,3068.748,366962540.5532
2025-07-22 20:00:00,119333.3,119996.2,119255.0,119761.5,2978.108,356532746.1729
2025-07-22 21:00:00,119761.5,119836.8,119465.2,119465.2,1018.153,121804274.7613
2025-07-22 22:00:00,119465.2,120100.0,119465.2,119916.0,1592.124,190855820.6342
2025-07-22 23:00:00,119916.0,120321.0,119898.4,120043.6,2129.548,255858589.4634
2025-07-23 00:00:00,120043.6,120194.7,119600.0,119659.7,2150.392,257798556.3738
2025-07-23 01:00:00,119659.7,119776.8,119485.7,119578.8,1477.535,176724567.1232
2025-07-23 02:00:00,119578.8,119623.7,119055.9,119154.8,2771.164,330564877.9778
2025-07-23 03:00:00,119154.8,119178.9,118582.4,118675.1,2739.167,325518256.6487
2025-07-23 04:00:00,118675.1,119027.0,118623.0,119026.9,2264.836,269074097.3634
2025-07-23 05:00:00,119026.9,119055.7,118658.0,118682.0,1474.746,175218418.3883
2025-07-23 06:00:00,118682.0,118769.3,118363.2,118474.1,2105.547,249601567.8354
2025-07-23 07:00:00,118474.1,118647.0,118311.9,118398.9,1700.819,201526589.6297
2025-07-23 08:00:00,118398.9,118601.5,118255.6,118458.6,2053.865,243199293.3442
2025-07-23 09:00:00,118458.6,118517.6,117930.2,118065.1,3647.736,430950935.7849
2025-07-23 10:00:00,118065.1,118418.9,117850.0,118400.1,3659.004,432257865.9942
2025-07-23 11:00:00,118400.1,118661.6,118172.9,118558.0,2975.042,352485639.8674
2025-07-23 12:00:00,118558.0,118675.0,117828.4,118011.1,4483.307,529867008.8455
2025-07-23 13:00:00,118011.1,118236.9,117322.0,117366.8,7990.04,941011273.1914
2025-07-23 14:00:00,117366.8,118220.8,117300.0,118218.8,5138.088,605527466.9739
2025-07-23 15:00:00,118218.8,118748.6,117808.2,118589.2,3553.837,420246919.9972
2025-07-23 16:00:00,118589.2,118589.2,117560.3,117721.1,4591.185,541481456.5148
2025-07-23 17:00:00,117721.1,118134.8,117309.4,118134.6,4614.149,542893054.1301
2025-07-23 18:00:00,118134.6,118408.5,117986.6,118404.2,1932.233,228424591.3484
2025-07-23 19:00:00,118404.2,118480.7,118212.0,118397.8,1694.498,200558316.9293
2025-07-23 20:00:00,118397.8,118500.0,117550.0,117898.7,4595.456,542241835.3672
2025-07-23 21:00:00,117898.7,118187.0,117357.7,118187.0,2666.894,313997790.8556
2025-07-23 22:00:00,118187.0,118644.7,117927.0,118560.0,2313.627,274009213.2114
2025-07-23 23:00:00,118560.0,118771.5,118424.0,118743.4,1687.841,200200091.6862
2025-07-24 00:00:00,118743.4,119144.2,118554.0,119055.0,2794.114,332270242.8707
2025-07-24 01:00:00,119055.0,119118.0,118777.4,119096.4,1506.132,179200102.5279
2025-07-24 02:00:00,119096.4,119096.5,118811.6,118963.1,1207.861,143679219.6915
2025-07-24 03:00:00,118963.1,119279.7,118479.5,118513.1,3177.501,377891584.0569
2025-07-24 04:00:00,118513.1,118571.3,117813.3,117935.3,3450.549,407852690.7585
2025-07-24 05:00:00,117935.3,117976.4,117453.2,117582.2,4089.538,481201325.827
2025-07-24 06:00:00,117582.2,117843.1,117341.8,117435.3,2995.567,352128042.6527
2025-07-24 07:00:00,117435.3,118484.3,117050.1,118398.0,6578.473,775069545.9637
2025-07-24 08:00:00,118398.0,118800.3,118208.8,118773.0,3163.388,375208639.7142
2025-07-24 09:00:00,118773.0,118821.0,118294.6,118494.9,2394.835,283881576.6402
2025-07-24 10:00:00,118494.9,118652.1,117944.8,118389.3,3711.376,438712221.8407
2025-07-24 11:00:00,118389.3,118750.0,118321.0,118613.5,2946.962,349517461.0004
2025-07-24 12:00:00,118613.5,118745.0,118276.6,118519.1,2295.632,272018169.182
2025-07-24 13:00:00,118519.1,118716.1,118200.0,118204.6,2385.024,282712263.4052
2025-07-24 14:00:00,118204.6,119154.1,117815.8,119050.1,5335.189,632103371.9456
2025-07-24 15:00:00,119050.1,119492.9,118616.8,119121.2,6254.884,744878242.9139
2025-07-24 16:00:00,119121.2,119222.0,118360.0,118544.5,3734.108,443464922.5723
2025-07-24 17:00:00,118544.5,119333.0,118489.0,119140.0,1924.579,229086140.162
2025-07-24 18:00:00,119140.0,119427.2,118967.5,119052.6,1973.178,235152472.2837
2025-07-24 19:00:00,119052.6,119364.2,118880.1,118953.7,1734.591,206634172.3162
2025-07-24 20:00:00,118953.7,119004.3,118708.8,118719.9,1688.323,200653375.8443
2025-07-24 21:00:00,118719.9,118788.3,118487.0,118530.0,922.286,109390939.2494
2025-07-24 22:00:00,118530.0,118632.9,118169.9,118271.2,1294.883,153332203.8721
2025-07-24 23:00:00,118271.2,118449.9,118150.4,118328.0,1387.097,164089987.8913
2025-07-25 00:00:00,118328.0,118440.3,117633.3,117648.5,4205.143,495809621.4375
2025-07-25 01:00:00,117648.5,117775.4,117176.7,117337.5,4705.593,552576832.967
2025-07-25 02:00:00,117337.5,117369.9,116300.1,116314.0,7470.778,872736139.3344
2025-07-25 03:00:00,116314.0,116398.0,115297.7,115400.1,14369.158,1663923800.4119
2025-07-25 04:00:00,115400.1,116107.2,115090.0,116055.5,9808.143,1133335699.2875
2025-07-25 05:00:00,116055.5,116055.6,115170.8,115514.0,5387.864,622867933.8708
2025-07-25 06:00:00,115514.0,115515.0,115173.5,115287.5,2666.69,307565759.0672
2025-07-25 07:00:00,115287.5,115989.8,114710.0,115329.5,9597.272,1105839128.8558
2025-07-25 08:00:00,115329.5,116000.0,115057.4,115232.9,6029.777,696544311.615
2025-07-25 09:00:00,115232.9,116067.7,115045.6,116062.0,4503.845,520591040.5633
2025-07-25 10:00:00,116062.0,116537.6,116004.9,116311.6,4870.708,566381731.8897
2025-07-25 11:00:00,116311.6,116793.1,116311.6,116544.9,3448.672,402122131.2682
2025-07-25 12:00:00,116544.9,116675.8,115947.5,116102.3,5326.89,619291947.9982
2025-07-25 13:00:00,116102.3,116615.3,115572.0,116247.9,5501.685,638182079.1827
2025-07-25 14:00:00,116247.9,116323.6,114905.0,114978.3,7328.877,846083558.9807
2025-07-25 15:00:00,114978.3,115866.1,114914.1,115734.4,3965.048,457650179.8181
2025-07-25 16:00:00,115734.4,116222.0,115455.5,116187.0,3227.644,373990359.5517
2025-07-25 17:00:00,116187.0,116368.3,115854.6,116029.1,2344.863,272388827.8364
2025-07-25 18:00:00,116029.1,116594.2,116029.0,116493.9,2457.797,286047821.0055
2025-07-25 19:00:00,116493.9,117014.7,116410.0,116679.5,3975.317,464176207.2544
2025-07-25 20:00:00,116679.5,117326.7,116572.8,117067.5,4405.92,515501047.2047
2025-07-25 21:00:00,117067.5,117391.0,116959.7,117226.6,2259.769,264848012.9085
2025-07-25 22:00:00,117226.6,117374.9,117119.5,117289.7,1266.413,148480585.4901
2025-07-25 23:00:00,117289.7,117642.8,117192.3,117616.3,2088.899,245278394.465
2025-07-26 00:00:00,117616.3,117623.2,117326.8,117500.0,1218.248,143110132.8697
2025-07-26 01:00:00,117500.0,117564.8,117150.0,117156.0,1240.342,145554525.5342
2025-07-26 02:00:00,117156.0,117750.0,117155.9,117466.7,1874.903,220364000.0434
2025-07-26 03:00:00,117466.7,117610.6,117444.8,117469.2,623.458,73275684.2656
2025-07-26 04:00:00,117469.2,117541.1,117376.9,117487.2,625.945,73525358.0212
2025-07-26 05:00:00,117487.2,117542.7,117400.8,117435.4,557.635,65502566.1332
2025-07-26 06:00:00,117435.4,117454.6,117307.9,117323.5,905.434,106263383.4617
2025-07-26 07:00:00,117323.5,117375.8,117308.2,117322.8,639.842,75079574.4029
2025-07-26 08:00:00,117322.8,117613.2,117322.8,117547.9,848.46,99670706.3626
2025-07-26 09:00:00,117547.9,117618.4,117435.6,117571.0,548.324,64441459.3257
2025-07-26 10:00:00,117571.0,118252.1,117507.7,117966.4,3691.318,435325269.2252
2025-07-26 11:00:00,117966.4,118060.0,117746.1,117755.6,1535.855,181109476.8496
2025-07-26 12:00:00,117755.6,118000.0,117745.0,117892.8,1175.29,138558915.4373
2025-07-26 13:00:00,117892.8,118226.2,117828.9,118121.0,2301.664,271842506.8918
2025-07-26 14:00:00,118121.0,118209.8,117950.0,118060.0,1035.909,122328841.3107
2025-07-26 15:00:00,118060.0,118165.2,117823.7,118141.5,1116.108,131675542.5441
2025-07-26 16:00:00,118141.5,118244.4,117998.7,118085.4,1324.552,156452257.4819
2025-07-26 17:00:00,118085.4,118104.0,117986.4,118024.6,390.202,46057720.0855
2025-07-26 18:00:00,118024.6,118119.5,117940.3,118090.3,553.972,65389231.1598
2025-07-26 19:00:00,118090.3,118333.4,118046.9,118235.2,846.323,100033521.5393
2025-07-26 20:00:00,118235.2,118235.3,117883.0,117935.1,902.142,106446278.2009
2025-07-26 21:00:00,117935.1,118067.4,117873.6,118020.9,552.232,65136898.6376
2025-07-26 22:00:00,118020.9,118281.5,117957.7,117985.5,1076.4,127125099.5834
2025-07-26 23:00:00,117985.5,118033.3,117857.5,117898.8,646.452,76227111.723
2025-07-27 00:00:00,117898.8,117950.0,117807.6,117938.9,579.389,68294698.4004
2025-07-27 01:00:00,117938.9,118188.0,117888.1,118076.0,847.01,100001925.1038
2025-07-27 02:00:00,118076.0,118425.6,117995.2,118322.0,1803.047,213201718.1298
2025-07-27 03:00:00,118322.0,118327.8,118084.2,118174.7,928.066,109683986.2097
2025-07-27 04:00:00,118174.7,118268.7,118130.4,118220.7,475.727,56234278.5234
2025-07-27 05:00:00,118220.7,118303.7,118154.1,118289.3,551.769,65241287.2665
2025-07-27 06:00:00,118289.3,118443.7,118191.6,118261.2,943.397,111605959.2634
2025-07-27 07:00:00,118261.2,118261.3,118055.3,118117.0,919.419,108625238.9225
2025-07-27 08:00:00,118117.0,118142.4,117956.1,117956.1,753.361,88923596.1172
2025-07-27 09:00:00,117956.1,118018.0,117850.1,117939.9,879.352,103692152.789
2025-07-27 10:00:00,117939.9,118297.7,117939.9,118184.1,1339.606,158285794.4246
2025-07-27 11:00:00,118184.1,118261.2,118034.5,118070.3,826.491,97650845.247
2025-07-27 12:00:00,118070.3,118115.6,117876.8,118089.2,898.743,106046604.4988
2025-07-27 13:00:00,118089.2,118219.9,118077.0,118205.9,708.84,83753887.7545
2025-07-27 14:00:00,118205.9,118498.0,118140.8,118416.9,2051.986,242867376.872
2025-07-27 15:00:00,118416.9,118640.3,118218.1,118586.8,2249.747,266505154.8359
2025-07-27 16:00:00,118586.8,119600.0,118586.7,119099.1,7617.538,907915546.1584
2025-07-27 17:00:00,119099.1,119347.3,118848.0,119208.9,2289.451,272670607.0641
2025-07-27 18:00:00,119208.9,119401.0,118950.0,119025.9,1136.093,135401777.4136
2025-07-27 19:00:00,119025.9,119098.0,118895.9,118978.8,798.386,94993118.7947
2025-07-27 20:00:00,118978.8,119197.9,118730.8,118752.0,1097.325,130524014.6952
2025-07-27 21:00:00,118752.0,119294.9,118733.8,119287.8,1046.537,124545095.1454
2025-07-27 22:00:00,119287.8,119784.0,119234.4,119504.2,3270.014,391229964.1498
2025-07-27 23:00:00,119504.2,119556.0,119144.6,119429.9,1548.245,184821595.1591
2025-07-28 00:00:00,119429.9,119718.6,119115.4,119250.1,1445.116,172595193.1137
2025-07-28 01:00:00,119250.1,119500.0,118950.0,119044.1,1654.586,197180716.4325
2025-07-28 02:00:00,119044.1,119844.9,119017.9,119448.1,2177.799,260424635.2141
2025-07-28 03:00:00,119448.1,119542.3,119226.0,119287.6,1037.969,123890645.4707
2025-07-28 04:00:00,119287.6,119413.2,119121.5,119215.8,766.926,91453357.8805
2025-07-28 05:00:00,119215.8,119699.1,119139.5,119528.5,1277.576,152569432.4407
2025-07-28 06:00:00,119528.5,119610.0,119427.5,119455.7,898.999,107433233.7372
2025-07-28 07:00:00,119455.7,119455.8,118753.0,118885.8,3231.51,384314357.3045
2025-07-28 08:00:00,118885.8,119104.4,118767.8,119058.0,1411.3,167840879.0667
2025-07-28 09:00:00,119058.0,119058.1,118706.8,118921.4,1447.529,172080634.7712
2025-07-28 10:00:00,118921.4,118965.3,118576.5,118767.6,1496.904,177766125.4757
2025-07-28 11:00:00,118767.6,118871.7,118435.7,118810.6,1994.404,236611237.7924
2025-07-28 12:00:00,118810.6,119092.0,118777.3,118836.6,2085.108,247984705.9771
2025-07-28 13:00:00,118836.6,119084.7,118227.1,118429.5,5967.009,707555330.4744
2025-07-28 14:00:00,118429.5,118691.8,117874.0,117980.0,6681.711,789406063.2333
2025-07-28 15:00:00,117980.0,118513.7,117888.0,118160.0,3117.777,368591748.4814
2025-07-28 16:00:00,118160.0,118376.8,117987.0,118004.0,1488.86,175885432.7396
2025-07-28 17:00:00,118004.0,118116.1,117623.4,117666.0,3763.355,443415885.3611
2025-07-28 18:00:00,117666.0,117860.0,117401.5,117779.8,3628.347,426647538.745
2025-07-28 19:00:00,117779.8,118255.9,117536.7,118070.0,3448.967,406898546.6018
2025-07-28 20:00:00,118070.0,118164.2,117480.0,118045.5,2276.463,268131177.4802
2025-07-28 21:00:00,118045.5,118346.7,117942.7,118121.8,1421.487,167932737.0158
2025-07-28 22:00:00,118121.8,118278.5,117745.6,117864.1,1506.904,177844211.3698
2025-07-28 23:00:00,117864.1,118178.9,117815.2,118068.9,1010.414,119240422.9821
2025-07-29 00:00:00,118068.9,118467.8,117521.1,117976.5,3515.839,414954444.6399
2025-07-29 01:00:00,117976.5,118236.1,117761.9,117767.1,1025.589,121113985.3758
2025-07-29 02:00:00,117767.1,118095.8,117434.0,118092.4,2247.208,264649971.896
2025-07-29 03:00:00,118092.4,118820.7,118092.4,118761.9,2812.536,333175575.1183
2025-07-29 04:00:00,118761.9,118831.7,118406.2,118521.5,1692.267,200769952.1825
2025-07-29 05:00:00,118521.5,118849.9,118520.0,118802.4,1005.654,119373869.6587
2025-07-29 06:00:00,118802.4,119063.1,118722.0,118750.1,1832.311,217898462.3476
2025-07-29 07:00:00,118750.1,119300.0,118744.8,118889.8,2359.576,280767640.851
2025-07-29 08:00:00,118889.8,119083.9,118757.8,118934.7,1616.448,192259360.9677
2025-07-29 09:00:00,118934.7,119022.8,118760.0,118778.9,955.576,113592049.557
2025-07-29 10:00:00,118778.9,118833.0,118303.5,118329.5,2116.884,250959751.1499
2025-07-29 11:00:00,118329.5,118604.9,118117.9,118602.1,1984.622,234915124.8765
2025-07-29 12:00:00,118602.1,119127.5,118452.3,118900.0,3002.575,356907743.0216
2025-07-29 13:00:00,118900.0,119023.0,118522.0,118620.0,2585.709,307121146.1742
2025-07-29 14:00:00,118620.0,118640.0,117685.0,117813.0,5328.272,629241674.2207
2025-07-29 15:00:00,117813.0,117958.2,117240.0,117372.2,5979.39,702809351.0994
2025-07-29 16:00:00,117372.2,117730.0,116912.6,117727.2,6341.788,744286023.6002
2025-07-29 17:00:00,117727.2,118045.8,117611.0,117766.0,2464.707,290406210.3611
2025-07-29 18:00:00,117766.0,117824.2,117461.5,117609.2,1437.666,169132860.1602
2025-07-29 19:00:00,117609.2,118012.8,117387.0,117523.6,2066.998,243213094.8077
2025-07-29 20:00:00,117523.6,117891.2,117055.6,117498.8,5405.682,634216136.468
2025-07-29 21:00:00,117498.8,117688.0,117148.5,117589.3,1730.675,203115220.7894
2025-07-29 22:00:00,117589.3,117850.0,117424.8,117824.0,1181.22,138980028.5931
2025-07-29 23:00:00,117824.0,117982.7,117700.1,117923.3,893.341,105284466.232
2025-07-30 00:00:00,117923.3,117979.9,117506.1,117720.9,1322.767,155696989.2808
2025-07-30 01:00:00,117720.9,118008.6,117371.4,117832.0,1262.75,148618289.5093
2025-07-30 02:00:00,117832.0,118098.0,117757.7,117999.4,1148.601,135513903.8115
2025-07-30 03:00:00,117999.4,118234.0,117868.9,118130.0,1006.567,118843592.368
2025-07-30 04:00:00,118130.0,118254.4,117946.9,117980.7,1063.201,125542680.7456
2025-07-30 05:00:00,117980.7,118064.9,117643.1,117973.2,1364.215,160785119.0491
2025-07-30 06:00:00,117973.2,118310.0,117973.1,118259.0,1343.616,158792440.221
2025-07-30 07:00:00,118259.0,118389.2,118077.5,118103.2,1122.021,132680678.6125
2025-07-30 08:00:00,118103.2,118465.8,117912.3,118350.0,1958.957,231580823.9874
2025-07-30 09:00:00,118350.0,118404.6,117960.9,118122.0,1661.502,196282485.6209
2025-07-30 10:00:00,118122.0,118390.0,117808.3,117990.0,1755.457,207446579.8885
2025-07-30 11:00:00,117990.0,118150.0,117266.4,117542.3,3919.854,461343502.3624
2025-07-30 12:00:00,117542.3,117894.6,117310.9,117689.5,3496.045,411272348.0751
2025-07-30 13:00:00,117689.5,117852.0,117338.6,117640.2,3518.489,413714997.8465
2025-07-30 14:00:00,117640.2,118739.3,117580.7,118683.3,4396.319,519618935.5117
2025-07-30 15:00:00,118683.3,118769.0,117810.0,117991.7,3059.935,361828940.8327
2025-07-30 16:00:00,117991.7,118033.4,117600.8,117716.5,2014.479,237295718.6099
2025-07-30 17:00:00,117716.5,117925.0,117609.2,117756.3,1053.229,124019871.3869
2025-07-30 18:00:00,117756.3,118029.0,116450.0,116471.7,8523.977,998511230.2003
2025-07-30 19:00:00,116471.7,117100.0,115738.1,116873.2,14932.769,1737025462.2807
2025-07-30 20:00:00,116873.2,117296.8,116828.6,117159.9,3485.463,408194301.1459
2025-07-30 21:00:00,117159.9,117312.7,116928.0,117300.2,1295.81,151767570.8152
2025-07-30 22:00:00,117300.2,117492.7,117204.1,117448.6,1540.999,180857105.7944
2025-07-30 23:00:00,117448.6,117921.1,117411.9,117781.6,2077.808,244453074.2555
2025-07-31 00:00:00,117781.6,118512.2,117740.6,118381.2,3674.204,434206759.8771
2025-07-31 01:00:00,118381.2,118447.6,117942.8,118024.6,1911.404,225968055.9846
2025-07-31 02:00:00,118024.6,118455.0,117930.4,118399.9,1376.003,162722726.3734
2025-07-31 03:00:00,118399.9,118580.0,118333.3,118444.4,1572.503,186244659.4371
2025-07-31 04:00:00,118444.4,118531.9,118320.2,118480.8,954.627,113056704.9908
2025-07-31 05:00:00,118480.8,118518.2,118298.0,118327.8,800.225,94733054.4762
2025-07-31 06:00:00,118327.8,118713.0,118257.6,118675.6,1353.891,160436585.4379
2025-07-31 07:00:00,118675.6,118900.0,118574.8,118646.6,2258.392,268142664.89
2025-07-31 08:00:00,118646.6,118739.2,118530.8,118563.2,1060.756,125829656.5914
2025-07-31 09:00:00,118563.2,118600.0,118450.0,118582.5,1183.08,140214437.7072
2025-07-31 10:00:00,118582.5,118707.0,118409.4,118499.9,1380.998,163698961.827
2025-07-31 11:00:00,118499.9,118553.0,118275.5,118346.9,1064.918,126102537.6305
2025-07-31 12:00:00,118346.9,118629.2,118264.2,118601.2,1751.168,207409992.5244
2025-07-31 13:00:00,118601.2,118663.3,117773.9,118537.2,6015.782,711356564.5221
2025-07-31 14:00:00,118537.2,118627.8,117852.8,117880.0,3517.815,415621617.8887
2025-07-31 15:00:00,117880.0,118324.8,117842.7,118273.2,2468.545,291601115.0586
2025-07-31 16:00:00,118273.2,118860.0,118200.6,118508.2,3921.548,464871157.5893
2025-07-31 17:00:00,118508.2,118537.5,117666.9,117710.0,4359.533,514320961.8869
2025-07-31 18:00:00,117710.0,117957.8,117350.0,117615.1,4934.624,580368959.4906
2025-07-31 19:00:00,117615.1,117730.6,116685.5,116709.3,6115.9,715983407.6045
2025-07-31 20:00:00,116709.3,116940.0,116353.6,116449.1,5372.134,626322098.6031
2025-07-31 21:00:00,116449.1,116830.0,116172.5,116472.0,3235.166,376891080.0438
2025-07-31 22:00:00,116472.0,116472.0,115941.1,115941.2,3827.78,444553452.772
2025-07-31 23:00:00,115941.2,116294.1,115368.6,115680.1,7258.065,840679437.8273
2025-08-01 00:00:00,115680.1,115884.2,114240.0,115350.5,12338.752,1419547585.1203
